"date","T2M","T2M_MAX","T2M_MIN","RH2M","PRECTOTCORR","T2MDEW","longitude","latitude","study","trial_id","requested_latitude","requested_longitude","evaluation_date","lag_day","Tmax","RH","Rain","WetDay","LogRain"
2022-11-14,26.2958333333333,31.1,22,74.0833333333333,2,21.05,-56,-13,"T001","T001",-13.001389,-55.9675,2023-02-02,-80,31.1,74.0833333333333,2,1,1.09861228866811
2022-11-15,25.875,31.4,21.7,78.375,5.2,21.4625,-56,-13,"T001","T001",-13.001389,-55.9675,2023-02-02,-79,31.4,78.375,5.2,1,1.82454929205105
2022-11-16,27.175,32.9,22.1,75.4583333333333,0.4,22.05,-56,-13,"T001","T001",-13.001389,-55.9675,2023-02-02,-78,32.9,75.4583333333333,0.4,0,0.336472236621213
2022-11-17,27.2458333333333,32.9,22.3,72.375,1.2,21.4666666666667,-56,-13,"T001","T001",-13.001389,-55.9675,2023-02-02,-77,32.9,72.375,1.2,1,0.78845736036427
2022-11-18,26.7708333333333,31.1,22.9,71.875,0,21.0208333333333,-56,-13,"T001","T001",-13.001389,-55.9675,2023-02-02,-76,31.1,71.875,0,0,0
2022-11-19,27.5458333333333,33.9,22.3,70.875,1.2,21.3791666666667,-56,-13,"T001","T001",-13.001389,-55.9675,2023-02-02,-75,33.9,70.875,1.2,1,0.78845736036427
2022-11-20,25.5416666666667,30.7,21.6,78.5416666666667,5.8,21.3041666666667,-56,-13,"T001","T001",-13.001389,-55.9675,2023-02-02,-74,30.7,78.5416666666667,5.8,1,1.91692261218206
2022-11-21,25.7166666666667,30.2,21.4,76.0833333333333,5.9,20.9125,-56,-13,"T001","T001",-13.001389,-55.9675,2023-02-02,-73,30.2,76.0833333333333,5.9,1,1.93152141160321
2022-11-22,24.6208333333333,30.1,21.4,81.9583333333333,11.2,21.125,-56,-13,"T001","T001",-13.001389,-55.9675,2023-02-02,-72,30.1,81.9583333333333,11.2,1,2.50143595173921
2022-11-23,25.9375,30.3,22.2,79.5416666666667,4.8,21.8833333333333,-56,-13,"T001","T001",-13.001389,-55.9675,2023-02-02,-71,30.3,79.5416666666667,4.8,1,1.75785791755237
2022-11-24,25.1625,29.3,22.5,83.2916666666667,8.3,22.0166666666667,-56,-13,"T001","T001",-13.001389,-55.9675,2023-02-02,-70,29.3,83.2916666666667,8.3,1,2.23001440015921
2022-11-25,25.0833333333333,30,22.6,86.125,8.3,22.425,-56,-13,"T001","T001",-13.001389,-55.9675,2023-02-02,-69,30,86.125,8.3,1,2.23001440015921
2022-11-26,26.1125,31.9,22,80.375,6.7,22.1416666666667,-56,-13,"T001","T001",-13.001389,-55.9675,2023-02-02,-68,31.9,80.375,6.7,1,2.04122032885964
2022-11-27,26.4916666666667,32,21.8,75.6666666666667,0.7,21.5125,-56,-13,"T001","T001",-13.001389,-55.9675,2023-02-02,-67,32,75.6666666666667,0.7,0,0.53062825106217
2022-11-28,26.6708333333333,32.9,21.1,71.2916666666667,0,20.3583333333333,-56,-13,"T001","T001",-13.001389,-55.9675,2023-02-02,-66,32.9,71.2916666666667,0,0,0
2022-11-29,26.0666666666667,30.8,21.9,78.375,2.2,21.85,-56,-13,"T001","T001",-13.001389,-55.9675,2023-02-02,-65,30.8,78.375,2.2,1,1.16315080980568
2022-11-30,24.9666666666667,30,21.4,78.875,11.6,20.7833333333333,-56,-13,"T001","T001",-13.001389,-55.9675,2023-02-02,-64,30,78.875,11.6,1,2.53369681395743
2022-12-01,24.3041666666667,29.5,21,81.5833333333333,5.3,20.8666666666667,-56,-13,"T001","T001",-13.001389,-55.9675,2023-02-02,-63,29.5,81.5833333333333,5.3,1,1.84054963339749
2022-12-02,25.2958333333333,30.1,20.9,80.375,2.8,21.4333333333333,-56,-13,"T001","T001",-13.001389,-55.9675,2023-02-02,-62,30.1,80.375,2.8,1,1.33500106673234
2022-12-03,24.475,28.1,22.3,85.875,10.2,21.8791666666667,-56,-13,"T001","T001",-13.001389,-55.9675,2023-02-02,-61,28.1,85.875,10.2,1,2.41591377830105
2022-12-04,24.3833333333333,27.9,22.4,86.5,8.7,21.9125,-56,-13,"T001","T001",-13.001389,-55.9675,2023-02-02,-60,27.9,86.5,8.7,1,2.27212588550934
2022-12-05,23.6083333333333,26.8,21.9,88.7083333333333,3.7,21.5541666666667,-56,-13,"T001","T001",-13.001389,-55.9675,2023-02-02,-59,26.8,88.7083333333333,3.7,1,1.54756250871601
2022-12-06,25.4458333333333,30.7,21.6,78.7916666666667,3.2,21.2708333333333,-56,-13,"T001","T001",-13.001389,-55.9675,2023-02-02,-58,30.7,78.7916666666667,3.2,1,1.43508452528932
2022-12-07,25.7541666666667,30.5,22.7,82.5416666666667,3.7,22.3791666666667,-56,-13,"T001","T001",-13.001389,-55.9675,2023-02-02,-57,30.5,82.5416666666667,3.7,1,1.54756250871601
2022-12-08,26.4833333333333,32.2,21.8,77.5,0.2,21.7666666666667,-56,-13,"T001","T001",-13.001389,-55.9675,2023-02-02,-56,32.2,77.5,0.2,0,0.182321556793955
2022-12-09,25.4458333333333,28.4,22.9,82.25,5.9,22.1,-56,-13,"T001","T001",-13.001389,-55.9675,2023-02-02,-55,28.4,82.25,5.9,1,1.93152141160321
2022-12-10,24.7708333333333,28.3,21.9,82.2916666666667,1.1,21.3875,-56,-13,"T001","T001",-13.001389,-55.9675,2023-02-02,-54,28.3,82.2916666666667,1.1,1,0.741937344729377
2022-12-11,24.9458333333333,30.3,21.8,79.4583333333333,0.3,20.9708333333333,-56,-13,"T001","T001",-13.001389,-55.9675,2023-02-02,-53,30.3,79.4583333333333,0.3,0,0.262364264467491
2022-12-12,25.0625,30.1,21.3,82.9166666666667,1.3,21.7708333333333,-56,-13,"T001","T001",-13.001389,-55.9675,2023-02-02,-52,30.1,82.9166666666667,1.3,1,0.832909122935104
2022-12-13,25.7875,31.2,22.5,80.7916666666667,8.3,21.9791666666667,-56,-13,"T001","T001",-13.001389,-55.9675,2023-02-02,-51,31.2,80.7916666666667,8.3,1,2.23001440015921
2022-12-14,24.9583333333333,28.5,22.1,82.6666666666667,3,21.6791666666667,-56,-13,"T001","T001",-13.001389,-55.9675,2023-02-02,-50,28.5,82.6666666666667,3,1,1.38629436111989
2022-12-15,24.9541666666667,28.3,22.4,85.375,8.3,22.2583333333333,-56,-13,"T001","T001",-13.001389,-55.9675,2023-02-02,-49,28.3,85.375,8.3,1,2.23001440015921
2022-12-16,22.6416666666667,24.2,21.3,92.2916666666667,5.4,21.3,-56,-13,"T001","T001",-13.001389,-55.9675,2023-02-02,-48,24.2,92.2916666666667,5.4,1,1.85629799036563
2022-12-17,23.925,28,20.4,84.75,2.8,21.1041666666667,-56,-13,"T001","T001",-13.001389,-55.9675,2023-02-02,-47,28,84.75,2.8,1,1.33500106673234
2022-12-18,24.1166666666667,27.9,22,87.8333333333333,17.9,21.9208333333333,-56,-13,"T001","T001",-13.001389,-55.9675,2023-02-02,-46,27.9,87.8333333333333,17.9,1,2.9391619220656
2022-12-19,24.3208333333333,28.1,21.7,87.0416666666667,9.2,21.9208333333333,-56,-13,"T001","T001",-13.001389,-55.9675,2023-02-02,-45,28.1,87.0416666666667,9.2,1,2.32238772029023
2022-12-20,24.3875,28,21.5,87.125,18.7,22,-56,-13,"T001","T001",-13.001389,-55.9675,2023-02-02,-44,28,87.125,18.7,1,2.98061863574394
2022-12-21,24.25,26.2,22.5,87,1.9,21.8958333333333,-56,-13,"T001","T001",-13.001389,-55.9675,2023-02-02,-43,26.2,87,1.9,1,1.06471073699243
2022-12-22,24.0875,27.5,22.1,85.0416666666667,1.3,21.3583333333333,-56,-13,"T001","T001",-13.001389,-55.9675,2023-02-02,-42,27.5,85.0416666666667,1.3,1,0.832909122935104
2022-12-23,24.2666666666667,27.8,21.4,85.375,4.3,21.5375,-56,-13,"T001","T001",-13.001389,-55.9675,2023-02-02,-41,27.8,85.375,4.3,1,1.66770682055808
2022-12-24,24.675,29.7,22.5,85.0833333333333,5.2,21.8875,-56,-13,"T001","T001",-13.001389,-55.9675,2023-02-02,-40,29.7,85.0833333333333,5.2,1,1.82454929205105
2022-12-25,23.9416666666667,27.6,21.5,88.4166666666667,18,21.8583333333333,-56,-13,"T001","T001",-13.001389,-55.9675,2023-02-02,-39,27.6,88.4166666666667,18,1,2.94443897916644
2022-12-26,24.7458333333333,28.8,22.5,84.7083333333333,3.7,21.8625,-56,-13,"T001","T001",-13.001389,-55.9675,2023-02-02,-38,28.8,84.7083333333333,3.7,1,1.54756250871601
2022-12-27,24.2583333333333,28.1,22.5,87.5833333333333,4.6,21.9916666666667,-56,-13,"T001","T001",-13.001389,-55.9675,2023-02-02,-37,28.1,87.5833333333333,4.6,1,1.7227665977411
2022-12-28,23.2625,25.2,22.2,93.375,16.8,22.125,-56,-13,"T001","T001",-13.001389,-55.9675,2023-02-02,-36,25.2,93.375,16.8,1,2.87919845729804
2022-12-29,23.375,25.5,22.1,92.1666666666667,113,22.0333333333333,-56,-13,"T001","T001",-13.001389,-55.9675,2023-02-02,-35,25.5,92.1666666666667,113,1,4.7361984483945
2022-12-30,24.0916666666667,27.8,22,88.6666666666667,10.3,22.0041666666667,-56,-13,"T001","T001",-13.001389,-55.9675,2023-02-02,-34,27.8,88.6666666666667,10.3,1,2.42480272571829
2022-12-31,24.3083333333333,27.8,21.9,86.4583333333333,9.8,21.8291666666667,-56,-13,"T001","T001",-13.001389,-55.9675,2023-02-02,-33,27.8,86.4583333333333,9.8,1,2.37954613413017
2023-01-01,25.9166666666667,30.5,20.8,80,0.1,21.9416666666667,-56,-13,"T001","T001",-13.001389,-55.9675,2023-02-02,-32,30.5,80,0.1,0,0.0953101798043249
2023-01-02,24.4541666666667,27.5,22.2,86.75,10.8,22.0625,-56,-13,"T001","T001",-13.001389,-55.9675,2023-02-02,-31,27.5,86.75,10.8,1,2.46809953147162
2023-01-03,24.6,28.4,22,84.375,1.9,21.6666666666667,-56,-13,"T001","T001",-13.001389,-55.9675,2023-02-02,-30,28.4,84.375,1.9,1,1.06471073699243
2023-01-04,24.2916666666667,27,21.8,85.75,4,21.6541666666667,-56,-13,"T001","T001",-13.001389,-55.9675,2023-02-02,-29,27,85.75,4,1,1.6094379124341
2023-01-05,23.6958333333333,26.7,21.9,90.5,18.9,22.0208333333333,-56,-13,"T001","T001",-13.001389,-55.9675,2023-02-02,-28,26.7,90.5,18.9,1,2.99071973173045
2023-01-06,24.0458333333333,27.4,21.6,83.9583333333333,1.7,21.0541666666667,-56,-13,"T001","T001",-13.001389,-55.9675,2023-02-02,-27,27.4,83.9583333333333,1.7,1,0.993251773010283
2023-01-07,24.3708333333333,29.9,21.6,83.6666666666667,8.5,21.3125,-56,-13,"T001","T001",-13.001389,-55.9675,2023-02-02,-26,29.9,83.6666666666667,8.5,1,2.2512917986065
2023-01-08,24.0125,27.9,21.2,87.8333333333333,6.6,21.7708333333333,-56,-13,"T001","T001",-13.001389,-55.9675,2023-02-02,-25,27.9,87.8333333333333,6.6,1,2.02814824729229
2023-01-09,24.3958333333333,28.2,21.7,82.2083333333333,1.4,21.0541666666667,-56,-13,"T001","T001",-13.001389,-55.9675,2023-02-02,-24,28.2,82.2083333333333,1.4,1,0.8754687373539
2023-01-10,24.1208333333333,28.1,21.9,85.7083333333333,5,21.4875,-56,-13,"T001","T001",-13.001389,-55.9675,2023-02-02,-23,28.1,85.7083333333333,5,1,1.79175946922805
2023-01-11,24.8583333333333,30.3,20.4,79.2083333333333,0,20.8,-56,-13,"T001","T001",-13.001389,-55.9675,2023-02-02,-22,30.3,79.2083333333333,0,0,0
2023-01-12,24.3708333333333,28.5,22.1,85.7083333333333,9.1,21.7541666666667,-56,-13,"T001","T001",-13.001389,-55.9675,2023-02-02,-21,28.5,85.7083333333333,9.1,1,2.31253542384721
2023-01-13,23.8291666666667,27.7,21.2,86.7083333333333,7.9,21.4041666666667,-56,-13,"T001","T001",-13.001389,-55.9675,2023-02-02,-20,27.7,86.7083333333333,7.9,1,2.18605127673809
2023-01-14,23.8375,27.4,21.2,83.9583333333333,4.1,20.8583333333333,-56,-13,"T001","T001",-13.001389,-55.9675,2023-02-02,-19,27.4,83.9583333333333,4.1,1,1.62924053973028
2023-01-15,25.0166666666667,29.8,20.8,79.5833333333333,1.7,20.9416666666667,-56,-13,"T001","T001",-13.001389,-55.9675,2023-02-02,-18,29.8,79.5833333333333,1.7,1,0.993251773010283
2023-01-16,25.0708333333333,31,21,80.9166666666667,12.9,21.2958333333333,-56,-13,"T001","T001",-13.001389,-55.9675,2023-02-02,-17,31,80.9166666666667,12.9,1,2.63188884013665
2023-01-17,24.7458333333333,30.6,20.1,80.5,5.2,20.8833333333333,-56,-13,"T001","T001",-13.001389,-55.9675,2023-02-02,-16,30.6,80.5,5.2,1,1.82454929205105
2023-01-18,24.85,29.9,21.1,79.5,12.8,20.825,-56,-13,"T001","T001",-13.001389,-55.9675,2023-02-02,-15,29.9,79.5,12.8,1,2.62466859216316
2023-01-19,24.7125,29.8,20.7,78.5416666666667,1.6,20.3583333333333,-56,-13,"T001","T001",-13.001389,-55.9675,2023-02-02,-14,29.8,78.5416666666667,1.6,1,0.955511445027436
2023-01-20,25.525,29.9,21.8,75.7083333333333,0.1,20.6,-56,-13,"T001","T001",-13.001389,-55.9675,2023-02-02,-13,29.9,75.7083333333333,0.1,0,0.0953101798043249
2023-01-21,25.2,29.8,22.4,79.0833333333333,1.4,21.1541666666667,-56,-13,"T001","T001",-13.001389,-55.9675,2023-02-02,-12,29.8,79.0833333333333,1.4,1,0.8754687373539
2023-01-22,24.9541666666667,29.9,21.5,82.375,8.7,21.4958333333333,-56,-13,"T001","T001",-13.001389,-55.9675,2023-02-02,-11,29.9,82.375,8.7,1,2.27212588550934
2023-01-23,24.9083333333333,29.4,22.2,84.5416666666667,4.7,21.9708333333333,-56,-13,"T001","T001",-13.001389,-55.9675,2023-02-02,-10,29.4,84.5416666666667,4.7,1,1.7404661748405
2023-01-24,23.9666666666667,28.6,21.7,85.5416666666667,1.3,21.3,-56,-13,"T001","T001",-13.001389,-55.9675,2023-02-02,-9,28.6,85.5416666666667,1.3,1,0.832909122935104
2023-01-25,24.2958333333333,27.2,21.7,86.7083333333333,7.1,21.8916666666667,-56,-13,"T001","T001",-13.001389,-55.9675,2023-02-02,-8,27.2,86.7083333333333,7.1,1,2.09186406167839
2023-01-26,24.275,27.9,22,89.2916666666667,19.8,22.3333333333333,-56,-13,"T001","T001",-13.001389,-55.9675,2023-02-02,-7,27.9,89.2916666666667,19.8,1,3.03495298670727
2023-01-27,23.0958333333333,25.6,21.4,91.5,15.5,21.6208333333333,-56,-13,"T001","T001",-13.001389,-55.9675,2023-02-02,-6,25.6,91.5,15.5,1,2.80336038090653
2023-01-28,22.725,26.4,21.4,90.8333333333333,11.4,21.1,-56,-13,"T001","T001",-13.001389,-55.9675,2023-02-02,-5,26.4,90.8333333333333,11.4,1,2.51769647261099
2023-01-29,24.0958333333333,28.7,21.6,85.0416666666667,3.9,21.2458333333333,-56,-13,"T001","T001",-13.001389,-55.9675,2023-02-02,-4,28.7,85.0416666666667,3.9,1,1.58923520511658
2023-01-30,25.8291666666667,30.9,20.9,77.7083333333333,3.1,21.3333333333333,-56,-13,"T001","T001",-13.001389,-55.9675,2023-02-02,-3,30.9,77.7083333333333,3.1,1,1.41098697371026
2023-01-31,24.825,28.6,21.7,82.4583333333333,2.4,21.5125,-56,-13,"T001","T001",-13.001389,-55.9675,2023-02-02,-2,28.6,82.4583333333333,2.4,1,1.22377543162212
2023-02-01,25.95,30.7,21.9,77.7916666666667,0.4,21.5375,-56,-13,"T001","T001",-13.001389,-55.9675,2023-02-02,-1,30.7,77.7916666666667,0.4,0,0.336472236621213
2022-11-04,23.05,28.9,18.1,59.2916666666667,0,14.4708333333333,-56,-13.75,"T002","T002",-13.679361,-56.030472,2023-01-23,-80,28.9,59.2916666666667,0,0,0
2022-11-05,24.2166666666667,31.8,16.8,57.0833333333333,0,14.5,-56,-13.75,"T002","T002",-13.679361,-56.030472,2023-01-23,-79,31.8,57.0833333333333,0,0,0
2022-11-06,25.525,33.3,18,54.7083333333333,0,14.8875,-56,-13.75,"T002","T002",-13.679361,-56.030472,2023-01-23,-78,33.3,54.7083333333333,0,0,0
2022-11-07,25.8875,34.4,17,50.375,0,13.6791666666667,-56,-13.75,"T002","T002",-13.679361,-56.030472,2023-01-23,-77,34.4,50.375,0,0,0
2022-11-08,26.1875,34.7,18.1,49.1666666666667,0,13.6833333333333,-56,-13.75,"T002","T002",-13.679361,-56.030472,2023-01-23,-76,34.7,49.1666666666667,0,0,0
2022-11-09,27.375,34.5,20.4,56.5833333333333,0,17.1375,-56,-13.75,"T002","T002",-13.679361,-56.030472,2023-01-23,-75,34.5,56.5833333333333,0,0,0
2022-11-10,27.6416666666667,33.1,22.3,61.7083333333333,0.3,19.2333333333333,-56,-13.75,"T002","T002",-13.679361,-56.030472,2023-01-23,-74,33.1,61.7083333333333,0.3,0,0.262364264467491
2022-11-11,24.8041666666667,29.8,20.5,73.9166666666667,11.3,19.575,-56,-13.75,"T002","T002",-13.679361,-56.030472,2023-01-23,-73,29.8,73.9166666666667,11.3,1,2.50959926237837
2022-11-12,23.075,26.6,20,87.9583333333333,13.8,20.8916666666667,-56,-13.75,"T002","T002",-13.679361,-56.030472,2023-01-23,-72,26.6,87.9583333333333,13.8,1,2.69462718077007
2022-11-13,25.4458333333333,31,20.9,77.5833333333333,0.2,20.8083333333333,-56,-13.75,"T002","T002",-13.679361,-56.030472,2023-01-23,-71,31,77.5833333333333,0.2,0,0.182321556793955
2022-11-14,25.025,29.5,21.7,77.375,0.8,20.5708333333333,-56,-13.75,"T002","T002",-13.679361,-56.030472,2023-01-23,-70,29.5,77.375,0.8,0,0.587786664902119
2022-11-15,25.375,30.9,20.8,73.6666666666667,1.5,20.0125,-56,-13.75,"T002","T002",-13.679361,-56.030472,2023-01-23,-69,30.9,73.6666666666667,1.5,1,0.916290731874155
2022-11-16,26.9291666666667,33.1,21.3,69.625,0.2,20.5333333333333,-56,-13.75,"T002","T002",-13.679361,-56.030472,2023-01-23,-68,33.1,69.625,0.2,0,0.182321556793955
2022-11-17,26.6125,32.3,20.9,72.625,0.3,20.8416666666667,-56,-13.75,"T002","T002",-13.679361,-56.030472,2023-01-23,-67,32.3,72.625,0.3,0,0.262364264467491
2022-11-18,26.4166666666667,33,20.1,66.2083333333333,0,18.7041666666667,-56,-13.75,"T002","T002",-13.679361,-56.030472,2023-01-23,-66,33,66.2083333333333,0,0,0
2022-11-19,26.5208333333333,33,21.4,73.7916666666667,2.4,21.0875,-56,-13.75,"T002","T002",-13.679361,-56.030472,2023-01-23,-65,33,73.7916666666667,2.4,1,1.22377543162212
2022-11-20,25.0458333333333,31,20.7,78.25,3.9,20.725,-56,-13.75,"T002","T002",-13.679361,-56.030472,2023-01-23,-64,31,78.25,3.9,1,1.58923520511658
2022-11-21,24.9,29.4,21.1,78.0833333333333,4.7,20.6333333333333,-56,-13.75,"T002","T002",-13.679361,-56.030472,2023-01-23,-63,29.4,78.0833333333333,4.7,1,1.7404661748405
2022-11-22,23.625,28.5,20.8,86.5416666666667,18.6,21.1125,-56,-13.75,"T002","T002",-13.679361,-56.030472,2023-01-23,-62,28.5,86.5416666666667,18.6,1,2.97552956623647
2022-11-23,24.9458333333333,30.3,21.3,82.2916666666667,7.7,21.4708333333333,-56,-13.75,"T002","T002",-13.679361,-56.030472,2023-01-23,-61,30.3,82.2916666666667,7.7,1,2.16332302566054
2022-11-24,24.975,28.9,21.9,82.25,8.2,21.5916666666667,-56,-13.75,"T002","T002",-13.679361,-56.030472,2023-01-23,-60,28.9,82.25,8.2,1,2.21920348405499
2022-11-25,24.6625,30.5,21.3,86.625,15.2,22.0875,-56,-13.75,"T002","T002",-13.679361,-56.030472,2023-01-23,-59,30.5,86.625,15.2,1,2.78501124223834
2022-11-26,25.7458333333333,32.8,20.4,80.0833333333333,3.2,21.625,-56,-13.75,"T002","T002",-13.679361,-56.030472,2023-01-23,-58,32.8,80.0833333333333,3.2,1,1.43508452528932
2022-11-27,26.6625,33.5,20.1,69.5833333333333,0.2,19.8916666666667,-56,-13.75,"T002","T002",-13.679361,-56.030472,2023-01-23,-57,33.5,69.5833333333333,0.2,0,0.182321556793955
2022-11-28,26.5208333333333,32.9,20.7,67.75,0,19.1916666666667,-56,-13.75,"T002","T002",-13.679361,-56.030472,2023-01-23,-56,32.9,67.75,0,0,0
2022-11-29,25.5541666666667,30.9,21.7,76.125,7.5,20.8333333333333,-56,-13.75,"T002","T002",-13.679361,-56.030472,2023-01-23,-55,30.9,76.125,7.5,1,2.14006616349627
2022-11-30,24.7583333333333,29.8,21.6,78.375,4.9,20.5,-56,-13.75,"T002","T002",-13.679361,-56.030472,2023-01-23,-54,29.8,78.375,4.9,1,1.77495235091167
2022-12-01,23.9,30.5,20.9,82.0833333333333,5.2,20.4625,-56,-13.75,"T002","T002",-13.679361,-56.030472,2023-01-23,-53,30.5,82.0833333333333,5.2,1,1.82454929205105
2022-12-02,24.2291666666667,28.9,20.1,85,13.3,21.3708333333333,-56,-13.75,"T002","T002",-13.679361,-56.030472,2023-01-23,-52,28.9,85,13.3,1,2.66025953726586
2022-12-03,23.6166666666667,27.5,21.5,88.1666666666667,12,21.4666666666667,-56,-13.75,"T002","T002",-13.679361,-56.030472,2023-01-23,-51,27.5,88.1666666666667,12,1,2.56494935746154
2022-12-04,23.975,27.6,22,85.7916666666667,11,21.3625,-56,-13.75,"T002","T002",-13.679361,-56.030472,2023-01-23,-50,27.6,85.7916666666667,11,1,2.484906649788
2022-12-05,23.1875,27.3,21.4,88.7916666666667,6.3,21.1333333333333,-56,-13.75,"T002","T002",-13.679361,-56.030472,2023-01-23,-49,27.3,88.7916666666667,6.3,1,1.98787434815435
2022-12-06,25.0833333333333,29.6,21,81.125,4.7,21.3833333333333,-56,-13.75,"T002","T002",-13.679361,-56.030472,2023-01-23,-48,29.6,81.125,4.7,1,1.7404661748405
2022-12-07,25.1666666666667,29.9,22.2,82.8333333333333,5,21.925,-56,-13.75,"T002","T002",-13.679361,-56.030472,2023-01-23,-47,29.9,82.8333333333333,5,1,1.79175946922805
2022-12-08,26.125,32.2,21.8,78.7083333333333,0.2,21.7333333333333,-56,-13.75,"T002","T002",-13.679361,-56.030472,2023-01-23,-46,32.2,78.7083333333333,0.2,0,0.182321556793955
2022-12-09,25.0041666666667,28.3,22.3,83,9.9,21.8166666666667,-56,-13.75,"T002","T002",-13.679361,-56.030472,2023-01-23,-45,28.3,83,9.9,1,2.3887627892351
2022-12-10,24.475,28.7,21.9,84.125,7.2,21.4666666666667,-56,-13.75,"T002","T002",-13.679361,-56.030472,2023-01-23,-44,28.7,84.125,7.2,1,2.10413415427021
2022-12-11,24.9708333333333,29.8,21.3,79.0833333333333,0.3,20.8291666666667,-56,-13.75,"T002","T002",-13.679361,-56.030472,2023-01-23,-43,29.8,79.0833333333333,0.3,0,0.262364264467491
2022-12-12,24.7291666666667,29.8,20.4,80.875,0.8,21.0333333333333,-56,-13.75,"T002","T002",-13.679361,-56.030472,2023-01-23,-42,29.8,80.875,0.8,0,0.587786664902119
2022-12-13,25.35,31,21.5,80.25,5.5,21.5541666666667,-56,-13.75,"T002","T002",-13.679361,-56.030472,2023-01-23,-41,31,80.25,5.5,1,1.87180217690159
2022-12-14,24.375,27.9,21.9,84.375,2,21.5125,-56,-13.75,"T002","T002",-13.679361,-56.030472,2023-01-23,-40,27.9,84.375,2,1,1.09861228866811
2022-12-15,24.5916666666667,29.6,22.1,87.0416666666667,9.5,22.2375,-56,-13.75,"T002","T002",-13.679361,-56.030472,2023-01-23,-39,29.6,87.0416666666667,9.5,1,2.35137525716348
2022-12-16,22.1416666666667,23.2,20.9,94.7083333333333,10.8,21.2333333333333,-56,-13.75,"T002","T002",-13.679361,-56.030472,2023-01-23,-38,23.2,94.7083333333333,10.8,1,2.46809953147162
2022-12-17,24.0875,29.9,20.6,82.2916666666667,1.4,20.6791666666667,-56,-13.75,"T002","T002",-13.679361,-56.030472,2023-01-23,-37,29.9,82.2916666666667,1.4,1,0.8754687373539
2022-12-18,23.275,26,21.2,91.5833333333333,25.1,21.8166666666667,-56,-13.75,"T002","T002",-13.679361,-56.030472,2023-01-23,-36,26,91.5833333333333,25.1,1,3.26193531432865
2022-12-19,23.8083333333333,27.7,21.1,88.2083333333333,18.4,21.6791666666667,-56,-13.75,"T002","T002",-13.679361,-56.030472,2023-01-23,-35,27.7,88.2083333333333,18.4,1,2.96527306606928
2022-12-20,23.9916666666667,28.1,20.9,88.2916666666667,6.7,21.8125,-56,-13.75,"T002","T002",-13.679361,-56.030472,2023-01-23,-34,28.1,88.2916666666667,6.7,1,2.04122032885964
2022-12-21,24.0916666666667,27.8,22.1,87.4583333333333,8.2,21.8041666666667,-56,-13.75,"T002","T002",-13.679361,-56.030472,2023-01-23,-33,27.8,87.4583333333333,8.2,1,2.21920348405499
2022-12-22,23.8916666666667,28.3,21.4,85.4166666666667,1.9,21.1833333333333,-56,-13.75,"T002","T002",-13.679361,-56.030472,2023-01-23,-32,28.3,85.4166666666667,1.9,1,1.06471073699243
2022-12-23,24.6083333333333,28.7,20.8,83.2916666666667,1.5,21.475,-56,-13.75,"T002","T002",-13.679361,-56.030472,2023-01-23,-31,28.7,83.2916666666667,1.5,1,0.916290731874155
2022-12-24,24.4791666666667,28.6,21.9,85.4166666666667,4.6,21.7833333333333,-56,-13.75,"T002","T002",-13.679361,-56.030472,2023-01-23,-30,28.6,85.4166666666667,4.6,1,1.7227665977411
2022-12-25,23.4833333333333,26.9,20.6,89.2916666666667,28,21.5708333333333,-56,-13.75,"T002","T002",-13.679361,-56.030472,2023-01-23,-29,26.9,89.2916666666667,28,1,3.36729582998647
2022-12-26,23.9541666666667,27.6,21.7,87.6666666666667,8.8,21.6958333333333,-56,-13.75,"T002","T002",-13.679361,-56.030472,2023-01-23,-28,27.6,87.6666666666667,8.8,1,2.28238238567653
2022-12-27,24.5,29.2,22,86.3333333333333,3.3,21.9333333333333,-56,-13.75,"T002","T002",-13.679361,-56.030472,2023-01-23,-27,29.2,86.3333333333333,3.3,1,1.45861502269952
2022-12-28,23.0166666666667,26,21.8,93.2916666666667,29.5,21.8416666666667,-56,-13.75,"T002","T002",-13.679361,-56.030472,2023-01-23,-26,26,93.2916666666667,29.5,1,3.41772668361337
2022-12-29,23.5708333333333,27.2,21.6,92.1666666666667,5,22.1875,-56,-13.75,"T002","T002",-13.679361,-56.030472,2023-01-23,-25,27.2,92.1666666666667,5,1,1.79175946922805
2022-12-30,24.5291666666667,28.4,22.1,84.4583333333333,3.8,21.6083333333333,-56,-13.75,"T002","T002",-13.679361,-56.030472,2023-01-23,-24,28.4,84.4583333333333,3.8,1,1.56861591791385
2022-12-31,24.1666666666667,27.9,21.7,85.9166666666667,6.9,21.5666666666667,-56,-13.75,"T002","T002",-13.679361,-56.030472,2023-01-23,-23,27.9,85.9166666666667,6.9,1,2.06686275947298
2023-01-01,25.5458333333333,29.9,20.4,80.3333333333333,0.7,21.675,-56,-13.75,"T002","T002",-13.679361,-56.030472,2023-01-23,-22,29.9,80.3333333333333,0.7,0,0.53062825106217
2023-01-02,24.0041666666667,27.5,22.1,86.3333333333333,14.9,21.5125,-56,-13.75,"T002","T002",-13.679361,-56.030472,2023-01-23,-21,27.5,86.3333333333333,14.9,1,2.76631910922619
2023-01-03,24.2125,28.1,21.5,83.5,1.3,21.1208333333333,-56,-13.75,"T002","T002",-13.679361,-56.030472,2023-01-23,-20,28.1,83.5,1.3,1,0.832909122935104
2023-01-04,23.5541666666667,26.6,21.3,88.125,14.1,21.4291666666667,-56,-13.75,"T002","T002",-13.679361,-56.030472,2023-01-23,-19,26.6,88.125,14.1,1,2.71469474382088
2023-01-05,23.3833333333333,26.4,21.5,91.5833333333333,17.8,21.8958333333333,-56,-13.75,"T002","T002",-13.679361,-56.030472,2023-01-23,-18,26.4,91.5833333333333,17.8,1,2.9338568698359
2023-01-06,23.8958333333333,27,21.6,84.25,6.8,20.9541666666667,-56,-13.75,"T002","T002",-13.679361,-56.030472,2023-01-23,-17,27,84.25,6.8,1,2.05412373369555
2023-01-07,25.1708333333333,30.2,21.5,72.8333333333333,0.5,19.5083333333333,-56,-13.75,"T002","T002",-13.679361,-56.030472,2023-01-23,-16,30.2,72.8333333333333,0.5,0,0.405465108108164
2023-01-08,23.9166666666667,28.3,21.4,87.4583333333333,5.5,21.6208333333333,-56,-13.75,"T002","T002",-13.679361,-56.030472,2023-01-23,-15,28.3,87.4583333333333,5.5,1,1.87180217690159
2023-01-09,24.1,27.5,21.7,83.4166666666667,0.6,21.0041666666667,-56,-13.75,"T002","T002",-13.679361,-56.030472,2023-01-23,-14,27.5,83.4166666666667,0.6,0,0.470003629245736
2023-01-10,23.9166666666667,27.5,21.6,85.7083333333333,6.3,21.2833333333333,-56,-13.75,"T002","T002",-13.679361,-56.030472,2023-01-23,-13,27.5,85.7083333333333,6.3,1,1.98787434815435
2023-01-11,24.1541666666667,28.5,20.6,84.3333333333333,4.3,21.175,-56,-13.75,"T002","T002",-13.679361,-56.030472,2023-01-23,-12,28.5,84.3333333333333,4.3,1,1.66770682055808
2023-01-12,23.8208333333333,27.8,21.9,86.4166666666667,3,21.35,-56,-13.75,"T002","T002",-13.679361,-56.030472,2023-01-23,-11,27.8,86.4166666666667,3,1,1.38629436111989
2023-01-13,23.5625,27.4,21,85.7916666666667,8.3,20.9625,-56,-13.75,"T002","T002",-13.679361,-56.030472,2023-01-23,-10,27.4,85.7916666666667,8.3,1,2.23001440015921
2023-01-14,23.0166666666667,26.7,20.6,85.625,5.1,20.3833333333333,-56,-13.75,"T002","T002",-13.679361,-56.030472,2023-01-23,-9,26.7,85.625,5.1,1,1.80828877117927
2023-01-15,24.125,28.7,20.1,83.7916666666667,5.4,20.9958333333333,-56,-13.75,"T002","T002",-13.679361,-56.030472,2023-01-23,-8,28.7,83.7916666666667,5.4,1,1.85629799036563
2023-01-16,24.9333333333333,30.9,20.8,81.5,6.7,21.2,-56,-13.75,"T002","T002",-13.679361,-56.030472,2023-01-23,-7,30.9,81.5,6.7,1,2.04122032885964
2023-01-17,24.3291666666667,30.3,19.7,81.75,2.6,20.7208333333333,-56,-13.75,"T002","T002",-13.679361,-56.030472,2023-01-23,-6,30.3,81.75,2.6,1,1.28093384546206
2023-01-18,24.3833333333333,30.1,20.4,81.6666666666667,9.3,20.8083333333333,-56,-13.75,"T002","T002",-13.679361,-56.030472,2023-01-23,-5,30.1,81.6666666666667,9.3,1,2.33214389523559
2023-01-19,24.3083333333333,30,20.3,79.8333333333333,2.9,20.2875,-56,-13.75,"T002","T002",-13.679361,-56.030472,2023-01-23,-4,30,79.8333333333333,2.9,1,1.3609765531356
2023-01-20,24.9583333333333,30.6,20.5,78.0833333333333,0.1,20.5958333333333,-56,-13.75,"T002","T002",-13.679361,-56.030472,2023-01-23,-3,30.6,78.0833333333333,0.1,0,0.0953101798043249
2023-01-21,24.9791666666667,29.3,21.9,78.0416666666667,7.2,20.7416666666667,-56,-13.75,"T002","T002",-13.679361,-56.030472,2023-01-23,-2,29.3,78.0416666666667,7.2,1,2.10413415427021
2023-01-22,24.3125,29.5,21.2,83.75,4.6,21.1958333333333,-56,-13.75,"T002","T002",-13.679361,-56.030472,2023-01-23,-1,29.5,83.75,4.6,1,1.7227665977411
2022-11-28,26.2083333333333,31.9,22.3,77.375,0.4,21.525,-55.5,-12,"T003","T003",-11.992472,-55.421139,2023-02-16,-80,31.9,77.375,0.4,0,0.336472236621213
2022-11-29,25.8041666666667,31.1,21.7,78,0.8,21.3625,-55.5,-12,"T003","T003",-11.992472,-55.421139,2023-02-16,-79,31.1,78,0.8,0,0.587786664902119
2022-11-30,24.9416666666667,30.5,21.6,80.3333333333333,5.6,21.0833333333333,-55.5,-12,"T003","T003",-11.992472,-55.421139,2023-02-16,-78,30.5,80.3333333333333,5.6,1,1.88706964903238
2022-12-01,24.075,30.5,20.9,86.3333333333333,18.3,21.4958333333333,-55.5,-12,"T003","T003",-11.992472,-55.421139,2023-02-16,-77,30.5,86.3333333333333,18.3,1,2.96010509591084
2022-12-02,24.7958333333333,30.9,21,83.2916666666667,6.9,21.4833333333333,-55.5,-12,"T003","T003",-11.992472,-55.421139,2023-02-16,-76,30.9,83.2916666666667,6.9,1,2.06686275947298
2022-12-03,24.15,28.2,22.1,87.6666666666667,11,21.9,-55.5,-12,"T003","T003",-11.992472,-55.421139,2023-02-16,-75,28.2,87.6666666666667,11,1,2.484906649788
2022-12-04,23.4291666666667,26.9,21.9,91.0416666666667,18.7,21.8041666666667,-55.5,-12,"T003","T003",-11.992472,-55.421139,2023-02-16,-74,26.9,91.0416666666667,18.7,1,2.98061863574394
2022-12-05,23.1291666666667,26.7,21.5,90.875,10.1,21.4708333333333,-55.5,-12,"T003","T003",-11.992472,-55.421139,2023-02-16,-73,26.7,90.875,10.1,1,2.40694510831829
2022-12-06,25.2916666666667,31,21.4,80.0833333333333,2,21.2125,-55.5,-12,"T003","T003",-11.992472,-55.421139,2023-02-16,-72,31,80.0833333333333,2,1,1.09861228866811
2022-12-07,25.9625,30.8,22.3,83.3333333333333,3.2,22.6916666666667,-55.5,-12,"T003","T003",-11.992472,-55.421139,2023-02-16,-71,30.8,83.3333333333333,3.2,1,1.43508452528932
2022-12-08,26.1666666666667,31.9,21.6,80.2083333333333,0.4,22.1416666666667,-55.5,-12,"T003","T003",-11.992472,-55.421139,2023-02-16,-70,31.9,80.2083333333333,0.4,0,0.336472236621213
2022-12-09,24.0791666666667,27.4,21.8,89.5,14.5,22.2125,-55.5,-12,"T003","T003",-11.992472,-55.421139,2023-02-16,-69,27.4,89.5,14.5,1,2.7408400239252
2022-12-10,24.0625,29.2,21,88.2083333333333,6.5,21.8833333333333,-55.5,-12,"T003","T003",-11.992472,-55.421139,2023-02-16,-68,29.2,88.2083333333333,6.5,1,2.01490302054226
2022-12-11,24.9916666666667,31,22,83.1666666666667,1.3,21.7,-55.5,-12,"T003","T003",-11.992472,-55.421139,2023-02-16,-67,31,83.1666666666667,1.3,1,0.832909122935104
2022-12-12,25.3875,31.6,21.4,80.4166666666667,0.1,21.4958333333333,-55.5,-12,"T003","T003",-11.992472,-55.421139,2023-02-16,-66,31.6,80.4166666666667,0.1,0,0.0953101798043249
2022-12-13,25.5916666666667,31.8,21.3,81.375,3.5,21.8583333333333,-55.5,-12,"T003","T003",-11.992472,-55.421139,2023-02-16,-65,31.8,81.375,3.5,1,1.50407739677627
2022-12-14,24.5791666666667,27.8,21.9,83.875,1.4,21.6,-55.5,-12,"T003","T003",-11.992472,-55.421139,2023-02-16,-64,27.8,83.875,1.4,1,0.8754687373539
2022-12-15,25.2333333333333,29.3,22,79.1666666666667,2.3,21.15,-55.5,-12,"T003","T003",-11.992472,-55.421139,2023-02-16,-63,29.3,79.1666666666667,2.3,1,1.19392246847243
2022-12-16,22.6041666666667,25.3,21.5,91.625,36.6,21.1666666666667,-55.5,-12,"T003","T003",-11.992472,-55.421139,2023-02-16,-62,25.3,91.625,36.6,1,3.62700405039585
2022-12-17,23.6625,28.2,20.9,86.8333333333333,7.6,21.225,-55.5,-12,"T003","T003",-11.992472,-55.421139,2023-02-16,-61,28.2,86.8333333333333,7.6,1,2.15176220325946
2022-12-18,24.9833333333333,30.9,21.6,82.9166666666667,7.3,21.6166666666667,-55.5,-12,"T003","T003",-11.992472,-55.421139,2023-02-16,-60,30.9,82.9166666666667,7.3,1,2.11625551480255
2022-12-19,23.8333333333333,27.6,21.3,88.7916666666667,20,21.8083333333333,-55.5,-12,"T003","T003",-11.992472,-55.421139,2023-02-16,-59,27.6,88.7916666666667,20,1,3.04452243772342
2022-12-20,23.6458333333333,27.1,21.6,88.6666666666667,4.6,21.6083333333333,-55.5,-12,"T003","T003",-11.992472,-55.421139,2023-02-16,-58,27.1,88.6666666666667,4.6,1,1.7227665977411
2022-12-21,23.475,25.6,22.1,91.6666666666667,11,22.0291666666667,-55.5,-12,"T003","T003",-11.992472,-55.421139,2023-02-16,-57,25.6,91.6666666666667,11,1,2.484906649788
2022-12-22,23.3041666666667,26.7,21.2,90.3333333333333,12.3,21.6375,-55.5,-12,"T003","T003",-11.992472,-55.421139,2023-02-16,-56,26.7,90.3333333333333,12.3,1,2.58776403522771
2022-12-23,22.9875,26.2,21.7,92.9583333333333,20,21.75,-55.5,-12,"T003","T003",-11.992472,-55.421139,2023-02-16,-55,26.2,92.9583333333333,20,1,3.04452243772342
2022-12-24,23.95,27.6,21.5,89.25,12.4,21.9791666666667,-55.5,-12,"T003","T003",-11.992472,-55.421139,2023-02-16,-54,27.6,89.25,12.4,1,2.59525470695687
2022-12-25,23.5625,28.3,21,90.2916666666667,9.9,21.7708333333333,-55.5,-12,"T003","T003",-11.992472,-55.421139,2023-02-16,-53,28.3,90.2916666666667,9.9,1,2.3887627892351
2022-12-26,24.6875,30.9,22,86.0416666666667,10.7,22.025,-55.5,-12,"T003","T003",-11.992472,-55.421139,2023-02-16,-52,30.9,86.0416666666667,10.7,1,2.45958884180371
2022-12-27,23.7916666666667,26.9,22.1,89.625,13.5,21.95,-55.5,-12,"T003","T003",-11.992472,-55.421139,2023-02-16,-51,26.9,89.625,13.5,1,2.67414864942653
2022-12-28,23.0875,24.6,22.3,95.625,22.2,22.3375,-55.5,-12,"T003","T003",-11.992472,-55.421139,2023-02-16,-50,24.6,95.625,22.2,1,3.14415227867226
2022-12-29,23.5333333333333,26.5,21.4,91.125,8.3,21.9375,-55.5,-12,"T003","T003",-11.992472,-55.421139,2023-02-16,-49,26.5,91.125,8.3,1,2.23001440015921
2022-12-30,23.8333333333333,26.5,22.1,90.125,9.4,22.075,-55.5,-12,"T003","T003",-11.992472,-55.421139,2023-02-16,-48,26.5,90.125,9.4,1,2.34180580614733
2022-12-31,23.925,28,21.6,89.5416666666667,28.7,22.05,-55.5,-12,"T003","T003",-11.992472,-55.421139,2023-02-16,-47,28,89.5416666666667,28.7,1,3.39114704580865
2023-01-01,25.7166666666667,30.5,20.6,81.2083333333333,2.4,21.9833333333333,-55.5,-12,"T003","T003",-11.992472,-55.421139,2023-02-16,-46,30.5,81.2083333333333,2.4,1,1.22377543162212
2023-01-02,23.7083333333333,26.4,21,89.7083333333333,8.6,21.8833333333333,-55.5,-12,"T003","T003",-11.992472,-55.421139,2023-02-16,-45,26.4,89.7083333333333,8.6,1,2.26176309847379
2023-01-03,24.25,29,20.9,85.3333333333333,6.9,21.4958333333333,-55.5,-12,"T003","T003",-11.992472,-55.421139,2023-02-16,-44,29,85.3333333333333,6.9,1,2.06686275947298
2023-01-04,24.2791666666667,29.3,21.6,85.5,11.8,21.5,-55.5,-12,"T003","T003",-11.992472,-55.421139,2023-02-16,-43,29.3,85.5,11.8,1,2.54944517092557
2023-01-05,23.6166666666667,26.9,21.4,91.3333333333333,26.9,22.0666666666667,-55.5,-12,"T003","T003",-11.992472,-55.421139,2023-02-16,-42,26.9,91.3333333333333,26.9,1,3.32862668882732
2023-01-06,23.025,26.8,21.5,91.375,6.4,21.4791666666667,-55.5,-12,"T003","T003",-11.992472,-55.421139,2023-02-16,-41,26.8,91.375,6.4,1,2.00148000021012
2023-01-07,22.8125,26,21.3,93.375,23.9,21.6541666666667,-55.5,-12,"T003","T003",-11.992472,-55.421139,2023-02-16,-40,26,93.375,23.9,1,3.21486780347066
2023-01-08,22.4083333333333,24.9,20.5,92.375,6.7,21.0916666666667,-55.5,-12,"T003","T003",-11.992472,-55.421139,2023-02-16,-39,24.9,92.375,6.7,1,2.04122032885964
2023-01-09,23.6083333333333,27.8,21.3,85.625,1.1,20.8416666666667,-55.5,-12,"T003","T003",-11.992472,-55.421139,2023-02-16,-38,27.8,85.625,1.1,1,0.741937344729377
2023-01-10,22.9125,26.7,21.4,91.2916666666667,7.4,21.375,-55.5,-12,"T003","T003",-11.992472,-55.421139,2023-02-16,-37,26.7,91.2916666666667,7.4,1,2.12823170584927
2023-01-11,24.5625,30.4,20.9,85.4166666666667,11.1,21.7333333333333,-55.5,-12,"T003","T003",-11.992472,-55.421139,2023-02-16,-36,30.4,85.4166666666667,11.1,1,2.4932054526027
2023-01-12,24.2333333333333,28.9,21.8,87.625,4.8,21.8875,-55.5,-12,"T003","T003",-11.992472,-55.421139,2023-02-16,-35,28.9,87.625,4.8,1,1.75785791755237
2023-01-13,23.1166666666667,28.5,21,90.3333333333333,19,21.3166666666667,-55.5,-12,"T003","T003",-11.992472,-55.421139,2023-02-16,-34,28.5,90.3333333333333,19,1,2.99573227355399
2023-01-14,24.1708333333333,28.9,20.8,85.4583333333333,4.6,21.3708333333333,-55.5,-12,"T003","T003",-11.992472,-55.421139,2023-02-16,-33,28.9,85.4583333333333,4.6,1,1.7227665977411
2023-01-15,25.0166666666667,30.2,21.3,81.7083333333333,5.6,21.4083333333333,-55.5,-12,"T003","T003",-11.992472,-55.421139,2023-02-16,-32,30.2,81.7083333333333,5.6,1,1.88706964903238
2023-01-16,24.325,29.8,20.9,84.8333333333333,12.1,21.4291666666667,-55.5,-12,"T003","T003",-11.992472,-55.421139,2023-02-16,-31,29.8,84.8333333333333,12.1,1,2.57261223020711
2023-01-17,24.1375,29.5,20.1,82.9166666666667,2.2,20.85,-55.5,-12,"T003","T003",-11.992472,-55.421139,2023-02-16,-30,29.5,82.9166666666667,2.2,1,1.16315080980568
2023-01-18,24.7833333333333,30.4,20.7,82.25,2.9,21.1958333333333,-55.5,-12,"T003","T003",-11.992472,-55.421139,2023-02-16,-29,30.4,82.25,2.9,1,1.3609765531356
2023-01-19,23.8416666666667,29.8,20.5,82.9583333333333,5.1,20.5083333333333,-55.5,-12,"T003","T003",-11.992472,-55.421139,2023-02-16,-28,29.8,82.9583333333333,5.1,1,1.80828877117927
2023-01-20,24.9625,30.6,20.7,79.2916666666667,0.6,20.85,-55.5,-12,"T003","T003",-11.992472,-55.421139,2023-02-16,-27,30.6,79.2916666666667,0.6,0,0.470003629245736
2023-01-21,25.1875,30,22.2,79.625,7.6,21.1625,-55.5,-12,"T003","T003",-11.992472,-55.421139,2023-02-16,-26,30,79.625,7.6,1,2.15176220325946
2023-01-22,24.2,28,21.5,87.2083333333333,9.8,21.8083333333333,-55.5,-12,"T003","T003",-11.992472,-55.421139,2023-02-16,-25,28,87.2083333333333,9.8,1,2.37954613413017
2023-01-23,24.5166666666667,30.2,21.5,86.5833333333333,9.2,21.9666666666667,-55.5,-12,"T003","T003",-11.992472,-55.421139,2023-02-16,-24,30.2,86.5833333333333,9.2,1,2.32238772029023
2023-01-24,24.4833333333333,29.1,21,83.375,0.3,21.3416666666667,-55.5,-12,"T003","T003",-11.992472,-55.421139,2023-02-16,-23,29.1,83.375,0.3,0,0.262364264467491
2023-01-25,23.7291666666667,28,21.9,89.375,9.1,21.8,-55.5,-12,"T003","T003",-11.992472,-55.421139,2023-02-16,-22,28,89.375,9.1,1,2.31253542384721
2023-01-26,23.9875,28.4,21.4,89.7916666666667,13.7,22.125,-55.5,-12,"T003","T003",-11.992472,-55.421139,2023-02-16,-21,28.4,89.7916666666667,13.7,1,2.68784749378469
2023-01-27,22.1833333333333,23.7,21.4,95.75,17.8,21.4458333333333,-55.5,-12,"T003","T003",-11.992472,-55.421139,2023-02-16,-20,23.7,95.75,17.8,1,2.9338568698359
2023-01-28,22.7833333333333,25,21.2,93.1666666666667,13,21.5958333333333,-55.5,-12,"T003","T003",-11.992472,-55.421139,2023-02-16,-19,25,93.1666666666667,13,1,2.63905732961526
2023-01-29,24.0333333333333,29.7,21.3,84.9166666666667,6.2,21.1,-55.5,-12,"T003","T003",-11.992472,-55.421139,2023-02-16,-18,29.7,84.9166666666667,6.2,1,1.97408102602201
2023-01-30,25.0833333333333,31.1,20.5,82.7083333333333,8.5,21.6833333333333,-55.5,-12,"T003","T003",-11.992472,-55.421139,2023-02-16,-17,31.1,82.7083333333333,8.5,1,2.2512917986065
2023-01-31,24.8125,30.3,21.2,83.125,2.6,21.5208333333333,-55.5,-12,"T003","T003",-11.992472,-55.421139,2023-02-16,-16,30.3,83.125,2.6,1,1.28093384546206
2023-02-01,25.325,31.4,21.5,82.1666666666667,3,21.8125,-55.5,-12,"T003","T003",-11.992472,-55.421139,2023-02-16,-15,31.4,82.1666666666667,3,1,1.38629436111989
2023-02-02,26.5833333333333,32.4,21.7,77.7083333333333,0.6,21.9166666666667,-55.5,-12,"T003","T003",-11.992472,-55.421139,2023-02-16,-14,32.4,77.7083333333333,0.6,0,0.470003629245736
2023-02-03,25.8916666666667,30.7,22.2,81.7916666666667,16.2,22.35,-55.5,-12,"T003","T003",-11.992472,-55.421139,2023-02-16,-13,30.7,81.7916666666667,16.2,1,2.84490938381941
2023-02-04,23.2458333333333,26.8,21.2,87.25,8.5,20.8875,-55.5,-12,"T003","T003",-11.992472,-55.421139,2023-02-16,-12,26.8,87.25,8.5,1,2.2512917986065
2023-02-05,25.6541666666667,31.5,21.3,79.2916666666667,0.8,21.4625,-55.5,-12,"T003","T003",-11.992472,-55.421139,2023-02-16,-11,31.5,79.2916666666667,0.8,0,0.587786664902119
2023-02-06,24.3875,29,21.6,85.5833333333333,17.5,21.6458333333333,-55.5,-12,"T003","T003",-11.992472,-55.421139,2023-02-16,-10,29,85.5833333333333,17.5,1,2.91777073208428
2023-02-07,24.4791666666667,29.4,21.4,85.3333333333333,7.2,21.6375,-55.5,-12,"T003","T003",-11.992472,-55.421139,2023-02-16,-9,29.4,85.3333333333333,7.2,1,2.10413415427021
2023-02-08,25.9916666666667,31.4,21.8,77.5416666666667,0.4,21.2625,-55.5,-12,"T003","T003",-11.992472,-55.421139,2023-02-16,-8,31.4,77.5416666666667,0.4,0,0.336472236621213
2023-02-09,24.4791666666667,29.8,21.9,84.8333333333333,6,21.6375,-55.5,-12,"T003","T003",-11.992472,-55.421139,2023-02-16,-7,29.8,84.8333333333333,6,1,1.94591014905531
2023-02-10,25.7333333333333,31.4,20.8,80.0416666666667,0.7,21.625,-55.5,-12,"T003","T003",-11.992472,-55.421139,2023-02-16,-6,31.4,80.0416666666667,0.7,0,0.53062825106217
2023-02-11,26.0791666666667,31.3,22.8,80.7083333333333,2.4,22.2166666666667,-55.5,-12,"T003","T003",-11.992472,-55.421139,2023-02-16,-5,31.3,80.7083333333333,2.4,1,1.22377543162212
2023-02-12,26.2875,31.9,22.4,76.9166666666667,1.2,21.5875,-55.5,-12,"T003","T003",-11.992472,-55.421139,2023-02-16,-4,31.9,76.9166666666667,1.2,1,0.78845736036427
2023-02-13,26.875,32.9,21.5,76.9166666666667,1.2,22.1125,-55.5,-12,"T003","T003",-11.992472,-55.421139,2023-02-16,-3,32.9,76.9166666666667,1.2,1,0.78845736036427
2023-02-14,28.3958333333333,34.4,23.2,71.2083333333333,0.4,22.1041666666667,-55.5,-12,"T003","T003",-11.992472,-55.421139,2023-02-16,-2,34.4,71.2083333333333,0.4,0,0.336472236621213
2023-02-15,25.1833333333333,31.2,22.5,82.5833333333333,14.6,21.8833333333333,-55.5,-12,"T003","T003",-11.992472,-55.421139,2023-02-16,-1,31.2,82.5833333333333,14.6,1,2.74727091425549
2022-11-16,26.3958333333333,31.1,21.9,80.1666666666667,6.3,22.4208333333333,-55.75,-12.5,"T004","T004",-12.478611,-55.674722,2023-02-04,-80,31.1,80.1666666666667,6.3,1,1.98787434815435
2022-11-17,27.025,32.7,21.6,74.7083333333333,3.5,21.7,-55.75,-12.5,"T004","T004",-12.478611,-55.674722,2023-02-04,-79,32.7,74.7083333333333,3.5,1,1.50407739677627
2022-11-18,26.9375,31.4,23.1,70.5,0,20.8875,-55.75,-12.5,"T004","T004",-12.478611,-55.674722,2023-02-04,-78,31.4,70.5,0,0,0
2022-11-19,27.425,33.9,22.4,71.6666666666667,1.3,21.425,-55.75,-12.5,"T004","T004",-12.478611,-55.674722,2023-02-04,-77,33.9,71.6666666666667,1.3,1,0.832909122935104
2022-11-20,25.6291666666667,31.2,22.2,76.6666666666667,4,20.9791666666667,-55.75,-12.5,"T004","T004",-12.478611,-55.674722,2023-02-04,-76,31.2,76.6666666666667,4,1,1.6094379124341
2022-11-21,25.8125,30.5,21.3,75.5,6,20.85,-55.75,-12.5,"T004","T004",-12.478611,-55.674722,2023-02-04,-75,30.5,75.5,6,1,1.94591014905531
2022-11-22,24.7208333333333,29.8,21.7,81.1666666666667,6,21.0333333333333,-55.75,-12.5,"T004","T004",-12.478611,-55.674722,2023-02-04,-74,29.8,81.1666666666667,6,1,1.94591014905531
2022-11-23,25.7041666666667,30.2,21.7,80.5,13.3,21.8583333333333,-55.75,-12.5,"T004","T004",-12.478611,-55.674722,2023-02-04,-73,30.2,80.5,13.3,1,2.66025953726586
2022-11-24,24.9875,29.4,22.3,83.375,2.8,21.8083333333333,-55.75,-12.5,"T004","T004",-12.478611,-55.674722,2023-02-04,-72,29.4,83.375,2.8,1,1.33500106673234
2022-11-25,24.8291666666667,29.8,22.2,85.9583333333333,8.7,22.1458333333333,-55.75,-12.5,"T004","T004",-12.478611,-55.674722,2023-02-04,-71,29.8,85.9583333333333,8.7,1,2.27212588550934
2022-11-26,25.4291666666667,30,22.5,84.875,13.4,22.5875,-55.75,-12.5,"T004","T004",-12.478611,-55.674722,2023-02-04,-70,30,84.875,13.4,1,2.66722820658195
2022-11-27,26.3458333333333,31.6,22.2,78.6666666666667,0.7,22.0916666666667,-55.75,-12.5,"T004","T004",-12.478611,-55.674722,2023-02-04,-69,31.6,78.6666666666667,0.7,0,0.53062825106217
2022-11-28,26.675,33,21.8,73.25,0.1,20.7791666666667,-55.75,-12.5,"T004","T004",-12.478611,-55.674722,2023-02-04,-68,33,73.25,0.1,0,0.0953101798043249
2022-11-29,26.05,31,21.8,77.7916666666667,1.6,21.6666666666667,-55.75,-12.5,"T004","T004",-12.478611,-55.674722,2023-02-04,-67,31,77.7916666666667,1.6,1,0.955511445027436
2022-11-30,25.0958333333333,30.4,21.1,77.6666666666667,4.5,20.6125,-55.75,-12.5,"T004","T004",-12.478611,-55.674722,2023-02-04,-66,30.4,77.6666666666667,4.5,1,1.70474809223843
2022-12-01,24.3333333333333,30.5,21,83.5416666666667,17.7,21.1875,-55.75,-12.5,"T004","T004",-12.478611,-55.674722,2023-02-04,-65,30.5,83.5416666666667,17.7,1,2.92852352386054
2022-12-02,25.3041666666667,31.4,21.2,80.2916666666667,3.7,21.35,-55.75,-12.5,"T004","T004",-12.478611,-55.674722,2023-02-04,-64,31.4,80.2916666666667,3.7,1,1.54756250871601
2022-12-03,24.5083333333333,29,22.4,84.9166666666667,11.1,21.7208333333333,-55.75,-12.5,"T004","T004",-12.478611,-55.674722,2023-02-04,-63,29,84.9166666666667,11.1,1,2.4932054526027
2022-12-04,23.9791666666667,27.4,22.1,88.5416666666667,7.8,21.9083333333333,-55.75,-12.5,"T004","T004",-12.478611,-55.674722,2023-02-04,-62,27.4,88.5416666666667,7.8,1,2.17475172148416
2022-12-05,23.5208333333333,26.5,21.5,88.7916666666667,9,21.4958333333333,-55.75,-12.5,"T004","T004",-12.478611,-55.674722,2023-02-04,-61,26.5,88.7916666666667,9,1,2.30258509299405
2022-12-06,25.6041666666667,31,21.5,76.7083333333333,3.9,20.8,-55.75,-12.5,"T004","T004",-12.478611,-55.674722,2023-02-04,-60,31,76.7083333333333,3.9,1,1.58923520511658
2022-12-07,26.0958333333333,30.5,22.8,81.25,2.2,22.4541666666667,-55.75,-12.5,"T004","T004",-12.478611,-55.674722,2023-02-04,-59,30.5,81.25,2.2,1,1.16315080980568
2022-12-08,26.4958333333333,32.3,21.1,76.0416666666667,0.2,21.4875,-55.75,-12.5,"T004","T004",-12.478611,-55.674722,2023-02-04,-58,32.3,76.0416666666667,0.2,0,0.182321556793955
2022-12-09,24.7458333333333,28.1,22.4,86.4583333333333,11.3,22.2375,-55.75,-12.5,"T004","T004",-12.478611,-55.674722,2023-02-04,-57,28.1,86.4583333333333,11.3,1,2.50959926237837
2022-12-10,24.4083333333333,29.3,21.6,84.3333333333333,2.5,21.3875,-55.75,-12.5,"T004","T004",-12.478611,-55.674722,2023-02-04,-56,29.3,84.3333333333333,2.5,1,1.25276296849537
2022-12-11,25.0791666666667,30.8,21.7,79.5833333333333,2.7,21.0041666666667,-55.75,-12.5,"T004","T004",-12.478611,-55.674722,2023-02-04,-55,30.8,79.5833333333333,2.7,1,1.30833281965018
2022-12-12,25.3125,31.1,21.5,80.625,0.3,21.4958333333333,-55.75,-12.5,"T004","T004",-12.478611,-55.674722,2023-02-04,-54,31.1,80.625,0.3,0,0.262364264467491
2022-12-13,25.7083333333333,32,21.8,80.2916666666667,6.4,21.7625,-55.75,-12.5,"T004","T004",-12.478611,-55.674722,2023-02-04,-53,32,80.2916666666667,6.4,1,2.00148000021012
2022-12-14,24.6375,28.4,21.6,82.8333333333333,3.6,21.3875,-55.75,-12.5,"T004","T004",-12.478611,-55.674722,2023-02-04,-52,28.4,82.8333333333333,3.6,1,1.52605630349505
2022-12-15,24.8,28,22.1,84.7083333333333,15.6,21.9333333333333,-55.75,-12.5,"T004","T004",-12.478611,-55.674722,2023-02-04,-51,28,84.7083333333333,15.6,1,2.8094026953625
2022-12-16,22.4041666666667,24.6,21.1,92.4583333333333,29.5,21.0791666666667,-55.75,-12.5,"T004","T004",-12.478611,-55.674722,2023-02-04,-50,24.6,92.4583333333333,29.5,1,3.41772668361337
2022-12-17,23.7833333333333,27.2,20.7,85.4166666666667,4,21.1125,-55.75,-12.5,"T004","T004",-12.478611,-55.674722,2023-02-04,-49,27.2,85.4166666666667,4,1,1.6094379124341
2022-12-18,24.4291666666667,28.2,22,86.2083333333333,11.5,21.8833333333333,-55.75,-12.5,"T004","T004",-12.478611,-55.674722,2023-02-04,-48,28.2,86.2083333333333,11.5,1,2.52572864430826
2022-12-19,23.7458333333333,27.6,21.5,86.9583333333333,16.3,21.3708333333333,-55.75,-12.5,"T004","T004",-12.478611,-55.674722,2023-02-04,-47,27.6,86.9583333333333,16.3,1,2.85070650150373
2022-12-20,23.9291666666667,27.8,21.4,87.6666666666667,2.9,21.675,-55.75,-12.5,"T004","T004",-12.478611,-55.674722,2023-02-04,-46,27.8,87.6666666666667,2.9,1,1.3609765531356
2022-12-21,23.7916666666667,25.9,22.2,89.0416666666667,10.4,21.8583333333333,-55.75,-12.5,"T004","T004",-12.478611,-55.674722,2023-02-04,-45,25.9,89.0416666666667,10.4,1,2.43361335540045
2022-12-22,23.8708333333333,28.1,21.5,84.9166666666667,3.8,21.0625,-55.75,-12.5,"T004","T004",-12.478611,-55.674722,2023-02-04,-44,28.1,84.9166666666667,3.8,1,1.56861591791385
2022-12-23,23.5916666666667,27.5,21.4,89.7083333333333,8.3,21.7166666666667,-55.75,-12.5,"T004","T004",-12.478611,-55.674722,2023-02-04,-43,27.5,89.7083333333333,8.3,1,2.23001440015921
2022-12-24,24.4625,28.6,22,86.375,2.9,21.9208333333333,-55.75,-12.5,"T004","T004",-12.478611,-55.674722,2023-02-04,-42,28.6,86.375,2.9,1,1.3609765531356
2022-12-25,23.8958333333333,27.9,21.2,89.7916666666667,5.4,22.0375,-55.75,-12.5,"T004","T004",-12.478611,-55.674722,2023-02-04,-41,27.9,89.7916666666667,5.4,1,1.85629799036563
2022-12-26,24.6958333333333,29,22.4,86,8.7,22.1,-55.75,-12.5,"T004","T004",-12.478611,-55.674722,2023-02-04,-40,29,86,8.7,1,2.27212588550934
2022-12-27,23.8208333333333,25.9,22.4,89.6666666666667,14.3,21.975,-55.75,-12.5,"T004","T004",-12.478611,-55.674722,2023-02-04,-39,25.9,89.6666666666667,14.3,1,2.72785282839839
2022-12-28,23.1916666666667,24.9,22.2,94.5833333333333,23.3,22.2583333333333,-55.75,-12.5,"T004","T004",-12.478611,-55.674722,2023-02-04,-38,24.9,94.5833333333333,23.3,1,3.1904763503465
2022-12-29,23.3833333333333,25.8,22,92.6666666666667,42.9,22.125,-55.75,-12.5,"T004","T004",-12.478611,-55.674722,2023-02-04,-37,25.8,92.6666666666667,42.9,1,3.78191432008113
2022-12-30,24.0291666666667,26.7,21.9,88.3333333333333,7.6,21.9166666666667,-55.75,-12.5,"T004","T004",-12.478611,-55.674722,2023-02-04,-36,26.7,88.3333333333333,7.6,1,2.15176220325946
2022-12-31,24.0458333333333,28,21.6,88.875,18.2,22.0291666666667,-55.75,-12.5,"T004","T004",-12.478611,-55.674722,2023-02-04,-35,28,88.875,18.2,1,2.95491027903374
2023-01-01,25.7958333333333,30.4,20.3,79.5,0.1,21.7083333333333,-55.75,-12.5,"T004","T004",-12.478611,-55.674722,2023-02-04,-34,30.4,79.5,0.1,0,0.0953101798043249
2023-01-02,23.9708333333333,26.8,22,89.2083333333333,14,22.0458333333333,-55.75,-12.5,"T004","T004",-12.478611,-55.674722,2023-02-04,-33,26.8,89.2083333333333,14,1,2.70805020110221
2023-01-03,24.4958333333333,29.3,21.4,84.6666666666667,3.7,21.6,-55.75,-12.5,"T004","T004",-12.478611,-55.674722,2023-02-04,-32,29.3,84.6666666666667,3.7,1,1.54756250871601
2023-01-04,24.1458333333333,28.6,21.5,86.4583333333333,11.4,21.6041666666667,-55.75,-12.5,"T004","T004",-12.478611,-55.674722,2023-02-04,-31,28.6,86.4583333333333,11.4,1,2.51769647261099
2023-01-05,23.55,26.6,21.5,90.375,29.1,21.8416666666667,-55.75,-12.5,"T004","T004",-12.478611,-55.674722,2023-02-04,-30,26.6,90.375,29.1,1,3.40452517175483
2023-01-06,23.25,26.7,21.3,89.875,5.5,21.4291666666667,-55.75,-12.5,"T004","T004",-12.478611,-55.674722,2023-02-04,-29,26.7,89.875,5.5,1,1.87180217690159
2023-01-07,23.6041666666667,28.6,21.6,88.5833333333333,11.9,21.5541666666667,-55.75,-12.5,"T004","T004",-12.478611,-55.674722,2023-02-04,-28,28.6,88.5833333333333,11.9,1,2.55722731136763
2023-01-08,23.625,27,21,86.1666666666667,0.4,21.025,-55.75,-12.5,"T004","T004",-12.478611,-55.674722,2023-02-04,-27,27,86.1666666666667,0.4,0,0.336472236621213
2023-01-09,23.9958333333333,28.2,21.4,82.8333333333333,1.3,20.7375,-55.75,-12.5,"T004","T004",-12.478611,-55.674722,2023-02-04,-26,28.2,82.8333333333333,1.3,1,0.832909122935104
2023-01-10,23.2916666666667,27.4,21.4,88.8333333333333,6.2,21.2583333333333,-55.75,-12.5,"T004","T004",-12.478611,-55.674722,2023-02-04,-25,27.4,88.8333333333333,6.2,1,1.97408102602201
2023-01-11,24.6208333333333,30.7,20.3,82.7916666666667,0.7,21.2791666666667,-55.75,-12.5,"T004","T004",-12.478611,-55.674722,2023-02-04,-24,30.7,82.7916666666667,0.7,0,0.53062825106217
2023-01-12,24.3875,28,22.1,84.5416666666667,4.6,21.475,-55.75,-12.5,"T004","T004",-12.478611,-55.674722,2023-02-04,-23,28,84.5416666666667,4.6,1,1.7227665977411
2023-01-13,23.5166666666667,27.2,21.4,89.375,14.6,21.6083333333333,-55.75,-12.5,"T004","T004",-12.478611,-55.674722,2023-02-04,-22,27.2,89.375,14.6,1,2.74727091425549
2023-01-14,24.1583333333333,27.9,21.2,83.75,4.6,21.0875,-55.75,-12.5,"T004","T004",-12.478611,-55.674722,2023-02-04,-21,27.9,83.75,4.6,1,1.7227665977411
2023-01-15,24.8791666666667,30.1,21.1,82.375,3.7,21.4583333333333,-55.75,-12.5,"T004","T004",-12.478611,-55.674722,2023-02-04,-20,30.1,82.375,3.7,1,1.54756250871601
2023-01-16,24.6458333333333,30.3,21,83.2083333333333,7.4,21.4,-55.75,-12.5,"T004","T004",-12.478611,-55.674722,2023-02-04,-19,30.3,83.2083333333333,7.4,1,2.12823170584927
2023-01-17,24.7166666666667,30.2,20,78.75,1.5,20.4458333333333,-55.75,-12.5,"T004","T004",-12.478611,-55.674722,2023-02-04,-18,30.2,78.75,1.5,1,0.916290731874155
2023-01-18,24.8625,30.4,20.7,80.2916666666667,6.4,20.9666666666667,-55.75,-12.5,"T004","T004",-12.478611,-55.674722,2023-02-04,-17,30.4,80.2916666666667,6.4,1,2.00148000021012
2023-01-19,24.5,29.7,20.8,80,6.8,20.4833333333333,-55.75,-12.5,"T004","T004",-12.478611,-55.674722,2023-02-04,-16,29.7,80,6.8,1,2.05412373369555
2023-01-20,25.1791666666667,30.3,21.4,77.2916666666667,0.1,20.575,-55.75,-12.5,"T004","T004",-12.478611,-55.674722,2023-02-04,-15,30.3,77.2916666666667,0.1,0,0.0953101798043249
2023-01-21,25.1666666666667,30.5,21.9,78.7916666666667,5,21.0291666666667,-55.75,-12.5,"T004","T004",-12.478611,-55.674722,2023-02-04,-14,30.5,78.7916666666667,5,1,1.79175946922805
2023-01-22,24.575,29.8,21.6,84.75,13.2,21.5625,-55.75,-12.5,"T004","T004",-12.478611,-55.674722,2023-02-04,-13,29.8,84.75,13.2,1,2.65324196460721
2023-01-23,24.7458333333333,29.7,21.9,85.0416666666667,5.7,21.875,-55.75,-12.5,"T004","T004",-12.478611,-55.674722,2023-02-04,-12,29.7,85.0416666666667,5.7,1,1.90210752639692
2023-01-24,24.1708333333333,28.3,21.3,84.25,5.8,21.2541666666667,-55.75,-12.5,"T004","T004",-12.478611,-55.674722,2023-02-04,-11,28.3,84.25,5.8,1,1.91692261218206
2023-01-25,24,26.7,21.7,86.5416666666667,1.6,21.4916666666667,-55.75,-12.5,"T004","T004",-12.478611,-55.674722,2023-02-04,-10,26.7,86.5416666666667,1.6,1,0.955511445027436
2023-01-26,24.2541666666667,28.1,21.9,89.5833333333333,19.9,22.3833333333333,-55.75,-12.5,"T004","T004",-12.478611,-55.674722,2023-02-04,-9,28.1,89.5833333333333,19.9,1,3.03974915897077
2023-01-27,22.6458333333333,24.4,21.4,93.3333333333333,17.9,21.4791666666667,-55.75,-12.5,"T004","T004",-12.478611,-55.674722,2023-02-04,-8,24.4,93.3333333333333,17.9,1,2.9391619220656
2023-01-28,23.025,25.8,21.2,91,12.5,21.4166666666667,-55.75,-12.5,"T004","T004",-12.478611,-55.674722,2023-02-04,-7,25.8,91,12.5,1,2.60268968544438
2023-01-29,24.075,28.8,21.5,85.125,11.3,21.2208333333333,-55.75,-12.5,"T004","T004",-12.478611,-55.674722,2023-02-04,-6,28.8,85.125,11.3,1,2.50959926237837
2023-01-30,25.2666666666667,31.3,20.4,80.9583333333333,3.7,21.4875,-55.75,-12.5,"T004","T004",-12.478611,-55.674722,2023-02-04,-5,31.3,80.9583333333333,3.7,1,1.54756250871601
2023-01-31,24.6708333333333,29.3,21.7,83.4583333333333,5,21.55,-55.75,-12.5,"T004","T004",-12.478611,-55.674722,2023-02-04,-4,29.3,83.4583333333333,5,1,1.79175946922805
2023-02-01,25.7041666666667,31,21.9,80.2083333333333,1.1,21.8208333333333,-55.75,-12.5,"T004","T004",-12.478611,-55.674722,2023-02-04,-3,31,80.2083333333333,1.1,1,0.741937344729377
2023-02-02,26.7208333333333,32.3,21.9,76.5416666666667,1.3,21.7375,-55.75,-12.5,"T004","T004",-12.478611,-55.674722,2023-02-04,-2,32.3,76.5416666666667,1.3,1,0.832909122935104
2023-02-03,26.4833333333333,31.8,22.4,78.0416666666667,8.3,21.9916666666667,-55.75,-12.5,"T004","T004",-12.478611,-55.674722,2023-02-04,-1,31.8,78.0416666666667,8.3,1,2.23001440015921
2022-11-26,25.4291666666667,30,22.5,84.875,13.4,22.5875,-55.75,-12.5,"T005","T005",-12.478611,-55.674722,2023-02-14,-80,30,84.875,13.4,1,2.66722820658195
2022-11-27,26.3458333333333,31.6,22.2,78.6666666666667,0.7,22.0916666666667,-55.75,-12.5,"T005","T005",-12.478611,-55.674722,2023-02-14,-79,31.6,78.6666666666667,0.7,0,0.53062825106217
2022-11-28,26.675,33,21.8,73.25,0.1,20.7791666666667,-55.75,-12.5,"T005","T005",-12.478611,-55.674722,2023-02-14,-78,33,73.25,0.1,0,0.0953101798043249
2022-11-29,26.05,31,21.8,77.7916666666667,1.6,21.6666666666667,-55.75,-12.5,"T005","T005",-12.478611,-55.674722,2023-02-14,-77,31,77.7916666666667,1.6,1,0.955511445027436
2022-11-30,25.0958333333333,30.4,21.1,77.6666666666667,4.5,20.6125,-55.75,-12.5,"T005","T005",-12.478611,-55.674722,2023-02-14,-76,30.4,77.6666666666667,4.5,1,1.70474809223843
2022-12-01,24.3333333333333,30.5,21,83.5416666666667,17.7,21.1875,-55.75,-12.5,"T005","T005",-12.478611,-55.674722,2023-02-14,-75,30.5,83.5416666666667,17.7,1,2.92852352386054
2022-12-02,25.3041666666667,31.4,21.2,80.2916666666667,3.7,21.35,-55.75,-12.5,"T005","T005",-12.478611,-55.674722,2023-02-14,-74,31.4,80.2916666666667,3.7,1,1.54756250871601
2022-12-03,24.5083333333333,29,22.4,84.9166666666667,11.1,21.7208333333333,-55.75,-12.5,"T005","T005",-12.478611,-55.674722,2023-02-14,-73,29,84.9166666666667,11.1,1,2.4932054526027
2022-12-04,23.9791666666667,27.4,22.1,88.5416666666667,7.8,21.9083333333333,-55.75,-12.5,"T005","T005",-12.478611,-55.674722,2023-02-14,-72,27.4,88.5416666666667,7.8,1,2.17475172148416
2022-12-05,23.5208333333333,26.5,21.5,88.7916666666667,9,21.4958333333333,-55.75,-12.5,"T005","T005",-12.478611,-55.674722,2023-02-14,-71,26.5,88.7916666666667,9,1,2.30258509299405
2022-12-06,25.6041666666667,31,21.5,76.7083333333333,3.9,20.8,-55.75,-12.5,"T005","T005",-12.478611,-55.674722,2023-02-14,-70,31,76.7083333333333,3.9,1,1.58923520511658
2022-12-07,26.0958333333333,30.5,22.8,81.25,2.2,22.4541666666667,-55.75,-12.5,"T005","T005",-12.478611,-55.674722,2023-02-14,-69,30.5,81.25,2.2,1,1.16315080980568
2022-12-08,26.4958333333333,32.3,21.1,76.0416666666667,0.2,21.4875,-55.75,-12.5,"T005","T005",-12.478611,-55.674722,2023-02-14,-68,32.3,76.0416666666667,0.2,0,0.182321556793955
2022-12-09,24.7458333333333,28.1,22.4,86.4583333333333,11.3,22.2375,-55.75,-12.5,"T005","T005",-12.478611,-55.674722,2023-02-14,-67,28.1,86.4583333333333,11.3,1,2.50959926237837
2022-12-10,24.4083333333333,29.3,21.6,84.3333333333333,2.5,21.3875,-55.75,-12.5,"T005","T005",-12.478611,-55.674722,2023-02-14,-66,29.3,84.3333333333333,2.5,1,1.25276296849537
2022-12-11,25.0791666666667,30.8,21.7,79.5833333333333,2.7,21.0041666666667,-55.75,-12.5,"T005","T005",-12.478611,-55.674722,2023-02-14,-65,30.8,79.5833333333333,2.7,1,1.30833281965018
2022-12-12,25.3125,31.1,21.5,80.625,0.3,21.4958333333333,-55.75,-12.5,"T005","T005",-12.478611,-55.674722,2023-02-14,-64,31.1,80.625,0.3,0,0.262364264467491
2022-12-13,25.7083333333333,32,21.8,80.2916666666667,6.4,21.7625,-55.75,-12.5,"T005","T005",-12.478611,-55.674722,2023-02-14,-63,32,80.2916666666667,6.4,1,2.00148000021012
2022-12-14,24.6375,28.4,21.6,82.8333333333333,3.6,21.3875,-55.75,-12.5,"T005","T005",-12.478611,-55.674722,2023-02-14,-62,28.4,82.8333333333333,3.6,1,1.52605630349505
2022-12-15,24.8,28,22.1,84.7083333333333,15.6,21.9333333333333,-55.75,-12.5,"T005","T005",-12.478611,-55.674722,2023-02-14,-61,28,84.7083333333333,15.6,1,2.8094026953625
2022-12-16,22.4041666666667,24.6,21.1,92.4583333333333,29.5,21.0791666666667,-55.75,-12.5,"T005","T005",-12.478611,-55.674722,2023-02-14,-60,24.6,92.4583333333333,29.5,1,3.41772668361337
2022-12-17,23.7833333333333,27.2,20.7,85.4166666666667,4,21.1125,-55.75,-12.5,"T005","T005",-12.478611,-55.674722,2023-02-14,-59,27.2,85.4166666666667,4,1,1.6094379124341
2022-12-18,24.4291666666667,28.2,22,86.2083333333333,11.5,21.8833333333333,-55.75,-12.5,"T005","T005",-12.478611,-55.674722,2023-02-14,-58,28.2,86.2083333333333,11.5,1,2.52572864430826
2022-12-19,23.7458333333333,27.6,21.5,86.9583333333333,16.3,21.3708333333333,-55.75,-12.5,"T005","T005",-12.478611,-55.674722,2023-02-14,-57,27.6,86.9583333333333,16.3,1,2.85070650150373
2022-12-20,23.9291666666667,27.8,21.4,87.6666666666667,2.9,21.675,-55.75,-12.5,"T005","T005",-12.478611,-55.674722,2023-02-14,-56,27.8,87.6666666666667,2.9,1,1.3609765531356
2022-12-21,23.7916666666667,25.9,22.2,89.0416666666667,10.4,21.8583333333333,-55.75,-12.5,"T005","T005",-12.478611,-55.674722,2023-02-14,-55,25.9,89.0416666666667,10.4,1,2.43361335540045
2022-12-22,23.8708333333333,28.1,21.5,84.9166666666667,3.8,21.0625,-55.75,-12.5,"T005","T005",-12.478611,-55.674722,2023-02-14,-54,28.1,84.9166666666667,3.8,1,1.56861591791385
2022-12-23,23.5916666666667,27.5,21.4,89.7083333333333,8.3,21.7166666666667,-55.75,-12.5,"T005","T005",-12.478611,-55.674722,2023-02-14,-53,27.5,89.7083333333333,8.3,1,2.23001440015921
2022-12-24,24.4625,28.6,22,86.375,2.9,21.9208333333333,-55.75,-12.5,"T005","T005",-12.478611,-55.674722,2023-02-14,-52,28.6,86.375,2.9,1,1.3609765531356
2022-12-25,23.8958333333333,27.9,21.2,89.7916666666667,5.4,22.0375,-55.75,-12.5,"T005","T005",-12.478611,-55.674722,2023-02-14,-51,27.9,89.7916666666667,5.4,1,1.85629799036563
2022-12-26,24.6958333333333,29,22.4,86,8.7,22.1,-55.75,-12.5,"T005","T005",-12.478611,-55.674722,2023-02-14,-50,29,86,8.7,1,2.27212588550934
2022-12-27,23.8208333333333,25.9,22.4,89.6666666666667,14.3,21.975,-55.75,-12.5,"T005","T005",-12.478611,-55.674722,2023-02-14,-49,25.9,89.6666666666667,14.3,1,2.72785282839839
2022-12-28,23.1916666666667,24.9,22.2,94.5833333333333,23.3,22.2583333333333,-55.75,-12.5,"T005","T005",-12.478611,-55.674722,2023-02-14,-48,24.9,94.5833333333333,23.3,1,3.1904763503465
2022-12-29,23.3833333333333,25.8,22,92.6666666666667,42.9,22.125,-55.75,-12.5,"T005","T005",-12.478611,-55.674722,2023-02-14,-47,25.8,92.6666666666667,42.9,1,3.78191432008113
2022-12-30,24.0291666666667,26.7,21.9,88.3333333333333,7.6,21.9166666666667,-55.75,-12.5,"T005","T005",-12.478611,-55.674722,2023-02-14,-46,26.7,88.3333333333333,7.6,1,2.15176220325946
2022-12-31,24.0458333333333,28,21.6,88.875,18.2,22.0291666666667,-55.75,-12.5,"T005","T005",-12.478611,-55.674722,2023-02-14,-45,28,88.875,18.2,1,2.95491027903374
2023-01-01,25.7958333333333,30.4,20.3,79.5,0.1,21.7083333333333,-55.75,-12.5,"T005","T005",-12.478611,-55.674722,2023-02-14,-44,30.4,79.5,0.1,0,0.0953101798043249
2023-01-02,23.9708333333333,26.8,22,89.2083333333333,14,22.0458333333333,-55.75,-12.5,"T005","T005",-12.478611,-55.674722,2023-02-14,-43,26.8,89.2083333333333,14,1,2.70805020110221
2023-01-03,24.4958333333333,29.3,21.4,84.6666666666667,3.7,21.6,-55.75,-12.5,"T005","T005",-12.478611,-55.674722,2023-02-14,-42,29.3,84.6666666666667,3.7,1,1.54756250871601
2023-01-04,24.1458333333333,28.6,21.5,86.4583333333333,11.4,21.6041666666667,-55.75,-12.5,"T005","T005",-12.478611,-55.674722,2023-02-14,-41,28.6,86.4583333333333,11.4,1,2.51769647261099
2023-01-05,23.55,26.6,21.5,90.375,29.1,21.8416666666667,-55.75,-12.5,"T005","T005",-12.478611,-55.674722,2023-02-14,-40,26.6,90.375,29.1,1,3.40452517175483
2023-01-06,23.25,26.7,21.3,89.875,5.5,21.4291666666667,-55.75,-12.5,"T005","T005",-12.478611,-55.674722,2023-02-14,-39,26.7,89.875,5.5,1,1.87180217690159
2023-01-07,23.6041666666667,28.6,21.6,88.5833333333333,11.9,21.5541666666667,-55.75,-12.5,"T005","T005",-12.478611,-55.674722,2023-02-14,-38,28.6,88.5833333333333,11.9,1,2.55722731136763
2023-01-08,23.625,27,21,86.1666666666667,0.4,21.025,-55.75,-12.5,"T005","T005",-12.478611,-55.674722,2023-02-14,-37,27,86.1666666666667,0.4,0,0.336472236621213
2023-01-09,23.9958333333333,28.2,21.4,82.8333333333333,1.3,20.7375,-55.75,-12.5,"T005","T005",-12.478611,-55.674722,2023-02-14,-36,28.2,82.8333333333333,1.3,1,0.832909122935104
2023-01-10,23.2916666666667,27.4,21.4,88.8333333333333,6.2,21.2583333333333,-55.75,-12.5,"T005","T005",-12.478611,-55.674722,2023-02-14,-35,27.4,88.8333333333333,6.2,1,1.97408102602201
2023-01-11,24.6208333333333,30.7,20.3,82.7916666666667,0.7,21.2791666666667,-55.75,-12.5,"T005","T005",-12.478611,-55.674722,2023-02-14,-34,30.7,82.7916666666667,0.7,0,0.53062825106217
2023-01-12,24.3875,28,22.1,84.5416666666667,4.6,21.475,-55.75,-12.5,"T005","T005",-12.478611,-55.674722,2023-02-14,-33,28,84.5416666666667,4.6,1,1.7227665977411
2023-01-13,23.5166666666667,27.2,21.4,89.375,14.6,21.6083333333333,-55.75,-12.5,"T005","T005",-12.478611,-55.674722,2023-02-14,-32,27.2,89.375,14.6,1,2.74727091425549
2023-01-14,24.1583333333333,27.9,21.2,83.75,4.6,21.0875,-55.75,-12.5,"T005","T005",-12.478611,-55.674722,2023-02-14,-31,27.9,83.75,4.6,1,1.7227665977411
2023-01-15,24.8791666666667,30.1,21.1,82.375,3.7,21.4583333333333,-55.75,-12.5,"T005","T005",-12.478611,-55.674722,2023-02-14,-30,30.1,82.375,3.7,1,1.54756250871601
2023-01-16,24.6458333333333,30.3,21,83.2083333333333,7.4,21.4,-55.75,-12.5,"T005","T005",-12.478611,-55.674722,2023-02-14,-29,30.3,83.2083333333333,7.4,1,2.12823170584927
2023-01-17,24.7166666666667,30.2,20,78.75,1.5,20.4458333333333,-55.75,-12.5,"T005","T005",-12.478611,-55.674722,2023-02-14,-28,30.2,78.75,1.5,1,0.916290731874155
2023-01-18,24.8625,30.4,20.7,80.2916666666667,6.4,20.9666666666667,-55.75,-12.5,"T005","T005",-12.478611,-55.674722,2023-02-14,-27,30.4,80.2916666666667,6.4,1,2.00148000021012
2023-01-19,24.5,29.7,20.8,80,6.8,20.4833333333333,-55.75,-12.5,"T005","T005",-12.478611,-55.674722,2023-02-14,-26,29.7,80,6.8,1,2.05412373369555
2023-01-20,25.1791666666667,30.3,21.4,77.2916666666667,0.1,20.575,-55.75,-12.5,"T005","T005",-12.478611,-55.674722,2023-02-14,-25,30.3,77.2916666666667,0.1,0,0.0953101798043249
2023-01-21,25.1666666666667,30.5,21.9,78.7916666666667,5,21.0291666666667,-55.75,-12.5,"T005","T005",-12.478611,-55.674722,2023-02-14,-24,30.5,78.7916666666667,5,1,1.79175946922805
2023-01-22,24.575,29.8,21.6,84.75,13.2,21.5625,-55.75,-12.5,"T005","T005",-12.478611,-55.674722,2023-02-14,-23,29.8,84.75,13.2,1,2.65324196460721
2023-01-23,24.7458333333333,29.7,21.9,85.0416666666667,5.7,21.875,-55.75,-12.5,"T005","T005",-12.478611,-55.674722,2023-02-14,-22,29.7,85.0416666666667,5.7,1,1.90210752639692
2023-01-24,24.1708333333333,28.3,21.3,84.25,5.8,21.2541666666667,-55.75,-12.5,"T005","T005",-12.478611,-55.674722,2023-02-14,-21,28.3,84.25,5.8,1,1.91692261218206
2023-01-25,24,26.7,21.7,86.5416666666667,1.6,21.4916666666667,-55.75,-12.5,"T005","T005",-12.478611,-55.674722,2023-02-14,-20,26.7,86.5416666666667,1.6,1,0.955511445027436
2023-01-26,24.2541666666667,28.1,21.9,89.5833333333333,19.9,22.3833333333333,-55.75,-12.5,"T005","T005",-12.478611,-55.674722,2023-02-14,-19,28.1,89.5833333333333,19.9,1,3.03974915897077
2023-01-27,22.6458333333333,24.4,21.4,93.3333333333333,17.9,21.4791666666667,-55.75,-12.5,"T005","T005",-12.478611,-55.674722,2023-02-14,-18,24.4,93.3333333333333,17.9,1,2.9391619220656
2023-01-28,23.025,25.8,21.2,91,12.5,21.4166666666667,-55.75,-12.5,"T005","T005",-12.478611,-55.674722,2023-02-14,-17,25.8,91,12.5,1,2.60268968544438
2023-01-29,24.075,28.8,21.5,85.125,11.3,21.2208333333333,-55.75,-12.5,"T005","T005",-12.478611,-55.674722,2023-02-14,-16,28.8,85.125,11.3,1,2.50959926237837
2023-01-30,25.2666666666667,31.3,20.4,80.9583333333333,3.7,21.4875,-55.75,-12.5,"T005","T005",-12.478611,-55.674722,2023-02-14,-15,31.3,80.9583333333333,3.7,1,1.54756250871601
2023-01-31,24.6708333333333,29.3,21.7,83.4583333333333,5,21.55,-55.75,-12.5,"T005","T005",-12.478611,-55.674722,2023-02-14,-14,29.3,83.4583333333333,5,1,1.79175946922805
2023-02-01,25.7041666666667,31,21.9,80.2083333333333,1.1,21.8208333333333,-55.75,-12.5,"T005","T005",-12.478611,-55.674722,2023-02-14,-13,31,80.2083333333333,1.1,1,0.741937344729377
2023-02-02,26.7208333333333,32.3,21.9,76.5416666666667,1.3,21.7375,-55.75,-12.5,"T005","T005",-12.478611,-55.674722,2023-02-14,-12,32.3,76.5416666666667,1.3,1,0.832909122935104
2023-02-03,26.4833333333333,31.8,22.4,78.0416666666667,8.3,21.9916666666667,-55.75,-12.5,"T005","T005",-12.478611,-55.674722,2023-02-14,-11,31.8,78.0416666666667,8.3,1,2.23001440015921
2023-02-04,23.5,26.9,21.6,84.9166666666667,5.9,20.6833333333333,-55.75,-12.5,"T005","T005",-12.478611,-55.674722,2023-02-14,-10,26.9,84.9166666666667,5.9,1,1.93152141160321
2023-02-05,25.675,31.3,21.3,79.0833333333333,2.6,21.4333333333333,-55.75,-12.5,"T005","T005",-12.478611,-55.674722,2023-02-14,-9,31.3,79.0833333333333,2.6,1,1.28093384546206
2023-02-06,24.8416666666667,31,22.4,81.375,6.6,21.2875,-55.75,-12.5,"T005","T005",-12.478611,-55.674722,2023-02-14,-8,31,81.375,6.6,1,2.02814824729229
2023-02-07,24.8375,30.2,21.7,82.6666666666667,9.1,21.475,-55.75,-12.5,"T005","T005",-12.478611,-55.674722,2023-02-14,-7,30.2,82.6666666666667,9.1,1,2.31253542384721
2023-02-08,26.3875,31.7,22.1,76.9166666666667,0.1,21.5458333333333,-55.75,-12.5,"T005","T005",-12.478611,-55.674722,2023-02-14,-6,31.7,76.9166666666667,0.1,0,0.0953101798043249
2023-02-09,25.3458333333333,30.9,22.1,81.6666666666667,6,21.7375,-55.75,-12.5,"T005","T005",-12.478611,-55.674722,2023-02-14,-5,30.9,81.6666666666667,6,1,1.94591014905531
2023-02-10,25.9,31.9,21.5,79.5416666666667,2.8,21.7583333333333,-55.75,-12.5,"T005","T005",-12.478611,-55.674722,2023-02-14,-4,31.9,79.5416666666667,2.8,1,1.33500106673234
2023-02-11,26.4291666666667,31.2,22.5,77.0833333333333,1.6,21.8041666666667,-55.75,-12.5,"T005","T005",-12.478611,-55.674722,2023-02-14,-3,31.2,77.0833333333333,1.6,1,0.955511445027436
2023-02-12,26.05,31.2,21.9,78.4166666666667,3.6,21.8416666666667,-55.75,-12.5,"T005","T005",-12.478611,-55.674722,2023-02-14,-2,31.2,78.4166666666667,3.6,1,1.52605630349505
2023-02-13,27.15,32.7,22,73.7083333333333,0.7,21.6666666666667,-55.75,-12.5,"T005","T005",-12.478611,-55.674722,2023-02-14,-1,32.7,73.7083333333333,0.7,0,0.53062825106217
2022-12-05,23.4,26.6,21.6,90.6666666666667,7.3,21.6791666666667,-56,-12.5,"T006","T006",-12.442694,-55.891028,2023-02-23,-80,26.6,90.6666666666667,7.3,1,2.11625551480255
2022-12-06,25.15,30.7,21.4,79.5,3.4,20.9875,-56,-12.5,"T006","T006",-12.442694,-55.891028,2023-02-23,-79,30.7,79.5,3.4,1,1.48160454092422
2022-12-07,25.6291666666667,30.5,22.6,83.75,5.8,22.5208333333333,-56,-12.5,"T006","T006",-12.442694,-55.891028,2023-02-23,-78,30.5,83.75,5.8,1,1.91692261218206
2022-12-08,26.2625,32.1,20.6,77.625,0.5,21.5458333333333,-56,-12.5,"T006","T006",-12.442694,-55.891028,2023-02-23,-77,32.1,77.625,0.5,0,0.405465108108164
2022-12-09,24.5333333333333,27.7,22.4,88,12.3,22.3416666666667,-56,-12.5,"T006","T006",-12.442694,-55.891028,2023-02-23,-76,27.7,88,12.3,1,2.58776403522771
2022-12-10,24.2625,28.5,21.3,85.0833333333333,0.2,21.4458333333333,-56,-12.5,"T006","T006",-12.442694,-55.891028,2023-02-23,-75,28.5,85.0833333333333,0.2,0,0.182321556793955
2022-12-11,24.7958333333333,30.7,21.9,81.9166666666667,2.5,21.2333333333333,-56,-12.5,"T006","T006",-12.442694,-55.891028,2023-02-23,-74,30.7,81.9166666666667,2.5,1,1.25276296849537
2022-12-12,24.9333333333333,30.6,21.2,83.625,0.9,21.7083333333333,-56,-12.5,"T006","T006",-12.442694,-55.891028,2023-02-23,-73,30.6,83.625,0.9,0,0.641853886172395
2022-12-13,25.4791666666667,31.9,21.8,82.75,7.4,22.05,-56,-12.5,"T006","T006",-12.442694,-55.891028,2023-02-23,-72,31.9,82.75,7.4,1,2.12823170584927
2022-12-14,24.4333333333333,28.5,21.4,84.0833333333333,4,21.4083333333333,-56,-12.5,"T006","T006",-12.442694,-55.891028,2023-02-23,-71,28.5,84.0833333333333,4,1,1.6094379124341
2022-12-15,24.5958333333333,28.1,21.8,87.6666666666667,16.7,22.3,-56,-12.5,"T006","T006",-12.442694,-55.891028,2023-02-23,-70,28.1,87.6666666666667,16.7,1,2.87356463957978
2022-12-16,22.175,24.4,21,94.375,32.3,21.1916666666667,-56,-12.5,"T006","T006",-12.442694,-55.891028,2023-02-23,-69,24.4,94.375,32.3,1,3.5055573969864
2022-12-17,23.725,27.8,20.5,86.4166666666667,10.9,21.225,-56,-12.5,"T006","T006",-12.442694,-55.891028,2023-02-23,-68,27.8,86.4166666666667,10.9,1,2.47653840011748
2022-12-18,24.15,27.8,22.1,89.0416666666667,16.3,22.1708333333333,-56,-12.5,"T006","T006",-12.442694,-55.891028,2023-02-23,-67,27.8,89.0416666666667,16.3,1,2.85070650150373
2022-12-19,23.7291666666667,27.8,21.4,88.75,16.1,21.6958333333333,-56,-12.5,"T006","T006",-12.442694,-55.891028,2023-02-23,-66,27.8,88.75,16.1,1,2.83907846350861
2022-12-20,23.975,28.1,21.4,88.25,4.3,21.8458333333333,-56,-12.5,"T006","T006",-12.442694,-55.891028,2023-02-23,-65,28.1,88.25,4.3,1,1.66770682055808
2022-12-21,23.5583333333333,26.1,22.2,92,14.4,22.1541666666667,-56,-12.5,"T006","T006",-12.442694,-55.891028,2023-02-23,-64,26.1,92,14.4,1,2.73436750941958
2022-12-22,23.5125,27.5,21.4,87.5833333333333,5.4,21.2708333333333,-56,-12.5,"T006","T006",-12.442694,-55.891028,2023-02-23,-63,27.5,87.5833333333333,5.4,1,1.85629799036563
2022-12-23,23.4916666666667,27.3,21.2,90.7083333333333,10.3,21.8291666666667,-56,-12.5,"T006","T006",-12.442694,-55.891028,2023-02-23,-62,27.3,90.7083333333333,10.3,1,2.42480272571829
2022-12-24,24.3416666666667,28.7,21.9,87.9583333333333,4.6,22.1083333333333,-56,-12.5,"T006","T006",-12.442694,-55.891028,2023-02-23,-61,28.7,87.9583333333333,4.6,1,1.7227665977411
2022-12-25,23.8041666666667,27.1,21.1,90.125,13.5,22.025,-56,-12.5,"T006","T006",-12.442694,-55.891028,2023-02-23,-60,27.1,90.125,13.5,1,2.67414864942653
2022-12-26,24.5708333333333,29.2,22.3,87.75,6.1,22.2875,-56,-12.5,"T006","T006",-12.442694,-55.891028,2023-02-23,-59,29.2,87.75,6.1,1,1.96009478404727
2022-12-27,23.6833333333333,26.1,22.4,91.2083333333333,22.3,22.1416666666667,-56,-12.5,"T006","T006",-12.442694,-55.891028,2023-02-23,-58,26.1,91.2083333333333,22.3,1,3.14845336057165
2022-12-28,23.05,24.4,22,95.4583333333333,22.5,22.3,-56,-12.5,"T006","T006",-12.442694,-55.891028,2023-02-23,-57,24.4,95.4583333333333,22.5,1,3.15700042115011
2022-12-29,23.1208333333333,25.3,22,94.3333333333333,56.9,22.1333333333333,-56,-12.5,"T006","T006",-12.442694,-55.891028,2023-02-23,-56,25.3,94.3333333333333,56.9,1,4.05871738457895
2022-12-30,23.8458333333333,26.6,21.8,89.7083333333333,11.1,21.9958333333333,-56,-12.5,"T006","T006",-12.442694,-55.891028,2023-02-23,-55,26.6,89.7083333333333,11.1,1,2.4932054526027
2022-12-31,24.0875,28.2,21.6,89.625,16,22.2541666666667,-56,-12.5,"T006","T006",-12.442694,-55.891028,2023-02-23,-54,28.2,89.625,16,1,2.83321334405622
2023-01-01,25.7375,30.8,20.8,80.5833333333333,0.5,21.85,-56,-12.5,"T006","T006",-12.442694,-55.891028,2023-02-23,-53,30.8,80.5833333333333,0.5,0,0.405465108108164
2023-01-02,23.9958333333333,27.1,21.9,89.4583333333333,18,22.0958333333333,-56,-12.5,"T006","T006",-12.442694,-55.891028,2023-02-23,-52,27.1,89.4583333333333,18,1,2.94443897916644
2023-01-03,24.3833333333333,28.7,21.5,85.9166666666667,2.8,21.7583333333333,-56,-12.5,"T006","T006",-12.442694,-55.891028,2023-02-23,-51,28.7,85.9166666666667,2.8,1,1.33500106673234
2023-01-04,24.0541666666667,28.2,21.4,87.9166666666667,10.1,21.8041666666667,-56,-12.5,"T006","T006",-12.442694,-55.891028,2023-02-23,-50,28.2,87.9166666666667,10.1,1,2.40694510831829
2023-01-05,23.3291666666667,26.4,21.5,92.7916666666667,31.5,22.05,-56,-12.5,"T006","T006",-12.442694,-55.891028,2023-02-23,-49,26.4,92.7916666666667,31.5,1,3.48124008933569
2023-01-06,23.1708333333333,26.5,21.1,89.75,5.7,21.3041666666667,-56,-12.5,"T006","T006",-12.442694,-55.891028,2023-02-23,-48,26.5,89.75,5.7,1,1.90210752639692
2023-01-07,23.6083333333333,28.9,21.5,88.6666666666667,3.9,21.5791666666667,-56,-12.5,"T006","T006",-12.442694,-55.891028,2023-02-23,-47,28.9,88.6666666666667,3.9,1,1.58923520511658
2023-01-08,23.6875,27,21,86.5,1.6,21.2,-56,-12.5,"T006","T006",-12.442694,-55.891028,2023-02-23,-46,27,86.5,1.6,1,0.955511445027436
2023-01-09,24.1291666666667,28.5,21.2,82.5416666666667,1.2,20.8,-56,-12.5,"T006","T006",-12.442694,-55.891028,2023-02-23,-45,28.5,82.5416666666667,1.2,1,0.78845736036427
2023-01-10,23.2916666666667,27.7,21.2,89.5,6,21.3875,-56,-12.5,"T006","T006",-12.442694,-55.891028,2023-02-23,-44,27.7,89.5,6,1,1.94591014905531
2023-01-11,24.5708333333333,31.2,19.9,82.2916666666667,0,21.0958333333333,-56,-12.5,"T006","T006",-12.442694,-55.891028,2023-02-23,-43,31.2,82.2916666666667,0,0,0
2023-01-12,23.925,27.7,21.1,87.7916666666667,8.1,21.7208333333333,-56,-12.5,"T006","T006",-12.442694,-55.891028,2023-02-23,-42,27.7,87.7916666666667,8.1,1,2.2082744135228
2023-01-13,23.3958333333333,27.3,21.1,91.625,15.3,21.9166666666667,-56,-12.5,"T006","T006",-12.442694,-55.891028,2023-02-23,-41,27.3,91.625,15.3,1,2.79116510781272
2023-01-14,23.9958333333333,28.3,21.1,85.5416666666667,5.2,21.2541666666667,-56,-12.5,"T006","T006",-12.442694,-55.891028,2023-02-23,-40,28.3,85.5416666666667,5.2,1,1.82454929205105
2023-01-15,24.8375,30,20.7,82.0833333333333,2.6,21.3125,-56,-12.5,"T006","T006",-12.442694,-55.891028,2023-02-23,-39,30,82.0833333333333,2.6,1,1.28093384546206
2023-01-16,24.8458333333333,30.8,21.1,82.25,2.1,21.3458333333333,-56,-12.5,"T006","T006",-12.442694,-55.891028,2023-02-23,-38,30.8,82.25,2.1,1,1.1314021114911
2023-01-17,24.6458333333333,30.4,20.1,79.9583333333333,1.9,20.6208333333333,-56,-12.5,"T006","T006",-12.442694,-55.891028,2023-02-23,-37,30.4,79.9583333333333,1.9,1,1.06471073699243
2023-01-18,24.65,29.8,20.6,81.6666666666667,6.6,21.05,-56,-12.5,"T006","T006",-12.442694,-55.891028,2023-02-23,-36,29.8,81.6666666666667,6.6,1,2.02814824729229
2023-01-19,24.2833333333333,30,20.5,80.875,4.6,20.4458333333333,-56,-12.5,"T006","T006",-12.442694,-55.891028,2023-02-23,-35,30,80.875,4.6,1,1.7227665977411
2023-01-20,25.0458333333333,30.4,21.1,77.4166666666667,0.7,20.4708333333333,-56,-12.5,"T006","T006",-12.442694,-55.891028,2023-02-23,-34,30.4,77.4166666666667,0.7,0,0.53062825106217
2023-01-21,24.9,29.8,21.6,80.0833333333333,5.6,21.0125,-56,-12.5,"T006","T006",-12.442694,-55.891028,2023-02-23,-33,29.8,80.0833333333333,5.6,1,1.88706964903238
2023-01-22,24.6791666666667,30.3,21.2,84.5416666666667,5.3,21.625,-56,-12.5,"T006","T006",-12.442694,-55.891028,2023-02-23,-32,30.3,84.5416666666667,5.3,1,1.84054963339749
2023-01-23,24.6416666666667,29.4,21.8,85.5416666666667,3.1,21.8541666666667,-56,-12.5,"T006","T006",-12.442694,-55.891028,2023-02-23,-31,29.4,85.5416666666667,3.1,1,1.41098697371026
2023-01-24,23.9333333333333,28.4,21.3,84.4583333333333,0.9,21.0291666666667,-56,-12.5,"T006","T006",-12.442694,-55.891028,2023-02-23,-30,28.4,84.4583333333333,0.9,0,0.641853886172395
2023-01-25,23.9,26.6,21.1,87.4583333333333,1.2,21.6041666666667,-56,-12.5,"T006","T006",-12.442694,-55.891028,2023-02-23,-29,26.6,87.4583333333333,1.2,1,0.78845736036427
2023-01-26,24.1083333333333,28.5,21.8,90.6666666666667,21.1,22.425,-56,-12.5,"T006","T006",-12.442694,-55.891028,2023-02-23,-28,28.5,90.6666666666667,21.1,1,3.09557760852371
2023-01-27,22.65,24.6,21.1,92.9583333333333,17.1,21.4083333333333,-56,-12.5,"T006","T006",-12.442694,-55.891028,2023-02-23,-27,24.6,92.9583333333333,17.1,1,2.89591193827178
2023-01-28,22.6625,26.2,21.2,92.9583333333333,9.6,21.4125,-56,-12.5,"T006","T006",-12.442694,-55.891028,2023-02-23,-26,26.2,92.9583333333333,9.6,1,2.36085400111802
2023-01-29,23.9,28.4,21.3,84.9583333333333,6.7,21.0375,-56,-12.5,"T006","T006",-12.442694,-55.891028,2023-02-23,-25,28.4,84.9583333333333,6.7,1,2.04122032885964
2023-01-30,25.1666666666667,31.2,20.4,83.125,4.8,21.8083333333333,-56,-12.5,"T006","T006",-12.442694,-55.891028,2023-02-23,-24,31.2,83.125,4.8,1,1.75785791755237
2023-01-31,24.1833333333333,28.2,21.3,86.0833333333333,12.1,21.575,-56,-12.5,"T006","T006",-12.442694,-55.891028,2023-02-23,-23,28.2,86.0833333333333,12.1,1,2.57261223020711
2023-02-01,25.5583333333333,31.1,21.7,79.9583333333333,0.6,21.5375,-56,-12.5,"T006","T006",-12.442694,-55.891028,2023-02-23,-22,31.1,79.9583333333333,0.6,0,0.470003629245736
2023-02-02,26.5166666666667,32.3,21.8,76.875,2.5,21.6,-56,-12.5,"T006","T006",-12.442694,-55.891028,2023-02-23,-21,32.3,76.875,2.5,1,1.25276296849537
2023-02-03,26.2916666666667,31.9,22.2,79.4166666666667,9,22.0708333333333,-56,-12.5,"T006","T006",-12.442694,-55.891028,2023-02-23,-20,31.9,79.4166666666667,9,1,2.30258509299405
2023-02-04,23.2,26.4,21.6,87.2916666666667,5.3,20.8583333333333,-56,-12.5,"T006","T006",-12.442694,-55.891028,2023-02-23,-19,26.4,87.2916666666667,5.3,1,1.84054963339749
2023-02-05,25.4791666666667,31.6,21,79.875,1.9,21.3666666666667,-56,-12.5,"T006","T006",-12.442694,-55.891028,2023-02-23,-18,31.6,79.875,1.9,1,1.06471073699243
2023-02-06,24.6166666666667,30.6,22.1,82.625,8.1,21.3,-56,-12.5,"T006","T006",-12.442694,-55.891028,2023-02-23,-17,30.6,82.625,8.1,1,2.2082744135228
2023-02-07,24.7541666666667,31.2,21.3,82.625,11.3,21.2875,-56,-12.5,"T006","T006",-12.442694,-55.891028,2023-02-23,-16,31.2,82.625,11.3,1,2.50959926237837
2023-02-08,26.1958333333333,32,21.8,77.6666666666667,0.4,21.4583333333333,-56,-12.5,"T006","T006",-12.442694,-55.891028,2023-02-23,-15,32,77.6666666666667,0.4,0,0.336472236621213
2023-02-09,25.2958333333333,31.7,21.8,81.5833333333333,3.9,21.6666666666667,-56,-12.5,"T006","T006",-12.442694,-55.891028,2023-02-23,-14,31.7,81.5833333333333,3.9,1,1.58923520511658
2023-02-10,25.7041666666667,32.2,21.3,82,3.9,21.9666666666667,-56,-12.5,"T006","T006",-12.442694,-55.891028,2023-02-23,-13,32.2,82,3.9,1,1.58923520511658
2023-02-11,26.2416666666667,31.3,22.8,79.4166666666667,1.1,22.1291666666667,-56,-12.5,"T006","T006",-12.442694,-55.891028,2023-02-23,-12,31.3,79.4166666666667,1.1,1,0.741937344729377
2023-02-12,25.725,30.4,22.1,79.7083333333333,4.3,21.8125,-56,-12.5,"T006","T006",-12.442694,-55.891028,2023-02-23,-11,30.4,79.7083333333333,4.3,1,1.66770682055808
2023-02-13,27.2333333333333,33.1,21.9,73.125,1,21.5875,-56,-12.5,"T006","T006",-12.442694,-55.891028,2023-02-23,-10,33.1,73.125,1,1,0.693147180559945
2023-02-14,28.2375,34.4,22.5,72.0416666666667,0.1,22.1541666666667,-56,-12.5,"T006","T006",-12.442694,-55.891028,2023-02-23,-9,34.4,72.0416666666667,0.1,0,0.0953101798043249
2023-02-15,25.4583333333333,31.2,22.2,81.9166666666667,4.6,21.9833333333333,-56,-12.5,"T006","T006",-12.442694,-55.891028,2023-02-23,-8,31.2,81.9166666666667,4.6,1,1.7227665977411
2023-02-16,25.5625,32,22.3,81.7083333333333,1.8,21.9375,-56,-12.5,"T006","T006",-12.442694,-55.891028,2023-02-23,-7,32,81.7083333333333,1.8,1,1.02961941718116
2023-02-17,24.6208333333333,28.5,22.2,86.5833333333333,16.7,22.1208333333333,-56,-12.5,"T006","T006",-12.442694,-55.891028,2023-02-23,-6,28.5,86.5833333333333,16.7,1,2.87356463957978
2023-02-18,23.4166666666667,27.6,21.3,88.2083333333333,7.9,21.2166666666667,-56,-12.5,"T006","T006",-12.442694,-55.891028,2023-02-23,-5,27.6,88.2083333333333,7.9,1,2.18605127673809
2023-02-19,24.5833333333333,30,21.6,85.25,41.5,21.7125,-56,-12.5,"T006","T006",-12.442694,-55.891028,2023-02-23,-4,30,85.25,41.5,1,3.74950407593037
2023-02-20,23.4583333333333,26.3,21.9,88.0416666666667,28.6,21.2708333333333,-56,-12.5,"T006","T006",-12.442694,-55.891028,2023-02-23,-3,26.3,88.0416666666667,28.6,1,3.38777436133001
2023-02-21,23.5916666666667,27.5,21.3,88.5833333333333,9.3,21.525,-56,-12.5,"T006","T006",-12.442694,-55.891028,2023-02-23,-2,27.5,88.5833333333333,9.3,1,2.33214389523559
2023-02-22,23.7875,28.4,21.8,91,13.3,22.175,-56,-12.5,"T006","T006",-12.442694,-55.891028,2023-02-23,-1,28.4,91,13.3,1,2.66025953726586
2022-11-28,26.575,32.7,21.5,72.4166666666667,0.1,20.525,-55.75,-12.75,"T007","T007",-12.751472,-55.834861,2023-02-16,-80,32.7,72.4166666666667,0.1,0,0.0953101798043249
2022-11-29,26.0625,30.8,21.9,78.625,3.5,21.8916666666667,-55.75,-12.75,"T007","T007",-12.751472,-55.834861,2023-02-16,-79,30.8,78.625,3.5,1,1.50407739677627
2022-11-30,24.8791666666667,30,20.9,78.7083333333333,15.6,20.6333333333333,-55.75,-12.75,"T007","T007",-12.751472,-55.834861,2023-02-16,-78,30,78.7083333333333,15.6,1,2.8094026953625
2022-12-01,24.3083333333333,30.1,20.9,82.0833333333333,12.1,20.8875,-55.75,-12.75,"T007","T007",-12.751472,-55.834861,2023-02-16,-77,30.1,82.0833333333333,12.1,1,2.57261223020711
2022-12-02,25.05,29.9,21.1,81.625,10,21.5,-55.75,-12.75,"T007","T007",-12.751472,-55.834861,2023-02-16,-76,29.9,81.625,10,1,2.39789527279837
2022-12-03,24.3166666666667,29,22.2,85.7083333333333,13.1,21.6875,-55.75,-12.75,"T007","T007",-12.751472,-55.834861,2023-02-16,-75,29,85.7083333333333,13.1,1,2.64617479738412
2022-12-04,24.1375,27.8,22,86.75,10.1,21.7083333333333,-55.75,-12.75,"T007","T007",-12.751472,-55.834861,2023-02-16,-74,27.8,86.75,10.1,1,2.40694510831829
2022-12-05,23.4583333333333,26.2,21.8,88.75,12.2,21.4333333333333,-55.75,-12.75,"T007","T007",-12.751472,-55.834861,2023-02-16,-73,26.2,88.75,12.2,1,2.58021682959233
2022-12-06,25.4833333333333,30.8,21.5,78,2,21.05,-55.75,-12.75,"T007","T007",-12.751472,-55.834861,2023-02-16,-72,30.8,78,2,1,1.09861228866811
2022-12-07,25.8666666666667,30.2,22.7,81.9166666666667,2.3,22.4041666666667,-55.75,-12.75,"T007","T007",-12.751472,-55.834861,2023-02-16,-71,30.2,81.9166666666667,2.3,1,1.19392246847243
2022-12-08,26.3083333333333,32.1,21.2,77.9166666666667,0.5,21.7666666666667,-55.75,-12.75,"T007","T007",-12.751472,-55.834861,2023-02-16,-70,32.1,77.9166666666667,0.5,0,0.405465108108164
2022-12-09,24.9875,27.6,22.5,84.875,8.1,22.2208333333333,-55.75,-12.75,"T007","T007",-12.751472,-55.834861,2023-02-16,-69,27.6,84.875,8.1,1,2.2082744135228
2022-12-10,24.425,28.4,21.8,83.7083333333333,1.8,21.3208333333333,-55.75,-12.75,"T007","T007",-12.751472,-55.834861,2023-02-16,-68,28.4,83.7083333333333,1.8,1,1.02961941718116
2022-12-11,24.825,30.5,21.4,80.8333333333333,1.7,21.0791666666667,-55.75,-12.75,"T007","T007",-12.751472,-55.834861,2023-02-16,-67,30.5,80.8333333333333,1.7,1,0.993251773010283
2022-12-12,25.1416666666667,30.7,21.5,80.9583333333333,0.8,21.4375,-55.75,-12.75,"T007","T007",-12.751472,-55.834861,2023-02-16,-66,30.7,80.9583333333333,0.8,0,0.587786664902119
2022-12-13,25.6916666666667,31.9,22.2,80.0416666666667,8,21.7625,-55.75,-12.75,"T007","T007",-12.751472,-55.834861,2023-02-16,-65,31.9,80.0416666666667,8,1,2.19722457733622
2022-12-14,24.6625,28,21.7,82.7083333333333,2.7,21.4083333333333,-55.75,-12.75,"T007","T007",-12.751472,-55.834861,2023-02-16,-64,28,82.7083333333333,2.7,1,1.30833281965018
2022-12-15,24.7958333333333,28.3,22.1,84.4583333333333,11.2,21.9208333333333,-55.75,-12.75,"T007","T007",-12.751472,-55.834861,2023-02-16,-63,28.3,84.4583333333333,11.2,1,2.50143595173921
2022-12-16,22.3583333333333,24.1,21.1,91.125,15.3,20.8583333333333,-55.75,-12.75,"T007","T007",-12.751472,-55.834861,2023-02-16,-62,24.1,91.125,15.3,1,2.79116510781272
2022-12-17,23.7958333333333,27.4,20.3,84.125,2.8,20.8125,-55.75,-12.75,"T007","T007",-12.751472,-55.834861,2023-02-16,-61,27.4,84.125,2.8,1,1.33500106673234
2022-12-18,24.2208333333333,27.8,21.9,86.5,18,21.7708333333333,-55.75,-12.75,"T007","T007",-12.751472,-55.834861,2023-02-16,-60,27.8,86.5,18,1,2.94443897916644
2022-12-19,23.9291666666667,27.9,21.2,86.2916666666667,14.5,21.4333333333333,-55.75,-12.75,"T007","T007",-12.751472,-55.834861,2023-02-16,-59,27.9,86.2916666666667,14.5,1,2.7408400239252
2022-12-20,24.025,27.5,21.4,87.375,11.5,21.7541666666667,-55.75,-12.75,"T007","T007",-12.751472,-55.834861,2023-02-16,-58,27.5,87.375,11.5,1,2.52572864430826
2022-12-21,24.1541666666667,26.5,22.4,86.6666666666667,7.5,21.7333333333333,-55.75,-12.75,"T007","T007",-12.751472,-55.834861,2023-02-16,-57,26.5,86.6666666666667,7.5,1,2.14006616349627
2022-12-22,24.05,27.5,21.8,83.2916666666667,2.5,20.9458333333333,-55.75,-12.75,"T007","T007",-12.751472,-55.834861,2023-02-16,-56,27.5,83.2916666666667,2.5,1,1.25276296849537
2022-12-23,23.9708333333333,27.4,21.6,86.4583333333333,6.2,21.4958333333333,-55.75,-12.75,"T007","T007",-12.751472,-55.834861,2023-02-16,-55,27.4,86.4583333333333,6.2,1,1.97408102602201
2022-12-24,24.5166666666667,29.1,22.2,85.125,1.8,21.7416666666667,-55.75,-12.75,"T007","T007",-12.751472,-55.834861,2023-02-16,-54,29.1,85.125,1.8,1,1.02961941718116
2022-12-25,23.9541666666667,27.9,21.3,88.125,5.8,21.7833333333333,-55.75,-12.75,"T007","T007",-12.751472,-55.834861,2023-02-16,-53,27.9,88.125,5.8,1,1.91692261218206
2022-12-26,24.7625,27.9,22.6,84.25,4.4,21.8083333333333,-55.75,-12.75,"T007","T007",-12.751472,-55.834861,2023-02-16,-52,27.9,84.25,4.4,1,1.68639895357023
2022-12-27,24.0166666666667,27.3,22.4,87.5833333333333,7.2,21.7958333333333,-55.75,-12.75,"T007","T007",-12.751472,-55.834861,2023-02-16,-51,27.3,87.5833333333333,7.2,1,2.10413415427021
2022-12-28,23.2083333333333,25.2,22.1,93,16.3,21.9958333333333,-55.75,-12.75,"T007","T007",-12.751472,-55.834861,2023-02-16,-50,25.2,93,16.3,1,2.85070650150373
2022-12-29,23.4208333333333,25.5,22,91.2083333333333,85.3,21.8708333333333,-55.75,-12.75,"T007","T007",-12.751472,-55.834861,2023-02-16,-49,25.5,91.2083333333333,85.3,1,4.45782959808938
2022-12-30,24.0416666666667,27.2,22,87.9166666666667,8.5,21.8291666666667,-55.75,-12.75,"T007","T007",-12.751472,-55.834861,2023-02-16,-48,27.2,87.9166666666667,8.5,1,2.2512917986065
2022-12-31,24.1666666666667,28.1,21.7,87.1666666666667,11.8,21.7916666666667,-55.75,-12.75,"T007","T007",-12.751472,-55.834861,2023-02-16,-47,28.1,87.1666666666667,11.8,1,2.54944517092557
2023-01-01,25.7666666666667,30.5,20.2,79.2916666666667,0.2,21.675,-55.75,-12.75,"T007","T007",-12.751472,-55.834861,2023-02-16,-46,30.5,79.2916666666667,0.2,0,0.182321556793955
2023-01-02,24.2375,26.6,22.1,87.7083333333333,7.8,22.0333333333333,-55.75,-12.75,"T007","T007",-12.751472,-55.834861,2023-02-16,-45,26.6,87.7083333333333,7.8,1,2.17475172148416
2023-01-03,24.55,28.8,21.6,83.3333333333333,2.9,21.4041666666667,-55.75,-12.75,"T007","T007",-12.751472,-55.834861,2023-02-16,-44,28.8,83.3333333333333,2.9,1,1.3609765531356
2023-01-04,24.2875,28.4,21.8,85.2083333333333,6.2,21.55,-55.75,-12.75,"T007","T007",-12.751472,-55.834861,2023-02-16,-43,28.4,85.2083333333333,6.2,1,1.97408102602201
2023-01-05,23.55,26.6,21.5,89.4583333333333,34.5,21.6458333333333,-55.75,-12.75,"T007","T007",-12.751472,-55.834861,2023-02-16,-42,26.6,89.4583333333333,34.5,1,3.56953269648137
2023-01-06,23.5458333333333,27.1,21.4,86.375,3.4,21.0666666666667,-55.75,-12.75,"T007","T007",-12.751472,-55.834861,2023-02-16,-41,27.1,86.375,3.4,1,1.48160454092422
2023-01-07,23.8625,29.4,21.6,86.625,10.7,21.4125,-55.75,-12.75,"T007","T007",-12.751472,-55.834861,2023-02-16,-40,29.4,86.625,10.7,1,2.45958884180371
2023-01-08,23.9,27.6,21.2,85.3333333333333,1.8,21.1541666666667,-55.75,-12.75,"T007","T007",-12.751472,-55.834861,2023-02-16,-39,27.6,85.3333333333333,1.8,1,1.02961941718116
2023-01-09,24.0333333333333,27.8,21.4,82.5833333333333,4.2,20.7375,-55.75,-12.75,"T007","T007",-12.751472,-55.834861,2023-02-16,-38,27.8,82.5833333333333,4.2,1,1.64865862558738
2023-01-10,23.5958333333333,27.8,21.5,86.5833333333333,12.4,21.1333333333333,-55.75,-12.75,"T007","T007",-12.751472,-55.834861,2023-02-16,-37,27.8,86.5833333333333,12.4,1,2.59525470695687
2023-01-11,24.5416666666667,30.3,20.1,82.1666666666667,0,21.0916666666667,-55.75,-12.75,"T007","T007",-12.751472,-55.834861,2023-02-16,-36,30.3,82.1666666666667,0,0,0
2023-01-12,24.5125,28.2,22.2,82.7083333333333,4.3,21.2458333333333,-55.75,-12.75,"T007","T007",-12.751472,-55.834861,2023-02-16,-35,28.2,82.7083333333333,4.3,1,1.66770682055808
2023-01-13,23.6833333333333,27.1,21.5,87.7083333333333,11.3,21.4708333333333,-55.75,-12.75,"T007","T007",-12.751472,-55.834861,2023-02-16,-34,27.1,87.7083333333333,11.3,1,2.50959926237837
2023-01-14,23.8875,27.7,21.2,83.75,4.2,20.8166666666667,-55.75,-12.75,"T007","T007",-12.751472,-55.834861,2023-02-16,-33,27.7,83.75,4.2,1,1.64865862558738
2023-01-15,24.9291666666667,29.1,21,80.7916666666667,1.3,21.2208333333333,-55.75,-12.75,"T007","T007",-12.751472,-55.834861,2023-02-16,-32,29.1,80.7916666666667,1.3,1,0.832909122935104
2023-01-16,24.6583333333333,30.4,20.9,83,9.6,21.3666666666667,-55.75,-12.75,"T007","T007",-12.751472,-55.834861,2023-02-16,-31,30.4,83,9.6,1,2.36085400111802
2023-01-17,24.6333333333333,30.4,19.9,79.375,2,20.5375,-55.75,-12.75,"T007","T007",-12.751472,-55.834861,2023-02-16,-30,30.4,79.375,2,1,1.09861228866811
2023-01-18,24.6958333333333,30,20.7,81.2916666666667,6.6,21.0791666666667,-55.75,-12.75,"T007","T007",-12.751472,-55.834861,2023-02-16,-29,30,81.2916666666667,6.6,1,2.02814824729229
2023-01-19,24.4875,29.5,21,79.25,6.5,20.3541666666667,-55.75,-12.75,"T007","T007",-12.751472,-55.834861,2023-02-16,-28,29.5,79.25,6.5,1,2.01490302054226
2023-01-20,25.2958333333333,30.2,21.6,76.125,0,20.4375,-55.75,-12.75,"T007","T007",-12.751472,-55.834861,2023-02-16,-27,30.2,76.125,0,0,0
2023-01-21,25.0875,29.8,22.1,78.7083333333333,4.4,20.9416666666667,-55.75,-12.75,"T007","T007",-12.751472,-55.834861,2023-02-16,-26,29.8,78.7083333333333,4.4,1,1.68639895357023
2023-01-22,24.6125,29.6,21.3,83.1666666666667,10.9,21.2958333333333,-55.75,-12.75,"T007","T007",-12.751472,-55.834861,2023-02-16,-25,29.6,83.1666666666667,10.9,1,2.47653840011748
2023-01-23,24.7541666666667,29.3,22,84.7083333333333,5.5,21.7916666666667,-55.75,-12.75,"T007","T007",-12.751472,-55.834861,2023-02-16,-24,29.3,84.7083333333333,5.5,1,1.87180217690159
2023-01-24,24.0583333333333,28.3,21.6,84.375,4.6,21.15,-55.75,-12.75,"T007","T007",-12.751472,-55.834861,2023-02-16,-23,28.3,84.375,4.6,1,1.7227665977411
2023-01-25,23.975,27.1,21.2,86.375,1.8,21.4541666666667,-55.75,-12.75,"T007","T007",-12.751472,-55.834861,2023-02-16,-22,27.1,86.375,1.8,1,1.02961941718116
2023-01-26,24.2833333333333,28.2,22,88.2083333333333,24.3,22.1416666666667,-55.75,-12.75,"T007","T007",-12.751472,-55.834861,2023-02-16,-21,28.2,88.2083333333333,24.3,1,3.23080439573347
2023-01-27,22.9,25,21.5,92.5833333333333,13.6,21.6291666666667,-55.75,-12.75,"T007","T007",-12.751472,-55.834861,2023-02-16,-20,25,92.5833333333333,13.6,1,2.68102152871429
2023-01-28,22.9625,26.3,21.2,89.625,13.4,21.1125,-55.75,-12.75,"T007","T007",-12.751472,-55.834861,2023-02-16,-19,26.3,89.625,13.4,1,2.66722820658195
2023-01-29,24.1375,28.8,21.6,83.625,6.4,20.9791666666667,-55.75,-12.75,"T007","T007",-12.751472,-55.834861,2023-02-16,-18,28.8,83.625,6.4,1,2.00148000021012
2023-01-30,25.425,31.7,20.4,78.5833333333333,2.8,21.1208333333333,-55.75,-12.75,"T007","T007",-12.751472,-55.834861,2023-02-16,-17,31.7,78.5833333333333,2.8,1,1.33500106673234
2023-01-31,24.7041666666667,29.4,21.4,82.1666666666667,2.4,21.3333333333333,-55.75,-12.75,"T007","T007",-12.751472,-55.834861,2023-02-16,-16,29.4,82.1666666666667,2.4,1,1.22377543162212
2023-02-01,25.8,30.6,21.9,79.3333333333333,0.6,21.7208333333333,-55.75,-12.75,"T007","T007",-12.751472,-55.834861,2023-02-16,-15,30.6,79.3333333333333,0.6,0,0.470003629245736
2023-02-02,26.7041666666667,32.5,22.3,76.875,2.1,21.8541666666667,-55.75,-12.75,"T007","T007",-12.751472,-55.834861,2023-02-16,-14,32.5,76.875,2.1,1,1.1314021114911
2023-02-03,26.4333333333333,31.4,22.5,77.4583333333333,9.8,21.8583333333333,-55.75,-12.75,"T007","T007",-12.751472,-55.834861,2023-02-16,-13,31.4,77.4583333333333,9.8,1,2.37954613413017
2023-02-04,23.4166666666667,27,21.7,84.1666666666667,6.9,20.4791666666667,-55.75,-12.75,"T007","T007",-12.751472,-55.834861,2023-02-16,-12,27,84.1666666666667,6.9,1,2.06686275947298
2023-02-05,25.6208333333333,30.9,21.2,77.8333333333333,2.9,21.1416666666667,-55.75,-12.75,"T007","T007",-12.751472,-55.834861,2023-02-16,-11,30.9,77.8333333333333,2.9,1,1.3609765531356
2023-02-06,24.9666666666667,30.7,22.2,80.2083333333333,6,21.1625,-55.75,-12.75,"T007","T007",-12.751472,-55.834861,2023-02-16,-10,30.7,80.2083333333333,6,1,1.94591014905531
2023-02-07,24.8875,30.4,21.6,81.5416666666667,6,21.2916666666667,-55.75,-12.75,"T007","T007",-12.751472,-55.834861,2023-02-16,-9,30.4,81.5416666666667,6,1,1.94591014905531
2023-02-08,26.2416666666667,31.3,21.9,76.6666666666667,0.5,21.4375,-55.75,-12.75,"T007","T007",-12.751472,-55.834861,2023-02-16,-8,31.3,76.6666666666667,0.5,0,0.405465108108164
2023-02-09,25.5208333333333,30.9,22,81.375,4.4,21.8333333333333,-55.75,-12.75,"T007","T007",-12.751472,-55.834861,2023-02-16,-7,30.9,81.375,4.4,1,1.68639895357023
2023-02-10,25.8541666666667,32.1,21.7,79.375,1.1,21.6791666666667,-55.75,-12.75,"T007","T007",-12.751472,-55.834861,2023-02-16,-6,32.1,79.375,1.1,1,0.741937344729377
2023-02-11,26.3125,31,22.8,76.25,2.7,21.5791666666667,-55.75,-12.75,"T007","T007",-12.751472,-55.834861,2023-02-16,-5,31,76.25,2.7,1,1.30833281965018
2023-02-12,26.0166666666667,30.7,22.2,78.4583333333333,3.5,21.8666666666667,-55.75,-12.75,"T007","T007",-12.751472,-55.834861,2023-02-16,-4,30.7,78.4583333333333,3.5,1,1.50407739677627
2023-02-13,27.0166666666667,32.7,22,73.625,0.8,21.5583333333333,-55.75,-12.75,"T007","T007",-12.751472,-55.834861,2023-02-16,-3,32.7,73.625,0.8,0,0.587786664902119
2023-02-14,28.3125,34.5,23.2,69.7916666666667,0.2,21.8041666666667,-55.75,-12.75,"T007","T007",-12.751472,-55.834861,2023-02-16,-2,34.5,69.7916666666667,0.2,0,0.182321556793955
2023-02-15,25.6791666666667,30.9,22.9,79.8333333333333,3.3,21.8791666666667,-55.75,-12.75,"T007","T007",-12.751472,-55.834861,2023-02-16,-1,30.9,79.8333333333333,3.3,1,1.45861502269952
2022-11-25,24.6333333333333,29.7,21.6,88.75,7.9,22.5,-56,-12.5,"T008","T008",-12.437389,-55.883417,2023-02-13,-80,29.7,88.75,7.9,1,2.18605127673809
2022-11-26,25.2208333333333,29.6,22.3,87.3333333333333,14.9,22.8541666666667,-56,-12.5,"T008","T008",-12.437389,-55.883417,2023-02-13,-79,29.6,87.3333333333333,14.9,1,2.76631910922619
2022-11-27,26.0583333333333,31.1,21.7,80.25,0.4,22.15,-56,-12.5,"T008","T008",-12.437389,-55.883417,2023-02-13,-78,31.1,80.25,0.4,0,0.336472236621213
2022-11-28,26.525,33.1,21.5,73.2916666666667,0.2,20.6416666666667,-56,-12.5,"T008","T008",-12.437389,-55.883417,2023-02-13,-77,33.1,73.2916666666667,0.2,0,0.182321556793955
2022-11-29,25.7875,30.8,21.7,79.4166666666667,1.3,21.7625,-56,-12.5,"T008","T008",-12.437389,-55.883417,2023-02-13,-76,30.8,79.4166666666667,1.3,1,0.832909122935104
2022-11-30,24.8291666666667,30.8,21,78.7083333333333,11.1,20.525,-56,-12.5,"T008","T008",-12.437389,-55.883417,2023-02-13,-75,30.8,78.7083333333333,11.1,1,2.4932054526027
2022-12-01,23.9458333333333,31.2,20.7,86.125,18.5,21.2833333333333,-56,-12.5,"T008","T008",-12.437389,-55.883417,2023-02-13,-74,31.2,86.125,18.5,1,2.9704144655697
2022-12-02,25.1291666666667,30.3,21,80.5416666666667,4.3,21.2375,-56,-12.5,"T008","T008",-12.437389,-55.883417,2023-02-13,-73,30.3,80.5416666666667,4.3,1,1.66770682055808
2022-12-03,24.5291666666667,29,22.3,86.1666666666667,7.8,21.9583333333333,-56,-12.5,"T008","T008",-12.437389,-55.883417,2023-02-13,-72,29,86.1666666666667,7.8,1,2.17475172148416
2022-12-04,23.7875,27.1,22.1,89.75,11.6,21.9583333333333,-56,-12.5,"T008","T008",-12.437389,-55.883417,2023-02-13,-71,27.1,89.75,11.6,1,2.53369681395743
2022-12-05,23.4,26.6,21.6,90.6666666666667,7.3,21.6791666666667,-56,-12.5,"T008","T008",-12.437389,-55.883417,2023-02-13,-70,26.6,90.6666666666667,7.3,1,2.11625551480255
2022-12-06,25.15,30.7,21.4,79.5,3.4,20.9875,-56,-12.5,"T008","T008",-12.437389,-55.883417,2023-02-13,-69,30.7,79.5,3.4,1,1.48160454092422
2022-12-07,25.6291666666667,30.5,22.6,83.75,5.8,22.5208333333333,-56,-12.5,"T008","T008",-12.437389,-55.883417,2023-02-13,-68,30.5,83.75,5.8,1,1.91692261218206
2022-12-08,26.2625,32.1,20.6,77.625,0.5,21.5458333333333,-56,-12.5,"T008","T008",-12.437389,-55.883417,2023-02-13,-67,32.1,77.625,0.5,0,0.405465108108164
2022-12-09,24.5333333333333,27.7,22.4,88,12.3,22.3416666666667,-56,-12.5,"T008","T008",-12.437389,-55.883417,2023-02-13,-66,27.7,88,12.3,1,2.58776403522771
2022-12-10,24.2625,28.5,21.3,85.0833333333333,0.2,21.4458333333333,-56,-12.5,"T008","T008",-12.437389,-55.883417,2023-02-13,-65,28.5,85.0833333333333,0.2,0,0.182321556793955
2022-12-11,24.7958333333333,30.7,21.9,81.9166666666667,2.5,21.2333333333333,-56,-12.5,"T008","T008",-12.437389,-55.883417,2023-02-13,-64,30.7,81.9166666666667,2.5,1,1.25276296849537
2022-12-12,24.9333333333333,30.6,21.2,83.625,0.9,21.7083333333333,-56,-12.5,"T008","T008",-12.437389,-55.883417,2023-02-13,-63,30.6,83.625,0.9,0,0.641853886172395
2022-12-13,25.4791666666667,31.9,21.8,82.75,7.4,22.05,-56,-12.5,"T008","T008",-12.437389,-55.883417,2023-02-13,-62,31.9,82.75,7.4,1,2.12823170584927
2022-12-14,24.4333333333333,28.5,21.4,84.0833333333333,4,21.4083333333333,-56,-12.5,"T008","T008",-12.437389,-55.883417,2023-02-13,-61,28.5,84.0833333333333,4,1,1.6094379124341
2022-12-15,24.5958333333333,28.1,21.8,87.6666666666667,16.7,22.3,-56,-12.5,"T008","T008",-12.437389,-55.883417,2023-02-13,-60,28.1,87.6666666666667,16.7,1,2.87356463957978
2022-12-16,22.175,24.4,21,94.375,32.3,21.1916666666667,-56,-12.5,"T008","T008",-12.437389,-55.883417,2023-02-13,-59,24.4,94.375,32.3,1,3.5055573969864
2022-12-17,23.725,27.8,20.5,86.4166666666667,10.9,21.225,-56,-12.5,"T008","T008",-12.437389,-55.883417,2023-02-13,-58,27.8,86.4166666666667,10.9,1,2.47653840011748
2022-12-18,24.15,27.8,22.1,89.0416666666667,16.3,22.1708333333333,-56,-12.5,"T008","T008",-12.437389,-55.883417,2023-02-13,-57,27.8,89.0416666666667,16.3,1,2.85070650150373
2022-12-19,23.7291666666667,27.8,21.4,88.75,16.1,21.6958333333333,-56,-12.5,"T008","T008",-12.437389,-55.883417,2023-02-13,-56,27.8,88.75,16.1,1,2.83907846350861
2022-12-20,23.975,28.1,21.4,88.25,4.3,21.8458333333333,-56,-12.5,"T008","T008",-12.437389,-55.883417,2023-02-13,-55,28.1,88.25,4.3,1,1.66770682055808
2022-12-21,23.5583333333333,26.1,22.2,92,14.4,22.1541666666667,-56,-12.5,"T008","T008",-12.437389,-55.883417,2023-02-13,-54,26.1,92,14.4,1,2.73436750941958
2022-12-22,23.5125,27.5,21.4,87.5833333333333,5.4,21.2708333333333,-56,-12.5,"T008","T008",-12.437389,-55.883417,2023-02-13,-53,27.5,87.5833333333333,5.4,1,1.85629799036563
2022-12-23,23.4916666666667,27.3,21.2,90.7083333333333,10.3,21.8291666666667,-56,-12.5,"T008","T008",-12.437389,-55.883417,2023-02-13,-52,27.3,90.7083333333333,10.3,1,2.42480272571829
2022-12-24,24.3416666666667,28.7,21.9,87.9583333333333,4.6,22.1083333333333,-56,-12.5,"T008","T008",-12.437389,-55.883417,2023-02-13,-51,28.7,87.9583333333333,4.6,1,1.7227665977411
2022-12-25,23.8041666666667,27.1,21.1,90.125,13.5,22.025,-56,-12.5,"T008","T008",-12.437389,-55.883417,2023-02-13,-50,27.1,90.125,13.5,1,2.67414864942653
2022-12-26,24.5708333333333,29.2,22.3,87.75,6.1,22.2875,-56,-12.5,"T008","T008",-12.437389,-55.883417,2023-02-13,-49,29.2,87.75,6.1,1,1.96009478404727
2022-12-27,23.6833333333333,26.1,22.4,91.2083333333333,22.3,22.1416666666667,-56,-12.5,"T008","T008",-12.437389,-55.883417,2023-02-13,-48,26.1,91.2083333333333,22.3,1,3.14845336057165
2022-12-28,23.05,24.4,22,95.4583333333333,22.5,22.3,-56,-12.5,"T008","T008",-12.437389,-55.883417,2023-02-13,-47,24.4,95.4583333333333,22.5,1,3.15700042115011
2022-12-29,23.1208333333333,25.3,22,94.3333333333333,56.9,22.1333333333333,-56,-12.5,"T008","T008",-12.437389,-55.883417,2023-02-13,-46,25.3,94.3333333333333,56.9,1,4.05871738457895
2022-12-30,23.8458333333333,26.6,21.8,89.7083333333333,11.1,21.9958333333333,-56,-12.5,"T008","T008",-12.437389,-55.883417,2023-02-13,-45,26.6,89.7083333333333,11.1,1,2.4932054526027
2022-12-31,24.0875,28.2,21.6,89.625,16,22.2541666666667,-56,-12.5,"T008","T008",-12.437389,-55.883417,2023-02-13,-44,28.2,89.625,16,1,2.83321334405622
2023-01-01,25.7375,30.8,20.8,80.5833333333333,0.5,21.85,-56,-12.5,"T008","T008",-12.437389,-55.883417,2023-02-13,-43,30.8,80.5833333333333,0.5,0,0.405465108108164
2023-01-02,23.9958333333333,27.1,21.9,89.4583333333333,18,22.0958333333333,-56,-12.5,"T008","T008",-12.437389,-55.883417,2023-02-13,-42,27.1,89.4583333333333,18,1,2.94443897916644
2023-01-03,24.3833333333333,28.7,21.5,85.9166666666667,2.8,21.7583333333333,-56,-12.5,"T008","T008",-12.437389,-55.883417,2023-02-13,-41,28.7,85.9166666666667,2.8,1,1.33500106673234
2023-01-04,24.0541666666667,28.2,21.4,87.9166666666667,10.1,21.8041666666667,-56,-12.5,"T008","T008",-12.437389,-55.883417,2023-02-13,-40,28.2,87.9166666666667,10.1,1,2.40694510831829
2023-01-05,23.3291666666667,26.4,21.5,92.7916666666667,31.5,22.05,-56,-12.5,"T008","T008",-12.437389,-55.883417,2023-02-13,-39,26.4,92.7916666666667,31.5,1,3.48124008933569
2023-01-06,23.1708333333333,26.5,21.1,89.75,5.7,21.3041666666667,-56,-12.5,"T008","T008",-12.437389,-55.883417,2023-02-13,-38,26.5,89.75,5.7,1,1.90210752639692
2023-01-07,23.6083333333333,28.9,21.5,88.7083333333333,3.9,21.5791666666667,-56,-12.5,"T008","T008",-12.437389,-55.883417,2023-02-13,-37,28.9,88.7083333333333,3.9,1,1.58923520511658
2023-01-08,23.6875,27,21,86.5,1.6,21.2,-56,-12.5,"T008","T008",-12.437389,-55.883417,2023-02-13,-36,27,86.5,1.6,1,0.955511445027436
2023-01-09,24.1291666666667,28.5,21.2,82.5416666666667,1.2,20.8,-56,-12.5,"T008","T008",-12.437389,-55.883417,2023-02-13,-35,28.5,82.5416666666667,1.2,1,0.78845736036427
2023-01-10,23.2916666666667,27.7,21.2,89.5,6,21.3875,-56,-12.5,"T008","T008",-12.437389,-55.883417,2023-02-13,-34,27.7,89.5,6,1,1.94591014905531
2023-01-11,24.5708333333333,31.2,19.9,82.3333333333333,0,21.0958333333333,-56,-12.5,"T008","T008",-12.437389,-55.883417,2023-02-13,-33,31.2,82.3333333333333,0,0,0
2023-01-12,23.925,27.7,21.1,87.7916666666667,8.1,21.7208333333333,-56,-12.5,"T008","T008",-12.437389,-55.883417,2023-02-13,-32,27.7,87.7916666666667,8.1,1,2.2082744135228
2023-01-13,23.3958333333333,27.3,21.1,91.625,15.3,21.9166666666667,-56,-12.5,"T008","T008",-12.437389,-55.883417,2023-02-13,-31,27.3,91.625,15.3,1,2.79116510781272
2023-01-14,23.9958333333333,28.3,21.1,85.5833333333333,5.2,21.2541666666667,-56,-12.5,"T008","T008",-12.437389,-55.883417,2023-02-13,-30,28.3,85.5833333333333,5.2,1,1.82454929205105
2023-01-15,24.8375,30,20.7,82.0833333333333,2.6,21.3125,-56,-12.5,"T008","T008",-12.437389,-55.883417,2023-02-13,-29,30,82.0833333333333,2.6,1,1.28093384546206
2023-01-16,24.8458333333333,30.8,21.1,82.25,2.1,21.3458333333333,-56,-12.5,"T008","T008",-12.437389,-55.883417,2023-02-13,-28,30.8,82.25,2.1,1,1.1314021114911
2023-01-17,24.6458333333333,30.4,20.1,79.9583333333333,1.9,20.6208333333333,-56,-12.5,"T008","T008",-12.437389,-55.883417,2023-02-13,-27,30.4,79.9583333333333,1.9,1,1.06471073699243
2023-01-18,24.65,29.8,20.6,81.6666666666667,6.6,21.05,-56,-12.5,"T008","T008",-12.437389,-55.883417,2023-02-13,-26,29.8,81.6666666666667,6.6,1,2.02814824729229
2023-01-19,24.2833333333333,30,20.5,80.9166666666667,4.6,20.4458333333333,-56,-12.5,"T008","T008",-12.437389,-55.883417,2023-02-13,-25,30,80.9166666666667,4.6,1,1.7227665977411
2023-01-20,25.0458333333333,30.4,21.1,77.4583333333333,0.7,20.4708333333333,-56,-12.5,"T008","T008",-12.437389,-55.883417,2023-02-13,-24,30.4,77.4583333333333,0.7,0,0.53062825106217
2023-01-21,24.9,29.8,21.6,80.0833333333333,5.6,21.0125,-56,-12.5,"T008","T008",-12.437389,-55.883417,2023-02-13,-23,29.8,80.0833333333333,5.6,1,1.88706964903238
2023-01-22,24.6791666666667,30.3,21.2,84.5416666666667,5.3,21.625,-56,-12.5,"T008","T008",-12.437389,-55.883417,2023-02-13,-22,30.3,84.5416666666667,5.3,1,1.84054963339749
2023-01-23,24.6416666666667,29.4,21.8,85.5416666666667,3.1,21.8541666666667,-56,-12.5,"T008","T008",-12.437389,-55.883417,2023-02-13,-21,29.4,85.5416666666667,3.1,1,1.41098697371026
2023-01-24,23.9333333333333,28.4,21.3,84.4583333333333,0.9,21.0291666666667,-56,-12.5,"T008","T008",-12.437389,-55.883417,2023-02-13,-20,28.4,84.4583333333333,0.9,0,0.641853886172395
2023-01-25,23.9,26.6,21.1,87.4583333333333,1.2,21.6041666666667,-56,-12.5,"T008","T008",-12.437389,-55.883417,2023-02-13,-19,26.6,87.4583333333333,1.2,1,0.78845736036427
2023-01-26,24.1083333333333,28.5,21.8,90.6666666666667,21.1,22.425,-56,-12.5,"T008","T008",-12.437389,-55.883417,2023-02-13,-18,28.5,90.6666666666667,21.1,1,3.09557760852371
2023-01-27,22.65,24.6,21.1,92.9583333333333,17.1,21.4083333333333,-56,-12.5,"T008","T008",-12.437389,-55.883417,2023-02-13,-17,24.6,92.9583333333333,17.1,1,2.89591193827178
2023-01-28,22.6625,26.2,21.2,92.9583333333333,9.6,21.4125,-56,-12.5,"T008","T008",-12.437389,-55.883417,2023-02-13,-16,26.2,92.9583333333333,9.6,1,2.36085400111802
2023-01-29,23.9,28.4,21.3,84.9583333333333,6.7,21.0375,-56,-12.5,"T008","T008",-12.437389,-55.883417,2023-02-13,-15,28.4,84.9583333333333,6.7,1,2.04122032885964
2023-01-30,25.1666666666667,31.2,20.4,83.125,4.8,21.8083333333333,-56,-12.5,"T008","T008",-12.437389,-55.883417,2023-02-13,-14,31.2,83.125,4.8,1,1.75785791755237
2023-01-31,24.1833333333333,28.2,21.3,86.0833333333333,12.1,21.575,-56,-12.5,"T008","T008",-12.437389,-55.883417,2023-02-13,-13,28.2,86.0833333333333,12.1,1,2.57261223020711
2023-02-01,25.5583333333333,31.1,21.7,79.9583333333333,0.6,21.5375,-56,-12.5,"T008","T008",-12.437389,-55.883417,2023-02-13,-12,31.1,79.9583333333333,0.6,0,0.470003629245736
2023-02-02,26.5166666666667,32.3,21.8,76.875,2.5,21.6,-56,-12.5,"T008","T008",-12.437389,-55.883417,2023-02-13,-11,32.3,76.875,2.5,1,1.25276296849537
2023-02-03,26.2916666666667,31.9,22.2,79.4166666666667,9,22.0708333333333,-56,-12.5,"T008","T008",-12.437389,-55.883417,2023-02-13,-10,31.9,79.4166666666667,9,1,2.30258509299405
2023-02-04,23.2,26.4,21.6,87.2916666666667,5.3,20.8583333333333,-56,-12.5,"T008","T008",-12.437389,-55.883417,2023-02-13,-9,26.4,87.2916666666667,5.3,1,1.84054963339749
2023-02-05,25.4791666666667,31.6,21,79.875,1.9,21.3666666666667,-56,-12.5,"T008","T008",-12.437389,-55.883417,2023-02-13,-8,31.6,79.875,1.9,1,1.06471073699243
2023-02-06,24.6166666666667,30.6,22.1,82.625,8.1,21.3,-56,-12.5,"T008","T008",-12.437389,-55.883417,2023-02-13,-7,30.6,82.625,8.1,1,2.2082744135228
2023-02-07,24.7541666666667,31.2,21.3,82.625,11.3,21.2875,-56,-12.5,"T008","T008",-12.437389,-55.883417,2023-02-13,-6,31.2,82.625,11.3,1,2.50959926237837
2023-02-08,26.1958333333333,32,21.8,77.6666666666667,0.4,21.4583333333333,-56,-12.5,"T008","T008",-12.437389,-55.883417,2023-02-13,-5,32,77.6666666666667,0.4,0,0.336472236621213
2023-02-09,25.2958333333333,31.7,21.8,81.5833333333333,3.9,21.6666666666667,-56,-12.5,"T008","T008",-12.437389,-55.883417,2023-02-13,-4,31.7,81.5833333333333,3.9,1,1.58923520511658
2023-02-10,25.7041666666667,32.2,21.3,82,3.9,21.9666666666667,-56,-12.5,"T008","T008",-12.437389,-55.883417,2023-02-13,-3,32.2,82,3.9,1,1.58923520511658
2023-02-11,26.2416666666667,31.3,22.8,79.4166666666667,1.1,22.1291666666667,-56,-12.5,"T008","T008",-12.437389,-55.883417,2023-02-13,-2,31.3,79.4166666666667,1.1,1,0.741937344729377
2023-02-12,25.725,30.4,22.1,79.7083333333333,4.3,21.8125,-56,-12.5,"T008","T008",-12.437389,-55.883417,2023-02-13,-1,30.4,79.7083333333333,4.3,1,1.66770682055808
2022-11-12,24.7625,29.7,21.6,86.1666666666667,0.3,22.1375,-62.75,-11.75,"T009","T009",-11.687331,-62.663606,2023-01-31,-80,29.7,86.1666666666667,0.3,0,0.262364264467491
2022-11-13,27.1375,33.2,22.1,78.5,1.1,22.7291666666667,-62.75,-11.75,"T009","T009",-11.687331,-62.663606,2023-01-31,-79,33.2,78.5,1.1,1,0.741937344729377
2022-11-14,28.3,35.8,22.9,73.4583333333333,0.2,22.5583333333333,-62.75,-11.75,"T009","T009",-11.687331,-62.663606,2023-01-31,-78,35.8,73.4583333333333,0.2,0,0.182321556793955
2022-11-15,26.8083333333333,33.3,23.1,80.5,15.8,22.9208333333333,-62.75,-11.75,"T009","T009",-11.687331,-62.663606,2023-01-31,-77,33.3,80.5,15.8,1,2.82137888640921
2022-11-16,25.8333333333333,30.8,22.5,88.0416666666667,5.3,23.5875,-62.75,-11.75,"T009","T009",-11.687331,-62.663606,2023-01-31,-76,30.8,88.0416666666667,5.3,1,1.84054963339749
2022-11-17,27.3875,32.8,22.3,82.7916666666667,1.4,23.975,-62.75,-11.75,"T009","T009",-11.687331,-62.663606,2023-01-31,-75,32.8,82.7916666666667,1.4,1,0.8754687373539
2022-11-18,27.3916666666667,33,23.5,81.5416666666667,1,23.7166666666667,-62.75,-11.75,"T009","T009",-11.687331,-62.663606,2023-01-31,-74,33,81.5416666666667,1,1,0.693147180559945
2022-11-19,27.6458333333333,32.6,23.9,77.9583333333333,0.2,23.1375,-62.75,-11.75,"T009","T009",-11.687331,-62.663606,2023-01-31,-73,32.6,77.9583333333333,0.2,0,0.182321556793955
2022-11-20,27.9291666666667,34.2,23.5,75.0416666666667,0.1,22.7791666666667,-62.75,-11.75,"T009","T009",-11.687331,-62.663606,2023-01-31,-72,34.2,75.0416666666667,0.1,0,0.0953101798043249
2022-11-21,25.7416666666667,31.1,21.9,82.8333333333333,11.4,22.3541666666667,-62.75,-11.75,"T009","T009",-11.687331,-62.663606,2023-01-31,-71,31.1,82.8333333333333,11.4,1,2.51769647261099
2022-11-22,24.4083333333333,28,22.5,93.7916666666667,26.1,23.3333333333333,-62.75,-11.75,"T009","T009",-11.687331,-62.663606,2023-01-31,-70,28,93.7916666666667,26.1,1,3.29953372788566
2022-11-23,24.6916666666667,29.1,22.1,91.0833333333333,14.9,23.0083333333333,-62.75,-11.75,"T009","T009",-11.687331,-62.663606,2023-01-31,-69,29.1,91.0833333333333,14.9,1,2.76631910922619
2022-11-24,24.2166666666667,25.7,22.7,95.6666666666667,15.7,23.475,-62.75,-11.75,"T009","T009",-11.687331,-62.663606,2023-01-31,-68,25.7,95.6666666666667,15.7,1,2.81540871942271
2022-11-25,25.675,29.7,22.2,88.625,7,23.5,-62.75,-11.75,"T009","T009",-11.687331,-62.663606,2023-01-31,-67,29.7,88.625,7,1,2.07944154167984
2022-11-26,27.4,32.4,22.3,80.5833333333333,0.3,23.4375,-62.75,-11.75,"T009","T009",-11.687331,-62.663606,2023-01-31,-66,32.4,80.5833333333333,0.3,0,0.262364264467491
2022-11-27,27.3375,33.9,22.5,79.5416666666667,0,23.0666666666667,-62.75,-11.75,"T009","T009",-11.687331,-62.663606,2023-01-31,-65,33.9,79.5416666666667,0,0,0
2022-11-28,27.5291666666667,33.2,22.7,78.3333333333333,0,22.9208333333333,-62.75,-11.75,"T009","T009",-11.687331,-62.663606,2023-01-31,-64,33.2,78.3333333333333,0,0,0
2022-11-29,27.6208333333333,33.1,23.4,75.0416666666667,0,22.375,-62.75,-11.75,"T009","T009",-11.687331,-62.663606,2023-01-31,-63,33.1,75.0416666666667,0,0,0
2022-11-30,26.7833333333333,31.8,23.2,78.5,1.2,22.5625,-62.75,-11.75,"T009","T009",-11.687331,-62.663606,2023-01-31,-62,31.8,78.5,1.2,1,0.78845736036427
2022-12-01,23.7208333333333,25.8,22.1,92,20,22.3333333333333,-62.75,-11.75,"T009","T009",-11.687331,-62.663606,2023-01-31,-61,25.8,92,20,1,3.04452243772342
2022-12-02,23.6541666666667,25.6,22.4,91.9166666666667,10.1,22.2541666666667,-62.75,-11.75,"T009","T009",-11.687331,-62.663606,2023-01-31,-60,25.6,91.9166666666667,10.1,1,2.40694510831829
2022-12-03,24.6625,28.9,21.6,84.625,1.9,21.725,-62.75,-11.75,"T009","T009",-11.687331,-62.663606,2023-01-31,-59,28.9,84.625,1.9,1,1.06471073699243
2022-12-04,25.3125,29.5,22.1,88.0416666666667,6.2,23.0541666666667,-62.75,-11.75,"T009","T009",-11.687331,-62.663606,2023-01-31,-58,29.5,88.0416666666667,6.2,1,1.97408102602201
2022-12-05,22.7208333333333,24.1,21.1,97.25,28.2,22.25,-62.75,-11.75,"T009","T009",-11.687331,-62.663606,2023-01-31,-57,24.1,97.25,28.2,1,3.37416870927424
2022-12-06,24.3458333333333,26.6,22.6,91.75,10.2,22.8541666666667,-62.75,-11.75,"T009","T009",-11.687331,-62.663606,2023-01-31,-56,26.6,91.75,10.2,1,2.41591377830105
2022-12-07,26.0416666666667,30,22.5,86.4166666666667,6.2,23.4875,-62.75,-11.75,"T009","T009",-11.687331,-62.663606,2023-01-31,-55,30,86.4166666666667,6.2,1,1.97408102602201
2022-12-08,26.275,30.5,23,86.2916666666667,9.4,23.6625,-62.75,-11.75,"T009","T009",-11.687331,-62.663606,2023-01-31,-54,30.5,86.2916666666667,9.4,1,2.34180580614733
2022-12-09,26.3416666666667,32,23.1,84.2083333333333,2.2,23.15,-62.75,-11.75,"T009","T009",-11.687331,-62.663606,2023-01-31,-53,32,84.2083333333333,2.2,1,1.16315080980568
2022-12-10,27.05,32.3,23.8,79.9166666666667,0.5,23,-62.75,-11.75,"T009","T009",-11.687331,-62.663606,2023-01-31,-52,32.3,79.9166666666667,0.5,0,0.405465108108164
2022-12-11,26.3666666666667,31.1,23.7,81.7083333333333,3.1,22.75,-62.75,-11.75,"T009","T009",-11.687331,-62.663606,2023-01-31,-51,31.1,81.7083333333333,3.1,1,1.41098697371026
2022-12-12,26.925,33.2,22.8,80.5,2.9,22.8416666666667,-62.75,-11.75,"T009","T009",-11.687331,-62.663606,2023-01-31,-50,33.2,80.5,2.9,1,1.3609765531356
2022-12-13,26.1958333333333,30.7,23.6,86.2916666666667,2.5,23.4458333333333,-62.75,-11.75,"T009","T009",-11.687331,-62.663606,2023-01-31,-49,30.7,86.2916666666667,2.5,1,1.25276296849537
2022-12-14,26.2083333333333,32,22.9,83,2.4,22.7041666666667,-62.75,-11.75,"T009","T009",-11.687331,-62.663606,2023-01-31,-48,32,83,2.4,1,1.22377543162212
2022-12-15,26.0166666666667,31.9,23.1,81.4166666666667,12.1,22.3375,-62.75,-11.75,"T009","T009",-11.687331,-62.663606,2023-01-31,-47,31.9,81.4166666666667,12.1,1,2.57261223020711
2022-12-16,24.0958333333333,26.5,22.5,94.3333333333333,19.9,23.0875,-62.75,-11.75,"T009","T009",-11.687331,-62.663606,2023-01-31,-46,26.5,94.3333333333333,19.9,1,3.03974915897077
2022-12-17,24.8708333333333,30.5,22.1,88.1666666666667,3.8,22.6166666666667,-62.75,-11.75,"T009","T009",-11.687331,-62.663606,2023-01-31,-45,30.5,88.1666666666667,3.8,1,1.56861591791385
2022-12-18,25.5625,30.3,23.6,87.2916666666667,6,23.1291666666667,-62.75,-11.75,"T009","T009",-11.687331,-62.663606,2023-01-31,-44,30.3,87.2916666666667,6,1,1.94591014905531
2022-12-19,23.7958333333333,25.8,22.8,94.375,14.2,22.8375,-62.75,-11.75,"T009","T009",-11.687331,-62.663606,2023-01-31,-43,25.8,94.375,14.2,1,2.72129542785223
2022-12-20,24.7833333333333,29.5,22.4,89.2083333333333,23.6,22.6791666666667,-62.75,-11.75,"T009","T009",-11.687331,-62.663606,2023-01-31,-42,29.5,89.2083333333333,23.6,1,3.20274644293832
2022-12-21,25.2875,30,22.5,85.75,7.5,22.4833333333333,-62.75,-11.75,"T009","T009",-11.687331,-62.663606,2023-01-31,-41,30,85.75,7.5,1,2.14006616349627
2022-12-22,26.0041666666667,31.4,23,82.8333333333333,4.3,22.6875,-62.75,-11.75,"T009","T009",-11.687331,-62.663606,2023-01-31,-40,31.4,82.8333333333333,4.3,1,1.66770682055808
2022-12-23,25.9833333333333,31.1,22.7,85.2083333333333,10.1,23.1208333333333,-62.75,-11.75,"T009","T009",-11.687331,-62.663606,2023-01-31,-39,31.1,85.2083333333333,10.1,1,2.40694510831829
2022-12-24,25.7125,30.7,23.5,86.1666666666667,10.6,23.1208333333333,-62.75,-11.75,"T009","T009",-11.687331,-62.663606,2023-01-31,-38,30.7,86.1666666666667,10.6,1,2.45100509811232
2022-12-25,23.2208333333333,25.2,21.6,95.7916666666667,25.4,22.4875,-62.75,-11.75,"T009","T009",-11.687331,-62.663606,2023-01-31,-37,25.2,95.7916666666667,25.4,1,3.27336401015227
2022-12-26,25.35,30.8,21.1,82.75,0,21.8875,-62.75,-11.75,"T009","T009",-11.687331,-62.663606,2023-01-31,-36,30.8,82.75,0,0,0
2022-12-27,25.9916666666667,30.9,21.5,79.875,0.5,21.9875,-62.75,-11.75,"T009","T009",-11.687331,-62.663606,2023-01-31,-35,30.9,79.875,0.5,0,0.405465108108164
2022-12-28,26.9708333333333,33.3,22.7,77.9166666666667,0.9,22.5166666666667,-62.75,-11.75,"T009","T009",-11.687331,-62.663606,2023-01-31,-34,33.3,77.9166666666667,0.9,0,0.641853886172395
2022-12-29,25.2166666666667,29.8,23.3,85.75,11.9,22.4875,-62.75,-11.75,"T009","T009",-11.687331,-62.663606,2023-01-31,-33,29.8,85.75,11.9,1,2.55722731136763
2022-12-30,24.2833333333333,27.8,22.5,90.7916666666667,15.2,22.6375,-62.75,-11.75,"T009","T009",-11.687331,-62.663606,2023-01-31,-32,27.8,90.7916666666667,15.2,1,2.78501124223834
2022-12-31,24.6208333333333,28.5,21.8,88.75,6.4,22.5375,-62.75,-11.75,"T009","T009",-11.687331,-62.663606,2023-01-31,-31,28.5,88.75,6.4,1,2.00148000021012
2023-01-01,25.8083333333333,30.4,23.2,83.9583333333333,2.1,22.7166666666667,-62.75,-11.75,"T009","T009",-11.687331,-62.663606,2023-01-31,-30,30.4,83.9583333333333,2.1,1,1.1314021114911
2023-01-02,25.6958333333333,29.6,22.8,82.9583333333333,0.8,22.425,-62.75,-11.75,"T009","T009",-11.687331,-62.663606,2023-01-31,-29,29.6,82.9583333333333,0.8,0,0.587786664902119
2023-01-03,25.7708333333333,29.4,23.3,81.2916666666667,1.6,22.2375,-62.75,-11.75,"T009","T009",-11.687331,-62.663606,2023-01-31,-28,29.4,81.2916666666667,1.6,1,0.955511445027436
2023-01-04,25.15,30.7,22.8,86.7083333333333,19.8,22.5875,-62.75,-11.75,"T009","T009",-11.687331,-62.663606,2023-01-31,-27,30.7,86.7083333333333,19.8,1,3.03495298670727
2023-01-05,22.6958333333333,25.5,20.1,91.9583333333333,38.5,21.2541666666667,-62.75,-11.75,"T009","T009",-11.687331,-62.663606,2023-01-31,-26,25.5,91.9583333333333,38.5,1,3.67630067190708
2023-01-06,24.9291666666667,29,21.6,80.5833333333333,0.8,21.1833333333333,-62.75,-11.75,"T009","T009",-11.687331,-62.663606,2023-01-31,-25,29,80.5833333333333,0.8,0,0.587786664902119
2023-01-07,26.2875,32.1,21.7,79.2916666666667,1.5,22.075,-62.75,-11.75,"T009","T009",-11.687331,-62.663606,2023-01-31,-24,32.1,79.2916666666667,1.5,1,0.916290731874155
2023-01-08,26.9583333333333,32.8,22.5,79.2916666666667,3,22.6833333333333,-62.75,-11.75,"T009","T009",-11.687331,-62.663606,2023-01-31,-23,32.8,79.2916666666667,3,1,1.38629436111989
2023-01-09,25.2583333333333,29.6,22.5,85.1666666666667,4.9,22.3458333333333,-62.75,-11.75,"T009","T009",-11.687331,-62.663606,2023-01-31,-22,29.6,85.1666666666667,4.9,1,1.77495235091167
2023-01-10,25.425,31.8,22,83.4583333333333,3.2,22.1833333333333,-62.75,-11.75,"T009","T009",-11.687331,-62.663606,2023-01-31,-21,31.8,83.4583333333333,3.2,1,1.43508452528932
2023-01-11,26.1416666666667,31.1,23.1,83.625,5.4,22.9916666666667,-62.75,-11.75,"T009","T009",-11.687331,-62.663606,2023-01-31,-20,31.1,83.625,5.4,1,1.85629799036563
2023-01-12,25.35,28.5,23.2,91.4583333333333,16.3,23.8333333333333,-62.75,-11.75,"T009","T009",-11.687331,-62.663606,2023-01-31,-19,28.5,91.4583333333333,16.3,1,2.85070650150373
2023-01-13,24.775,27.9,22.6,84.5833333333333,9.3,21.9125,-62.75,-11.75,"T009","T009",-11.687331,-62.663606,2023-01-31,-18,27.9,84.5833333333333,9.3,1,2.33214389523559
2023-01-14,25.525,31.4,21.5,79.6666666666667,0.9,21.5291666666667,-62.75,-11.75,"T009","T009",-11.687331,-62.663606,2023-01-31,-17,31.4,79.6666666666667,0.9,0,0.641853886172395
2023-01-15,25.7625,31.5,22.7,83.4583333333333,6.4,22.4291666666667,-62.75,-11.75,"T009","T009",-11.687331,-62.663606,2023-01-31,-16,31.5,83.4583333333333,6.4,1,2.00148000021012
2023-01-16,24.7666666666667,29.1,22.4,89.0833333333333,6.3,22.7208333333333,-62.75,-11.75,"T009","T009",-11.687331,-62.663606,2023-01-31,-15,29.1,89.0833333333333,6.3,1,1.98787434815435
2023-01-17,24.6291666666667,27.8,22.2,89.4583333333333,12.8,22.6875,-62.75,-11.75,"T009","T009",-11.687331,-62.663606,2023-01-31,-14,27.8,89.4583333333333,12.8,1,2.62466859216316
2023-01-18,23.9708333333333,25.9,22.3,94.9166666666667,18.9,23.1041666666667,-62.75,-11.75,"T009","T009",-11.687331,-62.663606,2023-01-31,-13,25.9,94.9166666666667,18.9,1,2.99071973173045
2023-01-19,24.9,30.3,22.2,87.0416666666667,9.6,22.3583333333333,-62.75,-11.75,"T009","T009",-11.687331,-62.663606,2023-01-31,-12,30.3,87.0416666666667,9.6,1,2.36085400111802
2023-01-20,25.2958333333333,29.7,21.3,84.6666666666667,4.4,22.2833333333333,-62.75,-11.75,"T009","T009",-11.687331,-62.663606,2023-01-31,-11,29.7,84.6666666666667,4.4,1,1.68639895357023
2023-01-21,25.7291666666667,32.1,21.6,81.7083333333333,1.4,22.0708333333333,-62.75,-11.75,"T009","T009",-11.687331,-62.663606,2023-01-31,-10,32.1,81.7083333333333,1.4,1,0.8754687373539
2023-01-22,26.7375,32.6,22.6,75.25,0.1,21.4875,-62.75,-11.75,"T009","T009",-11.687331,-62.663606,2023-01-31,-9,32.6,75.25,0.1,0,0.0953101798043249
2023-01-23,25.5291666666667,28.9,23.6,82.0833333333333,4.9,22.1791666666667,-62.75,-11.75,"T009","T009",-11.687331,-62.663606,2023-01-31,-8,28.9,82.0833333333333,4.9,1,1.77495235091167
2023-01-24,25.6583333333333,30.4,22.8,82.9583333333333,2.9,22.3416666666667,-62.75,-11.75,"T009","T009",-11.687331,-62.663606,2023-01-31,-7,30.4,82.9583333333333,2.9,1,1.3609765531356
2023-01-25,25.6,28.9,22.7,86.2083333333333,11.8,23.0458333333333,-62.75,-11.75,"T009","T009",-11.687331,-62.663606,2023-01-31,-6,28.9,86.2083333333333,11.8,1,2.54944517092557
2023-01-26,25.1458333333333,31.1,23,86.8333333333333,16.4,22.5916666666667,-62.75,-11.75,"T009","T009",-11.687331,-62.663606,2023-01-31,-5,31.1,86.8333333333333,16.4,1,2.85647020622048
2023-01-27,24.2625,25.9,22.9,94.875,16.2,23.375,-62.75,-11.75,"T009","T009",-11.687331,-62.663606,2023-01-31,-4,25.9,94.875,16.2,1,2.84490938381941
2023-01-28,25.2208333333333,31.3,22.7,85.75,10.8,22.4416666666667,-62.75,-11.75,"T009","T009",-11.687331,-62.663606,2023-01-31,-3,31.3,85.75,10.8,1,2.46809953147162
2023-01-29,23.4333333333333,25.2,22.1,95.5416666666667,5.3,22.6708333333333,-62.75,-11.75,"T009","T009",-11.687331,-62.663606,2023-01-31,-2,25.2,95.5416666666667,5.3,1,1.84054963339749
2023-01-30,24.7875,30.6,21.6,87.125,8.7,22.2416666666667,-62.75,-11.75,"T009","T009",-11.687331,-62.663606,2023-01-31,-1,30.6,87.125,8.7,1,2.27212588550934
2023-11-30,26.95,32,23.5,78.4166666666667,6.5,22.6083333333333,-51.5,-10.75,"T010","T010",-10.728716,-51.59943,2024-02-18,-80,32,78.4166666666667,6.5,1,2.01490302054226
2023-12-01,26.8583333333333,32.1,22.6,80.4583333333333,1.1,22.8833333333333,-51.5,-10.75,"T010","T010",-10.728716,-51.59943,2024-02-18,-79,32.1,80.4583333333333,1.1,1,0.741937344729377
2023-12-02,27.1041666666667,32.6,22.8,82.25,7.5,23.6083333333333,-51.5,-10.75,"T010","T010",-10.728716,-51.59943,2024-02-18,-78,32.6,82.25,7.5,1,2.14006616349627
2023-12-03,25.8958333333333,31.7,22.3,86,3.8,23.2083333333333,-51.5,-10.75,"T010","T010",-10.728716,-51.59943,2024-02-18,-77,31.7,86,3.8,1,1.56861591791385
2023-12-04,24.8833333333333,29.5,21.5,82.875,4,21.5,-51.5,-10.75,"T010","T010",-10.728716,-51.59943,2024-02-18,-76,29.5,82.875,4,1,1.6094379124341
2023-12-05,26.475,32.9,21.9,78.2916666666667,0.6,21.9541666666667,-51.5,-10.75,"T010","T010",-10.728716,-51.59943,2024-02-18,-75,32.9,78.2916666666667,0.6,0,0.470003629245736
2023-12-06,28.7791666666667,35.4,22.3,74.875,0.2,23.1416666666667,-51.5,-10.75,"T010","T010",-10.728716,-51.59943,2024-02-18,-74,35.4,74.875,0.2,0,0.182321556793955
2023-12-07,27.9833333333333,32.6,24.6,80.875,0.6,24.0791666666667,-51.5,-10.75,"T010","T010",-10.728716,-51.59943,2024-02-18,-73,32.6,80.875,0.6,0,0.470003629245736
2023-12-08,27.8875,33.3,23.4,78.4583333333333,0.5,23.4625,-51.5,-10.75,"T010","T010",-10.728716,-51.59943,2024-02-18,-72,33.3,78.4583333333333,0.5,0,0.405465108108164
2023-12-09,28.9041666666667,34.5,23.9,72.4583333333333,0.1,22.9916666666667,-51.5,-10.75,"T010","T010",-10.728716,-51.59943,2024-02-18,-71,34.5,72.4583333333333,0.1,0,0.0953101798043249
2023-12-10,28.4666666666667,36,23.8,73.25,2.4,22.7,-51.5,-10.75,"T010","T010",-10.728716,-51.59943,2024-02-18,-70,36,73.25,2.4,1,1.22377543162212
2023-12-11,25.325,29.3,22.1,85.75,4.5,22.6583333333333,-51.5,-10.75,"T010","T010",-10.728716,-51.59943,2024-02-18,-69,29.3,85.75,4.5,1,1.70474809223843
2023-12-12,26.9833333333333,32,24,82.1666666666667,3.7,23.4083333333333,-51.5,-10.75,"T010","T010",-10.728716,-51.59943,2024-02-18,-68,32,82.1666666666667,3.7,1,1.54756250871601
2023-12-13,27.7333333333333,33.7,23.4,81.25,7.9,23.8875,-51.5,-10.75,"T010","T010",-10.728716,-51.59943,2024-02-18,-67,33.7,81.25,7.9,1,2.18605127673809
2023-12-14,25.8958333333333,28.9,23.1,86.25,12.8,23.3666666666667,-51.5,-10.75,"T010","T010",-10.728716,-51.59943,2024-02-18,-66,28.9,86.25,12.8,1,2.62466859216316
2023-12-15,27.6708333333333,34,22.2,78.875,0.3,23.3125,-51.5,-10.75,"T010","T010",-10.728716,-51.59943,2024-02-18,-65,34,78.875,0.3,0,0.262364264467491
2023-12-16,28.6666666666667,35.1,23.8,73.7916666666667,0.2,23.0541666666667,-51.5,-10.75,"T010","T010",-10.728716,-51.59943,2024-02-18,-64,35.1,73.7916666666667,0.2,0,0.182321556793955
2023-12-17,29.2875,35.3,23.7,69.5833333333333,0.2,22.5916666666667,-51.5,-10.75,"T010","T010",-10.728716,-51.59943,2024-02-18,-63,35.3,69.5833333333333,0.2,0,0.182321556793955
2023-12-18,28.6208333333333,34.4,23.5,70,1.5,22.1958333333333,-51.5,-10.75,"T010","T010",-10.728716,-51.59943,2024-02-18,-62,34.4,70,1.5,1,0.916290731874155
2023-12-19,26.4458333333333,31.5,23,79.4166666666667,7.2,22.3,-51.5,-10.75,"T010","T010",-10.728716,-51.59943,2024-02-18,-61,31.5,79.4166666666667,7.2,1,2.10413415427021
2023-12-20,26.6625,31.9,22.6,80.4583333333333,5.6,22.7958333333333,-51.5,-10.75,"T010","T010",-10.728716,-51.59943,2024-02-18,-60,31.9,80.4583333333333,5.6,1,1.88706964903238
2023-12-21,26.6125,30.2,23.4,80.4166666666667,7.2,22.85,-51.5,-10.75,"T010","T010",-10.728716,-51.59943,2024-02-18,-59,30.2,80.4166666666667,7.2,1,2.10413415427021
2023-12-22,26.1625,30.6,23.1,86.1666666666667,15.3,23.5583333333333,-51.5,-10.75,"T010","T010",-10.728716,-51.59943,2024-02-18,-58,30.6,86.1666666666667,15.3,1,2.79116510781272
2023-12-23,25.625,29.7,23.4,88,9.4,23.3875,-51.5,-10.75,"T010","T010",-10.728716,-51.59943,2024-02-18,-57,29.7,88,9.4,1,2.34180580614733
2023-12-24,28.125,34.2,23.1,80.7916666666667,1.7,24.1291666666667,-51.5,-10.75,"T010","T010",-10.728716,-51.59943,2024-02-18,-56,34.2,80.7916666666667,1.7,1,0.993251773010283
2023-12-25,28.0625,33.9,23.8,81.7916666666667,4.7,24.3166666666667,-51.5,-10.75,"T010","T010",-10.728716,-51.59943,2024-02-18,-55,33.9,81.7916666666667,4.7,1,1.7404661748405
2023-12-26,27.6166666666667,34.3,22.8,80.625,12.5,23.6,-51.5,-10.75,"T010","T010",-10.728716,-51.59943,2024-02-18,-54,34.3,80.625,12.5,1,2.60268968544438
2023-12-27,27.9333333333333,32.9,23.9,80.9166666666667,0.3,24.0208333333333,-51.5,-10.75,"T010","T010",-10.728716,-51.59943,2024-02-18,-53,32.9,80.9166666666667,0.3,0,0.262364264467491
2023-12-28,26.6708333333333,33.5,23.1,84.75,6.1,23.6458333333333,-51.5,-10.75,"T010","T010",-10.728716,-51.59943,2024-02-18,-52,33.5,84.75,6.1,1,1.96009478404727
2023-12-29,27.4416666666667,33.9,23.1,80.1666666666667,1.3,23.4708333333333,-51.5,-10.75,"T010","T010",-10.728716,-51.59943,2024-02-18,-51,33.9,80.1666666666667,1.3,1,0.832909122935104
2023-12-30,26.8458333333333,32.3,23.6,81.7083333333333,4.8,23.2208333333333,-51.5,-10.75,"T010","T010",-10.728716,-51.59943,2024-02-18,-50,32.3,81.7083333333333,4.8,1,1.75785791755237
2023-12-31,26.6125,31.3,23.3,83.375,1.7,23.3625,-51.5,-10.75,"T010","T010",-10.728716,-51.59943,2024-02-18,-49,31.3,83.375,1.7,1,0.993251773010283
2024-01-01,25.9833333333333,30.5,23.4,87.7916666666667,15.4,23.7,-51.5,-10.75,"T010","T010",-10.728716,-51.59943,2024-02-18,-48,30.5,87.7916666666667,15.4,1,2.79728133483015
2024-01-02,25.2583333333333,28.4,23,88.8333333333333,31.2,23.2166666666667,-51.5,-10.75,"T010","T010",-10.728716,-51.59943,2024-02-18,-47,28.4,88.8333333333333,31.2,1,3.47196645255036
2024-01-03,24.8666666666667,27.8,23.1,92.8333333333333,11.8,23.6083333333333,-51.5,-10.75,"T010","T010",-10.728716,-51.59943,2024-02-18,-46,27.8,92.8333333333333,11.8,1,2.54944517092557
2024-01-04,24.7458333333333,27.9,22.9,93.1666666666667,40.2,23.5416666666667,-51.5,-10.75,"T010","T010",-10.728716,-51.59943,2024-02-18,-45,27.9,93.1666666666667,40.2,1,3.71843825635548
2024-01-05,24.1958333333333,25.9,23.1,94,38.7,23.1625,-51.5,-10.75,"T010","T010",-10.728716,-51.59943,2024-02-18,-44,25.9,94,38.7,1,3.68135118769314
2024-01-06,25.1416666666667,29.2,22.3,88.1666666666667,11,22.9083333333333,-51.5,-10.75,"T010","T010",-10.728716,-51.59943,2024-02-18,-43,29.2,88.1666666666667,11,1,2.484906649788
2024-01-07,25.5916666666667,30.3,23.5,88.2083333333333,8.8,23.4333333333333,-51.5,-10.75,"T010","T010",-10.728716,-51.59943,2024-02-18,-42,30.3,88.2083333333333,8.8,1,2.28238238567653
2024-01-08,25.8333333333333,31,23.5,83.875,2.7,22.7208333333333,-51.5,-10.75,"T010","T010",-10.728716,-51.59943,2024-02-18,-41,31,83.875,2.7,1,1.30833281965018
2024-01-09,25.3541666666667,30.1,23.2,90.3333333333333,14.3,23.575,-51.5,-10.75,"T010","T010",-10.728716,-51.59943,2024-02-18,-40,30.1,90.3333333333333,14.3,1,2.72785282839839
2024-01-10,24.9291666666667,29.3,23.1,90.625,11.6,23.2208333333333,-51.5,-10.75,"T010","T010",-10.728716,-51.59943,2024-02-18,-39,29.3,90.625,11.6,1,2.53369681395743
2024-01-11,26.3708333333333,31.6,22.6,83.8333333333333,1.6,23.1208333333333,-51.5,-10.75,"T010","T010",-10.728716,-51.59943,2024-02-18,-38,31.6,83.8333333333333,1.6,1,0.955511445027436
2024-01-12,26.5458333333333,31.2,23,82.9583333333333,6.8,23.2083333333333,-51.5,-10.75,"T010","T010",-10.728716,-51.59943,2024-02-18,-37,31.2,82.9583333333333,6.8,1,2.05412373369555
2024-01-13,25.55,30.5,22.3,86.9166666666667,3.3,23.0625,-51.5,-10.75,"T010","T010",-10.728716,-51.59943,2024-02-18,-36,30.5,86.9166666666667,3.3,1,1.45861502269952
2024-01-14,26.4333333333333,32.3,22,82.0833333333333,1.4,22.8208333333333,-51.5,-10.75,"T010","T010",-10.728716,-51.59943,2024-02-18,-35,32.3,82.0833333333333,1.4,1,0.8754687373539
2024-01-15,26.55,32,22.9,81.875,1.7,22.9,-51.5,-10.75,"T010","T010",-10.728716,-51.59943,2024-02-18,-34,32,81.875,1.7,1,0.993251773010283
2024-01-16,27.1958333333333,33.3,22.9,79.8333333333333,0.6,23.1083333333333,-51.5,-10.75,"T010","T010",-10.728716,-51.59943,2024-02-18,-33,33.3,79.8333333333333,0.6,0,0.470003629245736
2024-01-17,26.6958333333333,32.5,22,81.4583333333333,11.6,23.0458333333333,-51.5,-10.75,"T010","T010",-10.728716,-51.59943,2024-02-18,-32,32.5,81.4583333333333,11.6,1,2.53369681395743
2024-01-18,26.5708333333333,33.2,22,80.25,1.9,22.55,-51.5,-10.75,"T010","T010",-10.728716,-51.59943,2024-02-18,-31,33.2,80.25,1.9,1,1.06471073699243
2024-01-19,26.0666666666667,30.7,23.4,86.5833333333333,14.4,23.4833333333333,-51.5,-10.75,"T010","T010",-10.728716,-51.59943,2024-02-18,-30,30.7,86.5833333333333,14.4,1,2.73436750941958
2024-01-20,27.1875,32.8,22.8,83.625,2.4,23.85,-51.5,-10.75,"T010","T010",-10.728716,-51.59943,2024-02-18,-29,32.8,83.625,2.4,1,1.22377543162212
2024-01-21,28.125,33.2,23.5,79.0416666666667,0.2,23.825,-51.5,-10.75,"T010","T010",-10.728716,-51.59943,2024-02-18,-28,33.2,79.0416666666667,0.2,0,0.182321556793955
2024-01-22,27.5333333333333,33.2,24.2,80.25,5.5,23.5875,-51.5,-10.75,"T010","T010",-10.728716,-51.59943,2024-02-18,-27,33.2,80.25,5.5,1,1.87180217690159
2024-01-23,25.6666666666667,29.2,23.7,90.8333333333333,11,24.025,-51.5,-10.75,"T010","T010",-10.728716,-51.59943,2024-02-18,-26,29.2,90.8333333333333,11,1,2.484906649788
2024-01-24,25.6,29.3,23.5,91.8333333333333,16.3,24.125,-51.5,-10.75,"T010","T010",-10.728716,-51.59943,2024-02-18,-25,29.3,91.8333333333333,16.3,1,2.85070650150373
2024-01-25,25.8458333333333,30.5,24,89,10.2,23.825,-51.5,-10.75,"T010","T010",-10.728716,-51.59943,2024-02-18,-24,30.5,89,10.2,1,2.41591377830105
2024-01-26,25.9958333333333,29.5,24,86.625,15.6,23.5458333333333,-51.5,-10.75,"T010","T010",-10.728716,-51.59943,2024-02-18,-23,29.5,86.625,15.6,1,2.8094026953625
2024-01-27,24.6875,27,23.1,91.3333333333333,12.6,23.1541666666667,-51.5,-10.75,"T010","T010",-10.728716,-51.59943,2024-02-18,-22,27,91.3333333333333,12.6,1,2.61006979274201
2024-01-28,23.4875,26.3,22.4,93.9583333333333,17.1,22.4416666666667,-51.5,-10.75,"T010","T010",-10.728716,-51.59943,2024-02-18,-21,26.3,93.9583333333333,17.1,1,2.89591193827178
2024-01-29,24.2875,27,22.4,92.3333333333333,11.3,22.9333333333333,-51.5,-10.75,"T010","T010",-10.728716,-51.59943,2024-02-18,-20,27,92.3333333333333,11.3,1,2.50959926237837
2024-01-30,26.7083333333333,32.9,22.7,84.5416666666667,1.2,23.5625,-51.5,-10.75,"T010","T010",-10.728716,-51.59943,2024-02-18,-19,32.9,84.5416666666667,1.2,1,0.78845736036427
2024-01-31,27.3208333333333,32.1,23.2,84.2916666666667,5,24.1708333333333,-51.5,-10.75,"T010","T010",-10.728716,-51.59943,2024-02-18,-18,32.1,84.2916666666667,5,1,1.79175946922805
2024-02-01,25.7666666666667,29.7,22.2,86.7916666666667,19.7,23.2791666666667,-51.5,-10.75,"T010","T010",-10.728716,-51.59943,2024-02-18,-17,29.7,86.7916666666667,19.7,1,3.03013370027132
2024-02-02,24.9708333333333,30.9,21.8,87.8333333333333,7.9,22.6166666666667,-51.5,-10.75,"T010","T010",-10.728716,-51.59943,2024-02-18,-16,30.9,87.8333333333333,7.9,1,2.18605127673809
2024-02-03,24.1208333333333,27.2,21.9,88.8333333333333,8.6,22.0875,-51.5,-10.75,"T010","T010",-10.728716,-51.59943,2024-02-18,-15,27.2,88.8333333333333,8.6,1,2.26176309847379
2024-02-04,26.025,31.5,22.3,84.4583333333333,10.2,23.0041666666667,-51.5,-10.75,"T010","T010",-10.728716,-51.59943,2024-02-18,-14,31.5,84.4583333333333,10.2,1,2.41591377830105
2024-02-05,23.8625,27.1,22.6,93.5416666666667,11.9,22.7291666666667,-51.5,-10.75,"T010","T010",-10.728716,-51.59943,2024-02-18,-13,27.1,93.5416666666667,11.9,1,2.55722731136763
2024-02-06,26.4083333333333,32.9,22.1,84.125,0.9,23.2208333333333,-51.5,-10.75,"T010","T010",-10.728716,-51.59943,2024-02-18,-12,32.9,84.125,0.9,0,0.641853886172395
2024-02-07,27.475,33.2,23,81.5,0.5,23.6916666666667,-51.5,-10.75,"T010","T010",-10.728716,-51.59943,2024-02-18,-11,33.2,81.5,0.5,0,0.405465108108164
2024-02-08,26.925,31.9,23.9,83.4583333333333,7.8,23.7083333333333,-51.5,-10.75,"T010","T010",-10.728716,-51.59943,2024-02-18,-10,31.9,83.4583333333333,7.8,1,2.17475172148416
2024-02-09,27.15,32.6,23.5,83.6666666666667,14.1,23.9125,-51.5,-10.75,"T010","T010",-10.728716,-51.59943,2024-02-18,-9,32.6,83.6666666666667,14.1,1,2.71469474382088
2024-02-10,24.7541666666667,27.2,23.4,90.6666666666667,42,23.0916666666667,-51.5,-10.75,"T010","T010",-10.728716,-51.59943,2024-02-18,-8,27.2,90.6666666666667,42,1,3.76120011569356
2024-02-11,24.5666666666667,27.8,23.1,88.5416666666667,10.2,22.475,-51.5,-10.75,"T010","T010",-10.728716,-51.59943,2024-02-18,-7,27.8,88.5416666666667,10.2,1,2.41591377830105
2024-02-12,26.0791666666667,30.3,22.7,81.7083333333333,1.3,22.4541666666667,-51.5,-10.75,"T010","T010",-10.728716,-51.59943,2024-02-18,-6,30.3,81.7083333333333,1.3,1,0.832909122935104
2024-02-13,27.5416666666667,32.5,23.3,78.125,0.9,22.9791666666667,-51.5,-10.75,"T010","T010",-10.728716,-51.59943,2024-02-18,-5,32.5,78.125,0.9,0,0.641853886172395
2024-02-14,28.9708333333333,34.9,24.2,75.9583333333333,0.1,23.875,-51.5,-10.75,"T010","T010",-10.728716,-51.59943,2024-02-18,-4,34.9,75.9583333333333,0.1,0,0.0953101798043249
2024-02-15,27.6916666666667,33.4,24.3,81.5416666666667,1.8,23.9875,-51.5,-10.75,"T010","T010",-10.728716,-51.59943,2024-02-18,-3,33.4,81.5416666666667,1.8,1,1.02961941718116
2024-02-16,27.9875,33.6,23.3,79.3333333333333,0.2,23.7708333333333,-51.5,-10.75,"T010","T010",-10.728716,-51.59943,2024-02-18,-2,33.6,79.3333333333333,0.2,0,0.182321556793955
2024-02-17,27.0791666666667,31.4,23.7,82.5416666666667,1.3,23.6791666666667,-51.5,-10.75,"T010","T010",-10.728716,-51.59943,2024-02-18,-1,31.4,82.5416666666667,1.3,1,0.832909122935104
2023-12-02,27.275,33.5,22.7,73.9583333333333,0.8,21.85,-56,-13,"T011","T011",-13.000988,-55.966188,2024-02-20,-80,33.5,73.9583333333333,0.8,0,0.587786664902119
2023-12-03,26.3291666666667,31,23.5,76.5833333333333,0.4,21.7333333333333,-56,-13,"T011","T011",-13.000988,-55.966188,2024-02-20,-79,31,76.5833333333333,0.4,0,0.336472236621213
2023-12-04,25.8416666666667,31.4,22.6,77.1666666666667,1.3,21.2458333333333,-56,-13,"T011","T011",-13.000988,-55.966188,2024-02-20,-78,31.4,77.1666666666667,1.3,1,0.832909122935104
2023-12-05,26.0875,30.9,22,75.7083333333333,0.6,21.1208333333333,-56,-13,"T011","T011",-13.000988,-55.966188,2024-02-20,-77,30.9,75.7083333333333,0.6,0,0.470003629245736
2023-12-06,28.3833333333333,34.4,22.7,67.9166666666667,0.2,21.2833333333333,-56,-13,"T011","T011",-13.000988,-55.966188,2024-02-20,-76,34.4,67.9166666666667,0.2,0,0.182321556793955
2023-12-07,27.9791666666667,33.9,23.4,69.3333333333333,3.5,21.3958333333333,-56,-13,"T011","T011",-13.000988,-55.966188,2024-02-20,-75,33.9,69.3333333333333,3.5,1,1.50407739677627
2023-12-08,27.8458333333333,33.8,22.7,71.625,0.4,21.875,-56,-13,"T011","T011",-13.000988,-55.966188,2024-02-20,-74,33.8,71.625,0.4,0,0.336472236621213
2023-12-09,27.8416666666667,33.5,23.2,69.6666666666667,0.2,21.4916666666667,-56,-13,"T011","T011",-13.000988,-55.966188,2024-02-20,-73,33.5,69.6666666666667,0.2,0,0.182321556793955
2023-12-10,28.5708333333333,33.2,23.8,70.4583333333333,2.5,22.325,-56,-13,"T011","T011",-13.000988,-55.966188,2024-02-20,-72,33.2,70.4583333333333,2.5,1,1.25276296849537
2023-12-11,26.2833333333333,30.9,23.1,77.2916666666667,0.6,21.9,-56,-13,"T011","T011",-13.000988,-55.966188,2024-02-20,-71,30.9,77.2916666666667,0.6,0,0.470003629245736
2023-12-12,27.4541666666667,32,23.9,72.7083333333333,1.7,21.8333333333333,-56,-13,"T011","T011",-13.000988,-55.966188,2024-02-20,-70,32,72.7083333333333,1.7,1,0.993251773010283
2023-12-13,29.0291666666667,34.6,23.1,65.25,0,21.175,-56,-13,"T011","T011",-13.000988,-55.966188,2024-02-20,-69,34.6,65.25,0,0,0
2023-12-14,27.9458333333333,32.9,24.5,72.5416666666667,2.8,22.3833333333333,-56,-13,"T011","T011",-13.000988,-55.966188,2024-02-20,-68,32.9,72.5416666666667,2.8,1,1.33500106673234
2023-12-15,28.3083333333333,34.4,22.6,66.7916666666667,0,20.8458333333333,-56,-13,"T011","T011",-13.000988,-55.966188,2024-02-20,-67,34.4,66.7916666666667,0,0,0
2023-12-16,29.7583333333333,36.1,24.4,62.5,0,21.2,-56,-13,"T011","T011",-13.000988,-55.966188,2024-02-20,-66,36.1,62.5,0,0,0
2023-12-17,29.1666666666667,34.6,24.9,62.5416666666667,0.1,20.9041666666667,-56,-13,"T011","T011",-13.000988,-55.966188,2024-02-20,-65,34.6,62.5416666666667,0.1,0,0.0953101798043249
2023-12-18,29.4125,34.8,24,62.8333333333333,0,21.1833333333333,-56,-13,"T011","T011",-13.000988,-55.966188,2024-02-20,-64,34.8,62.8333333333333,0,0,0
2023-12-19,26.7125,31.7,24.1,74.25,5.3,21.575,-56,-13,"T011","T011",-13.000988,-55.966188,2024-02-20,-63,31.7,74.25,5.3,1,1.84054963339749
2023-12-20,27.3375,31.7,23.3,75.0833333333333,4.2,22.2875,-56,-13,"T011","T011",-13.000988,-55.966188,2024-02-20,-62,31.7,75.0833333333333,4.2,1,1.64865862558738
2023-12-21,25.2416666666667,28.5,23.8,86.5416666666667,29.6,22.7583333333333,-56,-13,"T011","T011",-13.000988,-55.966188,2024-02-20,-61,28.5,86.5416666666667,29.6,1,3.42100000895834
2023-12-22,24.7416666666667,29.7,22.6,86.625,18.6,22.2916666666667,-56,-13,"T011","T011",-13.000988,-55.966188,2024-02-20,-60,29.7,86.625,18.6,1,2.97552956623647
2023-12-23,25.2583333333333,29.2,22.4,82.5833333333333,7.1,21.9333333333333,-56,-13,"T011","T011",-13.000988,-55.966188,2024-02-20,-59,29.2,82.5833333333333,7.1,1,2.09186406167839
2023-12-24,27.4291666666667,32.3,22.7,76.3333333333333,0.2,22.6,-56,-13,"T011","T011",-13.000988,-55.966188,2024-02-20,-58,32.3,76.3333333333333,0.2,0,0.182321556793955
2023-12-25,28.05,34.5,23.4,74.4583333333333,4.3,22.7666666666667,-56,-13,"T011","T011",-13.000988,-55.966188,2024-02-20,-57,34.5,74.4583333333333,4.3,1,1.66770682055808
2023-12-26,25.5666666666667,29.8,23.3,80.125,1.6,21.8,-56,-13,"T011","T011",-13.000988,-55.966188,2024-02-20,-56,29.8,80.125,1.6,1,0.955511445027436
2023-12-27,27.6041666666667,33.4,21.4,70.9583333333333,0.3,21.325,-56,-13,"T011","T011",-13.000988,-55.966188,2024-02-20,-55,33.4,70.9583333333333,0.3,0,0.262364264467491
2023-12-28,28.925,34.4,23,69.375,0,22.2458333333333,-56,-13,"T011","T011",-13.000988,-55.966188,2024-02-20,-54,34.4,69.375,0,0,0
2023-12-29,25.8291666666667,28.7,23.6,82.4583333333333,3.7,22.5666666666667,-56,-13,"T011","T011",-13.000988,-55.966188,2024-02-20,-53,28.7,82.4583333333333,3.7,1,1.54756250871601
2023-12-30,26.1291666666667,30.9,22.6,81.75,1.2,22.6125,-56,-13,"T011","T011",-13.000988,-55.966188,2024-02-20,-52,30.9,81.75,1.2,1,0.78845736036427
2023-12-31,26.5208333333333,31.2,23,76.625,0,21.7958333333333,-56,-13,"T011","T011",-13.000988,-55.966188,2024-02-20,-51,31.2,76.625,0,0,0
2024-01-01,25.2583333333333,29.4,23.2,86.7083333333333,15,22.7875,-56,-13,"T011","T011",-13.000988,-55.966188,2024-02-20,-50,29.4,86.7083333333333,15,1,2.77258872223978
2024-01-02,24.9791666666667,27.8,22.9,89.125,24.6,23.0208333333333,-56,-13,"T011","T011",-13.000988,-55.966188,2024-02-20,-49,27.8,89.125,24.6,1,3.24259235148552
2024-01-03,24.4083333333333,28,22.8,90.5,16.5,22.6958333333333,-56,-13,"T011","T011",-13.000988,-55.966188,2024-02-20,-48,28,90.5,16.5,1,2.86220088092947
2024-01-04,25.4458333333333,29.1,22.8,85.3333333333333,11.3,22.7,-56,-13,"T011","T011",-13.000988,-55.966188,2024-02-20,-47,29.1,85.3333333333333,11.3,1,2.50959926237837
2024-01-05,24.6875,29.1,22.6,85.0833333333333,5.2,21.8333333333333,-56,-13,"T011","T011",-13.000988,-55.966188,2024-02-20,-46,29.1,85.0833333333333,5.2,1,1.82454929205105
2024-01-06,25.7583333333333,30.7,22.6,83.5416666666667,2.6,22.5833333333333,-56,-13,"T011","T011",-13.000988,-55.966188,2024-02-20,-45,30.7,83.5416666666667,2.6,1,1.28093384546206
2024-01-07,26.475,30.8,23,82.5,7.5,23.1166666666667,-56,-13,"T011","T011",-13.000988,-55.966188,2024-02-20,-44,30.8,82.5,7.5,1,2.14006616349627
2024-01-08,26.7416666666667,31.8,23.7,81.9166666666667,2.6,23.2375,-56,-13,"T011","T011",-13.000988,-55.966188,2024-02-20,-43,31.8,81.9166666666667,2.6,1,1.28093384546206
2024-01-09,24.8875,28.9,22.2,85.6666666666667,19.2,22.2291666666667,-56,-13,"T011","T011",-13.000988,-55.966188,2024-02-20,-42,28.9,85.6666666666667,19.2,1,3.00568260440716
2024-01-10,25.1458333333333,29.7,23.1,86.5,56.9,22.6416666666667,-56,-13,"T011","T011",-13.000988,-55.966188,2024-02-20,-41,29.7,86.5,56.9,1,4.05871738457895
2024-01-11,23.5875,25.8,22.2,90.0833333333333,18,21.825,-56,-13,"T011","T011",-13.000988,-55.966188,2024-02-20,-40,25.8,90.0833333333333,18,1,2.94443897916644
2024-01-12,24.9208333333333,29.3,22.2,87,10.2,22.5333333333333,-56,-13,"T011","T011",-13.000988,-55.966188,2024-02-20,-39,29.3,87,10.2,1,2.41591377830105
2024-01-13,25.7708333333333,29.5,22.4,85.0833333333333,6.4,22.9458333333333,-56,-13,"T011","T011",-13.000988,-55.966188,2024-02-20,-38,29.5,85.0833333333333,6.4,1,2.00148000021012
2024-01-14,26.5458333333333,31.9,22.9,80.8333333333333,1.3,22.7375,-56,-13,"T011","T011",-13.000988,-55.966188,2024-02-20,-37,31.9,80.8333333333333,1.3,1,0.832909122935104
2024-01-15,26.8541666666667,31.8,22.6,76.875,0,22.1583333333333,-56,-13,"T011","T011",-13.000988,-55.966188,2024-02-20,-36,31.8,76.875,0,0,0
2024-01-16,27.5458333333333,32.6,23.1,74.9583333333333,0.5,22.3916666666667,-56,-13,"T011","T011",-13.000988,-55.966188,2024-02-20,-35,32.6,74.9583333333333,0.5,0,0.405465108108164
2024-01-17,27.4333333333333,32.3,23.8,74.25,1.4,22.2416666666667,-56,-13,"T011","T011",-13.000988,-55.966188,2024-02-20,-34,32.3,74.25,1.4,1,0.8754687373539
2024-01-18,27.15,33.1,22.6,75.5416666666667,0.4,22.1583333333333,-56,-13,"T011","T011",-13.000988,-55.966188,2024-02-20,-33,33.1,75.5416666666667,0.4,0,0.336472236621213
2024-01-19,26.0416666666667,30.4,23.1,81.6666666666667,5.7,22.575,-56,-13,"T011","T011",-13.000988,-55.966188,2024-02-20,-32,30.4,81.6666666666667,5.7,1,1.90210752639692
2024-01-20,27.1791666666667,32.4,22.9,78.8333333333333,0.6,22.8541666666667,-56,-13,"T011","T011",-13.000988,-55.966188,2024-02-20,-31,32.4,78.8333333333333,0.6,0,0.470003629245736
2024-01-21,26.9125,31.6,23.3,80.9166666666667,3.4,23.2,-56,-13,"T011","T011",-13.000988,-55.966188,2024-02-20,-30,31.6,80.9166666666667,3.4,1,1.48160454092422
2024-01-22,26.7166666666667,30.3,23.9,83.625,25,23.5666666666667,-56,-13,"T011","T011",-13.000988,-55.966188,2024-02-20,-29,30.3,83.625,25,1,3.25809653802148
2024-01-23,26.4875,32.1,23.1,82.4583333333333,15.1,23.05,-56,-13,"T011","T011",-13.000988,-55.966188,2024-02-20,-28,32.1,82.4583333333333,15.1,1,2.77881927199042
2024-01-24,26.2125,30.6,23.8,84.7083333333333,11.1,23.3208333333333,-56,-13,"T011","T011",-13.000988,-55.966188,2024-02-20,-27,30.6,84.7083333333333,11.1,1,2.4932054526027
2024-01-25,25.9291666666667,30.1,23.3,85.4583333333333,16,23.1875,-56,-13,"T011","T011",-13.000988,-55.966188,2024-02-20,-26,30.1,85.4583333333333,16,1,2.83321334405622
2024-01-26,27.775,33.5,23.3,73.0416666666667,0,21.8125,-56,-13,"T011","T011",-13.000988,-55.966188,2024-02-20,-25,33.5,73.0416666666667,0,0,0
2024-01-27,27.1416666666667,33,22.7,70.8333333333333,0,20.4083333333333,-56,-13,"T011","T011",-13.000988,-55.966188,2024-02-20,-24,33,70.8333333333333,0,0,0
2024-01-28,27.1083333333333,32.8,23.1,73.2916666666667,0.2,21.4958333333333,-56,-13,"T011","T011",-13.000988,-55.966188,2024-02-20,-23,32.8,73.2916666666667,0.2,0,0.182321556793955
2024-01-29,26.3041666666667,31.2,22.9,79.25,0.4,22.2291666666667,-56,-13,"T011","T011",-13.000988,-55.966188,2024-02-20,-22,31.2,79.25,0.4,0,0.336472236621213
2024-01-30,27.3916666666667,33,22.5,75.0416666666667,0.3,22.2666666666667,-56,-13,"T011","T011",-13.000988,-55.966188,2024-02-20,-21,33,75.0416666666667,0.3,0,0.262364264467491
2024-01-31,26.3,29.8,23.8,79.0416666666667,1,22.2666666666667,-56,-13,"T011","T011",-13.000988,-55.966188,2024-02-20,-20,29.8,79.0416666666667,1,1,0.693147180559945
2024-02-01,27.2916666666667,33.2,22.4,72.9583333333333,2.7,21.6208333333333,-56,-13,"T011","T011",-13.000988,-55.966188,2024-02-20,-19,33.2,72.9583333333333,2.7,1,1.30833281965018
2024-02-02,25.6666666666667,30.9,22.4,77.625,6.1,21.1333333333333,-56,-13,"T011","T011",-13.000988,-55.966188,2024-02-20,-18,30.9,77.625,6.1,1,1.96009478404727
2024-02-03,24.1875,27.3,22.4,86.625,8.4,21.7583333333333,-56,-13,"T011","T011",-13.000988,-55.966188,2024-02-20,-17,27.3,86.625,8.4,1,2.24070968927596
2024-02-04,23.9833333333333,26.5,21.8,90.9583333333333,15,22.4,-56,-13,"T011","T011",-13.000988,-55.966188,2024-02-20,-16,26.5,90.9583333333333,15,1,2.77258872223978
2024-02-05,24.95,28.6,22.3,85.7083333333333,6.2,22.2791666666667,-56,-13,"T011","T011",-13.000988,-55.966188,2024-02-20,-15,28.6,85.7083333333333,6.2,1,1.97408102602201
2024-02-06,27.1458333333333,33,22.6,75.4583333333333,0.3,21.9791666666667,-56,-13,"T011","T011",-13.000988,-55.966188,2024-02-20,-14,33,75.4583333333333,0.3,0,0.262364264467491
2024-02-07,28.0125,33.4,22.3,72.125,0.1,22.15,-56,-13,"T011","T011",-13.000988,-55.966188,2024-02-20,-13,33.4,72.125,0.1,0,0.0953101798043249
2024-02-08,26.8208333333333,31.2,24.5,80,1.9,22.9416666666667,-56,-13,"T011","T011",-13.000988,-55.966188,2024-02-20,-12,31.2,80,1.9,1,1.06471073699243
2024-02-09,26.975,31.8,23.2,81.75,8.6,23.425,-56,-13,"T011","T011",-13.000988,-55.966188,2024-02-20,-11,31.8,81.75,8.6,1,2.26176309847379
2024-02-10,25.9541666666667,29.5,23.6,84.5,15.3,23.0041666666667,-56,-13,"T011","T011",-13.000988,-55.966188,2024-02-20,-10,29.5,84.5,15.3,1,2.79116510781272
2024-02-11,25.0583333333333,28.6,22.8,86,4.8,22.4708333333333,-56,-13,"T011","T011",-13.000988,-55.966188,2024-02-20,-9,28.6,86,4.8,1,1.75785791755237
2024-02-12,25.25,29.5,22,80.7916666666667,13,21.5083333333333,-56,-13,"T011","T011",-13.000988,-55.966188,2024-02-20,-8,29.5,80.7916666666667,13,1,2.63905732961526
2024-02-13,27.525,32.8,22.8,72.9583333333333,0,21.975,-56,-13,"T011","T011",-13.000988,-55.966188,2024-02-20,-7,32.8,72.9583333333333,0,0,0
2024-02-14,28.2083333333333,33.6,23.9,74,0.5,22.7416666666667,-56,-13,"T011","T011",-13.000988,-55.966188,2024-02-20,-6,33.6,74,0.5,0,0.405465108108164
2024-02-15,28.6125,34.7,23.1,70.375,0,22.3083333333333,-56,-13,"T011","T011",-13.000988,-55.966188,2024-02-20,-5,34.7,70.375,0,0,0
2024-02-16,27.8958333333333,32.5,24.4,74.7083333333333,0.5,22.8333333333333,-56,-13,"T011","T011",-13.000988,-55.966188,2024-02-20,-4,32.5,74.7083333333333,0.5,0,0.405465108108164
2024-02-17,26.5458333333333,30.7,24,81.5,5.3,23.0125,-56,-13,"T011","T011",-13.000988,-55.966188,2024-02-20,-3,30.7,81.5,5.3,1,1.84054963339749
2024-02-18,26.8333333333333,32,23.5,82.1666666666667,3.9,23.3666666666667,-56,-13,"T011","T011",-13.000988,-55.966188,2024-02-20,-2,32,82.1666666666667,3.9,1,1.58923520511658
2024-02-19,25.4333333333333,30.4,23.1,87.2916666666667,16.7,23.0625,-56,-13,"T011","T011",-13.000988,-55.966188,2024-02-20,-1,30.4,87.2916666666667,16.7,1,2.87356463957978
2023-12-17,29.3541666666667,35.4,23.7,69.5833333333333,0.2,22.6458333333333,-51.5,-10.75,"T012","T012",-10.727522,-51.604545,2024-03-06,-80,35.4,69.5833333333333,0.2,0,0.182321556793955
2023-12-18,28.6833333333333,34.5,23.6,70,1.5,22.2583333333333,-51.5,-10.75,"T012","T012",-10.727522,-51.604545,2024-03-06,-79,34.5,70,1.5,1,0.916290731874155
2023-12-19,26.5,31.6,23.1,79.4166666666667,7.2,22.3458333333333,-51.5,-10.75,"T012","T012",-10.727522,-51.604545,2024-03-06,-78,31.6,79.4166666666667,7.2,1,2.10413415427021
2023-12-20,26.7125,31.9,22.6,80.4583333333333,5.6,22.8458333333333,-51.5,-10.75,"T012","T012",-10.727522,-51.604545,2024-03-06,-77,31.9,80.4583333333333,5.6,1,1.88706964903238
2023-12-21,26.6875,30.3,23.5,80.4166666666667,7.2,22.9083333333333,-51.5,-10.75,"T012","T012",-10.727522,-51.604545,2024-03-06,-76,30.3,80.4166666666667,7.2,1,2.10413415427021
2023-12-22,26.2083333333333,30.6,23.1,86.1666666666667,15.3,23.6375,-51.5,-10.75,"T012","T012",-10.727522,-51.604545,2024-03-06,-75,30.6,86.1666666666667,15.3,1,2.79116510781272
2023-12-23,25.6916666666667,29.7,23.4,88,9.4,23.4375,-51.5,-10.75,"T012","T012",-10.727522,-51.604545,2024-03-06,-74,29.7,88,9.4,1,2.34180580614733
2023-12-24,28.1708333333333,34.3,23.1,80.7916666666667,1.7,24.1958333333333,-51.5,-10.75,"T012","T012",-10.727522,-51.604545,2024-03-06,-73,34.3,80.7916666666667,1.7,1,0.993251773010283
2023-12-25,28.1041666666667,33.9,23.8,81.7916666666667,4.7,24.375,-51.5,-10.75,"T012","T012",-10.727522,-51.604545,2024-03-06,-72,33.9,81.7916666666667,4.7,1,1.7404661748405
2023-12-26,27.675,34.3,22.8,80.625,12.5,23.6416666666667,-51.5,-10.75,"T012","T012",-10.727522,-51.604545,2024-03-06,-71,34.3,80.625,12.5,1,2.60268968544438
2023-12-27,27.9833333333333,32.9,23.9,80.9166666666667,0.3,24.0666666666667,-51.5,-10.75,"T012","T012",-10.727522,-51.604545,2024-03-06,-70,32.9,80.9166666666667,0.3,0,0.262364264467491
2023-12-28,26.7083333333333,33.5,23.1,84.75,6.1,23.675,-51.5,-10.75,"T012","T012",-10.727522,-51.604545,2024-03-06,-69,33.5,84.75,6.1,1,1.96009478404727
2023-12-29,27.4875,34,23.2,80.1666666666667,1.3,23.5125,-51.5,-10.75,"T012","T012",-10.727522,-51.604545,2024-03-06,-68,34,80.1666666666667,1.3,1,0.832909122935104
2023-12-30,26.8916666666667,32.3,23.6,81.7083333333333,4.8,23.2708333333333,-51.5,-10.75,"T012","T012",-10.727522,-51.604545,2024-03-06,-67,32.3,81.7083333333333,4.8,1,1.75785791755237
2023-12-31,26.675,31.4,23.4,83.375,1.7,23.4083333333333,-51.5,-10.75,"T012","T012",-10.727522,-51.604545,2024-03-06,-66,31.4,83.375,1.7,1,0.993251773010283
2024-01-01,26.0416666666667,30.6,23.4,87.7916666666667,15.4,23.7583333333333,-51.5,-10.75,"T012","T012",-10.727522,-51.604545,2024-03-06,-65,30.6,87.7916666666667,15.4,1,2.79728133483015
2024-01-02,25.2916666666667,28.5,23.1,88.8333333333333,31.2,23.2625,-51.5,-10.75,"T012","T012",-10.727522,-51.604545,2024-03-06,-64,28.5,88.8333333333333,31.2,1,3.47196645255036
2024-01-03,24.925,27.9,23.1,92.8333333333333,11.8,23.6833333333333,-51.5,-10.75,"T012","T012",-10.727522,-51.604545,2024-03-06,-63,27.9,92.8333333333333,11.8,1,2.54944517092557
2024-01-04,24.7916666666667,28,23,93.1666666666667,40.2,23.5875,-51.5,-10.75,"T012","T012",-10.727522,-51.604545,2024-03-06,-62,28,93.1666666666667,40.2,1,3.71843825635548
2024-01-05,24.2333333333333,25.9,23.1,94,38.7,23.225,-51.5,-10.75,"T012","T012",-10.727522,-51.604545,2024-03-06,-61,25.9,94,38.7,1,3.68135118769314
2024-01-06,25.1958333333333,29.2,22.4,88.1666666666667,11,22.9708333333333,-51.5,-10.75,"T012","T012",-10.727522,-51.604545,2024-03-06,-60,29.2,88.1666666666667,11,1,2.484906649788
2024-01-07,25.6666666666667,30.4,23.6,88.2083333333333,8.8,23.4791666666667,-51.5,-10.75,"T012","T012",-10.727522,-51.604545,2024-03-06,-59,30.4,88.2083333333333,8.8,1,2.28238238567653
2024-01-08,25.8875,31,23.5,83.875,2.7,22.7541666666667,-51.5,-10.75,"T012","T012",-10.727522,-51.604545,2024-03-06,-58,31,83.875,2.7,1,1.30833281965018
2024-01-09,25.4041666666667,30.2,23.3,90.3333333333333,14.3,23.6166666666667,-51.5,-10.75,"T012","T012",-10.727522,-51.604545,2024-03-06,-57,30.2,90.3333333333333,14.3,1,2.72785282839839
2024-01-10,24.975,29.4,23.1,90.625,11.6,23.2791666666667,-51.5,-10.75,"T012","T012",-10.727522,-51.604545,2024-03-06,-56,29.4,90.625,11.6,1,2.53369681395743
2024-01-11,26.4291666666667,31.6,22.7,83.8333333333333,1.6,23.1791666666667,-51.5,-10.75,"T012","T012",-10.727522,-51.604545,2024-03-06,-55,31.6,83.8333333333333,1.6,1,0.955511445027436
2024-01-12,26.6,31.2,23.1,82.9583333333333,6.8,23.2583333333333,-51.5,-10.75,"T012","T012",-10.727522,-51.604545,2024-03-06,-54,31.2,82.9583333333333,6.8,1,2.05412373369555
2024-01-13,25.6125,30.5,22.4,86.9166666666667,3.3,23.1166666666667,-51.5,-10.75,"T012","T012",-10.727522,-51.604545,2024-03-06,-53,30.5,86.9166666666667,3.3,1,1.45861502269952
2024-01-14,26.4916666666667,32.4,22.1,82.0833333333333,1.4,22.8666666666667,-51.5,-10.75,"T012","T012",-10.727522,-51.604545,2024-03-06,-52,32.4,82.0833333333333,1.4,1,0.8754687373539
2024-01-15,26.5958333333333,32,23,81.875,1.7,22.9625,-51.5,-10.75,"T012","T012",-10.727522,-51.604545,2024-03-06,-51,32,81.875,1.7,1,0.993251773010283
2024-01-16,27.2333333333333,33.3,22.9,79.8333333333333,0.6,23.1583333333333,-51.5,-10.75,"T012","T012",-10.727522,-51.604545,2024-03-06,-50,33.3,79.8333333333333,0.6,0,0.470003629245736
2024-01-17,26.7291666666667,32.5,22,81.4583333333333,11.6,23.1,-51.5,-10.75,"T012","T012",-10.727522,-51.604545,2024-03-06,-49,32.5,81.4583333333333,11.6,1,2.53369681395743
2024-01-18,26.6375,33.3,22,80.2916666666667,1.9,22.6041666666667,-51.5,-10.75,"T012","T012",-10.727522,-51.604545,2024-03-06,-48,33.3,80.2916666666667,1.9,1,1.06471073699243
2024-01-19,26.1125,30.8,23.4,86.5833333333333,14.4,23.5083333333333,-51.5,-10.75,"T012","T012",-10.727522,-51.604545,2024-03-06,-47,30.8,86.5833333333333,14.4,1,2.73436750941958
2024-01-20,27.2541666666667,32.9,22.8,83.625,2.4,23.8958333333333,-51.5,-10.75,"T012","T012",-10.727522,-51.604545,2024-03-06,-46,32.9,83.625,2.4,1,1.22377543162212
2024-01-21,28.1875,33.3,23.6,79.0416666666667,0.2,23.8791666666667,-51.5,-10.75,"T012","T012",-10.727522,-51.604545,2024-03-06,-45,33.3,79.0416666666667,0.2,0,0.182321556793955
2024-01-22,27.5791666666667,33.3,24.3,80.25,5.5,23.6291666666667,-51.5,-10.75,"T012","T012",-10.727522,-51.604545,2024-03-06,-44,33.3,80.25,5.5,1,1.87180217690159
2024-01-23,25.725,29.2,23.7,90.8333333333333,11,24.0833333333333,-51.5,-10.75,"T012","T012",-10.727522,-51.604545,2024-03-06,-43,29.2,90.8333333333333,11,1,2.484906649788
2024-01-24,25.6583333333333,29.4,23.5,91.8333333333333,16.3,24.1708333333333,-51.5,-10.75,"T012","T012",-10.727522,-51.604545,2024-03-06,-42,29.4,91.8333333333333,16.3,1,2.85070650150373
2024-01-25,25.8833333333333,30.5,24,89,10.2,23.8666666666667,-51.5,-10.75,"T012","T012",-10.727522,-51.604545,2024-03-06,-41,30.5,89,10.2,1,2.41591377830105
2024-01-26,26.0416666666667,29.6,24,86.6666666666667,15.6,23.5875,-51.5,-10.75,"T012","T012",-10.727522,-51.604545,2024-03-06,-40,29.6,86.6666666666667,15.6,1,2.8094026953625
2024-01-27,24.7083333333333,27,23.1,91.3333333333333,12.6,23.1833333333333,-51.5,-10.75,"T012","T012",-10.727522,-51.604545,2024-03-06,-39,27,91.3333333333333,12.6,1,2.61006979274201
2024-01-28,23.5416666666667,26.3,22.5,93.9583333333333,17.1,22.4958333333333,-51.5,-10.75,"T012","T012",-10.727522,-51.604545,2024-03-06,-38,26.3,93.9583333333333,17.1,1,2.89591193827178
2024-01-29,24.3458333333333,27,22.5,92.3333333333333,11.3,22.975,-51.5,-10.75,"T012","T012",-10.727522,-51.604545,2024-03-06,-37,27,92.3333333333333,11.3,1,2.50959926237837
2024-01-30,26.7625,32.9,22.8,84.5416666666667,1.2,23.6208333333333,-51.5,-10.75,"T012","T012",-10.727522,-51.604545,2024-03-06,-36,32.9,84.5416666666667,1.2,1,0.78845736036427
2024-01-31,27.3875,32.2,23.3,84.2916666666667,5,24.25,-51.5,-10.75,"T012","T012",-10.727522,-51.604545,2024-03-06,-35,32.2,84.2916666666667,5,1,1.79175946922805
2024-02-01,25.8166666666667,29.8,22.3,86.7916666666667,19.7,23.3166666666667,-51.5,-10.75,"T012","T012",-10.727522,-51.604545,2024-03-06,-34,29.8,86.7916666666667,19.7,1,3.03013370027132
2024-02-02,25.0166666666667,31,21.8,87.8333333333333,7.9,22.6625,-51.5,-10.75,"T012","T012",-10.727522,-51.604545,2024-03-06,-33,31,87.8333333333333,7.9,1,2.18605127673809
2024-02-03,24.1541666666667,27.2,21.9,88.8333333333333,8.6,22.1375,-51.5,-10.75,"T012","T012",-10.727522,-51.604545,2024-03-06,-32,27.2,88.8333333333333,8.6,1,2.26176309847379
2024-02-04,26.0625,31.5,22.3,84.4583333333333,10.2,23.05,-51.5,-10.75,"T012","T012",-10.727522,-51.604545,2024-03-06,-31,31.5,84.4583333333333,10.2,1,2.41591377830105
2024-02-05,23.8958333333333,27.2,22.6,93.5416666666667,11.9,22.7625,-51.5,-10.75,"T012","T012",-10.727522,-51.604545,2024-03-06,-30,27.2,93.5416666666667,11.9,1,2.55722731136763
2024-02-06,26.4666666666667,33,22.2,84.125,0.9,23.2791666666667,-51.5,-10.75,"T012","T012",-10.727522,-51.604545,2024-03-06,-29,33,84.125,0.9,0,0.641853886172395
2024-02-07,27.5208333333333,33.2,23,81.5416666666667,0.5,23.75,-51.5,-10.75,"T012","T012",-10.727522,-51.604545,2024-03-06,-28,33.2,81.5416666666667,0.5,0,0.405465108108164
2024-02-08,26.9958333333333,32,24,83.4583333333333,7.8,23.75,-51.5,-10.75,"T012","T012",-10.727522,-51.604545,2024-03-06,-27,32,83.4583333333333,7.8,1,2.17475172148416
2024-02-09,27.1958333333333,32.7,23.6,83.6666666666667,14.1,23.9583333333333,-51.5,-10.75,"T012","T012",-10.727522,-51.604545,2024-03-06,-26,32.7,83.6666666666667,14.1,1,2.71469474382088
2024-02-10,24.8125,27.2,23.4,90.6666666666667,42,23.15,-51.5,-10.75,"T012","T012",-10.727522,-51.604545,2024-03-06,-25,27.2,90.6666666666667,42,1,3.76120011569356
2024-02-11,24.5916666666667,27.8,23.1,88.5416666666667,10.2,22.5208333333333,-51.5,-10.75,"T012","T012",-10.727522,-51.604545,2024-03-06,-24,27.8,88.5416666666667,10.2,1,2.41591377830105
2024-02-12,26.125,30.3,22.8,81.7083333333333,1.3,22.5041666666667,-51.5,-10.75,"T012","T012",-10.727522,-51.604545,2024-03-06,-23,30.3,81.7083333333333,1.3,1,0.832909122935104
2024-02-13,27.5791666666667,32.5,23.4,78.125,0.9,23.025,-51.5,-10.75,"T012","T012",-10.727522,-51.604545,2024-03-06,-22,32.5,78.125,0.9,0,0.641853886172395
2024-02-14,29.0041666666667,34.9,24.2,75.9583333333333,0.1,23.9166666666667,-51.5,-10.75,"T012","T012",-10.727522,-51.604545,2024-03-06,-21,34.9,75.9583333333333,0.1,0,0.0953101798043249
2024-02-15,27.725,33.4,24.3,81.5416666666667,1.8,24.025,-51.5,-10.75,"T012","T012",-10.727522,-51.604545,2024-03-06,-20,33.4,81.5416666666667,1.8,1,1.02961941718116
2024-02-16,28.0458333333333,33.7,23.4,79.3333333333333,0.2,23.8083333333333,-51.5,-10.75,"T012","T012",-10.727522,-51.604545,2024-03-06,-19,33.7,79.3333333333333,0.2,0,0.182321556793955
2024-02-17,27.1333333333333,31.5,23.8,82.5416666666667,1.3,23.7375,-51.5,-10.75,"T012","T012",-10.727522,-51.604545,2024-03-06,-18,31.5,82.5416666666667,1.3,1,0.832909122935104
2024-02-18,27.1041666666667,32.8,24.2,84.1666666666667,14.9,24.0166666666667,-51.5,-10.75,"T012","T012",-10.727522,-51.604545,2024-03-06,-17,32.8,84.1666666666667,14.9,1,2.76631910922619
2024-02-19,24.6916666666667,26.4,23.9,93.375,91.8,23.5541666666667,-51.5,-10.75,"T012","T012",-10.727522,-51.604545,2024-03-06,-16,26.4,93.375,91.8,1,4.53044663979215
2024-02-20,25.6708333333333,29.6,23.4,88.2916666666667,10.1,23.525,-51.5,-10.75,"T012","T012",-10.727522,-51.604545,2024-03-06,-15,29.6,88.2916666666667,10.1,1,2.40694510831829
2024-02-21,24.65,27.3,23.2,89.5416666666667,8.5,22.7541666666667,-51.5,-10.75,"T012","T012",-10.727522,-51.604545,2024-03-06,-14,27.3,89.5416666666667,8.5,1,2.2512917986065
2024-02-22,25.1916666666667,29.3,22.7,87.9583333333333,12.7,22.9583333333333,-51.5,-10.75,"T012","T012",-10.727522,-51.604545,2024-03-06,-13,29.3,87.9583333333333,12.7,1,2.61739583283408
2024-02-23,25.7208333333333,30.1,23.7,89.2083333333333,7.7,23.7125,-51.5,-10.75,"T012","T012",-10.727522,-51.604545,2024-03-06,-12,30.1,89.2083333333333,7.7,1,2.16332302566054
2024-02-24,26.1458333333333,30.3,22.6,84.2083333333333,7.6,23.0958333333333,-51.5,-10.75,"T012","T012",-10.727522,-51.604545,2024-03-06,-11,30.3,84.2083333333333,7.6,1,2.15176220325946
2024-02-25,27.6875,33.5,23,78.9166666666667,0.3,23.1541666666667,-51.5,-10.75,"T012","T012",-10.727522,-51.604545,2024-03-06,-10,33.5,78.9166666666667,0.3,0,0.262364264467491
2024-02-26,27.6125,33.5,22.9,81.125,2.9,23.7208333333333,-51.5,-10.75,"T012","T012",-10.727522,-51.604545,2024-03-06,-9,33.5,81.125,2.9,1,1.3609765531356
2024-02-27,25.0291666666667,28.6,22.7,89.4583333333333,10.7,23.1125,-51.5,-10.75,"T012","T012",-10.727522,-51.604545,2024-03-06,-8,28.6,89.4583333333333,10.7,1,2.45958884180371
2024-02-28,26.8208333333333,32.4,22.1,84.25,0.5,23.6291666666667,-51.5,-10.75,"T012","T012",-10.727522,-51.604545,2024-03-06,-7,32.4,84.25,0.5,0,0.405465108108164
2024-02-29,27.4,32.5,23.9,81.125,0.5,23.5708333333333,-51.5,-10.75,"T012","T012",-10.727522,-51.604545,2024-03-06,-6,32.5,81.125,0.5,0,0.405465108108164
2024-03-01,27.325,31.8,23,81.75,0.7,23.7208333333333,-51.5,-10.75,"T012","T012",-10.727522,-51.604545,2024-03-06,-5,31.8,81.75,0.7,0,0.53062825106217
2024-03-02,28.175,33.7,23.9,79.75,0.2,23.9583333333333,-51.5,-10.75,"T012","T012",-10.727522,-51.604545,2024-03-06,-4,33.7,79.75,0.2,0,0.182321556793955
2024-03-03,25.4458333333333,28.5,23.3,88.3333333333333,14.4,23.3416666666667,-51.5,-10.75,"T012","T012",-10.727522,-51.604545,2024-03-06,-3,28.5,88.3333333333333,14.4,1,2.73436750941958
2024-03-04,25.8708333333333,30.5,22.9,83.5,2.4,22.675,-51.5,-10.75,"T012","T012",-10.727522,-51.604545,2024-03-06,-2,30.5,83.5,2.4,1,1.22377543162212
2024-03-05,26.575,31.5,23.7,83.4583333333333,0.9,23.3791666666667,-51.5,-10.75,"T012","T012",-10.727522,-51.604545,2024-03-06,-1,31.5,83.4583333333333,0.9,0,0.641853886172395
2023-11-25,24.9,29.1,21.6,79.1666666666667,0.9,20.8041666666667,-58.75,-13.25,"T013","T013",-13.302753,-58.762906,2024-02-13,-80,29.1,79.1666666666667,0.9,0,0.641853886172395
2023-11-26,25.3958333333333,31.1,21.3,76.5833333333333,5.6,20.675,-58.75,-13.25,"T013","T013",-13.302753,-58.762906,2024-02-13,-79,31.1,76.5833333333333,5.6,1,1.88706964903238
2023-11-27,24.9708333333333,30.5,20.9,78.125,4.2,20.5583333333333,-58.75,-13.25,"T013","T013",-13.302753,-58.762906,2024-02-13,-78,30.5,78.125,4.2,1,1.64865862558738
2023-11-28,26.1875,31.9,21.5,74.2916666666667,1.1,20.9,-58.75,-13.25,"T013","T013",-13.302753,-58.762906,2024-02-13,-77,31.9,74.2916666666667,1.1,1,0.741937344729377
2023-11-29,26.6791666666667,31.9,22.4,71.2916666666667,2,20.7833333333333,-58.75,-13.25,"T013","T013",-13.302753,-58.762906,2024-02-13,-76,31.9,71.2916666666667,2,1,1.09861228866811
2023-11-30,27.0708333333333,31.6,23,69.75,0.2,20.8208333333333,-58.75,-13.25,"T013","T013",-13.302753,-58.762906,2024-02-13,-75,31.6,69.75,0.2,0,0.182321556793955
2023-12-01,25.9,30.6,22.5,73.7916666666667,1.5,20.6083333333333,-58.75,-13.25,"T013","T013",-13.302753,-58.762906,2024-02-13,-74,30.6,73.7916666666667,1.5,1,0.916290731874155
2023-12-02,25.8041666666667,31.2,22.4,76,12,20.9125,-58.75,-13.25,"T013","T013",-13.302753,-58.762906,2024-02-13,-73,31.2,76,12,1,2.56494935746154
2023-12-03,25.5875,30.2,21.9,76.7916666666667,1.8,21.0125,-58.75,-13.25,"T013","T013",-13.302753,-58.762906,2024-02-13,-72,30.2,76.7916666666667,1.8,1,1.02961941718116
2023-12-04,22.7666666666667,25.4,20.9,89.9583333333333,21.5,20.9833333333333,-58.75,-13.25,"T013","T013",-13.302753,-58.762906,2024-02-13,-71,25.4,89.9583333333333,21.5,1,3.11351530921037
2023-12-05,24.2416666666667,28,21,78.8333333333333,0.7,20.1208333333333,-58.75,-13.25,"T013","T013",-13.302753,-58.762906,2024-02-13,-70,28,78.8333333333333,0.7,0,0.53062825106217
2023-12-06,26.0375,31.4,21.5,73.2916666666667,0.6,20.5333333333333,-58.75,-13.25,"T013","T013",-13.302753,-58.762906,2024-02-13,-69,31.4,73.2916666666667,0.6,0,0.470003629245736
2023-12-07,26.4916666666667,31.8,21.6,69.4583333333333,1.1,20.0916666666667,-58.75,-13.25,"T013","T013",-13.302753,-58.762906,2024-02-13,-68,31.8,69.4583333333333,1.1,1,0.741937344729377
2023-12-08,25.2666666666667,29.9,22.1,79.4583333333333,5.9,21.3458333333333,-58.75,-13.25,"T013","T013",-13.302753,-58.762906,2024-02-13,-67,29.9,79.4583333333333,5.9,1,1.93152141160321
2023-12-09,26.7791666666667,33.2,21.9,72.2083333333333,0.6,20.9791666666667,-58.75,-13.25,"T013","T013",-13.302753,-58.762906,2024-02-13,-66,33.2,72.2083333333333,0.6,0,0.470003629245736
2023-12-10,26.075,31.5,23.4,75.7916666666667,5,21.3291666666667,-58.75,-13.25,"T013","T013",-13.302753,-58.762906,2024-02-13,-65,31.5,75.7916666666667,5,1,1.79175946922805
2023-12-11,24.9166666666667,29.1,22.1,81.4583333333333,26.8,21.3916666666667,-58.75,-13.25,"T013","T013",-13.302753,-58.762906,2024-02-13,-64,29.1,81.4583333333333,26.8,1,3.32503602069659
2023-12-12,25.3541666666667,30,21.6,83.2083333333333,8.7,22.1,-58.75,-13.25,"T013","T013",-13.302753,-58.762906,2024-02-13,-63,30,83.2083333333333,8.7,1,2.27212588550934
2023-12-13,26.325,32.2,22.6,78.125,5.7,21.9083333333333,-58.75,-13.25,"T013","T013",-13.302753,-58.762906,2024-02-13,-62,32.2,78.125,5.7,1,1.90210752639692
2023-12-14,26.8666666666667,30.9,23.8,75.4166666666667,0.5,21.9916666666667,-58.75,-13.25,"T013","T013",-13.302753,-58.762906,2024-02-13,-61,30.9,75.4166666666667,0.5,0,0.405465108108164
2023-12-15,26.5416666666667,31.4,22.6,76.375,0.3,21.7666666666667,-58.75,-13.25,"T013","T013",-13.302753,-58.762906,2024-02-13,-60,31.4,76.375,0.3,0,0.262364264467491
2023-12-16,27.7208333333333,33.1,22.8,68.2916666666667,0.2,20.95,-58.75,-13.25,"T013","T013",-13.302753,-58.762906,2024-02-13,-59,33.1,68.2916666666667,0.2,0,0.182321556793955
2023-12-17,26.0083333333333,29.5,22.7,73.25,0.2,20.7708333333333,-58.75,-13.25,"T013","T013",-13.302753,-58.762906,2024-02-13,-58,29.5,73.25,0.2,0,0.182321556793955
2023-12-18,27.3125,33.1,22.3,71.125,0.2,21.1625,-58.75,-13.25,"T013","T013",-13.302753,-58.762906,2024-02-13,-57,33.1,71.125,0.2,0,0.182321556793955
2023-12-19,25.8291666666667,30.7,23.2,78,1.9,21.6041666666667,-58.75,-13.25,"T013","T013",-13.302753,-58.762906,2024-02-13,-56,30.7,78,1.9,1,1.06471073699243
2023-12-20,25.2958333333333,29.6,22.2,82.2916666666667,24.8,21.8958333333333,-58.75,-13.25,"T013","T013",-13.302753,-58.762906,2024-02-13,-55,29.6,82.2916666666667,24.8,1,3.25037449192757
2023-12-21,24.5875,27.6,22.4,86.2083333333333,18.5,22.0125,-58.75,-13.25,"T013","T013",-13.302753,-58.762906,2024-02-13,-54,27.6,86.2083333333333,18.5,1,2.9704144655697
2023-12-22,24.3083333333333,28,22.1,86.3333333333333,15.5,21.7666666666667,-58.75,-13.25,"T013","T013",-13.302753,-58.762906,2024-02-13,-53,28,86.3333333333333,15.5,1,2.80336038090653
2023-12-23,24.3833333333333,27.4,22,85.0416666666667,1.8,21.6125,-58.75,-13.25,"T013","T013",-13.302753,-58.762906,2024-02-13,-52,27.4,85.0416666666667,1.8,1,1.02961941718116
2023-12-24,25.7458333333333,30.1,22.2,81.25,4.1,22.1625,-58.75,-13.25,"T013","T013",-13.302753,-58.762906,2024-02-13,-51,30.1,81.25,4.1,1,1.62924053973028
2023-12-25,25.7666666666667,30.9,22.8,83.9166666666667,6.6,22.7291666666667,-58.75,-13.25,"T013","T013",-13.302753,-58.762906,2024-02-13,-50,30.9,83.9166666666667,6.6,1,2.02814824729229
2023-12-26,24.7791666666667,30.3,22.4,83.5,3,21.6166666666667,-58.75,-13.25,"T013","T013",-13.302753,-58.762906,2024-02-13,-49,30.3,83.5,3,1,1.38629436111989
2023-12-27,26.0458333333333,31.2,20.4,70.8333333333333,0.1,19.8625,-58.75,-13.25,"T013","T013",-13.302753,-58.762906,2024-02-13,-48,31.2,70.8333333333333,0.1,0,0.0953101798043249
2023-12-28,27.0416666666667,32.2,22.3,70.125,0.1,20.85,-58.75,-13.25,"T013","T013",-13.302753,-58.762906,2024-02-13,-47,32.2,70.125,0.1,0,0.0953101798043249
2023-12-29,25.75,29.7,22.9,79.625,1.5,21.8125,-58.75,-13.25,"T013","T013",-13.302753,-58.762906,2024-02-13,-46,29.7,79.625,1.5,1,0.916290731874155
2023-12-30,24.0833333333333,27.4,22.6,89.5,8.5,22.175,-58.75,-13.25,"T013","T013",-13.302753,-58.762906,2024-02-13,-45,27.4,89.5,8.5,1,2.2512917986065
2023-12-31,24.725,28.4,21.6,83.5,5,21.6375,-58.75,-13.25,"T013","T013",-13.302753,-58.762906,2024-02-13,-44,28.4,83.5,5,1,1.79175946922805
2024-01-01,24.2666666666667,27.5,21.9,85.8333333333333,17.8,21.6666666666667,-58.75,-13.25,"T013","T013",-13.302753,-58.762906,2024-02-13,-43,27.5,85.8333333333333,17.8,1,2.9338568698359
2024-01-02,24.7083333333333,29.4,22.2,83.7083333333333,7,21.6333333333333,-58.75,-13.25,"T013","T013",-13.302753,-58.762906,2024-02-13,-42,29.4,83.7083333333333,7,1,2.07944154167984
2024-01-03,23.4083333333333,26.5,21.9,88.75,30.6,21.4208333333333,-58.75,-13.25,"T013","T013",-13.302753,-58.762906,2024-02-13,-41,26.5,88.75,30.6,1,3.45315712059287
2024-01-04,24.2833333333333,29.3,21.7,86.4583333333333,13.7,21.7708333333333,-58.75,-13.25,"T013","T013",-13.302753,-58.762906,2024-02-13,-40,29.3,86.4583333333333,13.7,1,2.68784749378469
2024-01-05,22.7958333333333,25.4,21.7,92.5416666666667,13.3,21.4708333333333,-58.75,-13.25,"T013","T013",-13.302753,-58.762906,2024-02-13,-39,25.4,92.5416666666667,13.3,1,2.66025953726586
2024-01-06,24.7958333333333,30.1,21.4,84.5833333333333,1.7,21.8041666666667,-58.75,-13.25,"T013","T013",-13.302753,-58.762906,2024-02-13,-38,30.1,84.5833333333333,1.7,1,0.993251773010283
2024-01-07,25.0875,29.3,22.2,83.375,1.2,21.8958333333333,-58.75,-13.25,"T013","T013",-13.302753,-58.762906,2024-02-13,-37,29.3,83.375,1.2,1,0.78845736036427
2024-01-08,25.6708333333333,30.1,21.8,81.0416666666667,1.9,22.0041666666667,-58.75,-13.25,"T013","T013",-13.302753,-58.762906,2024-02-13,-36,30.1,81.0416666666667,1.9,1,1.06471073699243
2024-01-09,24.6916666666667,30.5,21.7,83.4166666666667,5.8,21.5375,-58.75,-13.25,"T013","T013",-13.302753,-58.762906,2024-02-13,-35,30.5,83.4166666666667,5.8,1,1.91692261218206
2024-01-10,23.6166666666667,26.5,22,89.8333333333333,20.1,21.7625,-58.75,-13.25,"T013","T013",-13.302753,-58.762906,2024-02-13,-34,26.5,89.8333333333333,20.1,1,3.04927304048202
2024-01-11,23.0125,25.3,21.5,91.3333333333333,7.2,21.4916666666667,-58.75,-13.25,"T013","T013",-13.302753,-58.762906,2024-02-13,-33,25.3,91.3333333333333,7.2,1,2.10413415427021
2024-01-12,23.1916666666667,27.6,21.1,86.375,10.5,20.6708333333333,-58.75,-13.25,"T013","T013",-13.302753,-58.762906,2024-02-13,-32,27.6,86.375,10.5,1,2.4423470353692
2024-01-13,24.4375,29.3,21.4,84.1666666666667,8,21.4041666666667,-58.75,-13.25,"T013","T013",-13.302753,-58.762906,2024-02-13,-31,29.3,84.1666666666667,8,1,2.19722457733622
2024-01-14,23.9958333333333,27.6,21.2,85.7083333333333,6.6,21.325,-58.75,-13.25,"T013","T013",-13.302753,-58.762906,2024-02-13,-30,27.6,85.7083333333333,6.6,1,2.02814824729229
2024-01-15,25.025,29.7,21.6,83.5416666666667,1.9,21.8458333333333,-58.75,-13.25,"T013","T013",-13.302753,-58.762906,2024-02-13,-29,29.7,83.5416666666667,1.9,1,1.06471073699243
2024-01-16,25.6583333333333,30.1,21.9,80.2083333333333,3.4,21.8125,-58.75,-13.25,"T013","T013",-13.302753,-58.762906,2024-02-13,-28,30.1,80.2083333333333,3.4,1,1.48160454092422
2024-01-17,25.3833333333333,29.3,22.6,81.2916666666667,6.4,21.8333333333333,-58.75,-13.25,"T013","T013",-13.302753,-58.762906,2024-02-13,-27,29.3,81.2916666666667,6.4,1,2.00148000021012
2024-01-18,25.4041666666667,31.4,22,80.3333333333333,1.6,21.5333333333333,-58.75,-13.25,"T013","T013",-13.302753,-58.762906,2024-02-13,-26,31.4,80.3333333333333,1.6,1,0.955511445027436
2024-01-19,24.6208333333333,28.8,21.5,82.6666666666667,10.1,21.3041666666667,-58.75,-13.25,"T013","T013",-13.302753,-58.762906,2024-02-13,-25,28.8,82.6666666666667,10.1,1,2.40694510831829
2024-01-20,25.225,30.6,20.7,80.5,1.1,21.3583333333333,-58.75,-13.25,"T013","T013",-13.302753,-58.762906,2024-02-13,-24,30.6,80.5,1.1,1,0.741937344729377
2024-01-21,26.4375,32.4,22.1,77.0833333333333,0.9,21.7833333333333,-58.75,-13.25,"T013","T013",-13.302753,-58.762906,2024-02-13,-23,32.4,77.0833333333333,0.9,0,0.641853886172395
2024-01-22,25.3125,30.7,22.5,83.25,18.3,22.0916666666667,-58.75,-13.25,"T013","T013",-13.302753,-58.762906,2024-02-13,-22,30.7,83.25,18.3,1,2.96010509591084
2024-01-23,24.7625,29,22.5,86.375,6.6,22.2416666666667,-58.75,-13.25,"T013","T013",-13.302753,-58.762906,2024-02-13,-21,29,86.375,6.6,1,2.02814824729229
2024-01-24,25.3375,29.7,22.4,83.5,4,22.2166666666667,-58.75,-13.25,"T013","T013",-13.302753,-58.762906,2024-02-13,-20,29.7,83.5,4,1,1.6094379124341
2024-01-25,25.1916666666667,30.3,21.8,83.25,11.7,21.9458333333333,-58.75,-13.25,"T013","T013",-13.302753,-58.762906,2024-02-13,-19,30.3,83.25,11.7,1,2.54160199346455
2024-01-26,26.3416666666667,31.5,22.3,71.6666666666667,0,20.225,-58.75,-13.25,"T013","T013",-13.302753,-58.762906,2024-02-13,-18,31.5,71.6666666666667,0,0,0
2024-01-27,26.2666666666667,32.4,21,63.625,0,18.1083333333333,-58.75,-13.25,"T013","T013",-13.302753,-58.762906,2024-02-13,-17,32.4,63.625,0,0,0
2024-01-28,25.2916666666667,30.1,21.7,79.25,0.6,21.2041666666667,-58.75,-13.25,"T013","T013",-13.302753,-58.762906,2024-02-13,-16,30.1,79.25,0.6,0,0.470003629245736
2024-01-29,25.0375,29.4,21.7,80.8333333333333,0.5,21.3583333333333,-58.75,-13.25,"T013","T013",-13.302753,-58.762906,2024-02-13,-15,29.4,80.8333333333333,0.5,0,0.405465108108164
2024-01-30,25.2833333333333,30.1,21.3,82.2083333333333,7.3,21.9,-58.75,-13.25,"T013","T013",-13.302753,-58.762906,2024-02-13,-14,30.1,82.2083333333333,7.3,1,2.11625551480255
2024-01-31,25.1708333333333,29,22.2,83.1666666666667,6.5,21.9875,-58.75,-13.25,"T013","T013",-13.302753,-58.762906,2024-02-13,-13,29,83.1666666666667,6.5,1,2.01490302054226
2024-02-01,25.2583333333333,30,21.6,82.4583333333333,2.5,21.8416666666667,-58.75,-13.25,"T013","T013",-13.302753,-58.762906,2024-02-13,-12,30,82.4583333333333,2.5,1,1.25276296849537
2024-02-02,25,30.2,21.7,80.1666666666667,8.5,21.1666666666667,-58.75,-13.25,"T013","T013",-13.302753,-58.762906,2024-02-13,-11,30.2,80.1666666666667,8.5,1,2.2512917986065
2024-02-03,23.1291666666667,25.9,21.2,87.5,29.1,20.9083333333333,-58.75,-13.25,"T013","T013",-13.302753,-58.762906,2024-02-13,-10,25.9,87.5,29.1,1,3.40452517175483
2024-02-04,23.1208333333333,27.5,20.9,88.3333333333333,7.3,21.0291666666667,-58.75,-13.25,"T013","T013",-13.302753,-58.762906,2024-02-13,-9,27.5,88.3333333333333,7.3,1,2.11625551480255
2024-02-05,24.6333333333333,29.6,21.2,80.875,1.6,20.9041666666667,-58.75,-13.25,"T013","T013",-13.302753,-58.762906,2024-02-13,-8,29.6,80.875,1.6,1,0.955511445027436
2024-02-06,25.1666666666667,29.2,21.9,80.6666666666667,6.5,21.4291666666667,-58.75,-13.25,"T013","T013",-13.302753,-58.762906,2024-02-13,-7,29.2,80.6666666666667,6.5,1,2.01490302054226
2024-02-07,25.4333333333333,30,22.9,80.4583333333333,1.5,21.6625,-58.75,-13.25,"T013","T013",-13.302753,-58.762906,2024-02-13,-6,30,80.4583333333333,1.5,1,0.916290731874155
2024-02-08,26.275,31.5,22.2,76.5416666666667,0.1,21.5166666666667,-58.75,-13.25,"T013","T013",-13.302753,-58.762906,2024-02-13,-5,31.5,76.5416666666667,0.1,0,0.0953101798043249
2024-02-09,25.9125,31.1,22.5,81.2916666666667,2.1,22.225,-58.75,-13.25,"T013","T013",-13.302753,-58.762906,2024-02-13,-4,31.1,81.2916666666667,2.1,1,1.1314021114911
2024-02-10,25.2541666666667,29.3,22.7,84.2916666666667,12.6,22.3041666666667,-58.75,-13.25,"T013","T013",-13.302753,-58.762906,2024-02-13,-3,29.3,84.2916666666667,12.6,1,2.61006979274201
2024-02-11,23.6583333333333,26.1,22.1,88.8333333333333,9.3,21.6541666666667,-58.75,-13.25,"T013","T013",-13.302753,-58.762906,2024-02-13,-2,26.1,88.8333333333333,9.3,1,2.33214389523559
2024-02-12,22.6916666666667,24.1,21.5,91.125,5.1,21.1458333333333,-58.75,-13.25,"T013","T013",-13.302753,-58.762906,2024-02-13,-1,24.1,91.125,5.1,1,1.80828877117927
2023-11-14,28.4458333333333,35.4,23.1,67.875,0.2,21.2416666666667,-56,-12.5,"T014","T014",-12.442586,-55.888902,2024-02-02,-80,35.4,67.875,0.2,0,0.182321556793955
2023-11-15,30.1791666666667,37.2,23.4,62,0,21.0958333333333,-56,-12.5,"T014","T014",-12.442586,-55.888902,2024-02-02,-79,37.2,62,0,0,0
2023-11-16,26.6,30.3,23.5,77.5416666666667,1.5,22.2083333333333,-56,-12.5,"T014","T014",-12.442586,-55.888902,2024-02-02,-78,30.3,77.5416666666667,1.5,1,0.916290731874155
2023-11-17,25.25,29.6,22.7,84.9583333333333,6,22.45,-56,-12.5,"T014","T014",-12.442586,-55.888902,2024-02-02,-77,29.6,84.9583333333333,6,1,1.94591014905531
2023-11-18,27.2666666666667,33.2,22.2,75.9166666666667,0,22.1791666666667,-56,-12.5,"T014","T014",-12.442586,-55.888902,2024-02-02,-76,33.2,75.9166666666667,0,0,0
2023-11-19,26.3,30.8,23.7,80.5416666666667,8.3,22.5666666666667,-56,-12.5,"T014","T014",-12.442586,-55.888902,2024-02-02,-75,30.8,80.5416666666667,8.3,1,2.23001440015921
2023-11-20,25.8083333333333,30.8,22.5,80.4166666666667,0.3,21.8583333333333,-56,-12.5,"T014","T014",-12.442586,-55.888902,2024-02-02,-74,30.8,80.4166666666667,0.3,0,0.262364264467491
2023-11-21,25.7625,32.3,22.6,82.0416666666667,5.3,22.1583333333333,-56,-12.5,"T014","T014",-12.442586,-55.888902,2024-02-02,-73,32.3,82.0416666666667,5.3,1,1.84054963339749
2023-11-22,26.2458333333333,32.3,22.4,81.9583333333333,5.8,22.6708333333333,-56,-12.5,"T014","T014",-12.442586,-55.888902,2024-02-02,-72,32.3,81.9583333333333,5.8,1,1.91692261218206
2023-11-23,25.3166666666667,29.5,22.6,85.2083333333333,11,22.5291666666667,-56,-12.5,"T014","T014",-12.442586,-55.888902,2024-02-02,-71,29.5,85.2083333333333,11,1,2.484906649788
2023-11-24,26.1333333333333,31.4,21.8,79.0416666666667,1.7,21.8833333333333,-56,-12.5,"T014","T014",-12.442586,-55.888902,2024-02-02,-70,31.4,79.0416666666667,1.7,1,0.993251773010283
2023-11-25,27.2083333333333,32.8,22.5,76.5833333333333,1.8,22.3375,-56,-12.5,"T014","T014",-12.442586,-55.888902,2024-02-02,-69,32.8,76.5833333333333,1.8,1,1.02961941718116
2023-11-26,25.225,31.4,21.6,81.2083333333333,4.4,21.4625,-56,-12.5,"T014","T014",-12.442586,-55.888902,2024-02-02,-68,31.4,81.2083333333333,4.4,1,1.68639895357023
2023-11-27,25.6291666666667,31.7,20.5,77.9166666666667,0,21.0958333333333,-56,-12.5,"T014","T014",-12.442586,-55.888902,2024-02-02,-67,31.7,77.9166666666667,0,0,0
2023-11-28,27.3083333333333,34.1,22.4,71.375,0,21.0416666666667,-56,-12.5,"T014","T014",-12.442586,-55.888902,2024-02-02,-66,34.1,71.375,0,0,0
2023-11-29,28.1916666666667,33.5,22.5,69.6666666666667,0.1,21.5166666666667,-56,-12.5,"T014","T014",-12.442586,-55.888902,2024-02-02,-65,33.5,69.6666666666667,0.1,0,0.0953101798043249
2023-11-30,27.5375,33,22.3,73.0833333333333,0.4,21.7708333333333,-56,-12.5,"T014","T014",-12.442586,-55.888902,2024-02-02,-64,33,73.0833333333333,0.4,0,0.336472236621213
2023-12-01,26.3291666666667,31.1,23,77.25,1.4,21.7458333333333,-56,-12.5,"T014","T014",-12.442586,-55.888902,2024-02-02,-63,31.1,77.25,1.4,1,0.8754687373539
2023-12-02,26.5666666666667,32.9,21.9,78.375,1.3,22.0458333333333,-56,-12.5,"T014","T014",-12.442586,-55.888902,2024-02-02,-62,32.9,78.375,1.3,1,0.832909122935104
2023-12-03,25.4333333333333,30.6,22.3,82.5,3.8,22.0625,-56,-12.5,"T014","T014",-12.442586,-55.888902,2024-02-02,-61,30.6,82.5,3.8,1,1.56861591791385
2023-12-04,24.9125,31.1,21.6,82.875,2.8,21.4083333333333,-56,-12.5,"T014","T014",-12.442586,-55.888902,2024-02-02,-60,31.1,82.875,2.8,1,1.33500106673234
2023-12-05,25.5916666666667,30.9,21.4,79.125,0,21.375,-56,-12.5,"T014","T014",-12.442586,-55.888902,2024-02-02,-59,30.9,79.125,0,0,0
2023-12-06,28.2333333333333,34.4,22.1,69.4166666666667,0.1,21.4666666666667,-56,-12.5,"T014","T014",-12.442586,-55.888902,2024-02-02,-58,34.4,69.4166666666667,0.1,0,0.0953101798043249
2023-12-07,27.6583333333333,33.9,22.7,71,0.3,21.4083333333333,-56,-12.5,"T014","T014",-12.442586,-55.888902,2024-02-02,-57,33.9,71,0.3,0,0.262364264467491
2023-12-08,27.2583333333333,33.3,21.9,75.625,0.6,22.1541666666667,-56,-12.5,"T014","T014",-12.442586,-55.888902,2024-02-02,-56,33.3,75.625,0.6,0,0.470003629245736
2023-12-09,27.3958333333333,33.2,23,73.2083333333333,0.7,21.6625,-56,-12.5,"T014","T014",-12.442586,-55.888902,2024-02-02,-55,33.2,73.2083333333333,0.7,0,0.53062825106217
2023-12-10,27.9791666666667,33.6,23.2,71.2083333333333,0.2,21.775,-56,-12.5,"T014","T014",-12.442586,-55.888902,2024-02-02,-54,33.6,71.2083333333333,0.2,0,0.182321556793955
2023-12-11,26.3416666666667,31,23.2,74.5416666666667,0.2,21.325,-56,-12.5,"T014","T014",-12.442586,-55.888902,2024-02-02,-53,31,74.5416666666667,0.2,0,0.182321556793955
2023-12-12,26.9083333333333,31.4,23.1,75.0416666666667,0.9,21.7958333333333,-56,-12.5,"T014","T014",-12.442586,-55.888902,2024-02-02,-52,31.4,75.0416666666667,0.9,0,0.641853886172395
2023-12-13,28.4666666666667,34.6,22.8,68.8333333333333,0.1,21.5166666666667,-56,-12.5,"T014","T014",-12.442586,-55.888902,2024-02-02,-51,34.6,68.8333333333333,0.1,0,0.0953101798043249
2023-12-14,27.325,33.2,23.5,73.4583333333333,0.1,21.8791666666667,-56,-12.5,"T014","T014",-12.442586,-55.888902,2024-02-02,-50,33.2,73.4583333333333,0.1,0,0.0953101798043249
2023-12-15,27.6333333333333,34.1,22.2,70.25,0,21.025,-56,-12.5,"T014","T014",-12.442586,-55.888902,2024-02-02,-49,34.1,70.25,0,0,0
2023-12-16,29.1125,36,23.2,64.2916666666667,0.2,20.8916666666667,-56,-12.5,"T014","T014",-12.442586,-55.888902,2024-02-02,-48,36,64.2916666666667,0.2,0,0.182321556793955
2023-12-17,28.5958333333333,34.7,23.9,65.7083333333333,0.1,21.0625,-56,-12.5,"T014","T014",-12.442586,-55.888902,2024-02-02,-47,34.7,65.7083333333333,0.1,0,0.0953101798043249
2023-12-18,28.5291666666667,34.2,22.6,67.625,0,21.4875,-56,-12.5,"T014","T014",-12.442586,-55.888902,2024-02-02,-46,34.2,67.625,0,0,0
2023-12-19,26.2208333333333,32.2,23.3,79.2083333333333,7.2,22.0541666666667,-56,-12.5,"T014","T014",-12.442586,-55.888902,2024-02-02,-45,32.2,79.2083333333333,7.2,1,2.10413415427021
2023-12-20,26.2916666666667,31.1,22.1,81.8333333333333,5.1,22.6875,-56,-12.5,"T014","T014",-12.442586,-55.888902,2024-02-02,-44,31.1,81.8333333333333,5.1,1,1.80828877117927
2023-12-21,24.5375,28,23.2,92.5416666666667,34,23.2083333333333,-56,-12.5,"T014","T014",-12.442586,-55.888902,2024-02-02,-43,28,92.5416666666667,34,1,3.55534806148941
2023-12-22,24.2041666666667,29.1,22.6,90.7083333333333,20.8,22.5166666666667,-56,-12.5,"T014","T014",-12.442586,-55.888902,2024-02-02,-42,29.1,90.7083333333333,20.8,1,3.08190996979504
2023-12-23,24.7708333333333,28.4,22.2,87.6666666666667,11.6,22.4791666666667,-56,-12.5,"T014","T014",-12.442586,-55.888902,2024-02-02,-41,28.4,87.6666666666667,11.6,1,2.53369681395743
2023-12-24,27.125,32.1,22.4,78.625,0.3,22.7166666666667,-56,-12.5,"T014","T014",-12.442586,-55.888902,2024-02-02,-40,32.1,78.625,0.3,0,0.262364264467491
2023-12-25,27.6583333333333,34.3,23.2,79.75,3.7,23.4416666666667,-56,-12.5,"T014","T014",-12.442586,-55.888902,2024-02-02,-39,34.3,79.75,3.7,1,1.54756250871601
2023-12-26,25.3041666666667,31.2,22.6,82.8333333333333,0.8,21.925,-56,-12.5,"T014","T014",-12.442586,-55.888902,2024-02-02,-38,31.2,82.8333333333333,0.8,0,0.587786664902119
2023-12-27,27.0708333333333,33.5,20.7,77.125,0.3,22.2791666666667,-56,-12.5,"T014","T014",-12.442586,-55.888902,2024-02-02,-37,33.5,77.125,0.3,0,0.262364264467491
2023-12-28,28.2291666666667,34.1,22.6,74.2916666666667,0.2,22.6666666666667,-56,-12.5,"T014","T014",-12.442586,-55.888902,2024-02-02,-36,34.1,74.2916666666667,0.2,0,0.182321556793955
2023-12-29,25.5416666666667,28.9,23,86.4166666666667,4.3,23.0625,-56,-12.5,"T014","T014",-12.442586,-55.888902,2024-02-02,-35,28.9,86.4166666666667,4.3,1,1.66770682055808
2023-12-30,25.5791666666667,30,22.3,85.7916666666667,7.3,22.8541666666667,-56,-12.5,"T014","T014",-12.442586,-55.888902,2024-02-02,-34,30,85.7916666666667,7.3,1,2.11625551480255
2023-12-31,26.2,31.5,22.1,79.375,0,21.9916666666667,-56,-12.5,"T014","T014",-12.442586,-55.888902,2024-02-02,-33,31.5,79.375,0,0,0
2024-01-01,25.2,29,23,87.5833333333333,8.5,22.9166666666667,-56,-12.5,"T014","T014",-12.442586,-55.888902,2024-02-02,-32,29,87.5833333333333,8.5,1,2.2512917986065
2024-01-02,25.0083333333333,29.3,22.6,89.125,10.2,23.0125,-56,-12.5,"T014","T014",-12.442586,-55.888902,2024-02-02,-31,29.3,89.125,10.2,1,2.41591377830105
2024-01-03,24.175,27.4,22.7,91.5833333333333,23.3,22.7,-56,-12.5,"T014","T014",-12.442586,-55.888902,2024-02-02,-30,27.4,91.5833333333333,23.3,1,3.1904763503465
2024-01-04,24.8291666666667,28.1,22.4,90.9166666666667,23.3,23.1875,-56,-12.5,"T014","T014",-12.442586,-55.888902,2024-02-02,-29,28.1,90.9166666666667,23.3,1,3.1904763503465
2024-01-05,24.1416666666667,28.3,22.3,88.75,7.6,22.0416666666667,-56,-12.5,"T014","T014",-12.442586,-55.888902,2024-02-02,-28,28.3,88.75,7.6,1,2.15176220325946
2024-01-06,25.2208333333333,30.5,22.2,87.6666666666667,14.4,22.9,-56,-12.5,"T014","T014",-12.442586,-55.888902,2024-02-02,-27,30.5,87.6666666666667,14.4,1,2.73436750941958
2024-01-07,26.0166666666667,30.9,22.7,85.125,3.5,23.1916666666667,-56,-12.5,"T014","T014",-12.442586,-55.888902,2024-02-02,-26,30.9,85.125,3.5,1,1.50407739677627
2024-01-08,26.6791666666667,32.7,22.8,83.125,1.2,23.3083333333333,-56,-12.5,"T014","T014",-12.442586,-55.888902,2024-02-02,-25,32.7,83.125,1.2,1,0.78845736036427
2024-01-09,24.1833333333333,27.8,21.7,89.5,21,22.3,-56,-12.5,"T014","T014",-12.442586,-55.888902,2024-02-02,-24,27.8,89.5,21,1,3.09104245335832
2024-01-10,24.9125,29.4,22.7,89.5416666666667,24,23.0083333333333,-56,-12.5,"T014","T014",-12.442586,-55.888902,2024-02-02,-23,29.4,89.5416666666667,24,1,3.2188758248682
2024-01-11,23.5625,26.2,22.1,90.7916666666667,6.6,21.9375,-56,-12.5,"T014","T014",-12.442586,-55.888902,2024-02-02,-22,26.2,90.7916666666667,6.6,1,2.02814824729229
2024-01-12,25.075,29.9,22,85.0833333333333,6,22.2291666666667,-56,-12.5,"T014","T014",-12.442586,-55.888902,2024-02-02,-21,29.9,85.0833333333333,6,1,1.94591014905531
2024-01-13,25.4708333333333,29.2,22.5,88.0833333333333,6.7,23.2708333333333,-56,-12.5,"T014","T014",-12.442586,-55.888902,2024-02-02,-20,29.2,88.0833333333333,6.7,1,2.04122032885964
2024-01-14,26.0291666666667,32,22.5,83.2083333333333,1.8,22.7083333333333,-56,-12.5,"T014","T014",-12.442586,-55.888902,2024-02-02,-19,32,83.2083333333333,1.8,1,1.02961941718116
2024-01-15,26.6541666666667,31.6,22.2,78.0416666666667,0.2,22.1583333333333,-56,-12.5,"T014","T014",-12.442586,-55.888902,2024-02-02,-18,31.6,78.0416666666667,0.2,0,0.182321556793955
2024-01-16,27.3958333333333,33.5,22.8,76.2083333333333,0.6,22.4333333333333,-56,-12.5,"T014","T014",-12.442586,-55.888902,2024-02-02,-17,33.5,76.2083333333333,0.6,0,0.470003629245736
2024-01-17,27.1791666666667,33.2,23.3,76.5833333333333,0.3,22.4666666666667,-56,-12.5,"T014","T014",-12.442586,-55.888902,2024-02-02,-16,33.2,76.5833333333333,0.3,0,0.262364264467491
2024-01-18,26.8291666666667,32.8,22.1,77.9583333333333,1,22.3208333333333,-56,-12.5,"T014","T014",-12.442586,-55.888902,2024-02-02,-15,32.8,77.9583333333333,1,1,0.693147180559945
2024-01-19,25.4041666666667,29.3,22.3,84.75,9.2,22.55,-56,-12.5,"T014","T014",-12.442586,-55.888902,2024-02-02,-14,29.3,84.75,9.2,1,2.32238772029023
2024-01-20,26.7708333333333,32.4,22.8,81.2083333333333,1.6,22.975,-56,-12.5,"T014","T014",-12.442586,-55.888902,2024-02-02,-13,32.4,81.2083333333333,1.6,1,0.955511445027436
2024-01-21,26.3125,30.4,23,84.6666666666667,11,23.4333333333333,-56,-12.5,"T014","T014",-12.442586,-55.888902,2024-02-02,-12,30.4,84.6666666666667,11,1,2.484906649788
2024-01-22,26.9375,33,23.6,82.125,3.8,23.3875,-56,-12.5,"T014","T014",-12.442586,-55.888902,2024-02-02,-11,33,82.125,3.8,1,1.56861591791385
2024-01-23,25.9333333333333,33.1,23,87.9583333333333,14.8,23.6458333333333,-56,-12.5,"T014","T014",-12.442586,-55.888902,2024-02-02,-10,33.1,87.9583333333333,14.8,1,2.76000994003292
2024-01-24,25.6083333333333,29.6,23.2,88.1666666666667,13.1,23.375,-56,-12.5,"T014","T014",-12.442586,-55.888902,2024-02-02,-9,29.6,88.1666666666667,13.1,1,2.64617479738412
2024-01-25,25.5625,29.5,22.8,87.125,19.2,23.1458333333333,-56,-12.5,"T014","T014",-12.442586,-55.888902,2024-02-02,-8,29.5,87.125,19.2,1,3.00568260440716
2024-01-26,27.25,32.9,22.9,79.125,2.1,22.8625,-56,-12.5,"T014","T014",-12.442586,-55.888902,2024-02-02,-7,32.9,79.125,2.1,1,1.1314021114911
2024-01-27,26.9958333333333,32.9,22.8,74.75,0,21.4416666666667,-56,-12.5,"T014","T014",-12.442586,-55.888902,2024-02-02,-6,32.9,74.75,0,0,0
2024-01-28,26.5333333333333,32.3,22.6,76.5416666666667,0.2,21.7625,-56,-12.5,"T014","T014",-12.442586,-55.888902,2024-02-02,-5,32.3,76.5416666666667,0.2,0,0.182321556793955
2024-01-29,25.925,30.9,22.1,80.6666666666667,0.5,22.0583333333333,-56,-12.5,"T014","T014",-12.442586,-55.888902,2024-02-02,-4,30.9,80.6666666666667,0.5,0,0.405465108108164
2024-01-30,27.1958333333333,33.6,22.2,74.5,0.1,21.8083333333333,-56,-12.5,"T014","T014",-12.442586,-55.888902,2024-02-02,-3,33.6,74.5,0.1,0,0.0953101798043249
2024-01-31,25.4833333333333,29.3,22.8,83.8333333333333,5.1,22.4416666666667,-56,-12.5,"T014","T014",-12.442586,-55.888902,2024-02-02,-2,29.3,83.8333333333333,5.1,1,1.80828877117927
2024-02-01,26.9166666666667,33.6,21.5,76.9166666666667,3.2,22.0625,-56,-12.5,"T014","T014",-12.442586,-55.888902,2024-02-02,-1,33.6,76.9166666666667,3.2,1,1.43508452528932
2023-12-08,26.975,32.8,21.8,77.375,2.4,22.3333333333333,-55.5,-11.75,"T015","T015",-11.847778,-55.596667,2024-02-26,-80,32.8,77.375,2.4,1,1.22377543162212
2023-12-09,27.1083333333333,33.1,22.7,77.625,1.4,22.5166666666667,-55.5,-11.75,"T015","T015",-11.847778,-55.596667,2024-02-26,-79,33.1,77.625,1.4,1,0.8754687373539
2023-12-10,27.9,33.5,23.4,73.75,1.6,22.2833333333333,-55.5,-11.75,"T015","T015",-11.847778,-55.596667,2024-02-26,-78,33.5,73.75,1.6,1,0.955511445027436
2023-12-11,24.95,27.8,22.4,84.625,9,22.1083333333333,-55.5,-11.75,"T015","T015",-11.847778,-55.596667,2024-02-26,-77,27.8,84.625,9,1,2.30258509299405
2023-12-12,25.9333333333333,31.1,23,82.5416666666667,2.2,22.5625,-55.5,-11.75,"T015","T015",-11.847778,-55.596667,2024-02-26,-76,31.1,82.5416666666667,2.2,1,1.16315080980568
2023-12-13,27.6208333333333,33.7,22.6,75.125,0.8,22.225,-55.5,-11.75,"T015","T015",-11.847778,-55.596667,2024-02-26,-75,33.7,75.125,0.8,0,0.587786664902119
2023-12-14,26.7541666666667,32.7,22.6,79.7083333333333,2.5,22.6666666666667,-55.5,-11.75,"T015","T015",-11.847778,-55.596667,2024-02-26,-74,32.7,79.7083333333333,2.5,1,1.25276296849537
2023-12-15,27.0416666666667,33.7,21.8,76.9583333333333,0.3,22.1041666666667,-55.5,-11.75,"T015","T015",-11.847778,-55.596667,2024-02-26,-73,33.7,76.9583333333333,0.3,0,0.262364264467491
2023-12-16,28.4625,34.8,22.9,69.75,0,21.6541666666667,-55.5,-11.75,"T015","T015",-11.847778,-55.596667,2024-02-26,-72,34.8,69.75,0,0,0
2023-12-17,28.3083333333333,34.8,22.6,74.2083333333333,2.6,22.8166666666667,-55.5,-11.75,"T015","T015",-11.847778,-55.596667,2024-02-26,-71,34.8,74.2083333333333,2.6,1,1.28093384546206
2023-12-18,27.6041666666667,32.3,23,75.75,2.4,22.5791666666667,-55.5,-11.75,"T015","T015",-11.847778,-55.596667,2024-02-26,-70,32.3,75.75,2.4,1,1.22377543162212
2023-12-19,25.8,30.9,22.6,83.875,13.2,22.6666666666667,-55.5,-11.75,"T015","T015",-11.847778,-55.596667,2024-02-26,-69,30.9,83.875,13.2,1,2.65324196460721
2023-12-20,25.6458333333333,30.8,21.9,84.5416666666667,34,22.6,-55.5,-11.75,"T015","T015",-11.847778,-55.596667,2024-02-26,-68,30.8,84.5416666666667,34,1,3.55534806148941
2023-12-21,24.8625,28.9,23,89.2083333333333,15.6,22.8458333333333,-55.5,-11.75,"T015","T015",-11.847778,-55.596667,2024-02-26,-67,28.9,89.2083333333333,15.6,1,2.8094026953625
2023-12-22,24.4458333333333,27.6,22.6,90.25,6.1,22.7041666666667,-55.5,-11.75,"T015","T015",-11.847778,-55.596667,2024-02-26,-66,27.6,90.25,6.1,1,1.96009478404727
2023-12-23,24.4708333333333,26.9,22.6,92.7916666666667,8.5,23.2,-55.5,-11.75,"T015","T015",-11.847778,-55.596667,2024-02-26,-65,26.9,92.7916666666667,8.5,1,2.2512917986065
2023-12-24,26.7125,32.4,23,82.8333333333333,2.4,23.3208333333333,-55.5,-11.75,"T015","T015",-11.847778,-55.596667,2024-02-26,-64,32.4,82.8333333333333,2.4,1,1.22377543162212
2023-12-25,27.4125,33.3,23.2,80.0833333333333,1.9,23.4125,-55.5,-11.75,"T015","T015",-11.847778,-55.596667,2024-02-26,-63,33.3,80.0833333333333,1.9,1,1.06471073699243
2023-12-26,25.1166666666667,29.9,22,86.2083333333333,11.2,22.5416666666667,-55.5,-11.75,"T015","T015",-11.847778,-55.596667,2024-02-26,-62,29.9,86.2083333333333,11.2,1,2.50143595173921
2023-12-27,27.5458333333333,34.2,21.9,76.8333333333333,0.4,22.6375,-55.5,-11.75,"T015","T015",-11.847778,-55.596667,2024-02-26,-61,34.2,76.8333333333333,0.4,0,0.336472236621213
2023-12-28,27.9708333333333,33.7,22.9,76.25,0.7,22.9333333333333,-55.5,-11.75,"T015","T015",-11.847778,-55.596667,2024-02-26,-60,33.7,76.25,0.7,0,0.53062825106217
2023-12-29,25.375,29.3,22.8,86.25,5.3,22.8458333333333,-55.5,-11.75,"T015","T015",-11.847778,-55.596667,2024-02-26,-59,29.3,86.25,5.3,1,1.84054963339749
2023-12-30,25.475,29.5,22.4,87.125,8.9,23.0458333333333,-55.5,-11.75,"T015","T015",-11.847778,-55.596667,2024-02-26,-58,29.5,87.125,8.9,1,2.29253475714054
2023-12-31,25.5333333333333,30.3,22.4,88.1666666666667,10.1,23.3125,-55.5,-11.75,"T015","T015",-11.847778,-55.596667,2024-02-26,-57,30.3,88.1666666666667,10.1,1,2.40694510831829
2024-01-01,25.0416666666667,29,23,89.8333333333333,23,23.1708333333333,-55.5,-11.75,"T015","T015",-11.847778,-55.596667,2024-02-26,-56,29,89.8333333333333,23,1,3.17805383034795
2024-01-02,24.9166666666667,28.9,22.8,90,12.1,23.0833333333333,-55.5,-11.75,"T015","T015",-11.847778,-55.596667,2024-02-26,-55,28.9,90,12.1,1,2.57261223020711
2024-01-03,24.1375,26.4,22.9,92.875,17.3,22.8916666666667,-55.5,-11.75,"T015","T015",-11.847778,-55.596667,2024-02-26,-54,26.4,92.875,17.3,1,2.90690105984738
2024-01-04,24.35,27.7,22.5,92.5,32,23.0375,-55.5,-11.75,"T015","T015",-11.847778,-55.596667,2024-02-26,-53,27.7,92.5,32,1,3.49650756146648
2024-01-05,23.7583333333333,26.2,22.5,93.2916666666667,11.4,22.5916666666667,-55.5,-11.75,"T015","T015",-11.847778,-55.596667,2024-02-26,-52,26.2,93.2916666666667,11.4,1,2.51769647261099
2024-01-06,24.7416666666667,28.4,21.8,89.0416666666667,8.2,22.7125,-55.5,-11.75,"T015","T015",-11.847778,-55.596667,2024-02-26,-51,28.4,89.0416666666667,8.2,1,2.21920348405499
2024-01-07,25.7083333333333,30.5,23,86.2916666666667,14.9,23.125,-55.5,-11.75,"T015","T015",-11.847778,-55.596667,2024-02-26,-50,30.5,86.2916666666667,14.9,1,2.76631910922619
2024-01-08,25.8791666666667,31.8,22.8,85,8.8,22.8291666666667,-55.5,-11.75,"T015","T015",-11.847778,-55.596667,2024-02-26,-49,31.8,85,8.8,1,2.28238238567653
2024-01-09,23.8041666666667,26.8,21.7,91.7083333333333,24.7,22.3375,-55.5,-11.75,"T015","T015",-11.847778,-55.596667,2024-02-26,-48,26.8,91.7083333333333,24.7,1,3.24649099190117
2024-01-10,24.5,27.4,22.7,89.0416666666667,7.9,22.5125,-55.5,-11.75,"T015","T015",-11.847778,-55.596667,2024-02-26,-47,27.4,89.0416666666667,7.9,1,2.18605127673809
2024-01-11,24.2666666666667,27.5,22.1,89.6666666666667,2.1,22.4041666666667,-55.5,-11.75,"T015","T015",-11.847778,-55.596667,2024-02-26,-46,27.5,89.6666666666667,2.1,1,1.1314021114911
2024-01-12,25.0083333333333,28.6,22.5,83.7083333333333,2.6,21.9041666666667,-55.5,-11.75,"T015","T015",-11.847778,-55.596667,2024-02-26,-45,28.6,83.7083333333333,2.6,1,1.28093384546206
2024-01-13,26.0416666666667,31.2,23.1,84.1666666666667,4.8,22.9458333333333,-55.5,-11.75,"T015","T015",-11.847778,-55.596667,2024-02-26,-44,31.2,84.1666666666667,4.8,1,1.75785791755237
2024-01-14,25.2416666666667,31.7,21.7,85.8333333333333,8.6,22.4833333333333,-55.5,-11.75,"T015","T015",-11.847778,-55.596667,2024-02-26,-43,31.7,85.8333333333333,8.6,1,2.26176309847379
2024-01-15,26.2916666666667,31,21.8,80,1.4,22.3083333333333,-55.5,-11.75,"T015","T015",-11.847778,-55.596667,2024-02-26,-42,31,80,1.4,1,0.8754687373539
2024-01-16,27.5125,33,22.8,76.75,0.4,22.7375,-55.5,-11.75,"T015","T015",-11.847778,-55.596667,2024-02-26,-41,33,76.75,0.4,0,0.336472236621213
2024-01-17,27.6458333333333,33.4,23.1,76.7916666666667,1.3,22.8916666666667,-55.5,-11.75,"T015","T015",-11.847778,-55.596667,2024-02-26,-40,33.4,76.7916666666667,1.3,1,0.832909122935104
2024-01-18,25.9833333333333,32.2,21.5,81.0833333333333,5.8,22.2541666666667,-55.5,-11.75,"T015","T015",-11.847778,-55.596667,2024-02-26,-39,32.2,81.0833333333333,5.8,1,1.91692261218206
2024-01-19,25.0708333333333,28.7,22.6,88.2916666666667,19.4,22.9416666666667,-55.5,-11.75,"T015","T015",-11.847778,-55.596667,2024-02-26,-38,28.7,88.2916666666667,19.4,1,3.01553490085017
2024-01-20,26.6625,32.7,22.9,80.5,0.6,22.6541666666667,-55.5,-11.75,"T015","T015",-11.847778,-55.596667,2024-02-26,-37,32.7,80.5,0.6,0,0.470003629245736
2024-01-21,26.3791666666667,31.3,22.6,83.375,11.5,23.1416666666667,-55.5,-11.75,"T015","T015",-11.847778,-55.596667,2024-02-26,-36,31.3,83.375,11.5,1,2.52572864430826
2024-01-22,26.7333333333333,32.7,23.6,85.25,2.8,23.8,-55.5,-11.75,"T015","T015",-11.847778,-55.596667,2024-02-26,-35,32.7,85.25,2.8,1,1.33500106673234
2024-01-23,26.4083333333333,31.7,23.5,85.7083333333333,11.9,23.6666666666667,-55.5,-11.75,"T015","T015",-11.847778,-55.596667,2024-02-26,-34,31.7,85.7083333333333,11.9,1,2.55722731136763
2024-01-24,25.2041666666667,27.9,23.1,91.0416666666667,26.6,23.5875,-55.5,-11.75,"T015","T015",-11.847778,-55.596667,2024-02-26,-33,27.9,91.0416666666667,26.6,1,3.3178157727231
2024-01-25,25.1833333333333,29.3,23.2,88.0416666666667,7.9,23.0041666666667,-55.5,-11.75,"T015","T015",-11.847778,-55.596667,2024-02-26,-32,29.3,88.0416666666667,7.9,1,2.18605127673809
2024-01-26,26.325,32.3,22.7,85.7916666666667,7.2,23.55,-55.5,-11.75,"T015","T015",-11.847778,-55.596667,2024-02-26,-31,32.3,85.7916666666667,7.2,1,2.10413415427021
2024-01-27,26.1166666666667,30.4,23.2,84.0833333333333,1.1,23.05,-55.5,-11.75,"T015","T015",-11.847778,-55.596667,2024-02-26,-30,30.4,84.0833333333333,1.1,1,0.741937344729377
2024-01-28,25.3416666666667,29.8,22.9,85.2083333333333,7.1,22.575,-55.5,-11.75,"T015","T015",-11.847778,-55.596667,2024-02-26,-29,29.8,85.2083333333333,7.1,1,2.09186406167839
2024-01-29,25.8916666666667,30.5,22.4,81.0833333333333,0.5,22.0625,-55.5,-11.75,"T015","T015",-11.847778,-55.596667,2024-02-26,-28,30.5,81.0833333333333,0.5,0,0.405465108108164
2024-01-30,26.8416666666667,32.6,21.6,76.7916666666667,0.8,21.8541666666667,-55.5,-11.75,"T015","T015",-11.847778,-55.596667,2024-02-26,-27,32.6,76.7916666666667,0.8,0,0.587786664902119
2024-01-31,25.2208333333333,28.6,23.1,86.875,4,22.8041666666667,-55.5,-11.75,"T015","T015",-11.847778,-55.596667,2024-02-26,-26,28.6,86.875,4,1,1.6094379124341
2024-02-01,26.2666666666667,32,22,82.5,11.4,22.775,-55.5,-11.75,"T015","T015",-11.847778,-55.596667,2024-02-26,-25,32,82.5,11.4,1,2.51769647261099
2024-02-02,23.8416666666667,29,21.1,88,78.9,21.5666666666667,-55.5,-11.75,"T015","T015",-11.847778,-55.596667,2024-02-26,-24,29,88,78.9,1,4.38077585277223
2024-02-03,24.1583333333333,27.9,22.5,89.9583333333333,17.6,22.35,-55.5,-11.75,"T015","T015",-11.847778,-55.596667,2024-02-26,-23,27.9,89.9583333333333,17.6,1,2.92316158071916
2024-02-04,24.2333333333333,28.7,22.4,90.2083333333333,7.9,22.4458333333333,-55.5,-11.75,"T015","T015",-11.847778,-55.596667,2024-02-26,-22,28.7,90.2083333333333,7.9,1,2.18605127673809
2024-02-05,23.8458333333333,27.6,21.6,92.625,30.5,22.525,-55.5,-11.75,"T015","T015",-11.847778,-55.596667,2024-02-26,-21,27.6,92.625,30.5,1,3.44998754583159
2024-02-06,26.8416666666667,33.3,21.9,77.9583333333333,0.1,22.3166666666667,-55.5,-11.75,"T015","T015",-11.847778,-55.596667,2024-02-26,-20,33.3,77.9583333333333,0.1,0,0.0953101798043249
2024-02-07,27.4041666666667,33.2,22.5,77.0833333333333,0.3,22.7125,-55.5,-11.75,"T015","T015",-11.847778,-55.596667,2024-02-26,-19,33.2,77.0833333333333,0.3,0,0.262364264467491
2024-02-08,26.4708333333333,31.8,23.6,83.25,6.7,23.1791666666667,-55.5,-11.75,"T015","T015",-11.847778,-55.596667,2024-02-26,-18,31.8,83.25,6.7,1,2.04122032885964
2024-02-09,26.7875,32.4,23.3,84.2083333333333,4.6,23.7125,-55.5,-11.75,"T015","T015",-11.847778,-55.596667,2024-02-26,-17,32.4,84.2083333333333,4.6,1,1.7227665977411
2024-02-10,25.2041666666667,29.3,23.2,87.9583333333333,25.8,22.9625,-55.5,-11.75,"T015","T015",-11.847778,-55.596667,2024-02-26,-16,29.3,87.9583333333333,25.8,1,3.28840188751681
2024-02-11,24.7083333333333,29,22.1,89.375,16.2,22.6958333333333,-55.5,-11.75,"T015","T015",-11.847778,-55.596667,2024-02-26,-15,29,89.375,16.2,1,2.84490938381941
2024-02-12,24.5375,29,21.5,86.5833333333333,7,21.9916666666667,-55.5,-11.75,"T015","T015",-11.847778,-55.596667,2024-02-26,-14,29,86.5833333333333,7,1,2.07944154167984
2024-02-13,26.9625,32.8,23.2,74.6666666666667,0,21.55,-55.5,-11.75,"T015","T015",-11.847778,-55.596667,2024-02-26,-13,32.8,74.6666666666667,0,0,0
2024-02-14,28.0875,34.1,22.8,72.8333333333333,0.2,22.4166666666667,-55.5,-11.75,"T015","T015",-11.847778,-55.596667,2024-02-26,-12,34.1,72.8333333333333,0.2,0,0.182321556793955
2024-02-15,28.85,34.7,23.6,72.2916666666667,0.2,22.9875,-55.5,-11.75,"T015","T015",-11.847778,-55.596667,2024-02-26,-11,34.7,72.2916666666667,0.2,0,0.182321556793955
2024-02-16,27.725,33,24.2,76.9166666666667,0.4,23.0333333333333,-55.5,-11.75,"T015","T015",-11.847778,-55.596667,2024-02-26,-10,33,76.9166666666667,0.4,0,0.336472236621213
2024-02-17,26.3041666666667,30.4,23.5,83.6666666666667,3.8,23.1916666666667,-55.5,-11.75,"T015","T015",-11.847778,-55.596667,2024-02-26,-9,30.4,83.6666666666667,3.8,1,1.56861591791385
2024-02-18,25.9166666666667,30.9,23,86.25,7.6,23.2625,-55.5,-11.75,"T015","T015",-11.847778,-55.596667,2024-02-26,-8,30.9,86.25,7.6,1,2.15176220325946
2024-02-19,24.6916666666667,28,22.7,91.5416666666667,14.5,23.1291666666667,-55.5,-11.75,"T015","T015",-11.847778,-55.596667,2024-02-26,-7,28,91.5416666666667,14.5,1,2.7408400239252
2024-02-20,24.5291666666667,28,22.2,91,20.4,22.95,-55.5,-11.75,"T015","T015",-11.847778,-55.596667,2024-02-26,-6,28,91,20.4,1,3.06339092202781
2024-02-21,24.9166666666667,29.9,22.2,86,8.4,22.1666666666667,-55.5,-11.75,"T015","T015",-11.847778,-55.596667,2024-02-26,-5,29.9,86,8.4,1,2.24070968927596
2024-02-22,25.9208333333333,30.6,22.9,84.9583333333333,7.1,23.0375,-55.5,-11.75,"T015","T015",-11.847778,-55.596667,2024-02-26,-4,30.6,84.9583333333333,7.1,1,2.09186406167839
2024-02-23,25.175,29.3,22.2,85.8333333333333,10.3,22.5083333333333,-55.5,-11.75,"T015","T015",-11.847778,-55.596667,2024-02-26,-3,29.3,85.8333333333333,10.3,1,2.42480272571829
2024-02-24,24.5708333333333,28.8,21.9,89,14.7,22.5791666666667,-55.5,-11.75,"T015","T015",-11.847778,-55.596667,2024-02-26,-2,28.8,89,14.7,1,2.75366071235426
2024-02-25,26.8125,32.8,22.2,79.0833333333333,0.6,22.5,-55.5,-11.75,"T015","T015",-11.847778,-55.596667,2024-02-26,-1,32.8,79.0833333333333,0.6,0,0.470003629245736
2023-12-07,27.8333333333333,33.9,23.5,69.75,0.8,21.3625,-55.75,-12.5,"T016","T016",-12.474003,-55.672839,2024-02-25,-80,33.9,69.75,0.8,0,0.587786664902119
2023-12-08,27.4666666666667,33.2,22.5,74.5,0.5,22.175,-55.75,-12.5,"T016","T016",-12.474003,-55.672839,2024-02-25,-79,33.2,74.5,0.5,0,0.405465108108164
2023-12-09,27.7666666666667,33.2,23.6,70.125,0.3,21.5,-55.75,-12.5,"T016","T016",-12.474003,-55.672839,2024-02-25,-78,33.2,70.125,0.3,0,0.262364264467491
2023-12-10,28.325,33.5,23.7,71.0833333333333,0.2,22.1791666666667,-55.75,-12.5,"T016","T016",-12.474003,-55.672839,2024-02-25,-77,33.5,71.0833333333333,0.2,0,0.182321556793955
2023-12-11,26.0791666666667,29.5,23.1,76.4166666666667,1.4,21.55,-55.75,-12.5,"T016","T016",-12.474003,-55.672839,2024-02-25,-76,29.5,76.4166666666667,1.4,1,0.8754687373539
2023-12-12,26.7833333333333,31.1,23.4,76.125,0.4,21.9708333333333,-55.75,-12.5,"T016","T016",-12.474003,-55.672839,2024-02-25,-75,31.1,76.125,0.4,0,0.336472236621213
2023-12-13,28.5083333333333,34.5,22.9,68.5416666666667,0.4,21.4791666666667,-55.75,-12.5,"T016","T016",-12.474003,-55.672839,2024-02-25,-74,34.5,68.5416666666667,0.4,0,0.336472236621213
2023-12-14,27.3833333333333,33.3,23.6,74.2083333333333,0.9,22.1333333333333,-55.75,-12.5,"T016","T016",-12.474003,-55.672839,2024-02-25,-73,33.3,74.2083333333333,0.9,0,0.641853886172395
2023-12-15,27.8333333333333,34.7,22.2,69.5,0,20.9541666666667,-55.75,-12.5,"T016","T016",-12.474003,-55.672839,2024-02-25,-72,34.7,69.5,0,0,0
2023-12-16,29.3666666666667,35.9,24,64.125,0.1,21.1333333333333,-55.75,-12.5,"T016","T016",-12.474003,-55.672839,2024-02-25,-71,35.9,64.125,0.1,0,0.0953101798043249
2023-12-17,28.8291666666667,35,24,65.5833333333333,0,21.2875,-55.75,-12.5,"T016","T016",-12.474003,-55.672839,2024-02-25,-70,35,65.5833333333333,0,0,0
2023-12-18,28.825,34.5,22.7,64.9583333333333,0.2,21.0875,-55.75,-12.5,"T016","T016",-12.474003,-55.672839,2024-02-25,-69,34.5,64.9583333333333,0.2,0,0.182321556793955
2023-12-19,26.4958333333333,31.9,23.6,77.7083333333333,7.7,22.0458333333333,-55.75,-12.5,"T016","T016",-12.474003,-55.672839,2024-02-25,-68,31.9,77.7083333333333,7.7,1,2.16332302566054
2023-12-20,26.475,31.9,22.1,80.125,8.3,22.4083333333333,-55.75,-12.5,"T016","T016",-12.474003,-55.672839,2024-02-25,-67,31.9,80.125,8.3,1,2.23001440015921
2023-12-21,24.8875,28,23.3,90.0416666666667,31.7,23.0708333333333,-55.75,-12.5,"T016","T016",-12.474003,-55.672839,2024-02-25,-66,28,90.0416666666667,31.7,1,3.48737507790321
2023-12-22,24.6541666666667,28.7,22.9,88.3333333333333,17.8,22.5458333333333,-55.75,-12.5,"T016","T016",-12.474003,-55.672839,2024-02-25,-65,28.7,88.3333333333333,17.8,1,2.9338568698359
2023-12-23,24.9625,28.4,22.5,85.2916666666667,10.4,22.2083333333333,-55.75,-12.5,"T016","T016",-12.474003,-55.672839,2024-02-25,-64,28.4,85.2916666666667,10.4,1,2.43361335540045
2023-12-24,27.0958333333333,32.2,22.3,78.4166666666667,0.1,22.6833333333333,-55.75,-12.5,"T016","T016",-12.474003,-55.672839,2024-02-25,-63,32.2,78.4166666666667,0.1,0,0.0953101798043249
2023-12-25,27.7958333333333,34.8,23.4,76.0416666666667,4.9,22.8458333333333,-55.75,-12.5,"T016","T016",-12.474003,-55.672839,2024-02-25,-62,34.8,76.0416666666667,4.9,1,1.77495235091167
2023-12-26,25.3333333333333,31.1,22.8,82.0833333333333,1.7,21.8958333333333,-55.75,-12.5,"T016","T016",-12.474003,-55.672839,2024-02-25,-61,31.1,82.0833333333333,1.7,1,0.993251773010283
2023-12-27,27.3291666666667,33.7,20.9,75,0.1,21.9625,-55.75,-12.5,"T016","T016",-12.474003,-55.672839,2024-02-25,-60,33.7,75,0.1,0,0.0953101798043249
2023-12-28,28.5375,34.1,22.8,73,0.1,22.6875,-55.75,-12.5,"T016","T016",-12.474003,-55.672839,2024-02-25,-59,34.1,73,0.1,0,0.0953101798043249
2023-12-29,25.7541666666667,29.9,23.4,85.3333333333333,4.4,23.0333333333333,-55.75,-12.5,"T016","T016",-12.474003,-55.672839,2024-02-25,-58,29.9,85.3333333333333,4.4,1,1.68639895357023
2023-12-30,25.8291666666667,29.5,22.6,85,4.8,22.9708333333333,-55.75,-12.5,"T016","T016",-12.474003,-55.672839,2024-02-25,-57,29.5,85,4.8,1,1.75785791755237
2023-12-31,26.1875,31.2,22.6,80.2083333333333,0,22.1958333333333,-55.75,-12.5,"T016","T016",-12.474003,-55.672839,2024-02-25,-56,31.2,80.2083333333333,0,0,0
2024-01-01,25.4708333333333,28.9,23.3,86.25,4.2,22.9125,-55.75,-12.5,"T016","T016",-12.474003,-55.672839,2024-02-25,-55,28.9,86.25,4.2,1,1.64865862558738
2024-01-02,24.9958333333333,28.7,22.7,88.5,15.5,22.9083333333333,-55.75,-12.5,"T016","T016",-12.474003,-55.672839,2024-02-25,-54,28.7,88.5,15.5,1,2.80336038090653
2024-01-03,24.275,27.4,22.9,90.4583333333333,20,22.5833333333333,-55.75,-12.5,"T016","T016",-12.474003,-55.672839,2024-02-25,-53,27.4,90.4583333333333,20,1,3.04452243772342
2024-01-04,24.9875,28.7,22.6,88.375,19.3,22.8708333333333,-55.75,-12.5,"T016","T016",-12.474003,-55.672839,2024-02-25,-52,28.7,88.375,19.3,1,3.01062088604774
2024-01-05,24.1666666666667,28,22.5,88.375,9.3,22,-55.75,-12.5,"T016","T016",-12.474003,-55.672839,2024-02-25,-51,28,88.375,9.3,1,2.33214389523559
2024-01-06,25.3416666666667,29.8,22.5,86.2083333333333,7.4,22.75,-55.75,-12.5,"T016","T016",-12.474003,-55.672839,2024-02-25,-50,29.8,86.2083333333333,7.4,1,2.12823170584927
2024-01-07,26.0916666666667,31.7,23.1,83.9166666666667,5.8,23.0125,-55.75,-12.5,"T016","T016",-12.474003,-55.672839,2024-02-25,-49,31.7,83.9166666666667,5.8,1,1.91692261218206
2024-01-08,26.4333333333333,32.4,23.1,84,2.2,23.3125,-55.75,-12.5,"T016","T016",-12.474003,-55.672839,2024-02-25,-48,32.4,84,2.2,1,1.16315080980568
2024-01-09,24.1083333333333,28,21.7,89,18.8,22.1083333333333,-55.75,-12.5,"T016","T016",-12.474003,-55.672839,2024-02-25,-47,28,89,18.8,1,2.98568193770049
2024-01-10,25.0291666666667,29,23,87.4583333333333,15.5,22.7125,-55.75,-12.5,"T016","T016",-12.474003,-55.672839,2024-02-25,-46,29,87.4583333333333,15.5,1,2.80336038090653
2024-01-11,23.8875,26.7,22.3,87.6666666666667,6.9,21.6333333333333,-55.75,-12.5,"T016","T016",-12.474003,-55.672839,2024-02-25,-45,26.7,87.6666666666667,6.9,1,2.06686275947298
2024-01-12,25.2083333333333,29.8,22.3,83.2083333333333,6.1,21.9916666666667,-55.75,-12.5,"T016","T016",-12.474003,-55.672839,2024-02-25,-44,29.8,83.2083333333333,6.1,1,1.96009478404727
2024-01-13,25.7166666666667,30.1,22.8,85.7916666666667,9.4,23.0375,-55.75,-12.5,"T016","T016",-12.474003,-55.672839,2024-02-25,-43,30.1,85.7916666666667,9.4,1,2.34180580614733
2024-01-14,26.1041666666667,32.1,22.4,82.3333333333333,5.3,22.5875,-55.75,-12.5,"T016","T016",-12.474003,-55.672839,2024-02-25,-42,32.1,82.3333333333333,5.3,1,1.84054963339749
2024-01-15,26.7458333333333,31.4,22.6,77.7083333333333,0,22.1791666666667,-55.75,-12.5,"T016","T016",-12.474003,-55.672839,2024-02-25,-41,31.4,77.7083333333333,0,0,0
2024-01-16,27.6583333333333,33.4,23,74.2083333333333,0.3,22.2875,-55.75,-12.5,"T016","T016",-12.474003,-55.672839,2024-02-25,-40,33.4,74.2083333333333,0.3,0,0.262364264467491
2024-01-17,27.4458333333333,33.1,23.5,75.0833333333333,0.3,22.4333333333333,-55.75,-12.5,"T016","T016",-12.474003,-55.672839,2024-02-25,-39,33.1,75.0833333333333,0.3,0,0.262364264467491
2024-01-18,26.9041666666667,33,22,75.875,1.4,21.9958333333333,-55.75,-12.5,"T016","T016",-12.474003,-55.672839,2024-02-25,-38,33,75.875,1.4,1,0.8754687373539
2024-01-19,25.6208333333333,29.1,23.1,82.7916666666667,8.5,22.4041666666667,-55.75,-12.5,"T016","T016",-12.474003,-55.672839,2024-02-25,-37,29.1,82.7916666666667,8.5,1,2.2512917986065
2024-01-20,26.8875,32.5,22.8,80.2916666666667,0.8,22.9,-55.75,-12.5,"T016","T016",-12.474003,-55.672839,2024-02-25,-36,32.5,80.2916666666667,0.8,0,0.587786664902119
2024-01-21,26.5541666666667,30.8,23.3,83.5,10.4,23.3916666666667,-55.75,-12.5,"T016","T016",-12.474003,-55.672839,2024-02-25,-35,30.8,83.5,10.4,1,2.43361335540045
2024-01-22,26.875,32.9,23.6,82.0833333333333,8.2,23.375,-55.75,-12.5,"T016","T016",-12.474003,-55.672839,2024-02-25,-34,32.9,82.0833333333333,8.2,1,2.21920348405499
2024-01-23,25.8583333333333,31.1,23.1,87,17.9,23.4166666666667,-55.75,-12.5,"T016","T016",-12.474003,-55.672839,2024-02-25,-33,31.1,87,17.9,1,2.9391619220656
2024-01-24,25.7708333333333,29.6,23.4,86.4583333333333,14.6,23.2291666666667,-55.75,-12.5,"T016","T016",-12.474003,-55.672839,2024-02-25,-32,29.6,86.4583333333333,14.6,1,2.74727091425549
2024-01-25,25.6208333333333,30,22.9,86,14.7,22.9833333333333,-55.75,-12.5,"T016","T016",-12.474003,-55.672839,2024-02-25,-31,30,86,14.7,1,2.75366071235426
2024-01-26,27.3166666666667,32.8,22.9,78.375,2,22.7708333333333,-55.75,-12.5,"T016","T016",-12.474003,-55.672839,2024-02-25,-30,32.8,78.375,2,1,1.09861228866811
2024-01-27,27.0458333333333,32.6,23.1,74.5,0,21.425,-55.75,-12.5,"T016","T016",-12.474003,-55.672839,2024-02-25,-29,32.6,74.5,0,0,0
2024-01-28,26.625,32.5,22.9,76.5833333333333,0.3,21.8541666666667,-55.75,-12.5,"T016","T016",-12.474003,-55.672839,2024-02-25,-28,32.5,76.5833333333333,0.3,0,0.262364264467491
2024-01-29,25.9875,30.6,22.2,80.5416666666667,0.5,22.1416666666667,-55.75,-12.5,"T016","T016",-12.474003,-55.672839,2024-02-25,-27,30.6,80.5416666666667,0.5,0,0.405465108108164
2024-01-30,27.3708333333333,33.3,22.3,73.8333333333333,0.2,21.8041666666667,-55.75,-12.5,"T016","T016",-12.474003,-55.672839,2024-02-25,-26,33.3,73.8333333333333,0.2,0,0.182321556793955
2024-01-31,25.7416666666667,29.7,23.1,83,2.8,22.5,-55.75,-12.5,"T016","T016",-12.474003,-55.672839,2024-02-25,-25,29.7,83,2.8,1,1.33500106673234
2024-02-01,26.875,33.1,21.9,78,5.8,22.3291666666667,-55.75,-12.5,"T016","T016",-12.474003,-55.672839,2024-02-25,-24,33.1,78,5.8,1,1.91692261218206
2024-02-02,24.6208333333333,29.7,21.5,81.5416666666667,5.4,20.95,-55.75,-12.5,"T016","T016",-12.474003,-55.672839,2024-02-25,-23,29.7,81.5416666666667,5.4,1,1.85629799036563
2024-02-03,24.0666666666667,28.2,22.2,88.25,15.6,21.9458333333333,-55.75,-12.5,"T016","T016",-12.474003,-55.672839,2024-02-25,-22,28.2,88.25,15.6,1,2.8094026953625
2024-02-04,23.9583333333333,26.5,22.2,91,12.8,22.3666666666667,-55.75,-12.5,"T016","T016",-12.474003,-55.672839,2024-02-25,-21,26.5,91,12.8,1,2.62466859216316
2024-02-05,24.3041666666667,27.7,21.8,90.25,18.4,22.5458333333333,-55.75,-12.5,"T016","T016",-12.474003,-55.672839,2024-02-25,-20,27.7,90.25,18.4,1,2.96527306606928
2024-02-06,27,33.3,22.6,76.7916666666667,0.2,22.1666666666667,-55.75,-12.5,"T016","T016",-12.474003,-55.672839,2024-02-25,-19,33.3,76.7916666666667,0.2,0,0.182321556793955
2024-02-07,27.6541666666667,33,22.9,73.1666666666667,0.4,22.0541666666667,-55.75,-12.5,"T016","T016",-12.474003,-55.672839,2024-02-25,-18,33,73.1666666666667,0.4,0,0.336472236621213
2024-02-08,26.3541666666667,30.9,23.5,82.0416666666667,4.3,22.8833333333333,-55.75,-12.5,"T016","T016",-12.474003,-55.672839,2024-02-25,-17,30.9,82.0416666666667,4.3,1,1.66770682055808
2024-02-09,26.9375,32.1,22.8,80.625,1.4,23.0875,-55.75,-12.5,"T016","T016",-12.474003,-55.672839,2024-02-25,-16,32.1,80.625,1.4,1,0.8754687373539
2024-02-10,25.9125,30.2,23.6,84.8333333333333,12.5,23.05,-55.75,-12.5,"T016","T016",-12.474003,-55.672839,2024-02-25,-15,30.2,84.8333333333333,12.5,1,2.60268968544438
2024-02-11,24.9791666666667,29.3,22.7,86.7083333333333,5,22.5,-55.75,-12.5,"T016","T016",-12.474003,-55.672839,2024-02-25,-14,29.3,86.7083333333333,5,1,1.79175946922805
2024-02-12,25.0125,29.7,21.6,82.7916666666667,24.9,21.6291666666667,-55.75,-12.5,"T016","T016",-12.474003,-55.672839,2024-02-25,-13,29.7,82.7916666666667,24.9,1,3.25424296870549
2024-02-13,27.1541666666667,33.2,23,74.9583333333333,0,21.8958333333333,-55.75,-12.5,"T016","T016",-12.474003,-55.672839,2024-02-25,-12,33.2,74.9583333333333,0,0,0
2024-02-14,28.05,34,22.5,73.5416666666667,0,22.4333333333333,-55.75,-12.5,"T016","T016",-12.474003,-55.672839,2024-02-25,-11,34,73.5416666666667,0,0,0
2024-02-15,29.075,35.3,24.3,68.9583333333333,0.2,22.4041666666667,-55.75,-12.5,"T016","T016",-12.474003,-55.672839,2024-02-25,-10,35.3,68.9583333333333,0.2,0,0.182321556793955
2024-02-16,27.7458333333333,32.8,24.2,75.4583333333333,0.8,22.7666666666667,-55.75,-12.5,"T016","T016",-12.474003,-55.672839,2024-02-25,-9,32.8,75.4583333333333,0.8,0,0.587786664902119
2024-02-17,26.325,30.7,23.5,83.3333333333333,6.6,23.1083333333333,-55.75,-12.5,"T016","T016",-12.474003,-55.672839,2024-02-25,-8,30.7,83.3333333333333,6.6,1,2.02814824729229
2024-02-18,25.8166666666667,29.3,23.4,86.5,19.5,23.3083333333333,-55.75,-12.5,"T016","T016",-12.474003,-55.672839,2024-02-25,-7,29.3,86.5,19.5,1,3.02042488614436
2024-02-19,25.2125,30.7,22.8,89.4166666666667,10.7,23.2208333333333,-55.75,-12.5,"T016","T016",-12.474003,-55.672839,2024-02-25,-6,30.7,89.4166666666667,10.7,1,2.45958884180371
2024-02-20,24.7208333333333,28.6,22.5,88.75,11.3,22.6458333333333,-55.75,-12.5,"T016","T016",-12.474003,-55.672839,2024-02-25,-5,28.6,88.75,11.3,1,2.50959926237837
2024-02-21,24.9541666666667,29.5,22.9,87.5416666666667,13.8,22.6708333333333,-55.75,-12.5,"T016","T016",-12.474003,-55.672839,2024-02-25,-4,29.5,87.5416666666667,13.8,1,2.69462718077007
2024-02-22,26.1708333333333,31.1,23,81.1666666666667,1.6,22.4583333333333,-55.75,-12.5,"T016","T016",-12.474003,-55.672839,2024-02-25,-3,31.1,81.1666666666667,1.6,1,0.955511445027436
2024-02-23,25.3458333333333,29.3,22.8,85.25,13,22.5541666666667,-55.75,-12.5,"T016","T016",-12.474003,-55.672839,2024-02-25,-2,29.3,85.25,13,1,2.63905732961526
2024-02-24,25.0625,29.1,22.3,84.25,19.3,22.0666666666667,-55.75,-12.5,"T016","T016",-12.474003,-55.672839,2024-02-25,-1,29.1,84.25,19.3,1,3.01062088604774
2023-11-13,28.55,34.2,23.8,67.9166666666667,0.2,21.6875,-55.75,-12.75,"T017","T017",-12.750614,-55.835186,2024-02-01,-80,34.2,67.9166666666667,0.2,0,0.182321556793955
2023-11-14,29.4916666666667,35.5,23.7,61.5833333333333,0.3,20.7,-55.75,-12.75,"T017","T017",-12.750614,-55.835186,2024-02-01,-79,35.5,61.5833333333333,0.3,0,0.262364264467491
2023-11-15,31.1125,37.5,24,56.0416666666667,0.1,20.3958333333333,-55.75,-12.75,"T017","T017",-12.750614,-55.835186,2024-02-01,-78,37.5,56.0416666666667,0.1,0,0.0953101798043249
2023-11-16,27.3166666666667,30.3,24.4,72.625,2.9,21.8458333333333,-55.75,-12.75,"T017","T017",-12.750614,-55.835186,2024-02-01,-77,30.3,72.625,2.9,1,1.3609765531356
2023-11-17,26.2333333333333,30.9,23.5,79.4583333333333,2.7,22.2625,-55.75,-12.75,"T017","T017",-12.750614,-55.835186,2024-02-01,-76,30.9,79.4583333333333,2.7,1,1.30833281965018
2023-11-18,27.9875,33.8,22.9,70.9583333333333,0,21.725,-55.75,-12.75,"T017","T017",-12.750614,-55.835186,2024-02-01,-75,33.8,70.9583333333333,0,0,0
2023-11-19,27.0041666666667,31.9,24.7,75.1666666666667,8.5,22.1541666666667,-55.75,-12.75,"T017","T017",-12.750614,-55.835186,2024-02-01,-74,31.9,75.1666666666667,8.5,1,2.2512917986065
2023-11-20,26.1166666666667,30.3,23.1,76.75,1.3,21.45,-55.75,-12.75,"T017","T017",-12.750614,-55.835186,2024-02-01,-73,30.3,76.75,1.3,1,0.832909122935104
2023-11-21,25.9708333333333,31.4,23,80.2083333333333,5.2,22.05,-55.75,-12.75,"T017","T017",-12.750614,-55.835186,2024-02-01,-72,31.4,80.2083333333333,5.2,1,1.82454929205105
2023-11-22,27.025,32.6,23.1,75.875,1.5,22.1166666666667,-55.75,-12.75,"T017","T017",-12.750614,-55.835186,2024-02-01,-71,32.6,75.875,1.5,1,0.916290731874155
2023-11-23,25.6125,29.5,22.8,81.6666666666667,12.3,22.1291666666667,-55.75,-12.75,"T017","T017",-12.750614,-55.835186,2024-02-01,-70,29.5,81.6666666666667,12.3,1,2.58776403522771
2023-11-24,26.4333333333333,31.8,22.2,76.0416666666667,3.1,21.5875,-55.75,-12.75,"T017","T017",-12.750614,-55.835186,2024-02-01,-69,31.8,76.0416666666667,3.1,1,1.41098697371026
2023-11-25,28.0625,33.1,23.1,70.0833333333333,2.1,21.7875,-55.75,-12.75,"T017","T017",-12.750614,-55.835186,2024-02-01,-68,33.1,70.0833333333333,2.1,1,1.1314021114911
2023-11-26,25.5791666666667,31.4,22,78.9583333333333,2.7,21.3666666666667,-55.75,-12.75,"T017","T017",-12.750614,-55.835186,2024-02-01,-67,31.4,78.9583333333333,2.7,1,1.30833281965018
2023-11-27,26.2416666666667,31.2,21.6,75.7916666666667,0,21.325,-55.75,-12.75,"T017","T017",-12.750614,-55.835186,2024-02-01,-66,31.2,75.7916666666667,0,0,0
2023-11-28,27.875,34.3,23.1,68.7916666666667,0.6,21.0375,-55.75,-12.75,"T017","T017",-12.750614,-55.835186,2024-02-01,-65,34.3,68.7916666666667,0.6,0,0.470003629245736
2023-11-29,28.8791666666667,34,23.1,64.5,0.1,20.9833333333333,-55.75,-12.75,"T017","T017",-12.750614,-55.835186,2024-02-01,-64,34,64.5,0.1,0,0.0953101798043249
2023-11-30,28.7,33.2,24.6,64.3333333333333,0.3,20.9958333333333,-55.75,-12.75,"T017","T017",-12.750614,-55.835186,2024-02-01,-63,33.2,64.3333333333333,0.3,0,0.262364264467491
2023-12-01,26.5,31.6,23.2,75.6666666666667,5.3,21.575,-55.75,-12.75,"T017","T017",-12.750614,-55.835186,2024-02-01,-62,31.6,75.6666666666667,5.3,1,1.84054963339749
2023-12-02,26.9333333333333,32.8,22.9,76.6666666666667,0.8,22.225,-55.75,-12.75,"T017","T017",-12.750614,-55.835186,2024-02-01,-61,32.8,76.6666666666667,0.8,0,0.587786664902119
2023-12-03,25.8916666666667,30.5,23.1,78.625,2.5,21.7666666666667,-55.75,-12.75,"T017","T017",-12.750614,-55.835186,2024-02-01,-60,30.5,78.625,2.5,1,1.25276296849537
2023-12-04,25.5166666666667,31.3,22.2,77.8333333333333,1.5,21.0333333333333,-55.75,-12.75,"T017","T017",-12.750614,-55.835186,2024-02-01,-59,31.3,77.8333333333333,1.5,1,0.916290731874155
2023-12-05,25.9375,31,21.9,76.625,1.9,21.1625,-55.75,-12.75,"T017","T017",-12.750614,-55.835186,2024-02-01,-58,31,76.625,1.9,1,1.06471073699243
2023-12-06,28.5333333333333,34.8,22.3,67.0416666666667,0,21.1125,-55.75,-12.75,"T017","T017",-12.750614,-55.835186,2024-02-01,-57,34.8,67.0416666666667,0,0,0
2023-12-07,28.0916666666667,33.9,23.4,67.6666666666667,3.5,21.0958333333333,-55.75,-12.75,"T017","T017",-12.750614,-55.835186,2024-02-01,-56,33.9,67.6666666666667,3.5,1,1.50407739677627
2023-12-08,27.7,33.4,22.3,71.5416666666667,0.6,21.7208333333333,-55.75,-12.75,"T017","T017",-12.750614,-55.835186,2024-02-01,-55,33.4,71.5416666666667,0.6,0,0.470003629245736
2023-12-09,27.6375,33.3,22.8,69.5833333333333,1.8,21.2083333333333,-55.75,-12.75,"T017","T017",-12.750614,-55.835186,2024-02-01,-54,33.3,69.5833333333333,1.8,1,1.02961941718116
2023-12-10,28.7,33.5,24.2,67.5,0.8,21.7291666666667,-55.75,-12.75,"T017","T017",-12.750614,-55.835186,2024-02-01,-53,33.5,67.5,0.8,0,0.587786664902119
2023-12-11,25.8041666666667,29.3,22.5,78.25,5.7,21.6625,-55.75,-12.75,"T017","T017",-12.750614,-55.835186,2024-02-01,-52,29.3,78.25,5.7,1,1.90210752639692
2023-12-12,26.8625,31.3,23.4,75.4583333333333,0.2,21.9208333333333,-55.75,-12.75,"T017","T017",-12.750614,-55.835186,2024-02-01,-51,31.3,75.4583333333333,0.2,0,0.182321556793955
2023-12-13,28.5125,34.4,22.7,67.9166666666667,0.5,21.3333333333333,-55.75,-12.75,"T017","T017",-12.750614,-55.835186,2024-02-01,-50,34.4,67.9166666666667,0.5,0,0.405465108108164
2023-12-14,27.55,32.7,23.9,74.1666666666667,0.9,22.3541666666667,-55.75,-12.75,"T017","T017",-12.750614,-55.835186,2024-02-01,-49,32.7,74.1666666666667,0.9,0,0.641853886172395
2023-12-15,27.9333333333333,34.6,22.2,68.25,0.1,20.7458333333333,-55.75,-12.75,"T017","T017",-12.750614,-55.835186,2024-02-01,-48,34.6,68.25,0.1,0,0.0953101798043249
2023-12-16,29.3791666666667,35.7,24.2,64.0416666666667,0.3,21.1791666666667,-55.75,-12.75,"T017","T017",-12.750614,-55.835186,2024-02-01,-47,35.7,64.0416666666667,0.3,0,0.262364264467491
2023-12-17,28.8625,34.8,24.4,64.9166666666667,0.3,21.1916666666667,-55.75,-12.75,"T017","T017",-12.750614,-55.835186,2024-02-01,-46,34.8,64.9166666666667,0.3,0,0.262364264467491
2023-12-18,29,34,22.8,62.9583333333333,0.2,20.8291666666667,-55.75,-12.75,"T017","T017",-12.750614,-55.835186,2024-02-01,-45,34,62.9583333333333,0.2,0,0.182321556793955
2023-12-19,26.525,31.7,23.9,76.25,7.6,21.8083333333333,-55.75,-12.75,"T017","T017",-12.750614,-55.835186,2024-02-01,-44,31.7,76.25,7.6,1,2.15176220325946
2023-12-20,26.8583333333333,32.1,22.6,77.25,6.9,22.1916666666667,-55.75,-12.75,"T017","T017",-12.750614,-55.835186,2024-02-01,-43,32.1,77.25,6.9,1,2.06686275947298
2023-12-21,25.0958333333333,28.4,23.5,88.25,29,23.0041666666667,-55.75,-12.75,"T017","T017",-12.750614,-55.835186,2024-02-01,-42,28.4,88.25,29,1,3.40119738166216
2023-12-22,24.7833333333333,29.1,22.7,86.5416666666667,17.1,22.3083333333333,-55.75,-12.75,"T017","T017",-12.750614,-55.835186,2024-02-01,-41,29.1,86.5416666666667,17.1,1,2.89591193827178
2023-12-23,25.0291666666667,28.7,22.4,83.75,8.7,21.9166666666667,-55.75,-12.75,"T017","T017",-12.750614,-55.835186,2024-02-01,-40,28.7,83.75,8.7,1,2.27212588550934
2023-12-24,27.2583333333333,32.5,22.5,76.6666666666667,0.4,22.475,-55.75,-12.75,"T017","T017",-12.750614,-55.835186,2024-02-01,-39,32.5,76.6666666666667,0.4,0,0.336472236621213
2023-12-25,27.8583333333333,34.6,23.1,74.7916666666667,5.2,22.6208333333333,-55.75,-12.75,"T017","T017",-12.750614,-55.835186,2024-02-01,-38,34.6,74.7916666666667,5.2,1,1.82454929205105
2023-12-26,25.275,30.6,23.1,81.5,0.6,21.6958333333333,-55.75,-12.75,"T017","T017",-12.750614,-55.835186,2024-02-01,-37,30.6,81.5,0.6,0,0.470003629245736
2023-12-27,27.125,33.4,20.8,75.0833333333333,0.3,21.8,-55.75,-12.75,"T017","T017",-12.750614,-55.835186,2024-02-01,-36,33.4,75.0833333333333,0.3,0,0.262364264467491
2023-12-28,28.6458333333333,34.3,23,71.75,0.2,22.4666666666667,-55.75,-12.75,"T017","T017",-12.750614,-55.835186,2024-02-01,-35,34.3,71.75,0.2,0,0.182321556793955
2023-12-29,25.9416666666667,28.9,23.2,83.0833333333333,3.8,22.7916666666667,-55.75,-12.75,"T017","T017",-12.750614,-55.835186,2024-02-01,-34,28.9,83.0833333333333,3.8,1,1.56861591791385
2023-12-30,26.0375,30.2,22.9,82.4166666666667,4.5,22.6416666666667,-55.75,-12.75,"T017","T017",-12.750614,-55.835186,2024-02-01,-33,30.2,82.4166666666667,4.5,1,1.70474809223843
2023-12-31,26.3291666666667,31.3,22.8,78,0,21.8583333333333,-55.75,-12.75,"T017","T017",-12.750614,-55.835186,2024-02-01,-32,31.3,78,0,0,0
2024-01-01,25.4333333333333,29.5,23.2,85.625,9.3,22.7333333333333,-55.75,-12.75,"T017","T017",-12.750614,-55.835186,2024-02-01,-31,29.5,85.625,9.3,1,2.33214389523559
2024-01-02,24.8208333333333,27.6,22.8,88.875,25.7,22.85,-55.75,-12.75,"T017","T017",-12.750614,-55.835186,2024-02-01,-30,27.6,88.875,25.7,1,3.2846635654062
2024-01-03,24.275,27.6,22.8,90.4583333333333,16.7,22.5583333333333,-55.75,-12.75,"T017","T017",-12.750614,-55.835186,2024-02-01,-29,27.6,90.4583333333333,16.7,1,2.87356463957978
2024-01-04,25.2875,29.5,22.7,85.375,15.5,22.5416666666667,-55.75,-12.75,"T017","T017",-12.750614,-55.835186,2024-02-01,-28,29.5,85.375,15.5,1,2.80336038090653
2024-01-05,24.3958333333333,28.3,22.7,87.1666666666667,7.6,22.025,-55.75,-12.75,"T017","T017",-12.750614,-55.835186,2024-02-01,-27,28.3,87.1666666666667,7.6,1,2.15176220325946
2024-01-06,25.5833333333333,30,22.6,84.3333333333333,6.3,22.5791666666667,-55.75,-12.75,"T017","T017",-12.750614,-55.835186,2024-02-01,-26,30,84.3333333333333,6.3,1,1.98787434815435
2024-01-07,26.2375,31.2,22.9,82.875,3.4,22.925,-55.75,-12.75,"T017","T017",-12.750614,-55.835186,2024-02-01,-25,31.2,82.875,3.4,1,1.48160454092422
2024-01-08,26.3958333333333,32.1,23.3,83.3333333333333,4.2,23.1458333333333,-55.75,-12.75,"T017","T017",-12.750614,-55.835186,2024-02-01,-24,32.1,83.3333333333333,4.2,1,1.64865862558738
2024-01-09,24.4083333333333,28.7,21.8,87.375,13.8,22.1041666666667,-55.75,-12.75,"T017","T017",-12.750614,-55.835186,2024-02-01,-23,28.7,87.375,13.8,1,2.69462718077007
2024-01-10,25.1291666666667,29.3,23.1,87.0416666666667,30.5,22.7458333333333,-55.75,-12.75,"T017","T017",-12.750614,-55.835186,2024-02-01,-22,29.3,87.0416666666667,30.5,1,3.44998754583159
2024-01-11,23.7458333333333,26.5,22.4,87.4583333333333,10.9,21.4625,-55.75,-12.75,"T017","T017",-12.750614,-55.835186,2024-02-01,-21,26.5,87.4583333333333,10.9,1,2.47653840011748
2024-01-12,24.975,29.1,22.1,84.3333333333333,10.1,22.0833333333333,-55.75,-12.75,"T017","T017",-12.750614,-55.835186,2024-02-01,-20,29.1,84.3333333333333,10.1,1,2.40694510831829
2024-01-13,25.6833333333333,29.9,22.4,84.7916666666667,6.7,22.775,-55.75,-12.75,"T017","T017",-12.750614,-55.835186,2024-02-01,-19,29.9,84.7916666666667,6.7,1,2.04122032885964
2024-01-14,26.2208333333333,31.8,22.5,81.5833333333333,2.5,22.525,-55.75,-12.75,"T017","T017",-12.750614,-55.835186,2024-02-01,-18,31.8,81.5833333333333,2.5,1,1.25276296849537
2024-01-15,26.6916666666667,31.6,22.7,77.625,0,22.1583333333333,-55.75,-12.75,"T017","T017",-12.750614,-55.835186,2024-02-01,-17,31.6,77.625,0,0,0
2024-01-16,27.6041666666667,32.9,23.1,73.5833333333333,0.3,22.1208333333333,-55.75,-12.75,"T017","T017",-12.750614,-55.835186,2024-02-01,-16,32.9,73.5833333333333,0.3,0,0.262364264467491
2024-01-17,27.3791666666667,32.4,23.6,74.5416666666667,0.4,22.2875,-55.75,-12.75,"T017","T017",-12.750614,-55.835186,2024-02-01,-15,32.4,74.5416666666667,0.4,0,0.336472236621213
2024-01-18,26.8875,32.3,22.1,75.7916666666667,1.1,22.0208333333333,-55.75,-12.75,"T017","T017",-12.750614,-55.835186,2024-02-01,-14,32.3,75.7916666666667,1.1,1,0.741937344729377
2024-01-19,25.7708333333333,30,23.2,81.4583333333333,13.1,22.2583333333333,-55.75,-12.75,"T017","T017",-12.750614,-55.835186,2024-02-01,-13,30,81.4583333333333,13.1,1,2.64617479738412
2024-01-20,26.9625,32.2,22.6,79.3333333333333,0.6,22.7791666666667,-55.75,-12.75,"T017","T017",-12.750614,-55.835186,2024-02-01,-12,32.2,79.3333333333333,0.6,0,0.470003629245736
2024-01-21,26.6291666666667,31.1,23.5,82.3333333333333,5.5,23.2541666666667,-55.75,-12.75,"T017","T017",-12.750614,-55.835186,2024-02-01,-11,31.1,82.3333333333333,5.5,1,1.87180217690159
2024-01-22,26.7958333333333,31.8,23.7,81.875,14.9,23.275,-55.75,-12.75,"T017","T017",-12.750614,-55.835186,2024-02-01,-10,31.8,81.875,14.9,1,2.76631910922619
2024-01-23,26.1041666666667,31.2,22.9,84.25,23.4,23.0833333333333,-55.75,-12.75,"T017","T017",-12.750614,-55.835186,2024-02-01,-9,31.2,84.25,23.4,1,3.19458313229916
2024-01-24,25.9958333333333,30,23.6,83.5,10.4,22.85,-55.75,-12.75,"T017","T017",-12.750614,-55.835186,2024-02-01,-8,30,83.5,10.4,1,2.43361335540045
2024-01-25,25.7958333333333,30.2,22.9,85.0416666666667,11.8,22.9666666666667,-55.75,-12.75,"T017","T017",-12.750614,-55.835186,2024-02-01,-7,30.2,85.0416666666667,11.8,1,2.54944517092557
2024-01-26,27.4583333333333,32.8,22.9,75.5833333333333,0.6,22.2541666666667,-55.75,-12.75,"T017","T017",-12.750614,-55.835186,2024-02-01,-6,32.8,75.5833333333333,0.6,0,0.470003629245736
2024-01-27,26.9875,32.7,22.8,72.6666666666667,0,20.8291666666667,-55.75,-12.75,"T017","T017",-12.750614,-55.835186,2024-02-01,-5,32.7,72.6666666666667,0,0,0
2024-01-28,26.7916666666667,32.3,23.1,74.75,0.3,21.575,-55.75,-12.75,"T017","T017",-12.750614,-55.835186,2024-02-01,-4,32.3,74.75,0.3,0,0.262364264467491
2024-01-29,26.0333333333333,30.6,22.5,80.1666666666667,0.9,22.1333333333333,-55.75,-12.75,"T017","T017",-12.750614,-55.835186,2024-02-01,-3,30.6,80.1666666666667,0.9,0,0.641853886172395
2024-01-30,27.2958333333333,33,22.3,74.0416666666667,0.1,21.875,-55.75,-12.75,"T017","T017",-12.750614,-55.835186,2024-02-01,-2,33,74.0416666666667,0.1,0,0.0953101798043249
2024-01-31,25.9958333333333,29.7,23.2,80.375,1.1,22.2125,-55.75,-12.75,"T017","T017",-12.750614,-55.835186,2024-02-01,-1,29.7,80.375,1.1,1,0.741937344729377
2024-11-15,24.7583333333333,27.9,23.1,88.8333333333333,7.9,22.7291666666667,-51.5,-10.75,"T018","T018",-10.728333,-51.598056,2025-02-03,-80,27.9,88.8333333333333,7.9,1,2.18605127673809
2024-11-16,26.0375,31.4,23.1,83.8333333333333,9.8,22.8833333333333,-51.5,-10.75,"T018","T018",-10.728333,-51.598056,2025-02-03,-79,31.4,83.8333333333333,9.8,1,2.37954613413017
2024-11-17,26.4333333333333,31.3,22.7,82.7916666666667,3.9,23.0791666666667,-51.5,-10.75,"T018","T018",-10.728333,-51.598056,2025-02-03,-78,31.3,82.7916666666667,3.9,1,1.58923520511658
2024-11-18,26.7833333333333,32.5,23.1,82.625,9.5,23.4416666666667,-51.5,-10.75,"T018","T018",-10.728333,-51.598056,2025-02-03,-77,32.5,82.625,9.5,1,2.35137525716348
2024-11-19,25.6541666666667,27.9,24.1,86.3333333333333,10.9,23.1625,-51.5,-10.75,"T018","T018",-10.728333,-51.598056,2025-02-03,-76,27.9,86.3333333333333,10.9,1,2.47653840011748
2024-11-20,27.6291666666667,33.9,23.5,74.9583333333333,1,22.25,-51.5,-10.75,"T018","T018",-10.728333,-51.598056,2025-02-03,-75,33.9,74.9583333333333,1,1,0.693147180559945
2024-11-21,27.1291666666667,33.1,23.5,80.5833333333333,3.7,23.2875,-51.5,-10.75,"T018","T018",-10.728333,-51.598056,2025-02-03,-74,33.1,80.5833333333333,3.7,1,1.54756250871601
2024-11-22,26.2458333333333,30.7,23.1,85.3333333333333,9.2,23.4875,-51.5,-10.75,"T018","T018",-10.728333,-51.598056,2025-02-03,-73,30.7,85.3333333333333,9.2,1,2.32238772029023
2024-11-23,25.975,30.4,22.5,84,6.1,22.9,-51.5,-10.75,"T018","T018",-10.728333,-51.598056,2025-02-03,-72,30.4,84,6.1,1,1.96009478404727
2024-11-24,26.1916666666667,29.2,23.7,80,1,22.3208333333333,-51.5,-10.75,"T018","T018",-10.728333,-51.598056,2025-02-03,-71,29.2,80,1,1,0.693147180559945
2024-11-25,25.4458333333333,28.2,23,83.5416666666667,3,22.3583333333333,-51.5,-10.75,"T018","T018",-10.728333,-51.598056,2025-02-03,-70,28.2,83.5416666666667,3,1,1.38629436111989
2024-11-26,26.8166666666667,32.1,22.9,82.2916666666667,2.7,23.2166666666667,-51.5,-10.75,"T018","T018",-10.728333,-51.598056,2025-02-03,-69,32.1,82.2916666666667,2.7,1,1.30833281965018
2024-11-27,26.9458333333333,31.7,23.9,83.125,5.4,23.6166666666667,-51.5,-10.75,"T018","T018",-10.728333,-51.598056,2025-02-03,-68,31.7,83.125,5.4,1,1.85629799036563
2024-11-28,26.9416666666667,31.2,24.1,84.5,7.8,23.9625,-51.5,-10.75,"T018","T018",-10.728333,-51.598056,2025-02-03,-67,31.2,84.5,7.8,1,2.17475172148416
2024-11-29,26.5333333333333,29.8,24,86.0833333333333,9.2,23.925,-51.5,-10.75,"T018","T018",-10.728333,-51.598056,2025-02-03,-66,29.8,86.0833333333333,9.2,1,2.32238772029023
2024-11-30,26.6833333333333,31.4,23.8,84.75,5.2,23.7166666666667,-51.5,-10.75,"T018","T018",-10.728333,-51.598056,2025-02-03,-65,31.4,84.75,5.2,1,1.82454929205105
2024-12-01,26.2833333333333,30.6,23.2,86.9583333333333,13.1,23.8041666666667,-51.5,-10.75,"T018","T018",-10.728333,-51.598056,2025-02-03,-64,30.6,86.9583333333333,13.1,1,2.64617479738412
2024-12-02,26.5625,32.6,22.7,84.0416666666667,5.2,23.35,-51.5,-10.75,"T018","T018",-10.728333,-51.598056,2025-02-03,-63,32.6,84.0416666666667,5.2,1,1.82454929205105
2024-12-03,25.9333333333333,30.8,23.7,88.3333333333333,14.3,23.7,-51.5,-10.75,"T018","T018",-10.728333,-51.598056,2025-02-03,-62,30.8,88.3333333333333,14.3,1,2.72785282839839
2024-12-04,27.0333333333333,32.2,23.8,84.0833333333333,9.6,23.8916666666667,-51.5,-10.75,"T018","T018",-10.728333,-51.598056,2025-02-03,-61,32.2,84.0833333333333,9.6,1,2.36085400111802
2024-12-05,26.3541666666667,31.1,22.6,82.5416666666667,2.4,22.8458333333333,-51.5,-10.75,"T018","T018",-10.728333,-51.598056,2025-02-03,-60,31.1,82.5416666666667,2.4,1,1.22377543162212
2024-12-06,27.625,32.2,23.9,77.4166666666667,3.7,22.925,-51.5,-10.75,"T018","T018",-10.728333,-51.598056,2025-02-03,-59,32.2,77.4166666666667,3.7,1,1.54756250871601
2024-12-07,27.3458333333333,33,22.5,78.9166666666667,2.7,23.0166666666667,-51.5,-10.75,"T018","T018",-10.728333,-51.598056,2025-02-03,-58,33,78.9166666666667,2.7,1,1.30833281965018
2024-12-08,26.525,31.1,22.5,80.0416666666667,8.1,22.6,-51.5,-10.75,"T018","T018",-10.728333,-51.598056,2025-02-03,-57,31.1,80.0416666666667,8.1,1,2.2082744135228
2024-12-09,27.3583333333333,33.3,21.8,78.6666666666667,0.7,22.9375,-51.5,-10.75,"T018","T018",-10.728333,-51.598056,2025-02-03,-56,33.3,78.6666666666667,0.7,0,0.53062825106217
2024-12-10,24.5791666666667,27.8,22.1,91.125,11.4,22.9833333333333,-51.5,-10.75,"T018","T018",-10.728333,-51.598056,2025-02-03,-55,27.8,91.125,11.4,1,2.51769647261099
2024-12-11,26.0041666666667,31.6,21.4,82.4583333333333,0.2,22.4458333333333,-51.5,-10.75,"T018","T018",-10.728333,-51.598056,2025-02-03,-54,31.6,82.4583333333333,0.2,0,0.182321556793955
2024-12-12,27.3666666666667,33.6,22.1,77.5416666666667,0.5,22.6583333333333,-51.5,-10.75,"T018","T018",-10.728333,-51.598056,2025-02-03,-53,33.6,77.5416666666667,0.5,0,0.405465108108164
2024-12-13,27.7041666666667,32.7,23.1,77.5,1.2,23.05,-51.5,-10.75,"T018","T018",-10.728333,-51.598056,2025-02-03,-52,32.7,77.5,1.2,1,0.78845736036427
2024-12-14,26.1625,31.1,22.7,85.875,11.7,23.4583333333333,-51.5,-10.75,"T018","T018",-10.728333,-51.598056,2025-02-03,-51,31.1,85.875,11.7,1,2.54160199346455
2024-12-15,25.2625,30,23.2,88.6666666666667,13.7,23.1291666666667,-51.5,-10.75,"T018","T018",-10.728333,-51.598056,2025-02-03,-50,30,88.6666666666667,13.7,1,2.68784749378469
2024-12-16,25.6541666666667,31.3,22.6,86.125,7.1,22.9708333333333,-51.5,-10.75,"T018","T018",-10.728333,-51.598056,2025-02-03,-49,31.3,86.125,7.1,1,2.09186406167839
2024-12-17,26.2166666666667,31.1,21.7,83.4166666666667,12.2,23,-51.5,-10.75,"T018","T018",-10.728333,-51.598056,2025-02-03,-48,31.1,83.4166666666667,12.2,1,2.58021682959233
2024-12-18,26.725,32,23.2,83.375,3.2,23.5208333333333,-51.5,-10.75,"T018","T018",-10.728333,-51.598056,2025-02-03,-47,32,83.375,3.2,1,1.43508452528932
2024-12-19,27.275,32.5,23.3,81.8333333333333,9,23.6791666666667,-51.5,-10.75,"T018","T018",-10.728333,-51.598056,2025-02-03,-46,32.5,81.8333333333333,9,1,2.30258509299405
2024-12-20,26.7083333333333,31.6,23.7,83.8333333333333,6.7,23.5916666666667,-51.5,-10.75,"T018","T018",-10.728333,-51.598056,2025-02-03,-45,31.6,83.8333333333333,6.7,1,2.04122032885964
2024-12-21,26.3208333333333,30.6,23.3,84.2083333333333,2.3,23.2958333333333,-51.5,-10.75,"T018","T018",-10.728333,-51.598056,2025-02-03,-44,30.6,84.2083333333333,2.3,1,1.19392246847243
2024-12-22,26.2,30.1,23.6,85.1666666666667,10.3,23.4125,-51.5,-10.75,"T018","T018",-10.728333,-51.598056,2025-02-03,-43,30.1,85.1666666666667,10.3,1,2.42480272571829
2024-12-23,26.5333333333333,32.2,23,85.125,22.2,23.6458333333333,-51.5,-10.75,"T018","T018",-10.728333,-51.598056,2025-02-03,-42,32.2,85.125,22.2,1,3.14415227867226
2024-12-24,25.4833333333333,30.3,22.4,83.1666666666667,12.5,22.1833333333333,-51.5,-10.75,"T018","T018",-10.728333,-51.598056,2025-02-03,-41,30.3,83.1666666666667,12.5,1,2.60268968544438
2024-12-25,25.3291666666667,28.7,23,85.1666666666667,3.4,22.55,-51.5,-10.75,"T018","T018",-10.728333,-51.598056,2025-02-03,-40,28.7,85.1666666666667,3.4,1,1.48160454092422
2024-12-26,24.9875,28.6,23.1,88.5,7.5,22.9166666666667,-51.5,-10.75,"T018","T018",-10.728333,-51.598056,2025-02-03,-39,28.6,88.5,7.5,1,2.14006616349627
2024-12-27,25.5041666666667,30.4,22.6,86.0833333333333,9.1,22.9333333333333,-51.5,-10.75,"T018","T018",-10.728333,-51.598056,2025-02-03,-38,30.4,86.0833333333333,9.1,1,2.31253542384721
2024-12-28,26.0083333333333,31.6,23.1,86.125,10.9,23.35,-51.5,-10.75,"T018","T018",-10.728333,-51.598056,2025-02-03,-37,31.6,86.125,10.9,1,2.47653840011748
2024-12-29,25.9125,31,22.6,85.9583333333333,15.5,23.175,-51.5,-10.75,"T018","T018",-10.728333,-51.598056,2025-02-03,-36,31,85.9583333333333,15.5,1,2.80336038090653
2024-12-30,24.9041666666667,28.6,22.8,87.7083333333333,18.2,22.6166666666667,-51.5,-10.75,"T018","T018",-10.728333,-51.598056,2025-02-03,-35,28.6,87.7083333333333,18.2,1,2.95491027903374
2024-12-31,24.8291666666667,28.4,22.6,84.8333333333333,25.9,21.9458333333333,-51.5,-10.75,"T018","T018",-10.728333,-51.598056,2025-02-03,-34,28.4,84.8333333333333,25.9,1,3.29212628660779
2025-01-01,26.1958333333333,31.3,22.6,84.1666666666667,4.4,23.1625,-51.5,-10.75,"T018","T018",-10.728333,-51.598056,2025-02-03,-33,31.3,84.1666666666667,4.4,1,1.68639895357023
2025-01-02,25.7083333333333,29.2,23,86.5,11.2,23.15,-51.5,-10.75,"T018","T018",-10.728333,-51.598056,2025-02-03,-32,29.2,86.5,11.2,1,2.50143595173921
2025-01-03,27.0791666666667,33.4,22.4,80.5833333333333,0.4,23.0125,-51.5,-10.75,"T018","T018",-10.728333,-51.598056,2025-02-03,-31,33.4,80.5833333333333,0.4,0,0.336472236621213
2025-01-04,27.2333333333333,32.8,23.2,80.8333333333333,11.9,23.3083333333333,-51.5,-10.75,"T018","T018",-10.728333,-51.598056,2025-02-03,-30,32.8,80.8333333333333,11.9,1,2.55722731136763
2025-01-05,25.7041666666667,28.9,23.5,83.625,9.5,22.5708333333333,-51.5,-10.75,"T018","T018",-10.728333,-51.598056,2025-02-03,-29,28.9,83.625,9.5,1,2.35137525716348
2025-01-06,25.7291666666667,29.5,23.1,82.7083333333333,3.3,22.4291666666667,-51.5,-10.75,"T018","T018",-10.728333,-51.598056,2025-02-03,-28,29.5,82.7083333333333,3.3,1,1.45861502269952
2025-01-07,25.7291666666667,30,22.9,85.0416666666667,16.7,22.9041666666667,-51.5,-10.75,"T018","T018",-10.728333,-51.598056,2025-02-03,-27,30,85.0416666666667,16.7,1,2.87356463957978
2025-01-08,25.3083333333333,30,23.6,87.5416666666667,8.9,22.9875,-51.5,-10.75,"T018","T018",-10.728333,-51.598056,2025-02-03,-26,30,87.5416666666667,8.9,1,2.29253475714054
2025-01-09,24.9416666666667,27.7,23.1,88.4583333333333,11.5,22.8625,-51.5,-10.75,"T018","T018",-10.728333,-51.598056,2025-02-03,-25,27.7,88.4583333333333,11.5,1,2.52572864430826
2025-01-10,25.9791666666667,29.4,23.1,82.5833333333333,0.2,22.6291666666667,-51.5,-10.75,"T018","T018",-10.728333,-51.598056,2025-02-03,-24,29.4,82.5833333333333,0.2,0,0.182321556793955
2025-01-11,26.8083333333333,31.6,23.7,79.5,0.4,22.75,-51.5,-10.75,"T018","T018",-10.728333,-51.598056,2025-02-03,-23,31.6,79.5,0.4,0,0.336472236621213
2025-01-12,26.9541666666667,31.8,23.8,79.4583333333333,12.9,22.875,-51.5,-10.75,"T018","T018",-10.728333,-51.598056,2025-02-03,-22,31.8,79.4583333333333,12.9,1,2.63188884013665
2025-01-13,23.5291666666667,25,22.1,93.1666666666667,35.2,22.3583333333333,-51.5,-10.75,"T018","T018",-10.728333,-51.598056,2025-02-03,-21,25,93.1666666666667,35.2,1,3.58905911883173
2025-01-14,23.9458333333333,27.8,22.6,93,13.5,22.6833333333333,-51.5,-10.75,"T018","T018",-10.728333,-51.598056,2025-02-03,-20,27.8,93,13.5,1,2.67414864942653
2025-01-15,24.1666666666667,27.9,22.7,92.625,13.3,22.8625,-51.5,-10.75,"T018","T018",-10.728333,-51.598056,2025-02-03,-19,27.9,92.625,13.3,1,2.66025953726586
2025-01-16,24.6125,27.9,22.9,86.9166666666667,1.9,22.2,-51.5,-10.75,"T018","T018",-10.728333,-51.598056,2025-02-03,-18,27.9,86.9166666666667,1.9,1,1.06471073699243
2025-01-17,24.6791666666667,28.3,22.5,90.8333333333333,4.1,23.025,-51.5,-10.75,"T018","T018",-10.728333,-51.598056,2025-02-03,-17,28.3,90.8333333333333,4.1,1,1.62924053973028
2025-01-18,24.125,28.3,22.2,91.6666666666667,17.8,22.6208333333333,-51.5,-10.75,"T018","T018",-10.728333,-51.598056,2025-02-03,-16,28.3,91.6666666666667,17.8,1,2.9338568698359
2025-01-19,24.95,30.7,21.3,84.8333333333333,3.9,21.9333333333333,-51.5,-10.75,"T018","T018",-10.728333,-51.598056,2025-02-03,-15,30.7,84.8333333333333,3.9,1,1.58923520511658
2025-01-20,24.1958333333333,29.8,21.1,89.4583333333333,7.1,22.2166666666667,-51.5,-10.75,"T018","T018",-10.728333,-51.598056,2025-02-03,-14,29.8,89.4583333333333,7.1,1,2.09186406167839
2025-01-21,25.65,31.8,21.3,85.4583333333333,9.4,22.775,-51.5,-10.75,"T018","T018",-10.728333,-51.598056,2025-02-03,-13,31.8,85.4583333333333,9.4,1,2.34180580614733
2025-01-22,25.2041666666667,29.4,22.1,87.6666666666667,4.6,22.9166666666667,-51.5,-10.75,"T018","T018",-10.728333,-51.598056,2025-02-03,-12,29.4,87.6666666666667,4.6,1,1.7227665977411
2025-01-23,26.5541666666667,32.4,21.2,79.8333333333333,0.7,22.3916666666667,-51.5,-10.75,"T018","T018",-10.728333,-51.598056,2025-02-03,-11,32.4,79.8333333333333,0.7,0,0.53062825106217
2025-01-24,26.9583333333333,32.6,22.5,81,6.8,23.1166666666667,-51.5,-10.75,"T018","T018",-10.728333,-51.598056,2025-02-03,-10,32.6,81,6.8,1,2.05412373369555
2025-01-25,25.4666666666667,30.7,22.3,87.2083333333333,2.6,23.0416666666667,-51.5,-10.75,"T018","T018",-10.728333,-51.598056,2025-02-03,-9,30.7,87.2083333333333,2.6,1,1.28093384546206
2025-01-26,25.9333333333333,31.3,22,84.4166666666667,0.6,22.8625,-51.5,-10.75,"T018","T018",-10.728333,-51.598056,2025-02-03,-8,31.3,84.4166666666667,0.6,0,0.470003629245736
2025-01-27,26.8166666666667,32.3,22.3,80.8333333333333,0.7,22.8041666666667,-51.5,-10.75,"T018","T018",-10.728333,-51.598056,2025-02-03,-7,32.3,80.8333333333333,0.7,0,0.53062825106217
2025-01-28,26.8291666666667,32.5,23.3,83.9166666666667,10.7,23.6166666666667,-51.5,-10.75,"T018","T018",-10.728333,-51.598056,2025-02-03,-6,32.5,83.9166666666667,10.7,1,2.45958884180371
2025-01-29,26.2333333333333,30.6,23.1,86.375,13.3,23.6333333333333,-51.5,-10.75,"T018","T018",-10.728333,-51.598056,2025-02-03,-5,30.6,86.375,13.3,1,2.66025953726586
2025-01-30,24.7916666666667,28.1,22.4,91.0416666666667,20.9,23.1833333333333,-51.5,-10.75,"T018","T018",-10.728333,-51.598056,2025-02-03,-4,28.1,91.0416666666667,20.9,1,3.08648663682246
2025-01-31,25.0291666666667,28.8,23.2,89.3333333333333,13.5,23.0625,-51.5,-10.75,"T018","T018",-10.728333,-51.598056,2025-02-03,-3,28.8,89.3333333333333,13.5,1,2.67414864942653
2025-02-01,25.4666666666667,31,22.8,88.7916666666667,23.3,23.2625,-51.5,-10.75,"T018","T018",-10.728333,-51.598056,2025-02-03,-2,31,88.7916666666667,23.3,1,3.1904763503465
2025-02-02,23.9833333333333,26.8,22.1,92.25,65.6,22.6166666666667,-51.5,-10.75,"T018","T018",-10.728333,-51.598056,2025-02-03,-1,26.8,92.25,65.6,1,4.19870457754634
2024-11-30,25.4083333333333,30,22.7,81.75,1.8,21.9,-56,-13,"T019","T019",-13.002051,-55.96748,2025-02-18,-80,30,81.75,1.8,1,1.02961941718116
2024-12-01,25.625,30.1,22,80.7916666666667,1.8,21.95,-56,-13,"T019","T019",-13.002051,-55.96748,2025-02-18,-79,30.1,80.7916666666667,1.8,1,1.02961941718116
2024-12-02,25.025,28.2,22.1,87.75,4.4,22.7958333333333,-56,-13,"T019","T019",-13.002051,-55.96748,2025-02-18,-78,28.2,87.75,4.4,1,1.68639895357023
2024-12-03,24.9958333333333,29.4,22.9,88.2083333333333,11.5,22.8208333333333,-56,-13,"T019","T019",-13.002051,-55.96748,2025-02-18,-77,29.4,88.2083333333333,11.5,1,2.52572864430826
2024-12-04,25.4291666666667,30.1,21.9,80.875,7.5,21.7541666666667,-56,-13,"T019","T019",-13.002051,-55.96748,2025-02-18,-76,30.1,80.875,7.5,1,2.14006616349627
2024-12-05,24.6291666666667,27.1,22.8,87.375,20.2,22.3416666666667,-56,-13,"T019","T019",-13.002051,-55.96748,2025-02-18,-75,27.1,87.375,20.2,1,3.05400118167797
2024-12-06,25.3958333333333,29.1,22.7,84.1666666666667,3.3,22.425,-56,-13,"T019","T019",-13.002051,-55.96748,2025-02-18,-74,29.1,84.1666666666667,3.3,1,1.45861502269952
2024-12-07,26.0416666666667,30.7,21.7,82.1666666666667,0.3,22.5208333333333,-56,-13,"T019","T019",-13.002051,-55.96748,2025-02-18,-73,30.7,82.1666666666667,0.3,0,0.262364264467491
2024-12-08,26.7708333333333,32,22.6,73.5833333333333,0.6,21.3458333333333,-56,-13,"T019","T019",-13.002051,-55.96748,2025-02-18,-72,32,73.5833333333333,0.6,0,0.470003629245736
2024-12-09,27.5666666666667,32.3,22,69.875,0.2,21.1833333333333,-56,-13,"T019","T019",-13.002051,-55.96748,2025-02-18,-71,32.3,69.875,0.2,0,0.182321556793955
2024-12-10,26.5583333333333,30.6,22.5,75.7083333333333,0.2,21.7083333333333,-56,-13,"T019","T019",-13.002051,-55.96748,2025-02-18,-70,30.6,75.7083333333333,0.2,0,0.182321556793955
2024-12-11,26.2416666666667,30.6,23.3,80.4583333333333,3,22.45,-56,-13,"T019","T019",-13.002051,-55.96748,2025-02-18,-69,30.6,80.4583333333333,3,1,1.38629436111989
2024-12-12,26.9916666666667,31.7,22.7,76.5416666666667,0.7,22.1666666666667,-56,-13,"T019","T019",-13.002051,-55.96748,2025-02-18,-68,31.7,76.5416666666667,0.7,0,0.53062825106217
2024-12-13,27.0041666666667,31.2,22.9,76.3333333333333,0.5,22.25,-56,-13,"T019","T019",-13.002051,-55.96748,2025-02-18,-67,31.2,76.3333333333333,0.5,0,0.405465108108164
2024-12-14,25.3333333333333,29.2,22.6,82.2083333333333,3.6,21.95,-56,-13,"T019","T019",-13.002051,-55.96748,2025-02-18,-66,29.2,82.2083333333333,3.6,1,1.52605630349505
2024-12-15,25.1583333333333,28.4,22.3,79.6666666666667,0.7,21.2541666666667,-56,-13,"T019","T019",-13.002051,-55.96748,2025-02-18,-65,28.4,79.6666666666667,0.7,0,0.53062825106217
2024-12-16,24.9416666666667,28.7,23,83.125,2.9,21.775,-56,-13,"T019","T019",-13.002051,-55.96748,2025-02-18,-64,28.7,83.125,2.9,1,1.3609765531356
2024-12-17,24.7041666666667,27.7,22.1,84.7083333333333,1.4,21.9,-56,-13,"T019","T019",-13.002051,-55.96748,2025-02-18,-63,27.7,84.7083333333333,1.4,1,0.8754687373539
2024-12-18,26.0083333333333,31,21.9,79.0416666666667,0.6,21.95,-56,-13,"T019","T019",-13.002051,-55.96748,2025-02-18,-62,31,79.0416666666667,0.6,0,0.470003629245736
2024-12-19,26.5958333333333,30.4,22.5,77.75,0.7,22.225,-56,-13,"T019","T019",-13.002051,-55.96748,2025-02-18,-61,30.4,77.75,0.7,0,0.53062825106217
2024-12-20,27.1083333333333,31.9,23.2,75.8333333333333,0.7,22.2666666666667,-56,-13,"T019","T019",-13.002051,-55.96748,2025-02-18,-60,31.9,75.8333333333333,0.7,0,0.53062825106217
2024-12-21,24.4708333333333,28.8,22.6,85.25,14.9,21.7666666666667,-56,-13,"T019","T019",-13.002051,-55.96748,2025-02-18,-59,28.8,85.25,14.9,1,2.76631910922619
2024-12-22,24.6916666666667,28.4,21.9,85.8333333333333,11.7,21.9916666666667,-56,-13,"T019","T019",-13.002051,-55.96748,2025-02-18,-58,28.4,85.8333333333333,11.7,1,2.54160199346455
2024-12-23,25.5375,30.6,22.2,82.2916666666667,2.2,22.1291666666667,-56,-13,"T019","T019",-13.002051,-55.96748,2025-02-18,-57,30.6,82.2916666666667,2.2,1,1.16315080980568
2024-12-24,25.0416666666667,28.6,23,83.1666666666667,13.5,21.9541666666667,-56,-13,"T019","T019",-13.002051,-55.96748,2025-02-18,-56,28.6,83.1666666666667,13.5,1,2.67414864942653
2024-12-25,24.0458333333333,25.8,22.7,89.8333333333333,21.7,22.25,-56,-13,"T019","T019",-13.002051,-55.96748,2025-02-18,-55,25.8,89.8333333333333,21.7,1,3.12236492448736
2024-12-26,23.9541666666667,26.6,22.2,89.2916666666667,9.2,22.0208333333333,-56,-13,"T019","T019",-13.002051,-55.96748,2025-02-18,-54,26.6,89.2916666666667,9.2,1,2.32238772029023
2024-12-27,23.85,26.7,22.5,91.5833333333333,18.9,22.375,-56,-13,"T019","T019",-13.002051,-55.96748,2025-02-18,-53,26.7,91.5833333333333,18.9,1,2.99071973173045
2024-12-28,24.7458333333333,28.5,22.3,83.875,9.1,21.6875,-56,-13,"T019","T019",-13.002051,-55.96748,2025-02-18,-52,28.5,83.875,9.1,1,2.31253542384721
2024-12-29,25.25,29.3,22.7,84.125,2.5,22.2458333333333,-56,-13,"T019","T019",-13.002051,-55.96748,2025-02-18,-51,29.3,84.125,2.5,1,1.25276296849537
2024-12-30,24.0875,27.3,21.8,87.875,3.5,21.875,-56,-13,"T019","T019",-13.002051,-55.96748,2025-02-18,-50,27.3,87.875,3.5,1,1.50407739677627
2024-12-31,25.7041666666667,30.5,21.4,80.625,0.2,21.875,-56,-13,"T019","T019",-13.002051,-55.96748,2025-02-18,-49,30.5,80.625,0.2,0,0.182321556793955
2025-01-01,25.5041666666667,28.4,23.3,84.1666666666667,8.7,22.5541666666667,-56,-13,"T019","T019",-13.002051,-55.96748,2025-02-18,-48,28.4,84.1666666666667,8.7,1,2.27212588550934
2025-01-02,24.3666666666667,27.1,22.9,87.4583333333333,2.4,22.1,-56,-13,"T019","T019",-13.002051,-55.96748,2025-02-18,-47,27.1,87.4583333333333,2.4,1,1.22377543162212
2025-01-03,26.0625,30.8,22.2,79.9166666666667,0.4,22.125,-56,-13,"T019","T019",-13.002051,-55.96748,2025-02-18,-46,30.8,79.9166666666667,0.4,0,0.336472236621213
2025-01-04,26.0875,30.5,22.4,78.9166666666667,2.3,21.9083333333333,-56,-13,"T019","T019",-13.002051,-55.96748,2025-02-18,-45,30.5,78.9166666666667,2.3,1,1.19392246847243
2025-01-05,25.6083333333333,31.3,22.6,81.75,3.6,22.05,-56,-13,"T019","T019",-13.002051,-55.96748,2025-02-18,-44,31.3,81.75,3.6,1,1.52605630349505
2025-01-06,25.525,29.5,22.8,83.9166666666667,0.6,22.5041666666667,-56,-13,"T019","T019",-13.002051,-55.96748,2025-02-18,-43,29.5,83.9166666666667,0.6,0,0.470003629245736
2025-01-07,25.0041666666667,27.4,23,84.6666666666667,3.1,22.1875,-56,-13,"T019","T019",-13.002051,-55.96748,2025-02-18,-42,27.4,84.6666666666667,3.1,1,1.41098697371026
2025-01-08,24.375,27.2,22.6,88.7083333333333,13.8,22.3625,-56,-13,"T019","T019",-13.002051,-55.96748,2025-02-18,-41,27.2,88.7083333333333,13.8,1,2.69462718077007
2025-01-09,24.175,26.7,22.2,87.2916666666667,17,21.8791666666667,-56,-13,"T019","T019",-13.002051,-55.96748,2025-02-18,-40,26.7,87.2916666666667,17,1,2.89037175789616
2025-01-10,23.4375,25.6,22.1,90.2916666666667,8.8,21.75,-56,-13,"T019","T019",-13.002051,-55.96748,2025-02-18,-39,25.6,90.2916666666667,8.8,1,2.28238238567653
2025-01-11,24.1416666666667,27.2,22.4,88.7916666666667,11.1,22.1458333333333,-56,-13,"T019","T019",-13.002051,-55.96748,2025-02-18,-38,27.2,88.7916666666667,11.1,1,2.4932054526027
2025-01-12,24.75,28.3,22.5,86.75,16.5,22.2708333333333,-56,-13,"T019","T019",-13.002051,-55.96748,2025-02-18,-37,28.3,86.75,16.5,1,2.86220088092947
2025-01-13,24.5583333333333,29.9,22,86.25,14.2,22.0166666666667,-56,-13,"T019","T019",-13.002051,-55.96748,2025-02-18,-36,29.9,86.25,14.2,1,2.72129542785223
2025-01-14,23.5458333333333,25.8,22.5,87.375,4.3,21.3125,-56,-13,"T019","T019",-13.002051,-55.96748,2025-02-18,-35,25.8,87.375,4.3,1,1.66770682055808
2025-01-15,24.2166666666667,28.1,21.8,85.3333333333333,5.9,21.5375,-56,-13,"T019","T019",-13.002051,-55.96748,2025-02-18,-34,28.1,85.3333333333333,5.9,1,1.93152141160321
2025-01-16,24.3041666666667,28.1,22.3,87.625,12.1,22.075,-56,-13,"T019","T019",-13.002051,-55.96748,2025-02-18,-33,28.1,87.625,12.1,1,2.57261223020711
2025-01-17,24.4125,28.8,21.7,87.1666666666667,7,22.0666666666667,-56,-13,"T019","T019",-13.002051,-55.96748,2025-02-18,-32,28.8,87.1666666666667,7,1,2.07944154167984
2025-01-18,24.1041666666667,26.7,22.2,88.0833333333333,7.8,21.95,-56,-13,"T019","T019",-13.002051,-55.96748,2025-02-18,-31,26.7,88.0833333333333,7.8,1,2.17475172148416
2025-01-19,24.3041666666667,27.3,22.1,85.9166666666667,17.2,21.7041666666667,-56,-13,"T019","T019",-13.002051,-55.96748,2025-02-18,-30,27.3,85.9166666666667,17.2,1,2.90142159408275
2025-01-20,23.95,29.6,21.4,85.7083333333333,12.9,21.2625,-56,-13,"T019","T019",-13.002051,-55.96748,2025-02-18,-29,29.6,85.7083333333333,12.9,1,2.63188884013665
2025-01-21,24.3875,28.3,21.4,82.0416666666667,1.1,20.8583333333333,-56,-13,"T019","T019",-13.002051,-55.96748,2025-02-18,-28,28.3,82.0416666666667,1.1,1,0.741937344729377
2025-01-22,25.325,30.3,21.7,79.5,2.6,21.2958333333333,-56,-13,"T019","T019",-13.002051,-55.96748,2025-02-18,-27,30.3,79.5,2.6,1,1.28093384546206
2025-01-23,25.4833333333333,31.2,20.6,78.7916666666667,3,21.2041666666667,-56,-13,"T019","T019",-13.002051,-55.96748,2025-02-18,-26,31.2,78.7916666666667,3,1,1.38629436111989
2025-01-24,26.9625,33.1,22,73.4166666666667,0.1,21.5375,-56,-13,"T019","T019",-13.002051,-55.96748,2025-02-18,-25,33.1,73.4166666666667,0.1,0,0.0953101798043249
2025-01-25,26.3416666666667,32.9,21.7,76.125,5.6,21.4791666666667,-56,-13,"T019","T019",-13.002051,-55.96748,2025-02-18,-24,32.9,76.125,5.6,1,1.88706964903238
2025-01-26,26.925,31.6,22.1,73.5833333333333,0,21.4833333333333,-56,-13,"T019","T019",-13.002051,-55.96748,2025-02-18,-23,31.6,73.5833333333333,0,0,0
2025-01-27,25.5916666666667,31.2,22.7,79.9583333333333,5.5,21.7208333333333,-56,-13,"T019","T019",-13.002051,-55.96748,2025-02-18,-22,31.2,79.9583333333333,5.5,1,1.87180217690159
2025-01-28,26.6833333333333,32.3,21.4,73.4166666666667,0,21.0708333333333,-56,-13,"T019","T019",-13.002051,-55.96748,2025-02-18,-21,32.3,73.4166666666667,0,0,0
2025-01-29,27.1375,31.6,23,74.4583333333333,0.9,22.05,-56,-13,"T019","T019",-13.002051,-55.96748,2025-02-18,-20,31.6,74.4583333333333,0.9,0,0.641853886172395
2025-01-30,25.7416666666667,30.3,22.4,82.0833333333333,5.6,22.2708333333333,-56,-13,"T019","T019",-13.002051,-55.96748,2025-02-18,-19,30.3,82.0833333333333,5.6,1,1.88706964903238
2025-01-31,25.6708333333333,31,22.9,81.625,7.7,22.1375,-56,-13,"T019","T019",-13.002051,-55.96748,2025-02-18,-18,31,81.625,7.7,1,2.16332302566054
2025-02-01,23.6833333333333,25.9,22.2,88.4166666666667,6.1,21.6333333333333,-56,-13,"T019","T019",-13.002051,-55.96748,2025-02-18,-17,25.9,88.4166666666667,6.1,1,1.96009478404727
2025-02-02,24.0333333333333,27.1,21.8,88.875,15.4,22.0375,-56,-13,"T019","T019",-13.002051,-55.96748,2025-02-18,-16,27.1,88.875,15.4,1,2.79728133483015
2025-02-03,24.5791666666667,28.6,22.1,84.8333333333333,3.1,21.7791666666667,-56,-13,"T019","T019",-13.002051,-55.96748,2025-02-18,-15,28.6,84.8333333333333,3.1,1,1.41098697371026
2025-02-04,25.5875,29.3,22.6,82.3333333333333,9.7,22.2625,-56,-13,"T019","T019",-13.002051,-55.96748,2025-02-18,-14,29.3,82.3333333333333,9.7,1,2.37024374146786
2025-02-05,25.0708333333333,30,21.9,81.7916666666667,23.1,21.5125,-56,-13,"T019","T019",-13.002051,-55.96748,2025-02-18,-13,30,81.7916666666667,23.1,1,3.18221184049661
2025-02-06,25.3875,29,22.9,80.0833333333333,1.8,21.5666666666667,-56,-13,"T019","T019",-13.002051,-55.96748,2025-02-18,-12,29,80.0833333333333,1.8,1,1.02961941718116
2025-02-07,26.9166666666667,32.6,21.9,73.375,0.3,21.325,-56,-13,"T019","T019",-13.002051,-55.96748,2025-02-18,-11,32.6,73.375,0.3,0,0.262364264467491
2025-02-08,26.6791666666667,31.8,22.9,73.0833333333333,0,21.1625,-56,-13,"T019","T019",-13.002051,-55.96748,2025-02-18,-10,31.8,73.0833333333333,0,0,0
2025-02-09,26.0541666666667,30.8,22.7,73.875,1,20.75,-56,-13,"T019","T019",-13.002051,-55.96748,2025-02-18,-9,30.8,73.875,1,1,0.693147180559945
2025-02-10,25.0791666666667,29.7,21.6,80.8333333333333,3.3,21.4125,-56,-13,"T019","T019",-13.002051,-55.96748,2025-02-18,-8,29.7,80.8333333333333,3.3,1,1.45861502269952
2025-02-11,23.9875,28.6,22.5,85.375,8.1,21.2625,-56,-13,"T019","T019",-13.002051,-55.96748,2025-02-18,-7,28.6,85.375,8.1,1,2.2082744135228
2025-02-12,24.4041666666667,27.7,22.1,84.2916666666667,3,21.4791666666667,-56,-13,"T019","T019",-13.002051,-55.96748,2025-02-18,-6,27.7,84.2916666666667,3,1,1.38629436111989
2025-02-13,25.0875,28,22.5,82.8333333333333,2.3,21.875,-56,-13,"T019","T019",-13.002051,-55.96748,2025-02-18,-5,28,82.8333333333333,2.3,1,1.19392246847243
2025-02-14,25,29.4,22.2,83.4166666666667,15.8,21.725,-56,-13,"T019","T019",-13.002051,-55.96748,2025-02-18,-4,29.4,83.4166666666667,15.8,1,2.82137888640921
2025-02-15,25.8083333333333,30.7,22.3,80.4166666666667,2.3,21.9416666666667,-56,-13,"T019","T019",-13.002051,-55.96748,2025-02-18,-3,30.7,80.4166666666667,2.3,1,1.19392246847243
2025-02-16,24.9083333333333,29.3,22.4,81.875,2.1,21.3875,-56,-13,"T019","T019",-13.002051,-55.96748,2025-02-18,-2,29.3,81.875,2.1,1,1.1314021114911
2025-02-17,25.775,30.3,22.6,79.9583333333333,5.8,21.8333333333333,-56,-13,"T019","T019",-13.002051,-55.96748,2025-02-18,-1,30.3,79.9583333333333,5.8,1,1.91692261218206
2024-12-24,25.4541666666667,28.6,23.1,79.5416666666667,3,21.5208333333333,-54.75,-14.5,"T020","T020",-14.543222,-54.716667,2025-03-14,-80,28.6,79.5416666666667,3,1,1.38629436111989
2024-12-25,24.4416666666667,27.3,22.6,82.9583333333333,15.5,21.2625,-54.75,-14.5,"T020","T020",-14.543222,-54.716667,2025-03-14,-79,27.3,82.9583333333333,15.5,1,2.80336038090653
2024-12-26,23.4333333333333,26,22.3,93,20.2,22.2083333333333,-54.75,-14.5,"T020","T020",-14.543222,-54.716667,2025-03-14,-78,26,93,20.2,1,3.05400118167797
2024-12-27,24.1,26.8,22.3,90.4583333333333,5.6,22.3791666666667,-54.75,-14.5,"T020","T020",-14.543222,-54.716667,2025-03-14,-77,26.8,90.4583333333333,5.6,1,1.88706964903238
2024-12-28,25.3625,29.9,22.1,80.375,0.6,21.4666666666667,-54.75,-14.5,"T020","T020",-14.543222,-54.716667,2025-03-14,-76,29.9,80.375,0.6,0,0.470003629245736
2024-12-29,25.4041666666667,29.5,22.5,81.5,11.7,21.8416666666667,-54.75,-14.5,"T020","T020",-14.543222,-54.716667,2025-03-14,-75,29.5,81.5,11.7,1,2.54160199346455
2024-12-30,25.1375,29.7,22.2,82.2083333333333,5.2,21.7166666666667,-54.75,-14.5,"T020","T020",-14.543222,-54.716667,2025-03-14,-74,29.7,82.2083333333333,5.2,1,1.82454929205105
2024-12-31,25.725,30.7,21.6,77.5416666666667,0.1,21.2875,-54.75,-14.5,"T020","T020",-14.543222,-54.716667,2025-03-14,-73,30.7,77.5416666666667,0.1,0,0.0953101798043249
2025-01-01,26.0208333333333,30,23.2,81.2083333333333,10.6,22.4416666666667,-54.75,-14.5,"T020","T020",-14.543222,-54.716667,2025-03-14,-72,30,81.2083333333333,10.6,1,2.45100509811232
2025-01-02,24.9583333333333,28.4,23.2,84.8333333333333,7,22.175,-54.75,-14.5,"T020","T020",-14.543222,-54.716667,2025-03-14,-71,28.4,84.8333333333333,7,1,2.07944154167984
2025-01-03,25.5958333333333,30.5,22.2,81.625,5.1,22.0333333333333,-54.75,-14.5,"T020","T020",-14.543222,-54.716667,2025-03-14,-70,30.5,81.625,5.1,1,1.80828877117927
2025-01-04,25.4125,29.3,22.9,82.625,8.8,22.05,-54.75,-14.5,"T020","T020",-14.543222,-54.716667,2025-03-14,-69,29.3,82.625,8.8,1,2.28238238567653
2025-01-05,25.6833333333333,31.4,22.3,83.4166666666667,6.5,22.425,-54.75,-14.5,"T020","T020",-14.543222,-54.716667,2025-03-14,-68,31.4,83.4166666666667,6.5,1,2.01490302054226
2025-01-06,25.5541666666667,29.1,23.6,82.3333333333333,1.1,22.2125,-54.75,-14.5,"T020","T020",-14.543222,-54.716667,2025-03-14,-67,29.1,82.3333333333333,1.1,1,0.741937344729377
2025-01-07,25.7333333333333,28.6,24.3,81.9166666666667,3.6,22.3666666666667,-54.75,-14.5,"T020","T020",-14.543222,-54.716667,2025-03-14,-66,28.6,81.9166666666667,3.6,1,1.52605630349505
2025-01-08,24.9208333333333,28.7,23,85.9583333333333,11,22.3625,-54.75,-14.5,"T020","T020",-14.543222,-54.716667,2025-03-14,-65,28.7,85.9583333333333,11,1,2.484906649788
2025-01-09,24.4625,27.5,22.5,88.8333333333333,4.2,22.4208333333333,-54.75,-14.5,"T020","T020",-14.543222,-54.716667,2025-03-14,-64,27.5,88.8333333333333,4.2,1,1.64865862558738
2025-01-10,24.4458333333333,27.8,22.4,88.4166666666667,12.5,22.3583333333333,-54.75,-14.5,"T020","T020",-14.543222,-54.716667,2025-03-14,-63,27.8,88.4166666666667,12.5,1,2.60268968544438
2025-01-11,23.9208333333333,25.4,23,91.5,8.9,22.4458333333333,-54.75,-14.5,"T020","T020",-14.543222,-54.716667,2025-03-14,-62,25.4,91.5,8.9,1,2.29253475714054
2025-01-12,25.1375,29,22.6,84.6666666666667,5.8,22.2583333333333,-54.75,-14.5,"T020","T020",-14.543222,-54.716667,2025-03-14,-61,29,84.6666666666667,5.8,1,1.91692261218206
2025-01-13,25.0041666666667,30.9,22.3,85.4583333333333,17.8,22.275,-54.75,-14.5,"T020","T020",-14.543222,-54.716667,2025-03-14,-60,30.9,85.4583333333333,17.8,1,2.9338568698359
2025-01-14,23.9875,27.4,22,88.1666666666667,19.5,21.8,-54.75,-14.5,"T020","T020",-14.543222,-54.716667,2025-03-14,-59,27.4,88.1666666666667,19.5,1,3.02042488614436
2025-01-15,23.9958333333333,27.6,22.3,90.1666666666667,17.3,22.2333333333333,-54.75,-14.5,"T020","T020",-14.543222,-54.716667,2025-03-14,-58,27.6,90.1666666666667,17.3,1,2.90690105984738
2025-01-16,24.9875,28.5,22.2,82.9166666666667,0.6,21.775,-54.75,-14.5,"T020","T020",-14.543222,-54.716667,2025-03-14,-57,28.5,82.9166666666667,0.6,0,0.470003629245736
2025-01-17,24.3083333333333,26.9,22.2,88.9166666666667,9,22.3333333333333,-54.75,-14.5,"T020","T020",-14.543222,-54.716667,2025-03-14,-56,26.9,88.9166666666667,9,1,2.30258509299405
2025-01-18,24.725,29.6,22.5,85.5,5.9,22.05,-54.75,-14.5,"T020","T020",-14.543222,-54.716667,2025-03-14,-55,29.6,85.5,5.9,1,1.93152141160321
2025-01-19,25.1916666666667,30.3,22.3,82.125,6.7,21.7416666666667,-54.75,-14.5,"T020","T020",-14.543222,-54.716667,2025-03-14,-54,30.3,82.125,6.7,1,2.04122032885964
2025-01-20,24.675,28.7,21.7,81.9166666666667,7.5,21.2,-54.75,-14.5,"T020","T020",-14.543222,-54.716667,2025-03-14,-53,28.7,81.9166666666667,7.5,1,2.14006616349627
2025-01-21,24.7166666666667,29.8,20.8,82.25,1.4,21.2958333333333,-54.75,-14.5,"T020","T020",-14.543222,-54.716667,2025-03-14,-52,29.8,82.25,1.4,1,0.8754687373539
2025-01-22,26.2333333333333,32,22.3,78.5416666666667,3.4,21.8958333333333,-54.75,-14.5,"T020","T020",-14.543222,-54.716667,2025-03-14,-51,32,78.5416666666667,3.4,1,1.48160454092422
2025-01-23,26.025,31.7,21.2,75.7916666666667,1.2,20.9583333333333,-54.75,-14.5,"T020","T020",-14.543222,-54.716667,2025-03-14,-50,31.7,75.7916666666667,1.2,1,0.78845736036427
2025-01-24,27.0375,32.4,23.2,72.7083333333333,0.1,21.4833333333333,-54.75,-14.5,"T020","T020",-14.543222,-54.716667,2025-03-14,-49,32.4,72.7083333333333,0.1,0,0.0953101798043249
2025-01-25,27.6208333333333,34.3,22,70,0.6,21.1333333333333,-54.75,-14.5,"T020","T020",-14.543222,-54.716667,2025-03-14,-48,34.3,70,0.6,0,0.470003629245736
2025-01-26,26.8458333333333,32.4,22.9,73.5,0.7,21.3541666666667,-54.75,-14.5,"T020","T020",-14.543222,-54.716667,2025-03-14,-47,32.4,73.5,0.7,0,0.53062825106217
2025-01-27,26.425,31.2,23.3,76.8333333333333,0.9,21.8458333333333,-54.75,-14.5,"T020","T020",-14.543222,-54.716667,2025-03-14,-46,31.2,76.8333333333333,0.9,0,0.641853886172395
2025-01-28,26.9791666666667,33,22.8,71.875,0.1,21.0291666666667,-54.75,-14.5,"T020","T020",-14.543222,-54.716667,2025-03-14,-45,33,71.875,0.1,0,0.0953101798043249
2025-01-29,26.8416666666667,31.7,24,74.75,0.6,21.8,-54.75,-14.5,"T020","T020",-14.543222,-54.716667,2025-03-14,-44,31.7,74.75,0.6,0,0.470003629245736
2025-01-30,25.6416666666667,31,22.1,83.2083333333333,16.1,22.3458333333333,-54.75,-14.5,"T020","T020",-14.543222,-54.716667,2025-03-14,-43,31,83.2083333333333,16.1,1,2.83907846350861
2025-01-31,24.0791666666667,27.6,22.6,90.875,20.1,22.4625,-54.75,-14.5,"T020","T020",-14.543222,-54.716667,2025-03-14,-42,27.6,90.875,20.1,1,3.04927304048202
2025-02-01,23.5916666666667,26,22.4,87.9166666666667,11.7,21.4083333333333,-54.75,-14.5,"T020","T020",-14.543222,-54.716667,2025-03-14,-41,26,87.9166666666667,11.7,1,2.54160199346455
2025-02-02,23.9583333333333,26.4,22.1,86.8333333333333,16.5,21.5791666666667,-54.75,-14.5,"T020","T020",-14.543222,-54.716667,2025-03-14,-40,26.4,86.8333333333333,16.5,1,2.86220088092947
2025-02-03,23.9,26.7,22.4,88.0416666666667,14.2,21.7291666666667,-54.75,-14.5,"T020","T020",-14.543222,-54.716667,2025-03-14,-39,26.7,88.0416666666667,14.2,1,2.72129542785223
2025-02-04,24.9166666666667,28.6,22.4,86.4166666666667,18.8,22.3916666666667,-54.75,-14.5,"T020","T020",-14.543222,-54.716667,2025-03-14,-38,28.6,86.4166666666667,18.8,1,2.98568193770049
2025-02-05,24.4583333333333,28.7,21.7,79.25,2.3,20.2916666666667,-54.75,-14.5,"T020","T020",-14.543222,-54.716667,2025-03-14,-37,28.7,79.25,2.3,1,1.19392246847243
2025-02-06,25.5833333333333,29.9,21.9,75.4166666666667,0,20.75,-54.75,-14.5,"T020","T020",-14.543222,-54.716667,2025-03-14,-36,29.9,75.4166666666667,0,0,0
2025-02-07,26.45,32.5,20.9,72.7083333333333,0.3,20.65,-54.75,-14.5,"T020","T020",-14.543222,-54.716667,2025-03-14,-35,32.5,72.7083333333333,0.3,0,0.262364264467491
2025-02-08,27.3,32.5,23.2,66.8333333333333,0.1,20.2083333333333,-54.75,-14.5,"T020","T020",-14.543222,-54.716667,2025-03-14,-34,32.5,66.8333333333333,0.1,0,0.0953101798043249
2025-02-09,26.425,31.2,22,71,0.3,20.3958333333333,-54.75,-14.5,"T020","T020",-14.543222,-54.716667,2025-03-14,-33,31.2,71,0.3,0,0.262364264467491
2025-02-10,24.5666666666667,30.3,21.4,81.25,6.5,20.8916666666667,-54.75,-14.5,"T020","T020",-14.543222,-54.716667,2025-03-14,-32,30.3,81.25,6.5,1,2.01490302054226
2025-02-11,23.2666666666667,27.4,20.8,86.9583333333333,27.8,20.9083333333333,-54.75,-14.5,"T020","T020",-14.543222,-54.716667,2025-03-14,-31,27.4,86.9583333333333,27.8,1,3.3603753871419
2025-02-12,24.75,28.1,21.9,82.625,10.3,21.5125,-54.75,-14.5,"T020","T020",-14.543222,-54.716667,2025-03-14,-30,28.1,82.625,10.3,1,2.42480272571829
2025-02-13,24.525,28.3,22.2,85.8333333333333,21.8,21.9,-54.75,-14.5,"T020","T020",-14.543222,-54.716667,2025-03-14,-29,28.3,85.8333333333333,21.8,1,3.1267605359604
2025-02-14,25.4125,30.3,22,80.125,5.6,21.4291666666667,-54.75,-14.5,"T020","T020",-14.543222,-54.716667,2025-03-14,-28,30.3,80.125,5.6,1,1.88706964903238
2025-02-15,26.3791666666667,31.4,22.5,76.9583333333333,1.2,21.7458333333333,-54.75,-14.5,"T020","T020",-14.543222,-54.716667,2025-03-14,-27,31.4,76.9583333333333,1.2,1,0.78845736036427
2025-02-16,25.8,31.9,22.2,78.5416666666667,3.1,21.5,-54.75,-14.5,"T020","T020",-14.543222,-54.716667,2025-03-14,-26,31.9,78.5416666666667,3.1,1,1.41098697371026
2025-02-17,26.0708333333333,31.2,22.6,78.4166666666667,2.4,21.8208333333333,-54.75,-14.5,"T020","T020",-14.543222,-54.716667,2025-03-14,-25,31.2,78.4166666666667,2.4,1,1.22377543162212
2025-02-18,27.1708333333333,33,21.4,71.4166666666667,0.2,21.1666666666667,-54.75,-14.5,"T020","T020",-14.543222,-54.716667,2025-03-14,-24,33,71.4166666666667,0.2,0,0.182321556793955
2025-02-19,26.325,32.4,22.2,73.4583333333333,0.4,20.9041666666667,-54.75,-14.5,"T020","T020",-14.543222,-54.716667,2025-03-14,-23,32.4,73.4583333333333,0.4,0,0.336472236621213
2025-02-20,26.15,32.6,22.8,76.875,5.7,21.4791666666667,-54.75,-14.5,"T020","T020",-14.543222,-54.716667,2025-03-14,-22,32.6,76.875,5.7,1,1.90210752639692
2025-02-21,27.7208333333333,33.2,22.1,69.4166666666667,0,20.8875,-54.75,-14.5,"T020","T020",-14.543222,-54.716667,2025-03-14,-21,33.2,69.4166666666667,0,0,0
2025-02-22,27.5666666666667,33.5,22,65.5,0,19.9666666666667,-54.75,-14.5,"T020","T020",-14.543222,-54.716667,2025-03-14,-20,33.5,65.5,0,0,0
2025-02-23,26.9416666666667,32.3,22.4,71.625,1.2,21.1416666666667,-54.75,-14.5,"T020","T020",-14.543222,-54.716667,2025-03-14,-19,32.3,71.625,1.2,1,0.78845736036427
2025-02-24,26.0333333333333,31,23,78.5416666666667,2.7,21.8375,-54.75,-14.5,"T020","T020",-14.543222,-54.716667,2025-03-14,-18,31,78.5416666666667,2.7,1,1.30833281965018
2025-02-25,25.3333333333333,30.3,22.4,81.7083333333333,14.1,21.7666666666667,-54.75,-14.5,"T020","T020",-14.543222,-54.716667,2025-03-14,-17,30.3,81.7083333333333,14.1,1,2.71469474382088
2025-02-26,23.9583333333333,27,22.1,86.8333333333333,12.8,21.5625,-54.75,-14.5,"T020","T020",-14.543222,-54.716667,2025-03-14,-16,27,86.8333333333333,12.8,1,2.62466859216316
2025-02-27,24.7083333333333,28.9,22.4,85.8333333333333,6.2,22.0625,-54.75,-14.5,"T020","T020",-14.543222,-54.716667,2025-03-14,-15,28.9,85.8333333333333,6.2,1,1.97408102602201
2025-02-28,24.5208333333333,27.5,22.5,84.8333333333333,2.8,21.7083333333333,-54.75,-14.5,"T020","T020",-14.543222,-54.716667,2025-03-14,-14,27.5,84.8333333333333,2.8,1,1.33500106673234
2025-03-01,26.1791666666667,31.9,22.7,76.4166666666667,1.3,21.3583333333333,-54.75,-14.5,"T020","T020",-14.543222,-54.716667,2025-03-14,-13,31.9,76.4166666666667,1.3,1,0.832909122935104
2025-03-02,24.5375,28,22.1,82.5,8.8,21.225,-54.75,-14.5,"T020","T020",-14.543222,-54.716667,2025-03-14,-12,28,82.5,8.8,1,2.28238238567653
2025-03-03,24.5791666666667,28.5,21.9,82.75,6.8,21.2083333333333,-54.75,-14.5,"T020","T020",-14.543222,-54.716667,2025-03-14,-11,28.5,82.75,6.8,1,2.05412373369555
2025-03-04,24.4541666666667,28.9,21.9,84.4583333333333,16.9,21.4875,-54.75,-14.5,"T020","T020",-14.543222,-54.716667,2025-03-14,-10,28.9,84.4583333333333,16.9,1,2.88480071284671
2025-03-05,24.0083333333333,28.6,21.4,83.7083333333333,3.7,20.9541666666667,-54.75,-14.5,"T020","T020",-14.543222,-54.716667,2025-03-14,-9,28.6,83.7083333333333,3.7,1,1.54756250871601
2025-03-06,25.025,30.4,21.5,80.9166666666667,1.1,21.3041666666667,-54.75,-14.5,"T020","T020",-14.543222,-54.716667,2025-03-14,-8,30.4,80.9166666666667,1.1,1,0.741937344729377
2025-03-07,26.6541666666667,31.9,22.4,74.2916666666667,0.4,21.2375,-54.75,-14.5,"T020","T020",-14.543222,-54.716667,2025-03-14,-7,31.9,74.2916666666667,0.4,0,0.336472236621213
2025-03-08,24.4583333333333,28.1,21.2,84.75,6.5,21.5666666666667,-54.75,-14.5,"T020","T020",-14.543222,-54.716667,2025-03-14,-6,28.1,84.75,6.5,1,2.01490302054226
2025-03-09,25.1125,31.1,20.4,79.3333333333333,0.8,20.8916666666667,-54.75,-14.5,"T020","T020",-14.543222,-54.716667,2025-03-14,-5,31.1,79.3333333333333,0.8,0,0.587786664902119
2025-03-10,26.5916666666667,32.1,22.4,73.7083333333333,0.4,21.1208333333333,-54.75,-14.5,"T020","T020",-14.543222,-54.716667,2025-03-14,-4,32.1,73.7083333333333,0.4,0,0.336472236621213
2025-03-11,25.4166666666667,30.4,22.4,78.5,0.3,21.1666666666667,-54.75,-14.5,"T020","T020",-14.543222,-54.716667,2025-03-14,-3,30.4,78.5,0.3,0,0.262364264467491
2025-03-12,25.8458333333333,31.2,21.7,77.5833333333333,0.8,21.4041666666667,-54.75,-14.5,"T020","T020",-14.543222,-54.716667,2025-03-14,-2,31.2,77.5833333333333,0.8,0,0.587786664902119
2025-03-13,25.9708333333333,30.5,22.4,78.3333333333333,0.7,21.6958333333333,-54.75,-14.5,"T020","T020",-14.543222,-54.716667,2025-03-14,-1,30.5,78.3333333333333,0.7,0,0.53062825106217
2024-11-25,25.3,29.8,21.7,75.9583333333333,0.4,20.575,-58.75,-13.25,"T021","T021",-13.302678,-58.762936,2025-02-13,-80,29.8,75.9583333333333,0.4,0,0.336472236621213
2024-11-26,23.8041666666667,26.4,21.1,85.5833333333333,7.6,21.1833333333333,-58.75,-13.25,"T021","T021",-13.302678,-58.762936,2025-02-13,-79,26.4,85.5833333333333,7.6,1,2.15176220325946
2024-11-27,24.9291666666667,30.1,20.5,79.875,0.6,21.0458333333333,-58.75,-13.25,"T021","T021",-13.302678,-58.762936,2025-02-13,-78,30.1,79.875,0.6,0,0.470003629245736
2024-11-28,24.35,27.9,22.1,85.6666666666667,4,21.7583333333333,-58.75,-13.25,"T021","T021",-13.302678,-58.762936,2025-02-13,-77,27.9,85.6666666666667,4,1,1.6094379124341
2024-11-29,25.1083333333333,29.7,21.9,84.2083333333333,3.4,22.1416666666667,-58.75,-13.25,"T021","T021",-13.302678,-58.762936,2025-02-13,-76,29.7,84.2083333333333,3.4,1,1.48160454092422
2024-11-30,23.4208333333333,25.7,21.8,90.0833333333333,25.8,21.6708333333333,-58.75,-13.25,"T021","T021",-13.302678,-58.762936,2025-02-13,-75,25.7,90.0833333333333,25.8,1,3.28840188751681
2024-12-01,24.625,28.7,21.2,84.4166666666667,13.6,21.6458333333333,-58.75,-13.25,"T021","T021",-13.302678,-58.762936,2025-02-13,-74,28.7,84.4166666666667,13.6,1,2.68102152871429
2024-12-02,24.7041666666667,29.3,21.3,86.2916666666667,2.9,22.15,-58.75,-13.25,"T021","T021",-13.302678,-58.762936,2025-02-13,-73,29.3,86.2916666666667,2.9,1,1.3609765531356
2024-12-03,24.0916666666667,27.8,21.7,84.8333333333333,10.6,21.2625,-58.75,-13.25,"T021","T021",-13.302678,-58.762936,2025-02-13,-72,27.8,84.8333333333333,10.6,1,2.45100509811232
2024-12-04,23.7958333333333,27.4,21.1,85.5833333333333,13.4,21.1416666666667,-58.75,-13.25,"T021","T021",-13.302678,-58.762936,2025-02-13,-71,27.4,85.5833333333333,13.4,1,2.66722820658195
2024-12-05,23.8291666666667,26.2,22,85.5,2.5,21.2375,-58.75,-13.25,"T021","T021",-13.302678,-58.762936,2025-02-13,-70,26.2,85.5,2.5,1,1.25276296849537
2024-12-06,23.5958333333333,25.7,22.1,85.75,2.9,21.0083333333333,-58.75,-13.25,"T021","T021",-13.302678,-58.762936,2025-02-13,-69,25.7,85.75,2.9,1,1.3609765531356
2024-12-07,24.4666666666667,28.1,21.6,81.8333333333333,2.2,20.9916666666667,-58.75,-13.25,"T021","T021",-13.302678,-58.762936,2025-02-13,-68,28.1,81.8333333333333,2.2,1,1.16315080980568
2024-12-08,25.325,29.6,20.7,77.8333333333333,0.7,20.9666666666667,-58.75,-13.25,"T021","T021",-13.302678,-58.762936,2025-02-13,-67,29.6,77.8333333333333,0.7,0,0.53062825106217
2024-12-09,25.0916666666667,28.7,21.7,78.2083333333333,2,20.8833333333333,-58.75,-13.25,"T021","T021",-13.302678,-58.762936,2025-02-13,-66,28.7,78.2083333333333,2,1,1.09861228866811
2024-12-10,25.6833333333333,30.1,21,76.625,0.2,21.0416666666667,-58.75,-13.25,"T021","T021",-13.302678,-58.762936,2025-02-13,-65,30.1,76.625,0.2,0,0.182321556793955
2024-12-11,25.6625,29.5,22,78.9166666666667,3.6,21.6208333333333,-58.75,-13.25,"T021","T021",-13.302678,-58.762936,2025-02-13,-64,29.5,78.9166666666667,3.6,1,1.52605630349505
2024-12-12,25.7041666666667,29.8,22.6,79.4166666666667,0.5,21.7666666666667,-58.75,-13.25,"T021","T021",-13.302678,-58.762936,2025-02-13,-63,29.8,79.4166666666667,0.5,0,0.405465108108164
2024-12-13,25.4916666666667,29.8,21.6,78.7916666666667,0.5,21.3333333333333,-58.75,-13.25,"T021","T021",-13.302678,-58.762936,2025-02-13,-62,29.8,78.7916666666667,0.5,0,0.405465108108164
2024-12-14,24.2291666666667,28.7,21.8,83.4583333333333,7.1,21.1166666666667,-58.75,-13.25,"T021","T021",-13.302678,-58.762936,2025-02-13,-61,28.7,83.4583333333333,7.1,1,2.09186406167839
2024-12-15,23.8958333333333,26.7,21.4,84.875,17.4,21.1458333333333,-58.75,-13.25,"T021","T021",-13.302678,-58.762936,2025-02-13,-60,26.7,84.875,17.4,1,2.91235066461494
2024-12-16,23.3708333333333,26.6,21.3,88.875,22.9,21.4166666666667,-58.75,-13.25,"T021","T021",-13.302678,-58.762936,2025-02-13,-59,26.6,88.875,22.9,1,3.17387845893747
2024-12-17,23.9166666666667,26.1,21.7,82.7083333333333,0.8,20.6916666666667,-58.75,-13.25,"T021","T021",-13.302678,-58.762936,2025-02-13,-58,26.1,82.7083333333333,0.8,0,0.587786664902119
2024-12-18,23.9416666666667,27.7,21.4,85.7916666666667,5.6,21.3458333333333,-58.75,-13.25,"T021","T021",-13.302678,-58.762936,2025-02-13,-57,27.7,85.7916666666667,5.6,1,1.88706964903238
2024-12-19,25.2541666666667,29,21.4,80.5,0.2,21.5,-58.75,-13.25,"T021","T021",-13.302678,-58.762936,2025-02-13,-56,29,80.5,0.2,0,0.182321556793955
2024-12-20,25.2541666666667,28.8,22.8,81.375,1.5,21.7375,-58.75,-13.25,"T021","T021",-13.302678,-58.762936,2025-02-13,-55,28.8,81.375,1.5,1,0.916290731874155
2024-12-21,23.5416666666667,26.6,21.8,87.7083333333333,9.3,21.3375,-58.75,-13.25,"T021","T021",-13.302678,-58.762936,2025-02-13,-54,26.6,87.7083333333333,9.3,1,2.33214389523559
2024-12-22,24.1,28.6,20.7,82.0416666666667,4.7,20.65,-58.75,-13.25,"T021","T021",-13.302678,-58.762936,2025-02-13,-53,28.6,82.0416666666667,4.7,1,1.7404661748405
2024-12-23,24.3958333333333,29.7,21.7,83.4583333333333,13.7,21.2416666666667,-58.75,-13.25,"T021","T021",-13.302678,-58.762936,2025-02-13,-52,29.7,83.4583333333333,13.7,1,2.68784749378469
2024-12-24,24.6708333333333,28.9,21.1,82.125,1.4,21.2583333333333,-58.75,-13.25,"T021","T021",-13.302678,-58.762936,2025-02-13,-51,28.9,82.125,1.4,1,0.8754687373539
2024-12-25,23.5416666666667,27.1,22,82.5,8.4,20.3083333333333,-58.75,-13.25,"T021","T021",-13.302678,-58.762936,2025-02-13,-50,27.1,82.5,8.4,1,2.24070968927596
2024-12-26,23.7583333333333,27.5,20.1,79.4583333333333,1.4,19.8541666666667,-58.75,-13.25,"T021","T021",-13.302678,-58.762936,2025-02-13,-49,27.5,79.4583333333333,1.4,1,0.8754687373539
2024-12-27,24.1,27.3,21.8,85.0416666666667,9.1,21.35,-58.75,-13.25,"T021","T021",-13.302678,-58.762936,2025-02-13,-48,27.3,85.0416666666667,9.1,1,2.31253542384721
2024-12-28,24.2166666666667,29.6,21.8,86.2083333333333,7,21.6041666666667,-58.75,-13.25,"T021","T021",-13.302678,-58.762936,2025-02-13,-47,29.6,86.2083333333333,7,1,2.07944154167984
2024-12-29,23.9625,27.4,21.2,87.375,4.4,21.6541666666667,-58.75,-13.25,"T021","T021",-13.302678,-58.762936,2025-02-13,-46,27.4,87.375,4.4,1,1.68639895357023
2024-12-30,23.7166666666667,27.2,21.5,88,6.8,21.5291666666667,-58.75,-13.25,"T021","T021",-13.302678,-58.762936,2025-02-13,-45,27.2,88,6.8,1,2.05412373369555
2024-12-31,24.5,28.4,20.9,83.2916666666667,0.4,21.3208333333333,-58.75,-13.25,"T021","T021",-13.302678,-58.762936,2025-02-13,-44,28.4,83.2916666666667,0.4,0,0.336472236621213
2025-01-01,24.4083333333333,28.4,21.7,85.125,5.8,21.5708333333333,-58.75,-13.25,"T021","T021",-13.302678,-58.762936,2025-02-13,-43,28.4,85.125,5.8,1,1.91692261218206
2025-01-02,23.4041666666667,26.1,20.7,86.8333333333333,2.4,20.9666666666667,-58.75,-13.25,"T021","T021",-13.302678,-58.762936,2025-02-13,-42,26.1,86.8333333333333,2.4,1,1.22377543162212
2025-01-03,24.5,28.9,20.4,82.3333333333333,2.5,21.1416666666667,-58.75,-13.25,"T021","T021",-13.302678,-58.762936,2025-02-13,-41,28.9,82.3333333333333,2.5,1,1.25276296849537
2025-01-04,24.1125,28.3,21.7,85.5,9.5,21.4208333333333,-58.75,-13.25,"T021","T021",-13.302678,-58.762936,2025-02-13,-40,28.3,85.5,9.5,1,2.35137525716348
2025-01-05,24.1833333333333,27.1,21.7,86.0416666666667,6.2,21.625,-58.75,-13.25,"T021","T021",-13.302678,-58.762936,2025-02-13,-39,27.1,86.0416666666667,6.2,1,1.97408102602201
2025-01-06,23.6958333333333,26.3,21.9,86.4583333333333,4.7,21.225,-58.75,-13.25,"T021","T021",-13.302678,-58.762936,2025-02-13,-38,26.3,86.4583333333333,4.7,1,1.7404661748405
2025-01-07,24.0416666666667,27.7,21,84.4166666666667,5,21.2125,-58.75,-13.25,"T021","T021",-13.302678,-58.762936,2025-02-13,-37,27.7,84.4166666666667,5,1,1.79175946922805
2025-01-08,23.6,26.5,21.9,85.5833333333333,5.7,20.9791666666667,-58.75,-13.25,"T021","T021",-13.302678,-58.762936,2025-02-13,-36,26.5,85.5833333333333,5.7,1,1.90210752639692
2025-01-09,23.7375,27.1,21.3,85.375,3,21.0416666666667,-58.75,-13.25,"T021","T021",-13.302678,-58.762936,2025-02-13,-35,27.1,85.375,3,1,1.38629436111989
2025-01-10,24.2291666666667,29.1,21.6,84.3333333333333,1.1,21.3291666666667,-58.75,-13.25,"T021","T021",-13.302678,-58.762936,2025-02-13,-34,29.1,84.3333333333333,1.1,1,0.741937344729377
2025-01-11,23.9,27.1,21.7,86.3333333333333,5,21.425,-58.75,-13.25,"T021","T021",-13.302678,-58.762936,2025-02-13,-33,27.1,86.3333333333333,5,1,1.79175946922805
2025-01-12,23.7708333333333,27.9,21.9,85.5833333333333,7.1,21.1375,-58.75,-13.25,"T021","T021",-13.302678,-58.762936,2025-02-13,-32,27.9,85.5833333333333,7.1,1,2.09186406167839
2025-01-13,23.5625,29,21.6,86.0416666666667,16.1,21.0041666666667,-58.75,-13.25,"T021","T021",-13.302678,-58.762936,2025-02-13,-31,29,86.0416666666667,16.1,1,2.83907846350861
2025-01-14,22.5333333333333,25.1,20.9,86.7083333333333,8.8,20.1791666666667,-58.75,-13.25,"T021","T021",-13.302678,-58.762936,2025-02-13,-30,25.1,86.7083333333333,8.8,1,2.28238238567653
2025-01-15,24.4125,29,21,81,1.2,20.8041666666667,-58.75,-13.25,"T021","T021",-13.302678,-58.762936,2025-02-13,-29,29,81,1.2,1,0.78845736036427
2025-01-16,23.7541666666667,28.7,21.7,85.75,9.5,21.15,-58.75,-13.25,"T021","T021",-13.302678,-58.762936,2025-02-13,-28,28.7,85.75,9.5,1,2.35137525716348
2025-01-17,23.7958333333333,28.5,21.6,86.6666666666667,9.3,21.3541666666667,-58.75,-13.25,"T021","T021",-13.302678,-58.762936,2025-02-13,-27,28.5,86.6666666666667,9.3,1,2.33214389523559
2025-01-18,23.7,28.7,21.4,87.0833333333333,9.9,21.275,-58.75,-13.25,"T021","T021",-13.302678,-58.762936,2025-02-13,-26,28.7,87.0833333333333,9.9,1,2.3887627892351
2025-01-19,23.0541666666667,26.4,21.3,90.2916666666667,11.5,21.3208333333333,-58.75,-13.25,"T021","T021",-13.302678,-58.762936,2025-02-13,-25,26.4,90.2916666666667,11.5,1,2.52572864430826
2025-01-20,22.1208333333333,24.1,20.8,92.875,4.8,20.8958333333333,-58.75,-13.25,"T021","T021",-13.302678,-58.762936,2025-02-13,-24,24.1,92.875,4.8,1,1.75785791755237
2025-01-21,21.6625,23.4,20.4,93,8.7,20.4291666666667,-58.75,-13.25,"T021","T021",-13.302678,-58.762936,2025-02-13,-23,23.4,93,8.7,1,2.27212588550934
2025-01-22,23.6708333333333,26.9,20.3,82.4583333333333,9.4,20.3583333333333,-58.75,-13.25,"T021","T021",-13.302678,-58.762936,2025-02-13,-22,26.9,82.4583333333333,9.4,1,2.34180580614733
2025-01-23,24.2583333333333,29.2,19.4,79.2916666666667,2.5,20.1458333333333,-58.75,-13.25,"T021","T021",-13.302678,-58.762936,2025-02-13,-21,29.2,79.2916666666667,2.5,1,1.25276296849537
2025-01-24,25.3375,30.7,20,74.9166666666667,0.2,20.1958333333333,-58.75,-13.25,"T021","T021",-13.302678,-58.762936,2025-02-13,-20,30.7,74.9166666666667,0.2,0,0.182321556793955
2025-01-25,25.0791666666667,30.8,20.7,75.7916666666667,0.3,20.3166666666667,-58.75,-13.25,"T021","T021",-13.302678,-58.762936,2025-02-13,-19,30.8,75.7916666666667,0.3,0,0.262364264467491
2025-01-26,25.45,30,21.1,76.75,1.2,20.8208333333333,-58.75,-13.25,"T021","T021",-13.302678,-58.762936,2025-02-13,-18,30,76.75,1.2,1,0.78845736036427
2025-01-27,24.7375,29.1,21.1,79.1666666666667,1,20.6916666666667,-58.75,-13.25,"T021","T021",-13.302678,-58.762936,2025-02-13,-17,29.1,79.1666666666667,1,1,0.693147180559945
2025-01-28,25.4333333333333,30.5,21,76.8333333333333,0.2,20.6958333333333,-58.75,-13.25,"T021","T021",-13.302678,-58.762936,2025-02-13,-16,30.5,76.8333333333333,0.2,0,0.182321556793955
2025-01-29,26.7541666666667,31.8,22.4,72.2916666666667,3.3,21.0958333333333,-58.75,-13.25,"T021","T021",-13.302678,-58.762936,2025-02-13,-15,31.8,72.2916666666667,3.3,1,1.45861502269952
2025-01-30,24.6208333333333,29.3,21.6,80.7083333333333,8,20.9166666666667,-58.75,-13.25,"T021","T021",-13.302678,-58.762936,2025-02-13,-14,29.3,80.7083333333333,8,1,2.19722457733622
2025-01-31,24.8708333333333,28.9,22.4,82.1666666666667,5.8,21.5583333333333,-58.75,-13.25,"T021","T021",-13.302678,-58.762936,2025-02-13,-13,28.9,82.1666666666667,5.8,1,1.91692261218206
2025-02-01,23.7625,26.7,21.7,86.5416666666667,13.6,21.2666666666667,-58.75,-13.25,"T021","T021",-13.302678,-58.762936,2025-02-13,-12,26.7,86.5416666666667,13.6,1,2.68102152871429
2025-02-02,23.4333333333333,27.8,20.9,84.625,9.9,20.55,-58.75,-13.25,"T021","T021",-13.302678,-58.762936,2025-02-13,-11,27.8,84.625,9.9,1,2.3887627892351
2025-02-03,23.3833333333333,28,21.2,85.4583333333333,3.6,20.7166666666667,-58.75,-13.25,"T021","T021",-13.302678,-58.762936,2025-02-13,-10,28,85.4583333333333,3.6,1,1.52605630349505
2025-02-04,24.35,30.9,20.7,84.0416666666667,14.9,21.2,-58.75,-13.25,"T021","T021",-13.302678,-58.762936,2025-02-13,-9,30.9,84.0416666666667,14.9,1,2.76631910922619
2025-02-05,22.95,25,21.4,90.5416666666667,21.5,21.2833333333333,-58.75,-13.25,"T021","T021",-13.302678,-58.762936,2025-02-13,-8,25,90.5416666666667,21.5,1,3.11351530921037
2025-02-06,23.1958333333333,25.9,21.2,88.7083333333333,12.4,21.1833333333333,-58.75,-13.25,"T021","T021",-13.302678,-58.762936,2025-02-13,-7,25.9,88.7083333333333,12.4,1,2.59525470695687
2025-02-07,24.7083333333333,29.6,20.5,79.125,0.2,20.5958333333333,-58.75,-13.25,"T021","T021",-13.302678,-58.762936,2025-02-13,-6,29.6,79.125,0.2,0,0.182321556793955
2025-02-08,24.7875,29,22.3,77.7083333333333,7.3,20.4541666666667,-58.75,-13.25,"T021","T021",-13.302678,-58.762936,2025-02-13,-5,29,77.7083333333333,7.3,1,2.11625551480255
2025-02-09,24.5916666666667,30,21.5,80,5.6,20.7166666666667,-58.75,-13.25,"T021","T021",-13.302678,-58.762936,2025-02-13,-4,30,80,5.6,1,1.88706964903238
2025-02-10,23.4458333333333,27.9,20.6,87.125,9.1,21.0958333333333,-58.75,-13.25,"T021","T021",-13.302678,-58.762936,2025-02-13,-3,27.9,87.125,9.1,1,2.31253542384721
2025-02-11,22.625,25.9,20.8,89.7916666666667,11,20.7791666666667,-58.75,-13.25,"T021","T021",-13.302678,-58.762936,2025-02-13,-2,25.9,89.7916666666667,11,1,2.484906649788
2025-02-12,22.4125,26.8,20.8,91.1666666666667,23.9,20.8666666666667,-58.75,-13.25,"T021","T021",-13.302678,-58.762936,2025-02-13,-1,26.8,91.1666666666667,23.9,1,3.21486780347066
2024-11-28,26.6166666666667,32.5,22.6,83.4583333333333,2.9,23.3416666666667,-55.5,-11.75,"T022","T022",-11.849647,-55.598429,2025-02-16,-80,32.5,83.4583333333333,2.9,1,1.3609765531356
2024-11-29,25.3625,29.2,23,89.5416666666667,2.1,23.3875,-55.5,-11.75,"T022","T022",-11.849647,-55.598429,2025-02-16,-79,29.2,89.5416666666667,2.1,1,1.1314021114911
2024-11-30,24.9083333333333,28.5,22.7,89,1.8,22.8708333333333,-55.5,-11.75,"T022","T022",-11.849647,-55.598429,2025-02-16,-78,28.5,89,1.8,1,1.02961941718116
2024-12-01,25.2875,31,22.7,86.875,13.5,22.7375,-55.5,-11.75,"T022","T022",-11.849647,-55.598429,2025-02-16,-77,31,86.875,13.5,1,2.67414864942653
2024-12-02,25.5666666666667,30.5,22.8,87.5416666666667,4.1,23.1666666666667,-55.5,-11.75,"T022","T022",-11.849647,-55.598429,2025-02-16,-76,30.5,87.5416666666667,4.1,1,1.62924053973028
2024-12-03,24.9041666666667,29.4,22.4,88.1666666666667,6.6,22.7625,-55.5,-11.75,"T022","T022",-11.849647,-55.598429,2025-02-16,-75,29.4,88.1666666666667,6.6,1,2.02814824729229
2024-12-04,25.6291666666667,29.6,21.8,87,6.3,23.2416666666667,-55.5,-11.75,"T022","T022",-11.849647,-55.598429,2025-02-16,-74,29.6,87,6.3,1,1.98787434815435
2024-12-05,24.9583333333333,28.4,22.7,90.125,11.1,23.1916666666667,-55.5,-11.75,"T022","T022",-11.849647,-55.598429,2025-02-16,-73,28.4,90.125,11.1,1,2.4932054526027
2024-12-06,25.7541666666667,30.7,22.8,84.9583333333333,3.4,22.85,-55.5,-11.75,"T022","T022",-11.849647,-55.598429,2025-02-16,-72,30.7,84.9583333333333,3.4,1,1.48160454092422
2024-12-07,26.0708333333333,31.4,22.1,80.7916666666667,0.7,22.2541666666667,-55.5,-11.75,"T022","T022",-11.849647,-55.598429,2025-02-16,-71,31.4,80.7916666666667,0.7,0,0.53062825106217
2024-12-08,26.6875,32.3,22,77.2916666666667,1.7,21.9875,-55.5,-11.75,"T022","T022",-11.849647,-55.598429,2025-02-16,-70,32.3,77.2916666666667,1.7,1,0.993251773010283
2024-12-09,26.65,31.3,22.3,78.75,0.9,22.3958333333333,-55.5,-11.75,"T022","T022",-11.849647,-55.598429,2025-02-16,-69,31.3,78.75,0.9,0,0.641853886172395
2024-12-10,25.975,30.6,22.6,81.875,1.6,22.4583333333333,-55.5,-11.75,"T022","T022",-11.849647,-55.598429,2025-02-16,-68,30.6,81.875,1.6,1,0.955511445027436
2024-12-11,25.8125,30.8,22.7,81.5833333333333,2.4,22.1416666666667,-55.5,-11.75,"T022","T022",-11.849647,-55.598429,2025-02-16,-67,30.8,81.5833333333333,2.4,1,1.22377543162212
2024-12-12,26.4416666666667,32,21.5,79.4583333333333,0.4,22.325,-55.5,-11.75,"T022","T022",-11.849647,-55.598429,2025-02-16,-66,32,79.4583333333333,0.4,0,0.336472236621213
2024-12-13,27.2041666666667,31.8,22.7,77.375,0.5,22.5708333333333,-55.5,-11.75,"T022","T022",-11.849647,-55.598429,2025-02-16,-65,31.8,77.375,0.5,0,0.405465108108164
2024-12-14,25.15,29.4,21.5,84.5,3,22.2166666666667,-55.5,-11.75,"T022","T022",-11.849647,-55.598429,2025-02-16,-64,29.4,84.5,3,1,1.38629436111989
2024-12-15,24.625,29.7,21.9,85.4166666666667,7.3,21.8125,-55.5,-11.75,"T022","T022",-11.849647,-55.598429,2025-02-16,-63,29.7,85.4166666666667,7.3,1,2.11625551480255
2024-12-16,24.7625,30.2,21.9,86.25,9.8,22.1583333333333,-55.5,-11.75,"T022","T022",-11.849647,-55.598429,2025-02-16,-62,30.2,86.25,9.8,1,2.37954613413017
2024-12-17,24.5291666666667,28.4,22.5,88.875,4.1,22.4666666666667,-55.5,-11.75,"T022","T022",-11.849647,-55.598429,2025-02-16,-61,28.4,88.875,4.1,1,1.62924053973028
2024-12-18,25.425,29.7,21.2,83.3333333333333,3.4,22.1916666666667,-55.5,-11.75,"T022","T022",-11.849647,-55.598429,2025-02-16,-60,29.7,83.3333333333333,3.4,1,1.48160454092422
2024-12-19,26.15,30.9,22.7,82.4166666666667,3.8,22.6541666666667,-55.5,-11.75,"T022","T022",-11.849647,-55.598429,2025-02-16,-59,30.9,82.4166666666667,3.8,1,1.56861591791385
2024-12-20,26.875,32.7,23.3,79.4583333333333,4.7,22.6833333333333,-55.5,-11.75,"T022","T022",-11.849647,-55.598429,2025-02-16,-58,32.7,79.4583333333333,4.7,1,1.7404661748405
2024-12-21,23.9208333333333,26.5,22.6,90.5833333333333,12.8,22.2583333333333,-55.5,-11.75,"T022","T022",-11.849647,-55.598429,2025-02-16,-57,26.5,90.5833333333333,12.8,1,2.62466859216316
2024-12-22,24.5958333333333,28.6,22.1,89,16.1,22.5791666666667,-55.5,-11.75,"T022","T022",-11.849647,-55.598429,2025-02-16,-56,28.6,89,16.1,1,2.83907846350861
2024-12-23,24.7125,29.3,22.9,89.75,8.7,22.85,-55.5,-11.75,"T022","T022",-11.849647,-55.598429,2025-02-16,-55,29.3,89.75,8.7,1,2.27212588550934
2024-12-24,25.5958333333333,30.1,22.4,84,0.4,22.4708333333333,-55.5,-11.75,"T022","T022",-11.849647,-55.598429,2025-02-16,-54,30.1,84,0.4,0,0.336472236621213
2024-12-25,24.1958333333333,26.9,22.6,91.2916666666667,21,22.6833333333333,-55.5,-11.75,"T022","T022",-11.849647,-55.598429,2025-02-16,-53,26.9,91.2916666666667,21,1,3.09104245335832
2024-12-26,23.7125,26.9,22.6,94.2916666666667,28.2,22.7166666666667,-55.5,-11.75,"T022","T022",-11.849647,-55.598429,2025-02-16,-52,26.9,94.2916666666667,28.2,1,3.37416870927424
2024-12-27,23.025,24,22.3,96.25,16.7,22.3958333333333,-55.5,-11.75,"T022","T022",-11.849647,-55.598429,2025-02-16,-51,24,96.25,16.7,1,2.87356463957978
2024-12-28,24.5041666666667,28.3,22.2,87.0833333333333,3.8,22.0416666666667,-55.5,-11.75,"T022","T022",-11.849647,-55.598429,2025-02-16,-50,28.3,87.0833333333333,3.8,1,1.56861591791385
2024-12-29,25.2,29.5,22.3,85.5,5.8,22.3666666666667,-55.5,-11.75,"T022","T022",-11.849647,-55.598429,2025-02-16,-49,29.5,85.5,5.8,1,1.91692261218206
2024-12-30,23.2,25.7,21.5,93.4583333333333,11.6,22.05,-55.5,-11.75,"T022","T022",-11.849647,-55.598429,2025-02-16,-48,25.7,93.4583333333333,11.6,1,2.53369681395743
2024-12-31,25.7708333333333,31,21.3,82.1666666666667,0.8,22.1666666666667,-55.5,-11.75,"T022","T022",-11.849647,-55.598429,2025-02-16,-47,31,82.1666666666667,0.8,0,0.587786664902119
2025-01-01,25.0791666666667,29.1,23.1,87.0833333333333,12.1,22.6708333333333,-55.5,-11.75,"T022","T022",-11.849647,-55.598429,2025-02-16,-46,29.1,87.0833333333333,12.1,1,2.57261223020711
2025-01-02,23.6666666666667,26.3,22.1,90.875,12.3,22.0375,-55.5,-11.75,"T022","T022",-11.849647,-55.598429,2025-02-16,-45,26.3,90.875,12.3,1,2.58776403522771
2025-01-03,25.2375,30.2,21.7,85.9166666666667,5.5,22.5458333333333,-55.5,-11.75,"T022","T022",-11.849647,-55.598429,2025-02-16,-44,30.2,85.9166666666667,5.5,1,1.87180217690159
2025-01-04,25.5083333333333,31,22.5,84.375,0.6,22.4208333333333,-55.5,-11.75,"T022","T022",-11.849647,-55.598429,2025-02-16,-43,31,84.375,0.6,0,0.470003629245736
2025-01-05,25.0125,28.3,22.1,85.4583333333333,1.9,22.2166666666667,-55.5,-11.75,"T022","T022",-11.849647,-55.598429,2025-02-16,-42,28.3,85.4583333333333,1.9,1,1.06471073699243
2025-01-06,25.3875,30.5,22.7,86.9166666666667,3.7,22.9,-55.5,-11.75,"T022","T022",-11.849647,-55.598429,2025-02-16,-41,30.5,86.9166666666667,3.7,1,1.54756250871601
2025-01-07,25.0625,28.9,22.6,86.75,5.3,22.5416666666667,-55.5,-11.75,"T022","T022",-11.849647,-55.598429,2025-02-16,-40,28.9,86.75,5.3,1,1.84054963339749
2025-01-08,25.0166666666667,30.4,22,86.0833333333333,10.2,22.3041666666667,-55.5,-11.75,"T022","T022",-11.849647,-55.598429,2025-02-16,-39,30.4,86.0833333333333,10.2,1,2.41591377830105
2025-01-09,23.9625,26.3,22.4,93.2916666666667,14.5,22.7875,-55.5,-11.75,"T022","T022",-11.849647,-55.598429,2025-02-16,-38,26.3,93.2916666666667,14.5,1,2.7408400239252
2025-01-10,23.2083333333333,25.2,22.2,93.875,7.9,22.1625,-55.5,-11.75,"T022","T022",-11.849647,-55.598429,2025-02-16,-37,25.2,93.875,7.9,1,2.18605127673809
2025-01-11,24.1875,28.2,21.4,85.5833333333333,4.6,21.5125,-55.5,-11.75,"T022","T022",-11.849647,-55.598429,2025-02-16,-36,28.2,85.5833333333333,4.6,1,1.7227665977411
2025-01-12,25.05,29,22.3,83,8.1,21.7708333333333,-55.5,-11.75,"T022","T022",-11.849647,-55.598429,2025-02-16,-35,29,83,8.1,1,2.2082744135228
2025-01-13,23.825,26.1,22.3,94.625,22.7,22.9083333333333,-55.5,-11.75,"T022","T022",-11.849647,-55.598429,2025-02-16,-34,26.1,94.625,22.7,1,3.16547504814109
2025-01-14,23.1458333333333,25.3,21.6,91.3333333333333,4.9,21.6125,-55.5,-11.75,"T022","T022",-11.849647,-55.598429,2025-02-16,-33,25.3,91.3333333333333,4.9,1,1.77495235091167
2025-01-15,24.3041666666667,27.2,22.3,84.9166666666667,6.1,21.5708333333333,-55.5,-11.75,"T022","T022",-11.849647,-55.598429,2025-02-16,-32,27.2,84.9166666666667,6.1,1,1.96009478404727
2025-01-16,23.7958333333333,27,22.2,88.625,5.4,21.7875,-55.5,-11.75,"T022","T022",-11.849647,-55.598429,2025-02-16,-31,27,88.625,5.4,1,1.85629799036563
2025-01-17,23.75,27.4,22.1,88.75,8.7,21.7375,-55.5,-11.75,"T022","T022",-11.849647,-55.598429,2025-02-16,-30,27.4,88.75,8.7,1,2.27212588550934
2025-01-18,24.1791666666667,28.6,21.6,86.5833333333333,4.8,21.6833333333333,-55.5,-11.75,"T022","T022",-11.849647,-55.598429,2025-02-16,-29,28.6,86.5833333333333,4.8,1,1.75785791755237
2025-01-19,23.7958333333333,27.6,22.1,89.625,9.5,21.9208333333333,-55.5,-11.75,"T022","T022",-11.849647,-55.598429,2025-02-16,-28,27.6,89.625,9.5,1,2.35137525716348
2025-01-20,23.1,26.6,21.5,92.8333333333333,16.5,21.8291666666667,-55.5,-11.75,"T022","T022",-11.849647,-55.598429,2025-02-16,-27,26.6,92.8333333333333,16.5,1,2.86220088092947
2025-01-21,24.0416666666667,27.6,21,85.375,5.3,21.3041666666667,-55.5,-11.75,"T022","T022",-11.849647,-55.598429,2025-02-16,-26,27.6,85.375,5.3,1,1.84054963339749
2025-01-22,25.0166666666667,31.5,21.1,82.75,6.9,21.55,-55.5,-11.75,"T022","T022",-11.849647,-55.598429,2025-02-16,-25,31.5,82.75,6.9,1,2.06686275947298
2025-01-23,25.325,30.7,21.1,83.0416666666667,0.4,21.9541666666667,-55.5,-11.75,"T022","T022",-11.849647,-55.598429,2025-02-16,-24,30.7,83.0416666666667,0.4,0,0.336472236621213
2025-01-24,26.8958333333333,32.9,22.4,77.5416666666667,0.8,22.2,-55.5,-11.75,"T022","T022",-11.849647,-55.598429,2025-02-16,-23,32.9,77.5416666666667,0.8,0,0.587786664902119
2025-01-25,25.4125,30.3,21.7,83.7083333333333,7.3,22.2916666666667,-55.5,-11.75,"T022","T022",-11.849647,-55.598429,2025-02-16,-22,30.3,83.7083333333333,7.3,1,2.11625551480255
2025-01-26,26.5833333333333,32,21.6,78.7083333333333,0.2,22.15,-55.5,-11.75,"T022","T022",-11.849647,-55.598429,2025-02-16,-21,32,78.7083333333333,0.2,0,0.182321556793955
2025-01-27,24.7,28.5,21.6,86.2916666666667,9.9,22.1583333333333,-55.5,-11.75,"T022","T022",-11.849647,-55.598429,2025-02-16,-20,28.5,86.2916666666667,9.9,1,2.3887627892351
2025-01-28,26.1375,32.5,20.6,79.5,0.3,21.85,-55.5,-11.75,"T022","T022",-11.849647,-55.598429,2025-02-16,-19,32.5,79.5,0.3,0,0.262364264467491
2025-01-29,26.4291666666667,31.3,22.6,80.7916666666667,1.6,22.6416666666667,-55.5,-11.75,"T022","T022",-11.849647,-55.598429,2025-02-16,-18,31.3,80.7916666666667,1.6,1,0.955511445027436
2025-01-30,25.7125,29.8,23,83.2083333333333,2,22.4625,-55.5,-11.75,"T022","T022",-11.849647,-55.598429,2025-02-16,-17,29.8,83.2083333333333,2,1,1.09861228866811
2025-01-31,25.825,31.3,22.3,81,1,22.0375,-55.5,-11.75,"T022","T022",-11.849647,-55.598429,2025-02-16,-16,31.3,81,1,1,0.693147180559945
2025-02-01,23.9666666666667,25.9,22.3,88.1666666666667,3.3,21.8041666666667,-55.5,-11.75,"T022","T022",-11.849647,-55.598429,2025-02-16,-15,25.9,88.1666666666667,3.3,1,1.45861502269952
2025-02-02,23.8458333333333,27.1,21.8,91.1666666666667,14.7,22.2458333333333,-55.5,-11.75,"T022","T022",-11.849647,-55.598429,2025-02-16,-14,27.1,91.1666666666667,14.7,1,2.75366071235426
2025-02-03,23.9541666666667,28.4,21.8,89.4583333333333,4.7,22.0083333333333,-55.5,-11.75,"T022","T022",-11.849647,-55.598429,2025-02-16,-13,28.4,89.4583333333333,4.7,1,1.7404661748405
2025-02-04,24.6041666666667,30,22.1,89.5,14.2,22.6375,-55.5,-11.75,"T022","T022",-11.849647,-55.598429,2025-02-16,-12,30,89.5,14.2,1,2.72129542785223
2025-02-05,24.9916666666667,30.2,21.5,81.5833333333333,3.8,21.2666666666667,-55.5,-11.75,"T022","T022",-11.849647,-55.598429,2025-02-16,-11,30.2,81.5833333333333,3.8,1,1.56861591791385
2025-02-06,24.8458333333333,28.4,22.7,85.4166666666667,1.6,22.1291666666667,-55.5,-11.75,"T022","T022",-11.849647,-55.598429,2025-02-16,-10,28.4,85.4166666666667,1.6,1,0.955511445027436
2025-02-07,26.7208333333333,32.3,22.1,78.25,0.4,22.2291666666667,-55.5,-11.75,"T022","T022",-11.849647,-55.598429,2025-02-16,-9,32.3,78.25,0.4,0,0.336472236621213
2025-02-08,26.2708333333333,31.9,22.9,80,1.3,22.2166666666667,-55.5,-11.75,"T022","T022",-11.849647,-55.598429,2025-02-16,-8,31.9,80,1.3,1,0.832909122935104
2025-02-09,25.3833333333333,31.1,21.3,81.5833333333333,4.6,21.6916666666667,-55.5,-11.75,"T022","T022",-11.849647,-55.598429,2025-02-16,-7,31.1,81.5833333333333,4.6,1,1.7227665977411
2025-02-10,24.2333333333333,28.8,21.5,87.2916666666667,8.6,21.8916666666667,-55.5,-11.75,"T022","T022",-11.849647,-55.598429,2025-02-16,-6,28.8,87.2916666666667,8.6,1,2.26176309847379
2025-02-11,24.2833333333333,28.9,21.9,85.5833333333333,1.7,21.5583333333333,-55.5,-11.75,"T022","T022",-11.849647,-55.598429,2025-02-16,-5,28.9,85.5833333333333,1.7,1,0.993251773010283
2025-02-12,24.8375,30,22.2,87.9166666666667,6.3,22.5666666666667,-55.5,-11.75,"T022","T022",-11.849647,-55.598429,2025-02-16,-4,30,87.9166666666667,6.3,1,1.98787434815435
2025-02-13,25.2416666666667,29,22.4,84.3333333333333,5,22.25,-55.5,-11.75,"T022","T022",-11.849647,-55.598429,2025-02-16,-3,29,84.3333333333333,5,1,1.79175946922805
2025-02-14,25.1375,29.3,22.6,85.125,5.2,22.2875,-55.5,-11.75,"T022","T022",-11.849647,-55.598429,2025-02-16,-2,29.3,85.125,5.2,1,1.82454929205105
2025-02-15,25.0333333333333,31.1,22.4,86,10.7,22.2541666666667,-55.5,-11.75,"T022","T022",-11.849647,-55.598429,2025-02-16,-1,31.1,86,10.7,1,2.45958884180371
2024-12-01,25.4958333333333,31.7,22.7,85.125,9.7,22.5625,-55.5,-12,"T023","T023",-11.974754,-55.477288,2025-02-19,-80,31.7,85.125,9.7,1,2.37024374146786
2024-12-02,25.4083333333333,29.9,22.5,88.0833333333333,3.4,23.1375,-55.5,-12,"T023","T023",-11.974754,-55.477288,2025-02-19,-79,29.9,88.0833333333333,3.4,1,1.48160454092422
2024-12-03,25.0291666666667,28.7,22.6,88.2083333333333,10.5,22.8958333333333,-55.5,-12,"T023","T023",-11.974754,-55.477288,2025-02-19,-78,28.7,88.2083333333333,10.5,1,2.4423470353692
2024-12-04,25.3958333333333,29.6,21.5,86.7916666666667,4.9,22.9541666666667,-55.5,-12,"T023","T023",-11.974754,-55.477288,2025-02-19,-77,29.6,86.7916666666667,4.9,1,1.77495235091167
2024-12-05,24.9875,27.8,22.6,88.625,7.8,22.9333333333333,-55.5,-12,"T023","T023",-11.974754,-55.477288,2025-02-19,-76,27.8,88.625,7.8,1,2.17475172148416
2024-12-06,25.7,30.6,22.5,84.75,4.3,22.7458333333333,-55.5,-12,"T023","T023",-11.974754,-55.477288,2025-02-19,-75,30.6,84.75,4.3,1,1.66770682055808
2024-12-07,26.075,31.6,22.2,80.9166666666667,0.6,22.2833333333333,-55.5,-12,"T023","T023",-11.974754,-55.477288,2025-02-19,-74,31.6,80.9166666666667,0.6,0,0.470003629245736
2024-12-08,26.6583333333333,32.4,21.9,77.4166666666667,1.8,21.9666666666667,-55.5,-12,"T023","T023",-11.974754,-55.477288,2025-02-19,-73,32.4,77.4166666666667,1.8,1,1.02961941718116
2024-12-09,26.5125,31.6,22.3,80.0833333333333,1.1,22.525,-55.5,-12,"T023","T023",-11.974754,-55.477288,2025-02-19,-72,31.6,80.0833333333333,1.1,1,0.741937344729377
2024-12-10,26.0166666666667,31.1,22.2,80.7916666666667,0.7,22.2166666666667,-55.5,-12,"T023","T023",-11.974754,-55.477288,2025-02-19,-71,31.1,80.7916666666667,0.7,0,0.53062825106217
2024-12-11,26.0166666666667,31.1,22.2,80.8333333333333,2,22.175,-55.5,-12,"T023","T023",-11.974754,-55.477288,2025-02-19,-70,31.1,80.8333333333333,2,1,1.09861228866811
2024-12-12,26.4875,31.8,21.5,79.4583333333333,0.7,22.3375,-55.5,-12,"T023","T023",-11.974754,-55.477288,2025-02-19,-69,31.8,79.4583333333333,0.7,0,0.53062825106217
2024-12-13,27.1,31.7,22.6,77.8333333333333,0.7,22.5916666666667,-55.5,-12,"T023","T023",-11.974754,-55.477288,2025-02-19,-68,31.7,77.8333333333333,0.7,0,0.53062825106217
2024-12-14,25.3041666666667,29.8,21.6,83.4583333333333,2.3,22.1541666666667,-55.5,-12,"T023","T023",-11.974754,-55.477288,2025-02-19,-67,29.8,83.4583333333333,2.3,1,1.19392246847243
2024-12-15,24.8166666666667,29.9,21.9,83.75,3.5,21.6666666666667,-55.5,-12,"T023","T023",-11.974754,-55.477288,2025-02-19,-66,29.9,83.75,3.5,1,1.50407739677627
2024-12-16,24.725,29.1,22,86.3333333333333,6.1,22.15,-55.5,-12,"T023","T023",-11.974754,-55.477288,2025-02-19,-65,29.1,86.3333333333333,6.1,1,1.96009478404727
2024-12-17,24.7208333333333,28,22.9,87.9583333333333,2.5,22.4791666666667,-55.5,-12,"T023","T023",-11.974754,-55.477288,2025-02-19,-64,28,87.9583333333333,2.5,1,1.25276296849537
2024-12-18,25.5375,30.7,21.7,83.375,6.5,22.3291666666667,-55.5,-12,"T023","T023",-11.974754,-55.477288,2025-02-19,-63,30.7,83.375,6.5,1,2.01490302054226
2024-12-19,26.1875,30.9,22.3,82.4583333333333,5.3,22.6875,-55.5,-12,"T023","T023",-11.974754,-55.477288,2025-02-19,-62,30.9,82.4583333333333,5.3,1,1.84054963339749
2024-12-20,26.8083333333333,32,23.3,80.9166666666667,3.3,22.925,-55.5,-12,"T023","T023",-11.974754,-55.477288,2025-02-19,-61,32,80.9166666666667,3.3,1,1.45861502269952
2024-12-21,23.9708333333333,26,22.7,89.9166666666667,13.1,22.1833333333333,-55.5,-12,"T023","T023",-11.974754,-55.477288,2025-02-19,-60,26,89.9166666666667,13.1,1,2.64617479738412
2024-12-22,24.6458333333333,28.7,22.1,88.75,20.9,22.5583333333333,-55.5,-12,"T023","T023",-11.974754,-55.477288,2025-02-19,-59,28.7,88.75,20.9,1,3.08648663682246
2024-12-23,24.7125,28.3,23,89.125,13.2,22.7333333333333,-55.5,-12,"T023","T023",-11.974754,-55.477288,2025-02-19,-58,28.3,89.125,13.2,1,2.65324196460721
2024-12-24,25.4833333333333,30.1,22.3,84.1666666666667,0.5,22.4416666666667,-55.5,-12,"T023","T023",-11.974754,-55.477288,2025-02-19,-57,30.1,84.1666666666667,0.5,0,0.405465108108164
2024-12-25,24.1708333333333,26.9,22.5,91.375,18.4,22.6291666666667,-55.5,-12,"T023","T023",-11.974754,-55.477288,2025-02-19,-56,26.9,91.375,18.4,1,2.96527306606928
2024-12-26,23.5958333333333,26.3,22.4,94.5416666666667,30.2,22.6583333333333,-55.5,-12,"T023","T023",-11.974754,-55.477288,2025-02-19,-55,26.3,94.5416666666667,30.2,1,3.44041809481544
2024-12-27,23.0541666666667,24.1,22.3,96.1666666666667,14.2,22.4208333333333,-55.5,-12,"T023","T023",-11.974754,-55.477288,2025-02-19,-54,24.1,96.1666666666667,14.2,1,2.72129542785223
2024-12-28,24.75,29.1,22.3,86.125,3.3,22.0958333333333,-55.5,-12,"T023","T023",-11.974754,-55.477288,2025-02-19,-53,29.1,86.125,3.3,1,1.45861502269952
2024-12-29,25.2916666666667,29.9,22.3,85.125,5.1,22.4458333333333,-55.5,-12,"T023","T023",-11.974754,-55.477288,2025-02-19,-52,29.9,85.125,5.1,1,1.80828877117927
2024-12-30,23.3791666666667,25.7,21.5,92.5833333333333,9.9,22.0916666666667,-55.5,-12,"T023","T023",-11.974754,-55.477288,2025-02-19,-51,25.7,92.5833333333333,9.9,1,2.3887627892351
2024-12-31,25.7833333333333,31,21.4,82.0833333333333,0.3,22.1416666666667,-55.5,-12,"T023","T023",-11.974754,-55.477288,2025-02-19,-50,31,82.0833333333333,0.3,0,0.262364264467491
2025-01-01,25.0458333333333,28.8,23.1,87.4166666666667,18.5,22.725,-55.5,-12,"T023","T023",-11.974754,-55.477288,2025-02-19,-49,28.8,87.4166666666667,18.5,1,2.9704144655697
2025-01-02,23.8125,26.6,22.1,89.7916666666667,9.5,21.9708333333333,-55.5,-12,"T023","T023",-11.974754,-55.477288,2025-02-19,-48,26.6,89.7916666666667,9.5,1,2.35137525716348
2025-01-03,25.2208333333333,30,21.6,85.4583333333333,3.3,22.4541666666667,-55.5,-12,"T023","T023",-11.974754,-55.477288,2025-02-19,-47,30,85.4583333333333,3.3,1,1.45861502269952
2025-01-04,25.6291666666667,31,22.5,83.375,0.7,22.3125,-55.5,-12,"T023","T023",-11.974754,-55.477288,2025-02-19,-46,31,83.375,0.7,0,0.53062825106217
2025-01-05,24.9958333333333,29.2,22.1,85.9166666666667,5,22.3083333333333,-55.5,-12,"T023","T023",-11.974754,-55.477288,2025-02-19,-45,29.2,85.9166666666667,5,1,1.79175946922805
2025-01-06,25.3583333333333,30,22.7,86.7083333333333,4.2,22.85,-55.5,-12,"T023","T023",-11.974754,-55.477288,2025-02-19,-44,30,86.7083333333333,4.2,1,1.64865862558738
2025-01-07,24.9125,27.8,22.7,87.8333333333333,5.9,22.6541666666667,-55.5,-12,"T023","T023",-11.974754,-55.477288,2025-02-19,-43,27.8,87.8333333333333,5.9,1,1.93152141160321
2025-01-08,24.8375,29.3,22.2,88.4583333333333,10.6,22.7125,-55.5,-12,"T023","T023",-11.974754,-55.477288,2025-02-19,-42,29.3,88.4583333333333,10.6,1,2.45100509811232
2025-01-09,23.825,26.3,22.4,94.0833333333333,21.4,22.8416666666667,-55.5,-12,"T023","T023",-11.974754,-55.477288,2025-02-19,-41,26.3,94.0833333333333,21.4,1,3.10906095886099
2025-01-10,23.3875,24.8,22.3,92.1666666666667,5.8,22.0333333333333,-55.5,-12,"T023","T023",-11.974754,-55.477288,2025-02-19,-40,24.8,92.1666666666667,5.8,1,1.91692261218206
2025-01-11,24.05,27.7,21.7,87,3.6,21.6791666666667,-55.5,-12,"T023","T023",-11.974754,-55.477288,2025-02-19,-39,27.7,87,3.6,1,1.52605630349505
2025-01-12,24.9958333333333,28.7,22.2,83.625,8.7,21.8375,-55.5,-12,"T023","T023",-11.974754,-55.477288,2025-02-19,-38,28.7,83.625,8.7,1,2.27212588550934
2025-01-13,23.9958333333333,27,22.4,93.6666666666667,19.2,22.8791666666667,-55.5,-12,"T023","T023",-11.974754,-55.477288,2025-02-19,-37,27,93.6666666666667,19.2,1,3.00568260440716
2025-01-14,22.8583333333333,24.4,21.8,93.125,6.6,21.6708333333333,-55.5,-12,"T023","T023",-11.974754,-55.477288,2025-02-19,-36,24.4,93.125,6.6,1,2.02814824729229
2025-01-15,23.975,27.2,21.7,87.6666666666667,9.2,21.7708333333333,-55.5,-12,"T023","T023",-11.974754,-55.477288,2025-02-19,-35,27.2,87.6666666666667,9.2,1,2.32238772029023
2025-01-16,23.6833333333333,26.8,22.1,90.4166666666667,9.4,21.9916666666667,-55.5,-12,"T023","T023",-11.974754,-55.477288,2025-02-19,-34,26.8,90.4166666666667,9.4,1,2.34180580614733
2025-01-17,23.6916666666667,27.3,21.8,89.625,13.6,21.8333333333333,-55.5,-12,"T023","T023",-11.974754,-55.477288,2025-02-19,-33,27.3,89.625,13.6,1,2.68102152871429
2025-01-18,24.2041666666667,28,21.7,86.125,4.4,21.6083333333333,-55.5,-12,"T023","T023",-11.974754,-55.477288,2025-02-19,-32,28,86.125,4.4,1,1.68639895357023
2025-01-19,23.9666666666667,28.1,22.1,88.9166666666667,7.2,21.95,-55.5,-12,"T023","T023",-11.974754,-55.477288,2025-02-19,-31,28.1,88.9166666666667,7.2,1,2.10413415427021
2025-01-20,23.2833333333333,27,21.5,90.9583333333333,17.4,21.6666666666667,-55.5,-12,"T023","T023",-11.974754,-55.477288,2025-02-19,-30,27,90.9583333333333,17.4,1,2.91235066461494
2025-01-21,24.0416666666667,27.9,21.2,86,5.9,21.4416666666667,-55.5,-12,"T023","T023",-11.974754,-55.477288,2025-02-19,-29,27.9,86,5.9,1,1.93152141160321
2025-01-22,25.0333333333333,31.6,21.1,82.3333333333333,6,21.4708333333333,-55.5,-12,"T023","T023",-11.974754,-55.477288,2025-02-19,-28,31.6,82.3333333333333,6,1,1.94591014905531
2025-01-23,25.1875,30.6,21.2,83.8333333333333,0.4,22.0041666666667,-55.5,-12,"T023","T023",-11.974754,-55.477288,2025-02-19,-27,30.6,83.8333333333333,0.4,0,0.336472236621213
2025-01-24,26.7708333333333,33,21.8,78.4583333333333,0.8,22.3,-55.5,-12,"T023","T023",-11.974754,-55.477288,2025-02-19,-26,33,78.4583333333333,0.8,0,0.587786664902119
2025-01-25,25.4708333333333,30.3,21.8,83.875,7.1,22.4,-55.5,-12,"T023","T023",-11.974754,-55.477288,2025-02-19,-25,30.3,83.875,7.1,1,2.09186406167839
2025-01-26,26.5041666666667,31.8,22,79.2916666666667,0.2,22.2291666666667,-55.5,-12,"T023","T023",-11.974754,-55.477288,2025-02-19,-24,31.8,79.2916666666667,0.2,0,0.182321556793955
2025-01-27,24.6333333333333,28.4,21.4,86.5416666666667,12.9,22.1708333333333,-55.5,-12,"T023","T023",-11.974754,-55.477288,2025-02-19,-23,28.4,86.5416666666667,12.9,1,2.63188884013665
2025-01-28,26.0791666666667,32.2,20.6,79,0.1,21.6875,-55.5,-12,"T023","T023",-11.974754,-55.477288,2025-02-19,-22,32.2,79,0.1,0,0.0953101798043249
2025-01-29,26.3375,31.4,22.8,81.4583333333333,2.5,22.6958333333333,-55.5,-12,"T023","T023",-11.974754,-55.477288,2025-02-19,-21,31.4,81.4583333333333,2.5,1,1.25276296849537
2025-01-30,25.9416666666667,30.9,23.1,82.5833333333333,3.1,22.5333333333333,-55.5,-12,"T023","T023",-11.974754,-55.477288,2025-02-19,-20,30.9,82.5833333333333,3.1,1,1.41098697371026
2025-01-31,25.8375,31.6,22.3,81.7083333333333,0.6,22.2083333333333,-55.5,-12,"T023","T023",-11.974754,-55.477288,2025-02-19,-19,31.6,81.7083333333333,0.6,0,0.470003629245736
2025-02-01,23.8166666666667,25.4,22.2,88.7083333333333,5.8,21.7833333333333,-55.5,-12,"T023","T023",-11.974754,-55.477288,2025-02-19,-18,25.4,88.7083333333333,5.8,1,1.91692261218206
2025-02-02,23.9208333333333,27.3,21.8,90.4166666666667,13.8,22.1916666666667,-55.5,-12,"T023","T023",-11.974754,-55.477288,2025-02-19,-17,27.3,90.4166666666667,13.8,1,2.69462718077007
2025-02-03,24.0833333333333,28.1,21.8,88.75,1.7,22.0166666666667,-55.5,-12,"T023","T023",-11.974754,-55.477288,2025-02-19,-16,28.1,88.75,1.7,1,0.993251773010283
2025-02-04,24.7958333333333,30.9,22.2,89.25,13.5,22.7375,-55.5,-12,"T023","T023",-11.974754,-55.477288,2025-02-19,-15,30.9,89.25,13.5,1,2.67414864942653
2025-02-05,24.8416666666667,29.7,21.5,82.6666666666667,6.1,21.4333333333333,-55.5,-12,"T023","T023",-11.974754,-55.477288,2025-02-19,-14,29.7,82.6666666666667,6.1,1,1.96009478404727
2025-02-06,24.7791666666667,28.7,22.3,85.1666666666667,1.8,22.0333333333333,-55.5,-12,"T023","T023",-11.974754,-55.477288,2025-02-19,-13,28.7,85.1666666666667,1.8,1,1.02961941718116
2025-02-07,26.7833333333333,32.7,21.8,76.6666666666667,0.4,21.9166666666667,-55.5,-12,"T023","T023",-11.974754,-55.477288,2025-02-19,-12,32.7,76.6666666666667,0.4,0,0.336472236621213
2025-02-08,26.5541666666667,32,22.6,76.8333333333333,0.2,21.8208333333333,-55.5,-12,"T023","T023",-11.974754,-55.477288,2025-02-19,-11,32,76.8333333333333,0.2,0,0.182321556793955
2025-02-09,25.5958333333333,31.2,21.7,80.3333333333333,6.2,21.6333333333333,-55.5,-12,"T023","T023",-11.974754,-55.477288,2025-02-19,-10,31.2,80.3333333333333,6.2,1,1.97408102602201
2025-02-10,24.3458333333333,28.6,21.3,85.9166666666667,9.3,21.6875,-55.5,-12,"T023","T023",-11.974754,-55.477288,2025-02-19,-9,28.6,85.9166666666667,9.3,1,2.33214389523559
2025-02-11,24.2416666666667,28.3,22.1,86.5,1.8,21.725,-55.5,-12,"T023","T023",-11.974754,-55.477288,2025-02-19,-8,28.3,86.5,1.8,1,1.02961941718116
2025-02-12,24.8958333333333,29.9,22,86.7083333333333,4.4,22.3875,-55.5,-12,"T023","T023",-11.974754,-55.477288,2025-02-19,-7,29.9,86.7083333333333,4.4,1,1.68639895357023
2025-02-13,25.2916666666667,29.7,22.4,84.0416666666667,5.1,22.2083333333333,-55.5,-12,"T023","T023",-11.974754,-55.477288,2025-02-19,-6,29.7,84.0416666666667,5.1,1,1.80828877117927
2025-02-14,25.1625,29.6,22.5,85.0833333333333,3.3,22.275,-55.5,-12,"T023","T023",-11.974754,-55.477288,2025-02-19,-5,29.6,85.0833333333333,3.3,1,1.45861502269952
2025-02-15,25.1833333333333,31.4,22.4,85.3333333333333,8.5,22.2791666666667,-55.5,-12,"T023","T023",-11.974754,-55.477288,2025-02-19,-4,31.4,85.3333333333333,8.5,1,2.2512917986065
2025-02-16,24.7958333333333,28.9,22.3,87.625,2.5,22.4583333333333,-55.5,-12,"T023","T023",-11.974754,-55.477288,2025-02-19,-3,28.9,87.625,2.5,1,1.25276296849537
2025-02-17,25.5458333333333,31,21.9,82.2083333333333,5.9,21.9666666666667,-55.5,-12,"T023","T023",-11.974754,-55.477288,2025-02-19,-2,31,82.2083333333333,5.9,1,1.93152141160321
2025-02-18,26.3416666666667,33.2,21.9,78.4583333333333,2.3,21.8833333333333,-55.5,-12,"T023","T023",-11.974754,-55.477288,2025-02-19,-1,33.2,78.4583333333333,2.3,1,1.19392246847243
2024-12-02,24.95,28.2,21.9,88.1666666666667,3.1,22.7666666666667,-55.75,-12.75,"T024","T024",-12.751506,-55.834697,2025-02-20,-80,28.2,88.1666666666667,3.1,1,1.41098697371026
2024-12-03,24.975,28.8,22.6,86.9583333333333,11.9,22.5791666666667,-55.75,-12.75,"T024","T024",-12.751506,-55.834697,2025-02-20,-79,28.8,86.9583333333333,11.9,1,2.55722731136763
2024-12-04,25.3625,29.9,22,81,3.6,21.6916666666667,-55.75,-12.75,"T024","T024",-12.751506,-55.834697,2025-02-20,-78,29.9,81,3.6,1,1.52605630349505
2024-12-05,25.0625,28.8,22.7,84.25,6.9,22.125,-55.75,-12.75,"T024","T024",-12.751506,-55.834697,2025-02-20,-77,28.8,84.25,6.9,1,2.06686275947298
2024-12-06,25.625,29.1,22.9,83.9166666666667,4.5,22.5625,-55.75,-12.75,"T024","T024",-12.751506,-55.834697,2025-02-20,-76,29.1,83.9166666666667,4.5,1,1.70474809223843
2024-12-07,26.1958333333333,30.8,21.6,80.4166666666667,0.7,22.3125,-55.75,-12.75,"T024","T024",-12.751506,-55.834697,2025-02-20,-75,30.8,80.4166666666667,0.7,0,0.53062825106217
2024-12-08,26.4458333333333,31.8,22,76.2916666666667,1.3,21.6291666666667,-55.75,-12.75,"T024","T024",-12.751506,-55.834697,2025-02-20,-74,31.8,76.2916666666667,1.3,1,0.832909122935104
2024-12-09,26.8791666666667,31.6,21.8,74.125,0.2,21.5,-55.75,-12.75,"T024","T024",-12.751506,-55.834697,2025-02-20,-73,31.6,74.125,0.2,0,0.182321556793955
2024-12-10,26.3041666666667,30.4,22.6,77.375,0.4,21.7916666666667,-55.75,-12.75,"T024","T024",-12.751506,-55.834697,2025-02-20,-72,30.4,77.375,0.4,0,0.336472236621213
2024-12-11,26.15,30.6,22.7,80.8333333333333,4.1,22.3708333333333,-55.75,-12.75,"T024","T024",-12.751506,-55.834697,2025-02-20,-71,30.6,80.8333333333333,4.1,1,1.62924053973028
2024-12-12,26.8666666666667,31.6,22.2,76.5416666666667,0.2,22.0625,-55.75,-12.75,"T024","T024",-12.751506,-55.834697,2025-02-20,-70,31.6,76.5416666666667,0.2,0,0.182321556793955
2024-12-13,27.025,31.6,22.4,75.5416666666667,0,22.0416666666667,-55.75,-12.75,"T024","T024",-12.751506,-55.834697,2025-02-20,-69,31.6,75.5416666666667,0,0,0
2024-12-14,25.8083333333333,29.4,22.2,78.7916666666667,0.8,21.675,-55.75,-12.75,"T024","T024",-12.751506,-55.834697,2025-02-20,-68,29.4,78.7916666666667,0.8,0,0.587786664902119
2024-12-15,25.4083333333333,28.7,22.7,78.4166666666667,0.6,21.2041666666667,-55.75,-12.75,"T024","T024",-12.751506,-55.834697,2025-02-20,-67,28.7,78.4166666666667,0.6,0,0.470003629245736
2024-12-16,24.8833333333333,27.9,23,80.5833333333333,2.1,21.225,-55.75,-12.75,"T024","T024",-12.751506,-55.834697,2025-02-20,-66,27.9,80.5833333333333,2.1,1,1.1314021114911
2024-12-17,24.875,27.9,22.7,83.5416666666667,3.9,21.8458333333333,-55.75,-12.75,"T024","T024",-12.751506,-55.834697,2025-02-20,-65,27.9,83.5416666666667,3.9,1,1.58923520511658
2024-12-18,26.0041666666667,31.4,22.2,79.1666666666667,0.6,21.9833333333333,-55.75,-12.75,"T024","T024",-12.751506,-55.834697,2025-02-20,-64,31.4,79.1666666666667,0.6,0,0.470003629245736
2024-12-19,26.3833333333333,30.3,22.3,79,0.1,22.1875,-55.75,-12.75,"T024","T024",-12.751506,-55.834697,2025-02-20,-63,30.3,79,0.1,0,0.0953101798043249
2024-12-20,26.8916666666667,31.7,23.2,77.9583333333333,4.8,22.5166666666667,-55.75,-12.75,"T024","T024",-12.751506,-55.834697,2025-02-20,-62,31.7,77.9583333333333,4.8,1,1.75785791755237
2024-12-21,24.3666666666667,26.8,22.8,86.5,11.2,21.9041666666667,-55.75,-12.75,"T024","T024",-12.751506,-55.834697,2025-02-20,-61,26.8,86.5,11.2,1,2.50143595173921
2024-12-22,24.8333333333333,28.4,22,85.1666666666667,17.5,22,-55.75,-12.75,"T024","T024",-12.751506,-55.834697,2025-02-20,-60,28.4,85.1666666666667,17.5,1,2.91777073208428
2024-12-23,25.1708333333333,29.2,22.8,83.8333333333333,4.1,22.1083333333333,-55.75,-12.75,"T024","T024",-12.751506,-55.834697,2025-02-20,-59,29.2,83.8333333333333,4.1,1,1.62924053973028
2024-12-24,25.1791666666667,28.8,22.8,82.2916666666667,7.7,21.8958333333333,-55.75,-12.75,"T024","T024",-12.751506,-55.834697,2025-02-20,-58,28.8,82.2916666666667,7.7,1,2.16332302566054
2024-12-25,23.9666666666667,26,22.4,89.75,17.3,22.1666666666667,-55.75,-12.75,"T024","T024",-12.751506,-55.834697,2025-02-20,-57,26,89.75,17.3,1,2.90690105984738
2024-12-26,23.6333333333333,25.7,22,91.0833333333333,14.1,22.0625,-55.75,-12.75,"T024","T024",-12.751506,-55.834697,2025-02-20,-56,25.7,91.0833333333333,14.1,1,2.71469474382088
2024-12-27,23.5875,25.7,22.3,92.0416666666667,12.3,22.1833333333333,-55.75,-12.75,"T024","T024",-12.751506,-55.834697,2025-02-20,-55,25.7,92.0416666666667,12.3,1,2.58776403522771
2024-12-28,24.9,28.7,22.3,82.4166666666667,1.7,21.5041666666667,-55.75,-12.75,"T024","T024",-12.751506,-55.834697,2025-02-20,-54,28.7,82.4166666666667,1.7,1,0.993251773010283
2024-12-29,25.2583333333333,29.3,22.6,83.2083333333333,4.2,22.05,-55.75,-12.75,"T024","T024",-12.751506,-55.834697,2025-02-20,-53,29.3,83.2083333333333,4.2,1,1.64865862558738
2024-12-30,23.9125,27.3,21.6,87.5,4.3,21.6166666666667,-55.75,-12.75,"T024","T024",-12.751506,-55.834697,2025-02-20,-52,27.3,87.5,4.3,1,1.66770682055808
2024-12-31,25.6416666666667,30.2,21.4,80.625,0.1,21.8041666666667,-55.75,-12.75,"T024","T024",-12.751506,-55.834697,2025-02-20,-51,30.2,80.625,0.1,0,0.0953101798043249
2025-01-01,25.2916666666667,29,23.2,85.2916666666667,11.7,22.5708333333333,-55.75,-12.75,"T024","T024",-12.751506,-55.834697,2025-02-20,-50,29,85.2916666666667,11.7,1,2.54160199346455
2025-01-02,24.3166666666667,27.2,22.6,86.0416666666667,2.9,21.7833333333333,-55.75,-12.75,"T024","T024",-12.751506,-55.834697,2025-02-20,-49,27.2,86.0416666666667,2.9,1,1.3609765531356
2025-01-03,26.0125,30.7,21.8,78.25,0.3,21.7083333333333,-55.75,-12.75,"T024","T024",-12.751506,-55.834697,2025-02-20,-48,30.7,78.25,0.3,0,0.262364264467491
2025-01-04,25.9583333333333,30.7,22.6,79.0416666666667,4.7,21.7916666666667,-55.75,-12.75,"T024","T024",-12.751506,-55.834697,2025-02-20,-47,30.7,79.0416666666667,4.7,1,1.7404661748405
2025-01-05,25.3666666666667,30.4,22.5,82.25,3.5,21.9625,-55.75,-12.75,"T024","T024",-12.751506,-55.834697,2025-02-20,-46,30.4,82.25,3.5,1,1.50407739677627
2025-01-06,25.4708333333333,29.6,22.5,83.25,0.3,22.3375,-55.75,-12.75,"T024","T024",-12.751506,-55.834697,2025-02-20,-45,29.6,83.25,0.3,0,0.262364264467491
2025-01-07,25.1375,27.5,23.1,82.8333333333333,2.5,21.9208333333333,-55.75,-12.75,"T024","T024",-12.751506,-55.834697,2025-02-20,-44,27.5,82.8333333333333,2.5,1,1.25276296849537
2025-01-08,24.3458333333333,27.3,22.5,88.5,15.1,22.3208333333333,-55.75,-12.75,"T024","T024",-12.751506,-55.834697,2025-02-20,-43,27.3,88.5,15.1,1,2.77881927199042
2025-01-09,24.1625,26.6,22.1,87.5833333333333,10.1,21.9208333333333,-55.75,-12.75,"T024","T024",-12.751506,-55.834697,2025-02-20,-42,26.6,87.5833333333333,10.1,1,2.40694510831829
2025-01-10,23.5083333333333,25,22.2,89.625,10.4,21.6958333333333,-55.75,-12.75,"T024","T024",-12.751506,-55.834697,2025-02-20,-41,25,89.625,10.4,1,2.43361335540045
2025-01-11,24.1333333333333,26.4,22.2,88.1666666666667,9.8,22.0208333333333,-55.75,-12.75,"T024","T024",-12.751506,-55.834697,2025-02-20,-40,26.4,88.1666666666667,9.8,1,2.37954613413017
2025-01-12,24.7875,28.2,22.3,85.75,17.4,22.0875,-55.75,-12.75,"T024","T024",-12.751506,-55.834697,2025-02-20,-39,28.2,85.75,17.4,1,2.91235066461494
2025-01-13,24.4625,29.7,21.8,86.5833333333333,13.8,22.0083333333333,-55.75,-12.75,"T024","T024",-12.751506,-55.834697,2025-02-20,-38,29.7,86.5833333333333,13.8,1,2.69462718077007
2025-01-14,23.1875,24.7,22.3,88.3333333333333,3.7,21.1583333333333,-55.75,-12.75,"T024","T024",-12.751506,-55.834697,2025-02-20,-37,24.7,88.3333333333333,3.7,1,1.54756250871601
2025-01-15,23.8958333333333,27.8,21.4,86.5,8.4,21.4708333333333,-55.75,-12.75,"T024","T024",-12.751506,-55.834697,2025-02-20,-36,27.8,86.5,8.4,1,2.24070968927596
2025-01-16,24.1125,27.5,22.4,87.6666666666667,7.3,21.8833333333333,-55.75,-12.75,"T024","T024",-12.751506,-55.834697,2025-02-20,-35,27.5,87.6666666666667,7.3,1,2.11625551480255
2025-01-17,24.0916666666667,27.8,21.7,87.8333333333333,8.1,21.8833333333333,-55.75,-12.75,"T024","T024",-12.751506,-55.834697,2025-02-20,-34,27.8,87.8333333333333,8.1,1,2.2082744135228
2025-01-18,24.0375,26.6,22,86.8333333333333,6.7,21.6375,-55.75,-12.75,"T024","T024",-12.751506,-55.834697,2025-02-20,-33,26.6,86.8333333333333,6.7,1,2.04122032885964
2025-01-19,24.2541666666667,27.3,21.9,86.4166666666667,15.5,21.7458333333333,-55.75,-12.75,"T024","T024",-12.751506,-55.834697,2025-02-20,-32,27.3,86.4166666666667,15.5,1,2.80336038090653
2025-01-20,23.7083333333333,28.2,21.4,86.625,15.2,21.225,-55.75,-12.75,"T024","T024",-12.751506,-55.834697,2025-02-20,-31,28.2,86.625,15.2,1,2.78501124223834
2025-01-21,24.5458333333333,28.9,21.3,80.4583333333333,0.8,20.7,-55.75,-12.75,"T024","T024",-12.751506,-55.834697,2025-02-20,-30,28.9,80.4583333333333,0.8,0,0.587786664902119
2025-01-22,25.2833333333333,30.9,21.1,80.0416666666667,2.5,21.3041666666667,-55.75,-12.75,"T024","T024",-12.751506,-55.834697,2025-02-20,-29,30.9,80.0416666666667,2.5,1,1.25276296849537
2025-01-23,25.2708333333333,31,20.8,80.4166666666667,2.2,21.3041666666667,-55.75,-12.75,"T024","T024",-12.751506,-55.834697,2025-02-20,-28,31,80.4166666666667,2.2,1,1.16315080980568
2025-01-24,26.5291666666667,32.7,21.9,76.625,0.5,21.8375,-55.75,-12.75,"T024","T024",-12.751506,-55.834697,2025-02-20,-27,32.7,76.625,0.5,0,0.405465108108164
2025-01-25,25.9625,32.3,21.3,76.7083333333333,5.6,21.2875,-55.75,-12.75,"T024","T024",-12.751506,-55.834697,2025-02-20,-26,32.3,76.7083333333333,5.6,1,1.88706964903238
2025-01-26,26.6083333333333,31.4,22.2,74.875,0,21.3958333333333,-55.75,-12.75,"T024","T024",-12.751506,-55.834697,2025-02-20,-25,31.4,74.875,0,0,0
2025-01-27,25.3375,30.3,22.5,81.375,5.9,21.8041666666667,-55.75,-12.75,"T024","T024",-12.751506,-55.834697,2025-02-20,-24,30.3,81.375,5.9,1,1.93152141160321
2025-01-28,26.2666666666667,32.2,21.2,75.3333333333333,0,21.1,-55.75,-12.75,"T024","T024",-12.751506,-55.834697,2025-02-20,-23,32.2,75.3333333333333,0,0,0
2025-01-29,26.6625,31.3,22.7,77.625,2.6,22.2083333333333,-55.75,-12.75,"T024","T024",-12.751506,-55.834697,2025-02-20,-22,31.3,77.625,2.6,1,1.28093384546206
2025-01-30,25.6708333333333,30.4,22.4,82.7916666666667,11.8,22.3041666666667,-55.75,-12.75,"T024","T024",-12.751506,-55.834697,2025-02-20,-21,30.4,82.7916666666667,11.8,1,2.54944517092557
2025-01-31,25.7833333333333,31.8,22.7,80.7083333333333,3.8,21.9916666666667,-55.75,-12.75,"T024","T024",-12.751506,-55.834697,2025-02-20,-20,31.8,80.7083333333333,3.8,1,1.56861591791385
2025-02-01,23.55,24.9,22.2,89.75,6.4,21.7833333333333,-55.75,-12.75,"T024","T024",-12.751506,-55.834697,2025-02-20,-19,24.9,89.75,6.4,1,2.00148000021012
2025-02-02,24.0458333333333,27.7,21.7,86.7083333333333,10.4,21.6208333333333,-55.75,-12.75,"T024","T024",-12.751506,-55.834697,2025-02-20,-18,27.7,86.7083333333333,10.4,1,2.43361335540045
2025-02-03,24.25,28.4,22,85.75,3.2,21.6375,-55.75,-12.75,"T024","T024",-12.751506,-55.834697,2025-02-20,-17,28.4,85.75,3.2,1,1.43508452528932
2025-02-04,25.5291666666667,30.2,22.5,82.8333333333333,3.7,22.2541666666667,-55.75,-12.75,"T024","T024",-12.751506,-55.834697,2025-02-20,-16,30.2,82.8333333333333,3.7,1,1.54756250871601
2025-02-05,24.8625,29.6,21.8,80.875,8.8,21.1291666666667,-55.75,-12.75,"T024","T024",-12.751506,-55.834697,2025-02-20,-15,29.6,80.875,8.8,1,2.28238238567653
2025-02-06,25.075,28.9,22.5,80.6666666666667,4.7,21.3625,-55.75,-12.75,"T024","T024",-12.751506,-55.834697,2025-02-20,-14,28.9,80.6666666666667,4.7,1,1.7404661748405
2025-02-07,26.7458333333333,33,21.7,74,0.2,21.2833333333333,-55.75,-12.75,"T024","T024",-12.751506,-55.834697,2025-02-20,-13,33,74,0.2,0,0.182321556793955
2025-02-08,26.6125,31.7,22.3,73.25,0.1,21.1166666666667,-55.75,-12.75,"T024","T024",-12.751506,-55.834697,2025-02-20,-12,31.7,73.25,0.1,0,0.0953101798043249
2025-02-09,25.6625,30.4,22.3,77.375,2.5,21.125,-55.75,-12.75,"T024","T024",-12.751506,-55.834697,2025-02-20,-11,30.4,77.375,2.5,1,1.25276296849537
2025-02-10,24.95,30.2,21.7,80.7083333333333,4.8,21.225,-55.75,-12.75,"T024","T024",-12.751506,-55.834697,2025-02-20,-10,30.2,80.7083333333333,4.8,1,1.75785791755237
2025-02-11,24.0375,28.5,22.5,85.875,9.3,21.4666666666667,-55.75,-12.75,"T024","T024",-12.751506,-55.834697,2025-02-20,-9,28.5,85.875,9.3,1,2.33214389523559
2025-02-12,24.6833333333333,28.9,21.9,83.7083333333333,3.2,21.5708333333333,-55.75,-12.75,"T024","T024",-12.751506,-55.834697,2025-02-20,-8,28.9,83.7083333333333,3.2,1,1.43508452528932
2025-02-13,24.9416666666667,28.7,22.4,83.5833333333333,12.1,21.8708333333333,-55.75,-12.75,"T024","T024",-12.751506,-55.834697,2025-02-20,-7,28.7,83.5833333333333,12.1,1,2.57261223020711
2025-02-14,25.0125,29.1,22.3,83.75,5.5,21.8625,-55.75,-12.75,"T024","T024",-12.751506,-55.834697,2025-02-20,-6,29.1,83.75,5.5,1,1.87180217690159
2025-02-15,25.75,31.1,22.4,81.1666666666667,1.4,22.0416666666667,-55.75,-12.75,"T024","T024",-12.751506,-55.834697,2025-02-20,-5,31.1,81.1666666666667,1.4,1,0.8754687373539
2025-02-16,24.7208333333333,29.2,22.1,83.125,3.7,21.4791666666667,-55.75,-12.75,"T024","T024",-12.751506,-55.834697,2025-02-20,-4,29.2,83.125,3.7,1,1.54756250871601
2025-02-17,25.8125,30.3,22.4,79.4583333333333,2.4,21.7916666666667,-55.75,-12.75,"T024","T024",-12.751506,-55.834697,2025-02-20,-3,30.3,79.4583333333333,2.4,1,1.22377543162212
2025-02-18,26.4541666666667,32.5,21.8,75.5416666666667,0.7,21.3958333333333,-55.75,-12.75,"T024","T024",-12.751506,-55.834697,2025-02-20,-2,32.5,75.5416666666667,0.7,0,0.53062825106217
2025-02-19,25.7083333333333,31.1,21.5,77.7083333333333,5.2,21.3,-55.75,-12.75,"T024","T024",-12.751506,-55.834697,2025-02-20,-1,31.1,77.7083333333333,5.2,1,1.82454929205105
2024-12-05,23.3708333333333,26.9,21.6,86.5833333333333,19.2,20.8791666666667,-55,-15.5,"T025","T025",-15.475278,-54.915278,2025-02-23,-80,26.9,86.5833333333333,19.2,1,3.00568260440716
2024-12-06,25.0875,29.8,21.6,79.375,0.6,21.0625,-55,-15.5,"T025","T025",-15.475278,-54.915278,2025-02-23,-79,29.8,79.375,0.6,0,0.470003629245736
2024-12-07,26.0041666666667,30.5,21.4,72.5833333333333,0.1,20.3333333333333,-55,-15.5,"T025","T025",-15.475278,-54.915278,2025-02-23,-78,30.5,72.5833333333333,0.1,0,0.0953101798043249
2024-12-08,25.25,30.4,21.8,75.125,1.1,20.2291666666667,-55,-15.5,"T025","T025",-15.475278,-54.915278,2025-02-23,-77,30.4,75.125,1.1,1,0.741937344729377
2024-12-09,25.0458333333333,30,21.6,79.5833333333333,1.9,20.9916666666667,-55,-15.5,"T025","T025",-15.475278,-54.915278,2025-02-23,-76,30,79.5833333333333,1.9,1,1.06471073699243
2024-12-10,25.2875,30.5,21.2,79.6666666666667,1.4,21.2583333333333,-55,-15.5,"T025","T025",-15.475278,-54.915278,2025-02-23,-75,30.5,79.6666666666667,1.4,1,0.8754687373539
2024-12-11,24.525,29.6,21.4,83.25,11.9,21.3541666666667,-55,-15.5,"T025","T025",-15.475278,-54.915278,2025-02-23,-74,29.6,83.25,11.9,1,2.55722731136763
2024-12-12,24.3291666666667,28.4,22.3,82.8333333333333,2.1,21.0916666666667,-55,-15.5,"T025","T025",-15.475278,-54.915278,2025-02-23,-73,28.4,82.8333333333333,2.1,1,1.1314021114911
2024-12-13,25.4166666666667,28.9,22.4,76.8333333333333,0.4,20.8208333333333,-55,-15.5,"T025","T025",-15.475278,-54.915278,2025-02-23,-72,28.9,76.8333333333333,0.4,0,0.336472236621213
2024-12-14,22.8291666666667,27.3,20.6,83.6666666666667,9.4,19.7791666666667,-55,-15.5,"T025","T025",-15.475278,-54.915278,2025-02-23,-71,27.3,83.6666666666667,9.4,1,2.34180580614733
2024-12-15,23.7083333333333,28.1,20.6,81.5833333333333,11.3,20.15,-55,-15.5,"T025","T025",-15.475278,-54.915278,2025-02-23,-70,28.1,81.5833333333333,11.3,1,2.50959926237837
2024-12-16,24.0625,28.9,20.9,82.3333333333333,14.3,20.7,-55,-15.5,"T025","T025",-15.475278,-54.915278,2025-02-23,-69,28.9,82.3333333333333,14.3,1,2.72785282839839
2024-12-17,23.9041666666667,27.9,20.7,82.25,7.3,20.5125,-55,-15.5,"T025","T025",-15.475278,-54.915278,2025-02-23,-68,27.9,82.25,7.3,1,2.11625551480255
2024-12-18,25.2291666666667,30.7,20.7,75.625,0.3,20.25,-55,-15.5,"T025","T025",-15.475278,-54.915278,2025-02-23,-67,30.7,75.625,0.3,0,0.262364264467491
2024-12-19,23.9833333333333,29.1,20.8,82.625,27.2,20.6583333333333,-55,-15.5,"T025","T025",-15.475278,-54.915278,2025-02-23,-66,29.1,82.625,27.2,1,3.33932197794407
2024-12-20,24.2291666666667,29.7,20.5,83.9583333333333,12.5,21.1583333333333,-55,-15.5,"T025","T025",-15.475278,-54.915278,2025-02-23,-65,29.7,83.9583333333333,12.5,1,2.60268968544438
2024-12-21,23.0333333333333,25.6,21.4,85.625,9,20.4666666666667,-55,-15.5,"T025","T025",-15.475278,-54.915278,2025-02-23,-64,25.6,85.625,9,1,2.30258509299405
2024-12-22,23.4791666666667,28.1,20.3,83.75,12.9,20.3541666666667,-55,-15.5,"T025","T025",-15.475278,-54.915278,2025-02-23,-63,28.1,83.75,12.9,1,2.63188884013665
2024-12-23,23.5625,27.8,21.4,87.5833333333333,10.8,21.2625,-55,-15.5,"T025","T025",-15.475278,-54.915278,2025-02-23,-62,27.8,87.5833333333333,10.8,1,2.46809953147162
2024-12-24,23.325,25.3,21.6,85.625,3.3,20.7333333333333,-55,-15.5,"T025","T025",-15.475278,-54.915278,2025-02-23,-61,25.3,85.625,3.3,1,1.45861502269952
2024-12-25,22.4291666666667,24.1,20.9,85.125,8.7,19.7583333333333,-55,-15.5,"T025","T025",-15.475278,-54.915278,2025-02-23,-60,24.1,85.125,8.7,1,2.27212588550934
2024-12-26,22.1958333333333,25.8,20.6,91.125,9,20.6583333333333,-55,-15.5,"T025","T025",-15.475278,-54.915278,2025-02-23,-59,25.8,91.125,9,1,2.30258509299405
2024-12-27,22.9375,25.9,20.3,89.0833333333333,7.9,21.0125,-55,-15.5,"T025","T025",-15.475278,-54.915278,2025-02-23,-58,25.9,89.0833333333333,7.9,1,2.18605127673809
2024-12-28,23.3458333333333,27.4,20.6,87.3333333333333,22.8,20.9791666666667,-55,-15.5,"T025","T025",-15.475278,-54.915278,2025-02-23,-57,27.4,87.3333333333333,22.8,1,3.16968558067743
2024-12-29,23.7958333333333,28.8,20.5,85.1666666666667,9,20.9041666666667,-55,-15.5,"T025","T025",-15.475278,-54.915278,2025-02-23,-56,28.8,85.1666666666667,9,1,2.30258509299405
2024-12-30,23.8375,29.3,20.7,84.875,12.9,20.9333333333333,-55,-15.5,"T025","T025",-15.475278,-54.915278,2025-02-23,-55,29.3,84.875,12.9,1,2.63188884013665
2024-12-31,24.3791666666667,28,20.9,80.125,0.7,20.5666666666667,-55,-15.5,"T025","T025",-15.475278,-54.915278,2025-02-23,-54,28,80.125,0.7,0,0.53062825106217
2025-01-01,25.0333333333333,29.3,22,77.625,4,20.6708333333333,-55,-15.5,"T025","T025",-15.475278,-54.915278,2025-02-23,-53,29.3,77.625,4,1,1.6094379124341
2025-01-02,23.5541666666667,27.5,21.1,85.875,10.4,20.95,-55,-15.5,"T025","T025",-15.475278,-54.915278,2025-02-23,-52,27.5,85.875,10.4,1,2.43361335540045
2025-01-03,24.3083333333333,28.5,20.9,82.6666666666667,2.1,20.975,-55,-15.5,"T025","T025",-15.475278,-54.915278,2025-02-23,-51,28.5,82.6666666666667,2.1,1,1.1314021114911
2025-01-04,22.9791666666667,25.8,21.3,87.75,22.5,20.7625,-55,-15.5,"T025","T025",-15.475278,-54.915278,2025-02-23,-50,25.8,87.75,22.5,1,3.15700042115011
2025-01-05,23.8333333333333,28.5,20.8,85.4166666666667,13.7,21.0041666666667,-55,-15.5,"T025","T025",-15.475278,-54.915278,2025-02-23,-49,28.5,85.4166666666667,13.7,1,2.68784749378469
2025-01-06,23.9666666666667,27.8,21.9,84.6666666666667,1.5,21.1375,-55,-15.5,"T025","T025",-15.475278,-54.915278,2025-02-23,-48,27.8,84.6666666666667,1.5,1,0.916290731874155
2025-01-07,23.9875,27,22.4,84.2083333333333,6,21.0875,-55,-15.5,"T025","T025",-15.475278,-54.915278,2025-02-23,-47,27,84.2083333333333,6,1,1.94591014905531
2025-01-08,23.475,27.1,21.5,88.2083333333333,10.2,21.3791666666667,-55,-15.5,"T025","T025",-15.475278,-54.915278,2025-02-23,-46,27.1,88.2083333333333,10.2,1,2.41591377830105
2025-01-09,22.7875,25.5,21.4,91.875,14.9,21.3583333333333,-55,-15.5,"T025","T025",-15.475278,-54.915278,2025-02-23,-45,25.5,91.875,14.9,1,2.76631910922619
2025-01-10,23.3708333333333,27.5,21.2,87.5416666666667,22.1,21.0625,-55,-15.5,"T025","T025",-15.475278,-54.915278,2025-02-23,-44,27.5,87.5416666666667,22.1,1,3.13983261752775
2025-01-11,23.1,27,20.8,89,11.6,21.1,-55,-15.5,"T025","T025",-15.475278,-54.915278,2025-02-23,-43,27,89,11.6,1,2.53369681395743
2025-01-12,23.3708333333333,27.4,21.1,86.9166666666667,16.9,20.9625,-55,-15.5,"T025","T025",-15.475278,-54.915278,2025-02-23,-42,27.4,86.9166666666667,16.9,1,2.88480071284671
2025-01-13,23.8,29.6,21.1,84,16.3,20.7625,-55,-15.5,"T025","T025",-15.475278,-54.915278,2025-02-23,-41,29.6,84,16.3,1,2.85070650150373
2025-01-14,22.6125,25.2,21.1,91.0416666666667,54.6,21.0541666666667,-55,-15.5,"T025","T025",-15.475278,-54.915278,2025-02-23,-40,25.2,91.0416666666667,54.6,1,4.01818320125654
2025-01-15,23.3708333333333,26.2,20.8,85.2916666666667,4.3,20.6583333333333,-55,-15.5,"T025","T025",-15.475278,-54.915278,2025-02-23,-39,26.2,85.2916666666667,4.3,1,1.66770682055808
2025-01-16,23.9,28,20.6,82.5833333333333,0.9,20.55,-55,-15.5,"T025","T025",-15.475278,-54.915278,2025-02-23,-38,28,82.5833333333333,0.9,0,0.641853886172395
2025-01-17,22.525,24.1,21,92.0416666666667,21.7,21.125,-55,-15.5,"T025","T025",-15.475278,-54.915278,2025-02-23,-37,24.1,92.0416666666667,21.7,1,3.12236492448736
2025-01-18,23.4916666666667,28.4,21.5,84.875,17,20.6625,-55,-15.5,"T025","T025",-15.475278,-54.915278,2025-02-23,-36,28.4,84.875,17,1,2.89037175789616
2025-01-19,24.2458333333333,28,21.4,81.25,3.6,20.6333333333333,-55,-15.5,"T025","T025",-15.475278,-54.915278,2025-02-23,-35,28,81.25,3.6,1,1.52605630349505
2025-01-20,23.425,29.2,20.4,81.7916666666667,6.2,19.9791666666667,-55,-15.5,"T025","T025",-15.475278,-54.915278,2025-02-23,-34,29.2,81.7916666666667,6.2,1,1.97408102602201
2025-01-21,22.875,27,19.9,82.375,5.2,19.5541666666667,-55,-15.5,"T025","T025",-15.475278,-54.915278,2025-02-23,-33,27,82.375,5.2,1,1.82454929205105
2025-01-22,24.0375,30.2,19.7,82.9583333333333,4.2,20.7208333333333,-55,-15.5,"T025","T025",-15.475278,-54.915278,2025-02-23,-32,30.2,82.9583333333333,4.2,1,1.64865862558738
2025-01-23,23.9833333333333,29.5,19.9,83.0833333333333,1.5,20.6875,-55,-15.5,"T025","T025",-15.475278,-54.915278,2025-02-23,-31,29.5,83.0833333333333,1.5,1,0.916290731874155
2025-01-24,25.2541666666667,30.2,21.2,76,0.2,20.4833333333333,-55,-15.5,"T025","T025",-15.475278,-54.915278,2025-02-23,-30,30.2,76,0.2,0,0.182321556793955
2025-01-25,26.0458333333333,32,21.7,70.5833333333333,0.8,19.9833333333333,-55,-15.5,"T025","T025",-15.475278,-54.915278,2025-02-23,-29,32,70.5833333333333,0.8,0,0.587786664902119
2025-01-26,25.1458333333333,30.5,21,74.8333333333333,1,20.0583333333333,-55,-15.5,"T025","T025",-15.475278,-54.915278,2025-02-23,-28,30.5,74.8333333333333,1,1,0.693147180559945
2025-01-27,24.975,29.4,21.5,77.9166666666667,2.2,20.6916666666667,-55,-15.5,"T025","T025",-15.475278,-54.915278,2025-02-23,-27,29.4,77.9166666666667,2.2,1,1.16315080980568
2025-01-28,25.0541666666667,31.4,20.7,77.0833333333333,3.3,20.3458333333333,-55,-15.5,"T025","T025",-15.475278,-54.915278,2025-02-23,-26,31.4,77.0833333333333,3.3,1,1.45861502269952
2025-01-29,24.3916666666667,30.2,21.3,79.5416666666667,1.4,20.425,-55,-15.5,"T025","T025",-15.475278,-54.915278,2025-02-23,-25,30.2,79.5416666666667,1.4,1,0.8754687373539
2025-01-30,24.2625,29.7,21.6,81.4583333333333,6.8,20.6083333333333,-55,-15.5,"T025","T025",-15.475278,-54.915278,2025-02-23,-24,29.7,81.4583333333333,6.8,1,2.05412373369555
2025-01-31,22.7875,25.7,21.1,88.875,12.5,20.85,-55,-15.5,"T025","T025",-15.475278,-54.915278,2025-02-23,-23,25.7,88.875,12.5,1,2.60268968544438
2025-02-01,21.875,24.1,20.4,90.3333333333333,20.6,20.1916666666667,-55,-15.5,"T025","T025",-15.475278,-54.915278,2025-02-23,-22,24.1,90.3333333333333,20.6,1,3.07269331469012
2025-02-02,22.6208333333333,25.9,20.2,88,19.5,20.475,-55,-15.5,"T025","T025",-15.475278,-54.915278,2025-02-23,-21,25.9,88,19.5,1,3.02042488614436
2025-02-03,23.1166666666667,27.2,20.8,86.0833333333333,2.9,20.5416666666667,-55,-15.5,"T025","T025",-15.475278,-54.915278,2025-02-23,-20,27.2,86.0833333333333,2.9,1,1.3609765531356
2025-02-04,23.6458333333333,27.2,21.1,85.25,14.4,20.925,-55,-15.5,"T025","T025",-15.475278,-54.915278,2025-02-23,-19,27.2,85.25,14.4,1,2.73436750941958
2025-02-05,22.4666666666667,26,20.2,82.125,23.2,19.0458333333333,-55,-15.5,"T025","T025",-15.475278,-54.915278,2025-02-23,-18,26,82.125,23.2,1,3.18635263316264
2025-02-06,23.4916666666667,28.5,20.3,78.5,1.3,19.3625,-55,-15.5,"T025","T025",-15.475278,-54.915278,2025-02-23,-17,28.5,78.5,1.3,1,0.832909122935104
2025-02-07,24.2541666666667,29.9,19.9,77.25,0.5,19.6875,-55,-15.5,"T025","T025",-15.475278,-54.915278,2025-02-23,-16,29.9,77.25,0.5,0,0.405465108108164
2025-02-08,24.9166666666667,30.4,20.9,71.8333333333333,0.2,19.0541666666667,-55,-15.5,"T025","T025",-15.475278,-54.915278,2025-02-23,-15,30.4,71.8333333333333,0.2,0,0.182321556793955
2025-02-09,24.4125,29.7,20.8,74.5416666666667,2,19.2958333333333,-55,-15.5,"T025","T025",-15.475278,-54.915278,2025-02-23,-14,29.7,74.5416666666667,2,1,1.09861228866811
2025-02-10,22.9708333333333,29.3,18.8,82.0833333333333,7.2,19.5166666666667,-55,-15.5,"T025","T025",-15.475278,-54.915278,2025-02-23,-13,29.3,82.0833333333333,7.2,1,2.10413415427021
2025-02-11,21.8791666666667,25.3,19.3,86.5,13.8,19.4541666666667,-55,-15.5,"T025","T025",-15.475278,-54.915278,2025-02-23,-12,25.3,86.5,13.8,1,2.69462718077007
2025-02-12,23.0208333333333,26.4,20.6,82.8333333333333,7.2,19.8375,-55,-15.5,"T025","T025",-15.475278,-54.915278,2025-02-23,-11,26.4,82.8333333333333,7.2,1,2.10413415427021
2025-02-13,23.3458333333333,27.6,20.7,83.25,9.3,20.2375,-55,-15.5,"T025","T025",-15.475278,-54.915278,2025-02-23,-10,27.6,83.25,9.3,1,2.33214389523559
2025-02-14,23.2166666666667,28.3,20.8,86.625,9.6,20.6916666666667,-55,-15.5,"T025","T025",-15.475278,-54.915278,2025-02-23,-9,28.3,86.625,9.6,1,2.36085400111802
2025-02-15,23.975,28.3,20.9,83.2916666666667,2.9,20.775,-55,-15.5,"T025","T025",-15.475278,-54.915278,2025-02-23,-8,28.3,83.2916666666667,2.9,1,1.3609765531356
2025-02-16,23.5041666666667,27.3,20.4,82.625,2.3,20.2,-55,-15.5,"T025","T025",-15.475278,-54.915278,2025-02-23,-7,27.3,82.625,2.3,1,1.19392246847243
2025-02-17,24.5708333333333,30.2,21.4,79.0833333333333,1.4,20.3791666666667,-55,-15.5,"T025","T025",-15.475278,-54.915278,2025-02-23,-6,30.2,79.0833333333333,1.4,1,0.8754687373539
2025-02-18,24.9208333333333,31.3,19.8,76.5833333333333,0.4,20.1875,-55,-15.5,"T025","T025",-15.475278,-54.915278,2025-02-23,-5,31.3,76.5833333333333,0.4,0,0.336472236621213
2025-02-19,24.5458333333333,30.6,21.2,73.9583333333333,5.2,19.2958333333333,-55,-15.5,"T025","T025",-15.475278,-54.915278,2025-02-23,-4,30.6,73.9583333333333,5.2,1,1.82454929205105
2025-02-20,24.0416666666667,30.7,21,80.9583333333333,6.2,20.3333333333333,-55,-15.5,"T025","T025",-15.475278,-54.915278,2025-02-23,-3,30.7,80.9583333333333,6.2,1,1.97408102602201
2025-02-21,25.2666666666667,31,21,74.625,0,19.9458333333333,-55,-15.5,"T025","T025",-15.475278,-54.915278,2025-02-23,-2,31,74.625,0,0,0
2025-02-22,25.5083333333333,30.4,22.1,72.3333333333333,0.8,19.9208333333333,-55,-15.5,"T025","T025",-15.475278,-54.915278,2025-02-23,-1,30.4,72.3333333333333,0.8,0,0.587786664902119
2024-11-23,24.3875,27.9,21.7,85.2083333333333,0.4,21.6791666666667,-56,-12.5,"T026","T026",-12.440621,-55.88768,2025-02-11,-80,27.9,85.2083333333333,0.4,0,0.336472236621213
2024-11-24,24.8875,29.1,22.5,85.2916666666667,9.6,22.1666666666667,-56,-12.5,"T026","T026",-12.440621,-55.88768,2025-02-11,-79,29.1,85.2916666666667,9.6,1,2.36085400111802
2024-11-25,24.2666666666667,27.5,22.5,85.875,8.2,21.7333333333333,-56,-12.5,"T026","T026",-12.440621,-55.88768,2025-02-11,-78,27.5,85.875,8.2,1,2.21920348405499
2024-11-26,25.425,30.9,22.3,86.3333333333333,9.7,22.8125,-56,-12.5,"T026","T026",-12.440621,-55.88768,2025-02-11,-77,30.9,86.3333333333333,9.7,1,2.37024374146786
2024-11-27,25.8041666666667,31.7,22,85.1666666666667,0.4,22.9083333333333,-56,-12.5,"T026","T026",-12.440621,-55.88768,2025-02-11,-76,31.7,85.1666666666667,0.4,0,0.336472236621213
2024-11-28,26.3458333333333,32.8,22.4,83.2916666666667,3.8,23,-56,-12.5,"T026","T026",-12.440621,-55.88768,2025-02-11,-75,32.8,83.2916666666667,3.8,1,1.56861591791385
2024-11-29,25.5833333333333,30.4,23,87.0416666666667,0.1,23.1291666666667,-56,-12.5,"T026","T026",-12.440621,-55.88768,2025-02-11,-74,30.4,87.0416666666667,0.1,0,0.0953101798043249
2024-11-30,25.2,30,22.9,85.3333333333333,3.7,22.3583333333333,-56,-12.5,"T026","T026",-12.440621,-55.88768,2025-02-11,-73,30,85.3333333333333,3.7,1,1.54756250871601
2024-12-01,25.4,29.6,22.2,81.6666666666667,1.8,21.8583333333333,-56,-12.5,"T026","T026",-12.440621,-55.88768,2025-02-11,-72,29.6,81.6666666666667,1.8,1,1.02961941718116
2024-12-02,25.0333333333333,29,21.9,89,3.4,23.0125,-56,-12.5,"T026","T026",-12.440621,-55.88768,2025-02-11,-71,29,89,3.4,1,1.48160454092422
2024-12-03,24.5791666666667,28.8,22.1,91.9166666666667,14.7,23.15,-56,-12.5,"T026","T026",-12.440621,-55.88768,2025-02-11,-70,28.8,91.9166666666667,14.7,1,2.75366071235426
2024-12-04,25.1041666666667,29.5,21.7,84.5,4.5,22.2041666666667,-56,-12.5,"T026","T026",-12.440621,-55.88768,2025-02-11,-69,29.5,84.5,4.5,1,1.70474809223843
2024-12-05,24.9375,28.6,22.2,84.5,11.7,22.0958333333333,-56,-12.5,"T026","T026",-12.440621,-55.88768,2025-02-11,-68,28.6,84.5,11.7,1,2.54160199346455
2024-12-06,24.9625,28.3,22.5,89.5,11.2,23.0666666666667,-56,-12.5,"T026","T026",-12.440621,-55.88768,2025-02-11,-67,28.3,89.5,11.2,1,2.50143595173921
2024-12-07,25.8625,30.9,21,82.2916666666667,0.9,22.3208333333333,-56,-12.5,"T026","T026",-12.440621,-55.88768,2025-02-11,-66,30.9,82.2916666666667,0.9,0,0.641853886172395
2024-12-08,26.6041666666667,32.4,21.9,75.8333333333333,0.5,21.6,-56,-12.5,"T026","T026",-12.440621,-55.88768,2025-02-11,-65,32.4,75.8333333333333,0.5,0,0.405465108108164
2024-12-09,26.75,32,21.5,76.5416666666667,0.1,21.8625,-56,-12.5,"T026","T026",-12.440621,-55.88768,2025-02-11,-64,32,76.5416666666667,0.1,0,0.0953101798043249
2024-12-10,25.7875,30.5,21.8,80.875,0.1,22.0208333333333,-56,-12.5,"T026","T026",-12.440621,-55.88768,2025-02-11,-63,30.5,80.875,0.1,0,0.0953101798043249
2024-12-11,25.9375,30.8,21.9,82.0416666666667,2.6,22.3875,-56,-12.5,"T026","T026",-12.440621,-55.88768,2025-02-11,-62,30.8,82.0416666666667,2.6,1,1.28093384546206
2024-12-12,26.5791666666667,31.7,22.1,78,0,22.0291666666667,-56,-12.5,"T026","T026",-12.440621,-55.88768,2025-02-11,-61,31.7,78,0,0,0
2024-12-13,26.6666666666667,31.5,21.7,77.9166666666667,0.3,22.1833333333333,-56,-12.5,"T026","T026",-12.440621,-55.88768,2025-02-11,-60,31.5,77.9166666666667,0.3,0,0.262364264467491
2024-12-14,25.2625,29.8,22.2,83.1666666666667,2.7,22.0291666666667,-56,-12.5,"T026","T026",-12.440621,-55.88768,2025-02-11,-59,29.8,83.1666666666667,2.7,1,1.30833281965018
2024-12-15,24.9583333333333,29.1,22,81.8333333333333,1.7,21.4583333333333,-56,-12.5,"T026","T026",-12.440621,-55.88768,2025-02-11,-58,29.1,81.8333333333333,1.7,1,0.993251773010283
2024-12-16,24.2625,27.1,22.6,86.5416666666667,1.8,21.8375,-56,-12.5,"T026","T026",-12.440621,-55.88768,2025-02-11,-57,27.1,86.5416666666667,1.8,1,1.02961941718116
2024-12-17,24.3541666666667,27.9,22.4,88.7916666666667,4.3,22.3166666666667,-56,-12.5,"T026","T026",-12.440621,-55.88768,2025-02-11,-56,27.9,88.7916666666667,4.3,1,1.66770682055808
2024-12-18,25.4541666666667,31.2,21.5,82.6666666666667,0.7,22.1125,-56,-12.5,"T026","T026",-12.440621,-55.88768,2025-02-11,-55,31.2,82.6666666666667,0.7,0,0.53062825106217
2024-12-19,26.1875,30.5,21.5,79.5416666666667,0.2,22.075,-56,-12.5,"T026","T026",-12.440621,-55.88768,2025-02-11,-54,30.5,79.5416666666667,0.2,0,0.182321556793955
2024-12-20,26.675,32.5,22.6,80.7083333333333,0.5,22.7958333333333,-56,-12.5,"T026","T026",-12.440621,-55.88768,2025-02-11,-53,32.5,80.7083333333333,0.5,0,0.405465108108164
2024-12-21,24.1791666666667,27.4,22.5,87.9166666666667,14.3,21.975,-56,-12.5,"T026","T026",-12.440621,-55.88768,2025-02-11,-52,27.4,87.9166666666667,14.3,1,2.72785282839839
2024-12-22,24.4833333333333,27.8,21.8,87.7916666666667,10.4,22.1875,-56,-12.5,"T026","T026",-12.440621,-55.88768,2025-02-11,-51,27.8,87.7916666666667,10.4,1,2.43361335540045
2024-12-23,25.2,30.1,22.6,84.4166666666667,3.3,22.1875,-56,-12.5,"T026","T026",-12.440621,-55.88768,2025-02-11,-50,30.1,84.4166666666667,3.3,1,1.45861502269952
2024-12-24,24.9125,28.4,22.5,86.5416666666667,10,22.45,-56,-12.5,"T026","T026",-12.440621,-55.88768,2025-02-11,-49,28.4,86.5416666666667,10,1,2.39789527279837
2024-12-25,23.6333333333333,26.2,22.3,93.875,23.5,22.5541666666667,-56,-12.5,"T026","T026",-12.440621,-55.88768,2025-02-11,-48,26.2,93.875,23.5,1,3.19867311755068
2024-12-26,23.4333333333333,25.5,21.8,94,15.9,22.425,-56,-12.5,"T026","T026",-12.440621,-55.88768,2025-02-11,-47,25.5,94,15.9,1,2.82731362192903
2024-12-27,23.1541666666667,24.3,22.2,96,14.1,22.4916666666667,-56,-12.5,"T026","T026",-12.440621,-55.88768,2025-02-11,-46,24.3,96,14.1,1,2.71469474382088
2024-12-28,24.7208333333333,29.3,22.1,86.0833333333333,1.4,22.0583333333333,-56,-12.5,"T026","T026",-12.440621,-55.88768,2025-02-11,-45,29.3,86.0833333333333,1.4,1,0.8754687373539
2024-12-29,25.0666666666667,30.3,22.5,85,1.2,22.1666666666667,-56,-12.5,"T026","T026",-12.440621,-55.88768,2025-02-11,-44,30.3,85,1.2,1,0.78845736036427
2024-12-30,23.725,27.1,21.3,89.125,6.5,21.7458333333333,-56,-12.5,"T026","T026",-12.440621,-55.88768,2025-02-11,-43,27.1,89.125,6.5,1,2.01490302054226
2024-12-31,25.5291666666667,30.6,21.2,82.625,0.7,22.0541666666667,-56,-12.5,"T026","T026",-12.440621,-55.88768,2025-02-11,-42,30.6,82.625,0.7,0,0.53062825106217
2025-01-01,24.875,28.3,23,87.75,12.1,22.6458333333333,-56,-12.5,"T026","T026",-12.440621,-55.88768,2025-02-11,-41,28.3,87.75,12.1,1,2.57261223020711
2025-01-02,24.1541666666667,27.7,22.1,86.7083333333333,3.8,21.725,-56,-12.5,"T026","T026",-12.440621,-55.88768,2025-02-11,-40,27.7,86.7083333333333,3.8,1,1.56861591791385
2025-01-03,25.5166666666667,30.7,21.6,82.2083333333333,1.2,22.05,-56,-12.5,"T026","T026",-12.440621,-55.88768,2025-02-11,-39,30.7,82.2083333333333,1.2,1,0.78845736036427
2025-01-04,25.7458333333333,31.1,21.3,80.4583333333333,0.4,21.8416666666667,-56,-12.5,"T026","T026",-12.440621,-55.88768,2025-02-11,-38,31.1,80.4583333333333,0.4,0,0.336472236621213
2025-01-05,25.075,30.7,22.4,84.7916666666667,3.6,22.1958333333333,-56,-12.5,"T026","T026",-12.440621,-55.88768,2025-02-11,-37,30.7,84.7916666666667,3.6,1,1.52605630349505
2025-01-06,25.3416666666667,29.7,21.9,83.6666666666667,0.4,22.225,-56,-12.5,"T026","T026",-12.440621,-55.88768,2025-02-11,-36,29.7,83.6666666666667,0.4,0,0.336472236621213
2025-01-07,25.0541666666667,27.3,22.8,84.4583333333333,6.4,22.1625,-56,-12.5,"T026","T026",-12.440621,-55.88768,2025-02-11,-35,27.3,84.4583333333333,6.4,1,2.00148000021012
2025-01-08,24.1416666666667,27.7,22.4,91.4166666666667,22.9,22.6208333333333,-56,-12.5,"T026","T026",-12.440621,-55.88768,2025-02-11,-34,27.7,91.4166666666667,22.9,1,3.17387845893747
2025-01-09,23.9666666666667,26.3,21.9,92.6666666666667,12.7,22.6958333333333,-56,-12.5,"T026","T026",-12.440621,-55.88768,2025-02-11,-33,26.3,92.6666666666667,12.7,1,2.61739583283408
2025-01-10,23.1833333333333,25.2,22.1,93,11.5,21.9416666666667,-56,-12.5,"T026","T026",-12.440621,-55.88768,2025-02-11,-32,25.2,93,11.5,1,2.52572864430826
2025-01-11,23.825,27.1,21.9,89.4166666666667,7.3,21.9333333333333,-56,-12.5,"T026","T026",-12.440621,-55.88768,2025-02-11,-31,27.1,89.4166666666667,7.3,1,2.11625551480255
2025-01-12,24.7375,28.3,22.3,85.875,21.4,22.0666666666667,-56,-12.5,"T026","T026",-12.440621,-55.88768,2025-02-11,-30,28.3,85.875,21.4,1,3.10906095886099
2025-01-13,24.1666666666667,28.9,21.8,90.5833333333333,9.8,22.4666666666667,-56,-12.5,"T026","T026",-12.440621,-55.88768,2025-02-11,-29,28.9,90.5833333333333,9.8,1,2.37954613413017
2025-01-14,22.575,24,21.8,93.25,8.8,21.425,-56,-12.5,"T026","T026",-12.440621,-55.88768,2025-02-11,-28,24,93.25,8.8,1,2.28238238567653
2025-01-15,23.9791666666667,28.3,21.1,87.9166666666667,6.4,21.7583333333333,-56,-12.5,"T026","T026",-12.440621,-55.88768,2025-02-11,-27,28.3,87.9166666666667,6.4,1,2.00148000021012
2025-01-16,24.1125,27.9,22.3,87.875,10.4,21.9125,-56,-12.5,"T026","T026",-12.440621,-55.88768,2025-02-11,-26,27.9,87.875,10.4,1,2.43361335540045
2025-01-17,23.6916666666667,27.1,21.7,91.3333333333333,16.8,22.1416666666667,-56,-12.5,"T026","T026",-12.440621,-55.88768,2025-02-11,-25,27.1,91.3333333333333,16.8,1,2.87919845729804
2025-01-18,23.5458333333333,25.7,21.6,90.4583333333333,9.4,21.8375,-56,-12.5,"T026","T026",-12.440621,-55.88768,2025-02-11,-24,25.7,90.4583333333333,9.4,1,2.34180580614733
2025-01-19,23.8291666666667,27.7,21.8,89.7916666666667,15.2,22.0166666666667,-56,-12.5,"T026","T026",-12.440621,-55.88768,2025-02-11,-23,27.7,89.7916666666667,15.2,1,2.78501124223834
2025-01-20,23.4208333333333,28.9,21.3,88.7916666666667,27,21.3541666666667,-56,-12.5,"T026","T026",-12.440621,-55.88768,2025-02-11,-22,28.9,88.7916666666667,27,1,3.3322045101752
2025-01-21,24.2083333333333,28.5,21.4,82.875,0.9,20.8458333333333,-56,-12.5,"T026","T026",-12.440621,-55.88768,2025-02-11,-21,28.5,82.875,0.9,0,0.641853886172395
2025-01-22,25.0833333333333,31.2,20.8,80.5,1,21.1291666666667,-56,-12.5,"T026","T026",-12.440621,-55.88768,2025-02-11,-20,31.2,80.5,1,1,0.693147180559945
2025-01-23,25.1791666666667,30.7,20.5,81.4166666666667,3.2,21.4625,-56,-12.5,"T026","T026",-12.440621,-55.88768,2025-02-11,-19,30.7,81.4166666666667,3.2,1,1.43508452528932
2025-01-24,26.7375,33.2,21.3,76.125,0.2,21.8583333333333,-56,-12.5,"T026","T026",-12.440621,-55.88768,2025-02-11,-18,33.2,76.125,0.2,0,0.182321556793955
2025-01-25,25.6,32.4,21.1,79.125,4.3,21.4291666666667,-56,-12.5,"T026","T026",-12.440621,-55.88768,2025-02-11,-17,32.4,79.125,4.3,1,1.66770682055808
2025-01-26,26.525,32.1,21.5,76.5,0,21.6625,-56,-12.5,"T026","T026",-12.440621,-55.88768,2025-02-11,-16,32.1,76.5,0,0,0
2025-01-27,24.9916666666667,29.9,21.4,82.25,1.4,21.6375,-56,-12.5,"T026","T026",-12.440621,-55.88768,2025-02-11,-15,29.9,82.25,1.4,1,0.8754687373539
2025-01-28,26.0625,32.1,20.2,75.6666666666667,0.2,20.8958333333333,-56,-12.5,"T026","T026",-12.440621,-55.88768,2025-02-11,-14,32.1,75.6666666666667,0.2,0,0.182321556793955
2025-01-29,26.4125,31.7,22.4,79.0833333333333,2.8,22.2416666666667,-56,-12.5,"T026","T026",-12.440621,-55.88768,2025-02-11,-13,31.7,79.0833333333333,2.8,1,1.33500106673234
2025-01-30,25.3958333333333,30.2,22.1,84.75,17.1,22.4625,-56,-12.5,"T026","T026",-12.440621,-55.88768,2025-02-11,-12,30.2,84.75,17.1,1,2.89591193827178
2025-01-31,25.8125,32.4,22.5,81.1666666666667,1.8,22.0708333333333,-56,-12.5,"T026","T026",-12.440621,-55.88768,2025-02-11,-11,32.4,81.1666666666667,1.8,1,1.02961941718116
2025-02-01,23.2416666666667,24.9,21.8,93.5833333333333,9.4,22.1375,-56,-12.5,"T026","T026",-12.440621,-55.88768,2025-02-11,-10,24.9,93.5833333333333,9.4,1,2.34180580614733
2025-02-02,23.8541666666667,27.7,21.5,90.1666666666667,10.1,22.0916666666667,-56,-12.5,"T026","T026",-12.440621,-55.88768,2025-02-11,-9,27.7,90.1666666666667,10.1,1,2.40694510831829
2025-02-03,24.2083333333333,28.5,21.9,86.5833333333333,5.8,21.75,-56,-12.5,"T026","T026",-12.440621,-55.88768,2025-02-11,-8,28.5,86.5833333333333,5.8,1,1.91692261218206
2025-02-04,25.475,31,22.3,83.5,2.6,22.2875,-56,-12.5,"T026","T026",-12.440621,-55.88768,2025-02-11,-7,31,83.5,2.6,1,1.28093384546206
2025-02-05,24.9625,29.9,21.4,83.2083333333333,20.1,21.6458333333333,-56,-12.5,"T026","T026",-12.440621,-55.88768,2025-02-11,-6,29.9,83.2083333333333,20.1,1,3.04927304048202
2025-02-06,25.0458333333333,29.1,22.6,83.125,1.5,21.7916666666667,-56,-12.5,"T026","T026",-12.440621,-55.88768,2025-02-11,-5,29.1,83.125,1.5,1,0.916290731874155
2025-02-07,26.6666666666667,32.9,22.1,76.9166666666667,0.5,21.8833333333333,-56,-12.5,"T026","T026",-12.440621,-55.88768,2025-02-11,-4,32.9,76.9166666666667,0.5,0,0.405465108108164
2025-02-08,26.4041666666667,31.9,22.3,73.4583333333333,0,20.9708333333333,-56,-12.5,"T026","T026",-12.440621,-55.88768,2025-02-11,-3,31.9,73.4583333333333,0,0,0
2025-02-09,25.6208333333333,30.6,21.6,78.375,1.9,21.2416666666667,-56,-12.5,"T026","T026",-12.440621,-55.88768,2025-02-11,-2,30.6,78.375,1.9,1,1.06471073699243
2025-02-10,24.7,30,21.7,82.4166666666667,4,21.3291666666667,-56,-12.5,"T026","T026",-12.440621,-55.88768,2025-02-11,-1,30,82.4166666666667,4,1,1.6094379124341
2024-12-02,25.1958333333333,29.2,22.1,88.125,3.4,22.9791666666667,-55.75,-12.5,"T027","T027",-12.543972,-55.710778,2025-02-20,-80,29.2,88.125,3.4,1,1.48160454092422
2024-12-03,25.1291666666667,29,22.6,87.0416666666667,12.8,22.7208333333333,-55.75,-12.5,"T027","T027",-12.543972,-55.710778,2025-02-20,-79,29,87.0416666666667,12.8,1,2.62466859216316
2024-12-04,25.4208333333333,29.8,22.1,83.0833333333333,3.2,22.1958333333333,-55.75,-12.5,"T027","T027",-12.543972,-55.710778,2025-02-20,-78,29.8,83.0833333333333,3.2,1,1.43508452528932
2024-12-05,25.2083333333333,29.1,22.6,84.7916666666667,6.5,22.35,-55.75,-12.5,"T027","T027",-12.543972,-55.710778,2025-02-20,-77,29.1,84.7916666666667,6.5,1,2.01490302054226
2024-12-06,25.7208333333333,29.5,22.8,85.25,7.1,22.9166666666667,-55.75,-12.5,"T027","T027",-12.543972,-55.710778,2025-02-20,-76,29.5,85.25,7.1,1,2.09186406167839
2024-12-07,26.3,31,21.7,80.7916666666667,0.6,22.4625,-55.75,-12.5,"T027","T027",-12.543972,-55.710778,2025-02-20,-75,31,80.7916666666667,0.6,0,0.470003629245736
2024-12-08,26.7583333333333,32.6,22,76.4583333333333,1.7,21.9208333333333,-55.75,-12.5,"T027","T027",-12.543972,-55.710778,2025-02-20,-74,32.6,76.4583333333333,1.7,1,0.993251773010283
2024-12-09,26.9083333333333,32,21.9,76.3333333333333,0.1,21.9958333333333,-55.75,-12.5,"T027","T027",-12.543972,-55.710778,2025-02-20,-73,32,76.3333333333333,0.1,0,0.0953101798043249
2024-12-10,26.275,30.6,22.6,78.5416666666667,0,22.0333333333333,-55.75,-12.5,"T027","T027",-12.543972,-55.710778,2025-02-20,-72,30.6,78.5416666666667,0,0,0
2024-12-11,26.1416666666667,30.8,22.5,81.875,3.5,22.575,-55.75,-12.5,"T027","T027",-12.543972,-55.710778,2025-02-20,-71,30.8,81.875,3.5,1,1.50407739677627
2024-12-12,26.7125,31.6,22.2,78.5833333333333,0,22.3291666666667,-55.75,-12.5,"T027","T027",-12.543972,-55.710778,2025-02-20,-70,31.6,78.5833333333333,0,0,0
2024-12-13,27.1291666666667,31.6,22.4,76.9166666666667,0.2,22.4,-55.75,-12.5,"T027","T027",-12.543972,-55.710778,2025-02-20,-69,31.6,76.9166666666667,0.2,0,0.182321556793955
2024-12-14,25.9041666666667,29.5,22.2,79.5,0.8,21.9291666666667,-55.75,-12.5,"T027","T027",-12.543972,-55.710778,2025-02-20,-68,29.5,79.5,0.8,0,0.587786664902119
2024-12-15,25.3916666666667,29,22.5,80.5,1.3,21.6458333333333,-55.75,-12.5,"T027","T027",-12.543972,-55.710778,2025-02-20,-67,29,80.5,1.3,1,0.832909122935104
2024-12-16,24.8958333333333,27.3,22.9,81.9583333333333,2.3,21.5375,-55.75,-12.5,"T027","T027",-12.543972,-55.710778,2025-02-20,-66,27.3,81.9583333333333,2.3,1,1.19392246847243
2024-12-17,24.9,28,22.9,85.75,3.5,22.2666666666667,-55.75,-12.5,"T027","T027",-12.543972,-55.710778,2025-02-20,-65,28,85.75,3.5,1,1.50407739677627
2024-12-18,25.8958333333333,30.8,22.2,81.75,1.6,22.4041666666667,-55.75,-12.5,"T027","T027",-12.543972,-55.710778,2025-02-20,-64,30.8,81.75,1.6,1,0.955511445027436
2024-12-19,26.4708333333333,30.5,22.2,79.0833333333333,0.2,22.2541666666667,-55.75,-12.5,"T027","T027",-12.543972,-55.710778,2025-02-20,-63,30.5,79.0833333333333,0.2,0,0.182321556793955
2024-12-20,26.925,31.5,23.1,80.0416666666667,1.1,22.95,-55.75,-12.5,"T027","T027",-12.543972,-55.710778,2025-02-20,-62,31.5,80.0416666666667,1.1,1,0.741937344729377
2024-12-21,24.3416666666667,26.2,22.9,88.0416666666667,13.1,22.1875,-55.75,-12.5,"T027","T027",-12.543972,-55.710778,2025-02-20,-61,26.2,88.0416666666667,13.1,1,2.64617479738412
2024-12-22,24.8708333333333,28.4,22.1,87.1666666666667,14.2,22.45,-55.75,-12.5,"T027","T027",-12.543972,-55.710778,2025-02-20,-60,28.4,87.1666666666667,14.2,1,2.72129542785223
2024-12-23,25.2541666666667,29.4,23.1,85.1666666666667,5.5,22.4666666666667,-55.75,-12.5,"T027","T027",-12.543972,-55.710778,2025-02-20,-59,29.4,85.1666666666667,5.5,1,1.87180217690159
2024-12-24,25.425,29.4,22.7,82.9166666666667,4.3,22.2708333333333,-55.75,-12.5,"T027","T027",-12.543972,-55.710778,2025-02-20,-58,29.4,82.9166666666667,4.3,1,1.66770682055808
2024-12-25,24.05,26.2,22.5,91.9166666666667,17.4,22.625,-55.75,-12.5,"T027","T027",-12.543972,-55.710778,2025-02-20,-57,26.2,91.9166666666667,17.4,1,2.91235066461494
2024-12-26,23.6208333333333,25.7,22.1,92.4583333333333,26.5,22.2916666666667,-55.75,-12.5,"T027","T027",-12.543972,-55.710778,2025-02-20,-56,25.7,92.4583333333333,26.5,1,3.31418600467253
2024-12-27,23.5083333333333,24.8,22.6,92.2083333333333,6.2,22.1791666666667,-55.75,-12.5,"T027","T027",-12.543972,-55.710778,2025-02-20,-55,24.8,92.2083333333333,6.2,1,1.97408102602201
2024-12-28,25.0916666666667,29.3,22.4,83.6666666666667,2,21.9458333333333,-55.75,-12.5,"T027","T027",-12.543972,-55.710778,2025-02-20,-54,29.3,83.6666666666667,2,1,1.09861228866811
2024-12-29,25.3625,30,22.7,83.6666666666667,1,22.2416666666667,-55.75,-12.5,"T027","T027",-12.543972,-55.710778,2025-02-20,-53,30,83.6666666666667,1,1,0.693147180559945
2024-12-30,24.0125,27.3,21.8,88.125,5.1,21.8416666666667,-55.75,-12.5,"T027","T027",-12.543972,-55.710778,2025-02-20,-52,27.3,88.125,5.1,1,1.80828877117927
2024-12-31,25.825,30.8,21.6,81.4583333333333,0.3,22.1125,-55.75,-12.5,"T027","T027",-12.543972,-55.710778,2025-02-20,-51,30.8,81.4583333333333,0.3,0,0.262364264467491
2025-01-01,25.2333333333333,28.8,23.3,87,12.8,22.8458333333333,-55.75,-12.5,"T027","T027",-12.543972,-55.710778,2025-02-20,-50,28.8,87,12.8,1,2.62466859216316
2025-01-02,24.5416666666667,27.2,22.7,85.5,2.6,21.8666666666667,-55.75,-12.5,"T027","T027",-12.543972,-55.710778,2025-02-20,-49,27.2,85.5,2.6,1,1.28093384546206
2025-01-03,25.8708333333333,30.7,21.8,80.0833333333333,0.5,21.975,-55.75,-12.5,"T027","T027",-12.543972,-55.710778,2025-02-20,-48,30.7,80.0833333333333,0.5,0,0.405465108108164
2025-01-04,26.075,31.3,22.4,80.4166666666667,3.2,22.075,-55.75,-12.5,"T027","T027",-12.543972,-55.710778,2025-02-20,-47,31.3,80.4166666666667,3.2,1,1.43508452528932
2025-01-05,25.3583333333333,30.9,22.6,83.75,6.8,22.2583333333333,-55.75,-12.5,"T027","T027",-12.543972,-55.710778,2025-02-20,-46,30.9,83.75,6.8,1,2.05412373369555
2025-01-06,25.6833333333333,30.5,22.5,83.0833333333333,0.3,22.4458333333333,-55.75,-12.5,"T027","T027",-12.543972,-55.710778,2025-02-20,-45,30.5,83.0833333333333,0.3,0,0.262364264467491
2025-01-07,25.0291666666667,27.3,23.1,85.9166666666667,11.1,22.4125,-55.75,-12.5,"T027","T027",-12.543972,-55.710778,2025-02-20,-44,27.3,85.9166666666667,11.1,1,2.4932054526027
2025-01-08,24.3666666666667,27.4,22.5,90.9583333333333,16.7,22.7666666666667,-55.75,-12.5,"T027","T027",-12.543972,-55.710778,2025-02-20,-43,27.4,90.9583333333333,16.7,1,2.87356463957978
2025-01-09,24.0833333333333,26.6,22.3,91.0833333333333,11.4,22.5,-55.75,-12.5,"T027","T027",-12.543972,-55.710778,2025-02-20,-42,26.6,91.0833333333333,11.4,1,2.51769647261099
2025-01-10,23.5,24.9,22.4,91.2916666666667,10.7,21.9833333333333,-55.75,-12.5,"T027","T027",-12.543972,-55.710778,2025-02-20,-41,24.9,91.2916666666667,10.7,1,2.45958884180371
2025-01-11,24.0666666666667,26.5,22.3,88.4166666666667,8.8,21.9958333333333,-55.75,-12.5,"T027","T027",-12.543972,-55.710778,2025-02-20,-40,26.5,88.4166666666667,8.8,1,2.28238238567653
2025-01-12,24.9333333333333,28.4,22.4,85.875,20.6,22.2708333333333,-55.75,-12.5,"T027","T027",-12.543972,-55.710778,2025-02-20,-39,28.4,85.875,20.6,1,3.07269331469012
2025-01-13,24.4541666666667,28.8,22.1,89.2083333333333,11.4,22.5,-55.75,-12.5,"T027","T027",-12.543972,-55.710778,2025-02-20,-38,28.8,89.2083333333333,11.4,1,2.51769647261099
2025-01-14,22.9,24.1,22.2,92,8.1,21.5166666666667,-55.75,-12.5,"T027","T027",-12.543972,-55.710778,2025-02-20,-37,24.1,92,8.1,1,2.2082744135228
2025-01-15,23.9041666666667,27.8,21.4,88.3333333333333,16.1,21.8041666666667,-55.75,-12.5,"T027","T027",-12.543972,-55.710778,2025-02-20,-36,27.8,88.3333333333333,16.1,1,2.83907846350861
2025-01-16,24.0833333333333,27.3,22.5,88.6666666666667,9.4,22.0458333333333,-55.75,-12.5,"T027","T027",-12.543972,-55.710778,2025-02-20,-35,27.3,88.6666666666667,9.4,1,2.34180580614733
2025-01-17,24.0333333333333,27.5,21.8,88.7083333333333,10.2,22.0083333333333,-55.75,-12.5,"T027","T027",-12.543972,-55.710778,2025-02-20,-34,27.5,88.7083333333333,10.2,1,2.41591377830105
2025-01-18,24.1083333333333,26.8,21.9,87.4583333333333,6,21.7916666666667,-55.75,-12.5,"T027","T027",-12.543972,-55.710778,2025-02-20,-33,26.8,87.4583333333333,6,1,1.94591014905531
2025-01-19,24.1791666666667,27.7,22.1,88.625,9.4,22.1041666666667,-55.75,-12.5,"T027","T027",-12.543972,-55.710778,2025-02-20,-32,27.7,88.625,9.4,1,2.34180580614733
2025-01-20,23.6583333333333,28.3,21.6,88.125,18.1,21.4875,-55.75,-12.5,"T027","T027",-12.543972,-55.710778,2025-02-20,-31,28.3,88.125,18.1,1,2.94968833505258
2025-01-21,24.5083333333333,28.4,21.7,81.6666666666667,0.9,20.95,-55.75,-12.5,"T027","T027",-12.543972,-55.710778,2025-02-20,-30,28.4,81.6666666666667,0.9,0,0.641853886172395
2025-01-22,25.2416666666667,31.2,21.4,81.0416666666667,2.2,21.4708333333333,-55.75,-12.5,"T027","T027",-12.543972,-55.710778,2025-02-20,-29,31.2,81.0416666666667,2.2,1,1.16315080980568
2025-01-23,25.475,30.6,21,81.125,2.1,21.7208333333333,-55.75,-12.5,"T027","T027",-12.543972,-55.710778,2025-02-20,-28,30.6,81.125,2.1,1,1.1314021114911
2025-01-24,26.8125,33,22.2,76.625,2.2,22.0875,-55.75,-12.5,"T027","T027",-12.543972,-55.710778,2025-02-20,-27,33,76.625,2.2,1,1.16315080980568
2025-01-25,25.7875,32,21.6,79.2916666666667,4.9,21.6916666666667,-55.75,-12.5,"T027","T027",-12.543972,-55.710778,2025-02-20,-26,32,79.2916666666667,4.9,1,1.77495235091167
2025-01-26,26.6625,32,21.7,76.75,0.1,21.8291666666667,-55.75,-12.5,"T027","T027",-12.543972,-55.710778,2025-02-20,-25,32,76.75,0.1,0,0.0953101798043249
2025-01-27,25.15,28.5,21.9,82.875,9.5,21.9416666666667,-55.75,-12.5,"T027","T027",-12.543972,-55.710778,2025-02-20,-24,28.5,82.875,9.5,1,2.35137525716348
2025-01-28,26.225,32.1,20.7,76.5416666666667,0,21.2916666666667,-55.75,-12.5,"T027","T027",-12.543972,-55.710778,2025-02-20,-23,32.1,76.5416666666667,0,0,0
2025-01-29,26.6458333333333,31.4,22.9,79.625,3.1,22.5833333333333,-55.75,-12.5,"T027","T027",-12.543972,-55.710778,2025-02-20,-22,31.4,79.625,3.1,1,1.41098697371026
2025-01-30,25.8416666666667,30.5,22.6,83.25,20.2,22.55,-55.75,-12.5,"T027","T027",-12.543972,-55.710778,2025-02-20,-21,30.5,83.25,20.2,1,3.05400118167797
2025-01-31,26.0375,32.2,22.7,81.2083333333333,0.9,22.3291666666667,-55.75,-12.5,"T027","T027",-12.543972,-55.710778,2025-02-20,-20,32.2,81.2083333333333,0.9,0,0.641853886172395
2025-02-01,23.6583333333333,25.2,22.1,90.5,7.3,22.0125,-55.75,-12.5,"T027","T027",-12.543972,-55.710778,2025-02-20,-19,25.2,90.5,7.3,1,2.11625551480255
2025-02-02,24.1125,27.9,21.7,88.0833333333333,11.7,21.9333333333333,-55.75,-12.5,"T027","T027",-12.543972,-55.710778,2025-02-20,-18,27.9,88.0833333333333,11.7,1,2.54160199346455
2025-02-03,24.3541666666667,28.5,22,86.75,3.6,21.9,-55.75,-12.5,"T027","T027",-12.543972,-55.710778,2025-02-20,-17,28.5,86.75,3.6,1,1.52605630349505
2025-02-04,25.5041666666667,30.6,22.6,84.25,6.8,22.4666666666667,-55.75,-12.5,"T027","T027",-12.543972,-55.710778,2025-02-20,-16,30.6,84.25,6.8,1,2.05412373369555
2025-02-05,25.0041666666667,29.4,21.8,81.5,9.9,21.4041666666667,-55.75,-12.5,"T027","T027",-12.543972,-55.710778,2025-02-20,-15,29.4,81.5,9.9,1,2.3887627892351
2025-02-06,25.2666666666667,29.1,22.7,80.4583333333333,1.4,21.5416666666667,-55.75,-12.5,"T027","T027",-12.543972,-55.710778,2025-02-20,-14,29.1,80.4583333333333,1.4,1,0.8754687373539
2025-02-07,26.8875,33,21.9,74.9166666666667,0.4,21.6291666666667,-55.75,-12.5,"T027","T027",-12.543972,-55.710778,2025-02-20,-13,33,74.9166666666667,0.4,0,0.336472236621213
2025-02-08,26.725,31.9,22.4,73.8333333333333,0.3,21.3625,-55.75,-12.5,"T027","T027",-12.543972,-55.710778,2025-02-20,-12,31.9,73.8333333333333,0.3,0,0.262364264467491
2025-02-09,25.7166666666667,30.7,22.2,78.2916666666667,3.5,21.3875,-55.75,-12.5,"T027","T027",-12.543972,-55.710778,2025-02-20,-11,30.7,78.2916666666667,3.5,1,1.50407739677627
2025-02-10,24.9958333333333,29.7,22.1,82.0416666666667,6,21.5458333333333,-55.75,-12.5,"T027","T027",-12.543972,-55.710778,2025-02-20,-10,29.7,82.0416666666667,6,1,1.94591014905531
2025-02-11,24.425,28.6,22.7,85.3333333333333,5.8,21.7458333333333,-55.75,-12.5,"T027","T027",-12.543972,-55.710778,2025-02-20,-9,28.6,85.3333333333333,5.8,1,1.91692261218206
2025-02-12,24.9333333333333,29.4,22,84,1.6,21.8875,-55.75,-12.5,"T027","T027",-12.543972,-55.710778,2025-02-20,-8,29.4,84,1.6,1,0.955511445027436
2025-02-13,25.2208333333333,29,22.6,83.2916666666667,9.1,22.075,-55.75,-12.5,"T027","T027",-12.543972,-55.710778,2025-02-20,-7,29,83.2916666666667,9.1,1,2.31253542384721
2025-02-14,25.2791666666667,29.1,23,84.2083333333333,4.1,22.2625,-55.75,-12.5,"T027","T027",-12.543972,-55.710778,2025-02-20,-6,29.1,84.2083333333333,4.1,1,1.62924053973028
2025-02-15,25.5,31.2,22.4,83.9166666666667,4.6,22.3625,-55.75,-12.5,"T027","T027",-12.543972,-55.710778,2025-02-20,-5,31.2,83.9166666666667,4.6,1,1.7227665977411
2025-02-16,24.8625,29.2,22.4,84,2.7,21.7916666666667,-55.75,-12.5,"T027","T027",-12.543972,-55.710778,2025-02-20,-4,29.2,84,2.7,1,1.30833281965018
2025-02-17,26.0208333333333,30.6,22.5,79.4583333333333,2.7,21.925,-55.75,-12.5,"T027","T027",-12.543972,-55.710778,2025-02-20,-3,30.6,79.4583333333333,2.7,1,1.30833281965018
2025-02-18,26.5916666666667,32.9,22,76,1.8,21.5916666666667,-55.75,-12.5,"T027","T027",-12.543972,-55.710778,2025-02-20,-2,32.9,76,1.8,1,1.02961941718116
2025-02-19,25.65,31.2,21.8,78.875,2.8,21.4583333333333,-55.75,-12.5,"T027","T027",-12.543972,-55.710778,2025-02-20,-1,31.2,78.875,2.8,1,1.33500106673234
2024-12-16,26.45,31.9,22.7,78.75,0.8,22.0958333333333,-62.75,-11.75,"T028","T028",-11.687317,-62.663606,2025-03-06,-80,31.9,78.75,0.8,0,0.587786664902119
2024-12-17,24.6166666666667,28.9,22.7,89.5416666666667,7.5,22.7541666666667,-62.75,-11.75,"T028","T028",-11.687317,-62.663606,2025-03-06,-79,28.9,89.5416666666667,7.5,1,2.14006616349627
2024-12-18,26.2958333333333,32.1,22.3,80.6666666666667,0.4,22.4458333333333,-62.75,-11.75,"T028","T028",-11.687317,-62.663606,2025-03-06,-78,32.1,80.6666666666667,0.4,0,0.336472236621213
2024-12-19,25.6958333333333,29.8,23.5,86.3333333333333,2.8,23.1416666666667,-62.75,-11.75,"T028","T028",-11.687317,-62.663606,2025-03-06,-77,29.8,86.3333333333333,2.8,1,1.33500106673234
2024-12-20,28.1458333333333,33.4,24.5,74.4166666666667,0.5,22.8458333333333,-62.75,-11.75,"T028","T028",-11.687317,-62.663606,2025-03-06,-76,33.4,74.4166666666667,0.5,0,0.405465108108164
2024-12-21,27.3083333333333,31.6,25.1,76.0833333333333,1.7,22.5791666666667,-62.75,-11.75,"T028","T028",-11.687317,-62.663606,2025-03-06,-75,31.6,76.0833333333333,1.7,1,0.993251773010283
2024-12-22,25.4583333333333,28.7,23.6,87.125,15.2,23.1458333333333,-62.75,-11.75,"T028","T028",-11.687317,-62.663606,2025-03-06,-74,28.7,87.125,15.2,1,2.78501124223834
2024-12-23,24.7458333333333,27.9,22.9,91.125,10,23.1541666666667,-62.75,-11.75,"T028","T028",-11.687317,-62.663606,2025-03-06,-73,27.9,91.125,10,1,2.39789527279837
2024-12-24,26.7458333333333,32.4,22.8,81.125,1,22.9375,-62.75,-11.75,"T028","T028",-11.687317,-62.663606,2025-03-06,-72,32.4,81.125,1,1,0.693147180559945
2024-12-25,24.3708333333333,29.3,20.2,85.0833333333333,14.1,21.6,-62.75,-11.75,"T028","T028",-11.687317,-62.663606,2025-03-06,-71,29.3,85.0833333333333,14.1,1,2.71469474382088
2024-12-26,25.1,29.4,21,77.8333333333333,2.2,20.6625,-62.75,-11.75,"T028","T028",-11.687317,-62.663606,2025-03-06,-70,29.4,77.8333333333333,2.2,1,1.16315080980568
2024-12-27,26.6833333333333,30.8,23.4,76.5416666666667,0.6,21.9041666666667,-62.75,-11.75,"T028","T028",-11.687317,-62.663606,2025-03-06,-69,30.8,76.5416666666667,0.6,0,0.470003629245736
2024-12-28,27.0458333333333,32.2,23.8,78.6666666666667,0.9,22.7416666666667,-62.75,-11.75,"T028","T028",-11.687317,-62.663606,2025-03-06,-68,32.2,78.6666666666667,0.9,0,0.641853886172395
2024-12-29,25.6875,31.4,23.7,85.1666666666667,1.2,22.8708333333333,-62.75,-11.75,"T028","T028",-11.687317,-62.663606,2025-03-06,-67,31.4,85.1666666666667,1.2,1,0.78845736036427
2024-12-30,26.2208333333333,30.6,23.8,80.5416666666667,1.2,22.4291666666667,-62.75,-11.75,"T028","T028",-11.687317,-62.663606,2025-03-06,-66,30.6,80.5416666666667,1.2,1,0.78845736036427
2024-12-31,27.0625,32.7,24,80.6666666666667,1.2,23.3125,-62.75,-11.75,"T028","T028",-11.687317,-62.663606,2025-03-06,-65,32.7,80.6666666666667,1.2,1,0.78845736036427
2025-01-01,25.7708333333333,30.2,23.4,83.6666666666667,8,22.6125,-62.75,-11.75,"T028","T028",-11.687317,-62.663606,2025-03-06,-64,30.2,83.6666666666667,8,1,2.19722457733622
2025-01-02,25.9166666666667,29.8,23.4,84.5416666666667,8.9,23.0416666666667,-62.75,-11.75,"T028","T028",-11.687317,-62.663606,2025-03-06,-63,29.8,84.5416666666667,8.9,1,2.29253475714054
2025-01-03,26.2583333333333,31.6,23.5,82.25,2.3,22.8125,-62.75,-11.75,"T028","T028",-11.687317,-62.663606,2025-03-06,-62,31.6,82.25,2.3,1,1.19392246847243
2025-01-04,25.7333333333333,28.2,23.8,88.2916666666667,8.1,23.5833333333333,-62.75,-11.75,"T028","T028",-11.687317,-62.663606,2025-03-06,-61,28.2,88.2916666666667,8.1,1,2.2082744135228
2025-01-05,25.6041666666667,31.4,23.2,87.5,17.1,23.125,-62.75,-11.75,"T028","T028",-11.687317,-62.663606,2025-03-06,-60,31.4,87.5,17.1,1,2.89591193827178
2025-01-06,25.4666666666667,28.9,23.4,86.625,10.3,22.9541666666667,-62.75,-11.75,"T028","T028",-11.687317,-62.663606,2025-03-06,-59,28.9,86.625,10.3,1,2.42480272571829
2025-01-07,25.8708333333333,30.8,23.2,85.7916666666667,7.4,23.1666666666667,-62.75,-11.75,"T028","T028",-11.687317,-62.663606,2025-03-06,-58,30.8,85.7916666666667,7.4,1,2.12823170584927
2025-01-08,25.5208333333333,28.3,23.8,85.7083333333333,4.8,22.8416666666667,-62.75,-11.75,"T028","T028",-11.687317,-62.663606,2025-03-06,-57,28.3,85.7083333333333,4.8,1,1.75785791755237
2025-01-09,24.7541666666667,28.3,23.3,90.375,17.2,22.9875,-62.75,-11.75,"T028","T028",-11.687317,-62.663606,2025-03-06,-56,28.3,90.375,17.2,1,2.90142159408275
2025-01-10,25.3541666666667,27.5,23,89.1666666666667,7.6,23.3625,-62.75,-11.75,"T028","T028",-11.687317,-62.663606,2025-03-06,-55,27.5,89.1666666666667,7.6,1,2.15176220325946
2025-01-11,26.5333333333333,31.9,23.9,83.8333333333333,5.8,23.3833333333333,-62.75,-11.75,"T028","T028",-11.687317,-62.663606,2025-03-06,-54,31.9,83.8333333333333,5.8,1,1.91692261218206
2025-01-12,25.3625,30,23.3,88.2916666666667,6.3,23.1416666666667,-62.75,-11.75,"T028","T028",-11.687317,-62.663606,2025-03-06,-53,30,88.2916666666667,6.3,1,1.98787434815435
2025-01-13,24.8166666666667,28.6,23.1,91.9583333333333,30.2,23.3666666666667,-62.75,-11.75,"T028","T028",-11.687317,-62.663606,2025-03-06,-52,28.6,91.9583333333333,30.2,1,3.44041809481544
2025-01-14,24.325,27.6,22.9,90.375,6.6,22.6,-62.75,-11.75,"T028","T028",-11.687317,-62.663606,2025-03-06,-51,27.6,90.375,6.6,1,2.02814824729229
2025-01-15,24.1666666666667,27.6,22,88.9166666666667,6.1,22.1333333333333,-62.75,-11.75,"T028","T028",-11.687317,-62.663606,2025-03-06,-50,27.6,88.9166666666667,6.1,1,1.96009478404727
2025-01-16,25.1208333333333,30.3,22.9,88.0416666666667,3.7,22.8916666666667,-62.75,-11.75,"T028","T028",-11.687317,-62.663606,2025-03-06,-49,30.3,88.0416666666667,3.7,1,1.54756250871601
2025-01-17,24.9666666666667,30.5,22.6,90.3333333333333,13,23.1583333333333,-62.75,-11.75,"T028","T028",-11.687317,-62.663606,2025-03-06,-48,30.5,90.3333333333333,13,1,2.63905732961526
2025-01-18,24.4291666666667,27.6,22.5,88.4583333333333,10.8,22.3291666666667,-62.75,-11.75,"T028","T028",-11.687317,-62.663606,2025-03-06,-47,27.6,88.4583333333333,10.8,1,2.46809953147162
2025-01-19,23.8916666666667,26.5,22.4,92.25,13.1,22.5291666666667,-62.75,-11.75,"T028","T028",-11.687317,-62.663606,2025-03-06,-46,26.5,92.25,13.1,1,2.64617479738412
2025-01-20,24.725,28.8,22.5,86.7916666666667,9.5,22.2541666666667,-62.75,-11.75,"T028","T028",-11.687317,-62.663606,2025-03-06,-45,28.8,86.7916666666667,9.5,1,2.35137525716348
2025-01-21,24.8375,28.9,22.5,84.875,4.5,21.9916666666667,-62.75,-11.75,"T028","T028",-11.687317,-62.663606,2025-03-06,-44,28.9,84.875,4.5,1,1.70474809223843
2025-01-22,24.7958333333333,27.6,22.8,90.875,14.5,23.1708333333333,-62.75,-11.75,"T028","T028",-11.687317,-62.663606,2025-03-06,-43,27.6,90.875,14.5,1,2.7408400239252
2025-01-23,25.7708333333333,31.3,22.6,79.3333333333333,0.8,21.6375,-62.75,-11.75,"T028","T028",-11.687317,-62.663606,2025-03-06,-42,31.3,79.3333333333333,0.8,0,0.587786664902119
2025-01-24,27.1125,34.2,22.7,79,1.2,22.7125,-62.75,-11.75,"T028","T028",-11.687317,-62.663606,2025-03-06,-41,34.2,79,1.2,1,0.78845736036427
2025-01-25,26.3375,31.7,23.6,82.0833333333333,3.8,22.7458333333333,-62.75,-11.75,"T028","T028",-11.687317,-62.663606,2025-03-06,-40,31.7,82.0833333333333,3.8,1,1.56861591791385
2025-01-26,26.4125,31.8,23.3,84.2083333333333,9.8,23.2875,-62.75,-11.75,"T028","T028",-11.687317,-62.663606,2025-03-06,-39,31.8,84.2083333333333,9.8,1,2.37954613413017
2025-01-27,27.2708333333333,32.9,22.9,78.7083333333333,0.4,22.9375,-62.75,-11.75,"T028","T028",-11.687317,-62.663606,2025-03-06,-38,32.9,78.7083333333333,0.4,0,0.336472236621213
2025-01-28,28.1,34.2,23.3,75.5833333333333,1,22.9875,-62.75,-11.75,"T028","T028",-11.687317,-62.663606,2025-03-06,-37,34.2,75.5833333333333,1,1,0.693147180559945
2025-01-29,28.175,34.1,24.4,74.6666666666667,0.3,22.8708333333333,-62.75,-11.75,"T028","T028",-11.687317,-62.663606,2025-03-06,-36,34.1,74.6666666666667,0.3,0,0.262364264467491
2025-01-30,26.8208333333333,32.9,23.2,78.9583333333333,1.7,22.5625,-62.75,-11.75,"T028","T028",-11.687317,-62.663606,2025-03-06,-35,32.9,78.9583333333333,1.7,1,0.993251773010283
2025-01-31,26.2583333333333,30.3,23.1,87.1666666666667,7.9,23.875,-62.75,-11.75,"T028","T028",-11.687317,-62.663606,2025-03-06,-34,30.3,87.1666666666667,7.9,1,2.18605127673809
2025-02-01,25.7375,28.4,24.1,85.4166666666667,12.1,23.025,-62.75,-11.75,"T028","T028",-11.687317,-62.663606,2025-03-06,-33,28.4,85.4166666666667,12.1,1,2.57261223020711
2025-02-02,25.3708333333333,30.3,22.6,83.5416666666667,5.6,22.1833333333333,-62.75,-11.75,"T028","T028",-11.687317,-62.663606,2025-03-06,-32,30.3,83.5416666666667,5.6,1,1.88706964903238
2025-02-03,25.0166666666667,31.2,22,83.8333333333333,2.8,21.8541666666667,-62.75,-11.75,"T028","T028",-11.687317,-62.663606,2025-03-06,-31,31.2,83.8333333333333,2.8,1,1.33500106673234
2025-02-04,26.8541666666667,32.7,23.1,77.75,0.3,22.3041666666667,-62.75,-11.75,"T028","T028",-11.687317,-62.663606,2025-03-06,-30,32.7,77.75,0.3,0,0.262364264467491
2025-02-05,25.9083333333333,30.9,23.4,82.1666666666667,9.4,22.4375,-62.75,-11.75,"T028","T028",-11.687317,-62.663606,2025-03-06,-29,30.9,82.1666666666667,9.4,1,2.34180580614733
2025-02-06,26.0666666666667,29.9,22.6,80.375,2.5,22.2,-62.75,-11.75,"T028","T028",-11.687317,-62.663606,2025-03-06,-28,29.9,80.375,2.5,1,1.25276296849537
2025-02-07,26.5625,31.8,24.2,82.7916666666667,10,23.2083333333333,-62.75,-11.75,"T028","T028",-11.687317,-62.663606,2025-03-06,-27,31.8,82.7916666666667,10,1,2.39789527279837
2025-02-08,24.4625,27,22.7,93.375,37.8,23.2791666666667,-62.75,-11.75,"T028","T028",-11.687317,-62.663606,2025-03-06,-26,27,93.375,37.8,1,3.65842024662923
2025-02-09,25.375,30,22.6,83.6666666666667,2.2,22.1291666666667,-62.75,-11.75,"T028","T028",-11.687317,-62.663606,2025-03-06,-25,30,83.6666666666667,2.2,1,1.16315080980568
2025-02-10,25.55,28.9,23.3,81.125,0.5,21.975,-62.75,-11.75,"T028","T028",-11.687317,-62.663606,2025-03-06,-24,28.9,81.125,0.5,0,0.405465108108164
2025-02-11,25,28.6,22,83.5416666666667,5.1,21.9041666666667,-62.75,-11.75,"T028","T028",-11.687317,-62.663606,2025-03-06,-23,28.6,83.5416666666667,5.1,1,1.80828877117927
2025-02-12,23.8208333333333,26.2,21.5,90.5833333333333,11.5,22.1375,-62.75,-11.75,"T028","T028",-11.687317,-62.663606,2025-03-06,-22,26.2,90.5833333333333,11.5,1,2.52572864430826
2025-02-13,25.9041666666667,31.1,22.8,83.6666666666667,17.6,22.7541666666667,-62.75,-11.75,"T028","T028",-11.687317,-62.663606,2025-03-06,-21,31.1,83.6666666666667,17.6,1,2.92316158071916
2025-02-14,24.3666666666667,27.1,22.3,90.375,13.4,22.6541666666667,-62.75,-11.75,"T028","T028",-11.687317,-62.663606,2025-03-06,-20,27.1,90.375,13.4,1,2.66722820658195
2025-02-15,27.0958333333333,34.1,22.5,76.9583333333333,0.3,22.2416666666667,-62.75,-11.75,"T028","T028",-11.687317,-62.663606,2025-03-06,-19,34.1,76.9583333333333,0.3,0,0.262364264467491
2025-02-16,26.2083333333333,30.4,23.6,82.7083333333333,0.8,22.9291666666667,-62.75,-11.75,"T028","T028",-11.687317,-62.663606,2025-03-06,-18,30.4,82.7083333333333,0.8,0,0.587786664902119
2025-02-17,25.9666666666667,30.8,23.7,83.375,3.6,22.725,-62.75,-11.75,"T028","T028",-11.687317,-62.663606,2025-03-06,-17,30.8,83.375,3.6,1,1.52605630349505
2025-02-18,24.8291666666667,27.3,22.8,89.5416666666667,15.4,22.95,-62.75,-11.75,"T028","T028",-11.687317,-62.663606,2025-03-06,-16,27.3,89.5416666666667,15.4,1,2.79728133483015
2025-02-19,26.4083333333333,31.3,23,78.875,0.1,22.1958333333333,-62.75,-11.75,"T028","T028",-11.687317,-62.663606,2025-03-06,-15,31.3,78.875,0.1,0,0.0953101798043249
2025-02-20,27.1666666666667,32.7,22.7,77.8333333333333,0,22.6708333333333,-62.75,-11.75,"T028","T028",-11.687317,-62.663606,2025-03-06,-14,32.7,77.8333333333333,0,0,0
2025-02-21,26.5166666666667,30,23.6,81.0416666666667,2.9,22.85,-62.75,-11.75,"T028","T028",-11.687317,-62.663606,2025-03-06,-13,30,81.0416666666667,2.9,1,1.3609765531356
2025-02-22,26.3708333333333,30.1,24.2,83.2083333333333,3,23.175,-62.75,-11.75,"T028","T028",-11.687317,-62.663606,2025-03-06,-12,30.1,83.2083333333333,3,1,1.38629436111989
2025-02-23,27.4,33.4,23.5,80,1.6,23.3458333333333,-62.75,-11.75,"T028","T028",-11.687317,-62.663606,2025-03-06,-11,33.4,80,1.6,1,0.955511445027436
2025-02-24,26.2708333333333,31.1,23,82.2083333333333,1.4,22.7791666666667,-62.75,-11.75,"T028","T028",-11.687317,-62.663606,2025-03-06,-10,31.1,82.2083333333333,1.4,1,0.8754687373539
2025-02-25,27.0708333333333,32.6,24.1,81.1666666666667,3.7,23.2625,-62.75,-11.75,"T028","T028",-11.687317,-62.663606,2025-03-06,-9,32.6,81.1666666666667,3.7,1,1.54756250871601
2025-02-26,25.6,28.1,23.6,84.5,6.5,22.7208333333333,-62.75,-11.75,"T028","T028",-11.687317,-62.663606,2025-03-06,-8,28.1,84.5,6.5,1,2.01490302054226
2025-02-27,26.3041666666667,33.3,23,81.125,2.5,22.5333333333333,-62.75,-11.75,"T028","T028",-11.687317,-62.663606,2025-03-06,-7,33.3,81.125,2.5,1,1.25276296849537
2025-02-28,25.825,30.7,23.4,84.75,3.9,22.9708333333333,-62.75,-11.75,"T028","T028",-11.687317,-62.663606,2025-03-06,-6,30.7,84.75,3.9,1,1.58923520511658
2025-03-01,26.7833333333333,32.5,23.8,79.75,1.1,22.6125,-62.75,-11.75,"T028","T028",-11.687317,-62.663606,2025-03-06,-5,32.5,79.75,1.1,1,0.741937344729377
2025-03-02,26.5666666666667,31.2,23.9,78.9583333333333,1.8,22.3583333333333,-62.75,-11.75,"T028","T028",-11.687317,-62.663606,2025-03-06,-4,31.2,78.9583333333333,1.8,1,1.02961941718116
2025-03-03,25.2375,29.2,23.1,89.25,19.1,23.2833333333333,-62.75,-11.75,"T028","T028",-11.687317,-62.663606,2025-03-06,-3,29.2,89.25,19.1,1,3.00071981506503
2025-03-04,24.3416666666667,26.5,23,92.625,21.2,23.0708333333333,-62.75,-11.75,"T028","T028",-11.687317,-62.663606,2025-03-06,-2,26.5,92.625,21.2,1,3.10009228887823
2025-03-05,24.675,28.5,23.1,89.125,14.5,22.6291666666667,-62.75,-11.75,"T028","T028",-11.687317,-62.663606,2025-03-06,-1,28.5,89.125,14.5,1,2.7408400239252
2025-12-05,23.3375,26.5,22.1,94.5,18.2,22.3708333333333,-58.25,-12,"T029","T029",-11.886833,-58.235361,2026-02-23,-80,26.5,94.5,18.2,1,2.95491027903374
2025-12-06,24.675,29,22.1,87.0833333333333,6.7,22.1791666666667,-58.25,-12,"T029","T029",-11.886833,-58.235361,2026-02-23,-79,29,87.0833333333333,6.7,1,2.04122032885964
2025-12-07,23.9708333333333,28.9,21.9,91.25,14.1,22.3708333333333,-58.25,-12,"T029","T029",-11.886833,-58.235361,2026-02-23,-78,28.9,91.25,14.1,1,2.71469474382088
2025-12-08,24.3416666666667,29.3,21.5,85.625,3.6,21.5333333333333,-58.25,-12,"T029","T029",-11.886833,-58.235361,2026-02-23,-77,29.3,85.625,3.6,1,1.52605630349505
2025-12-09,24.2333333333333,26.4,22.5,89.1666666666667,8.2,22.2708333333333,-58.25,-12,"T029","T029",-11.886833,-58.235361,2026-02-23,-76,26.4,89.1666666666667,8.2,1,2.21920348405499
2025-12-10,25.6625,30.2,21.7,83.2916666666667,3.1,22.3416666666667,-58.25,-12,"T029","T029",-11.886833,-58.235361,2026-02-23,-75,30.2,83.2916666666667,3.1,1,1.41098697371026
2025-12-11,26.25,31.5,22.6,82.2083333333333,1.8,22.6375,-58.25,-12,"T029","T029",-11.886833,-58.235361,2026-02-23,-74,31.5,82.2083333333333,1.8,1,1.02961941718116
2025-12-12,25.0791666666667,29.1,22.7,87.2916666666667,7.3,22.7041666666667,-58.25,-12,"T029","T029",-11.886833,-58.235361,2026-02-23,-73,29.1,87.2916666666667,7.3,1,2.11625551480255
2025-12-13,24.9,28.4,22.4,90.25,35.8,23.125,-58.25,-12,"T029","T029",-11.886833,-58.235361,2026-02-23,-72,28.4,90.25,35.8,1,3.60549784517489
2025-12-14,25.125,31.5,22,87.8333333333333,6.6,22.8083333333333,-58.25,-12,"T029","T029",-11.886833,-58.235361,2026-02-23,-71,31.5,87.8333333333333,6.6,1,2.02814824729229
2025-12-15,25.6625,30.1,23.3,87.875,6.6,23.4291666666667,-58.25,-12,"T029","T029",-11.886833,-58.235361,2026-02-23,-70,30.1,87.875,6.6,1,2.02814824729229
2025-12-16,25.7375,29.3,23.1,85.5,11.5,22.9833333333333,-58.25,-12,"T029","T029",-11.886833,-58.235361,2026-02-23,-69,29.3,85.5,11.5,1,2.52572864430826
2025-12-17,24.4208333333333,28.9,22.3,90.0833333333333,8.7,22.6041666666667,-58.25,-12,"T029","T029",-11.886833,-58.235361,2026-02-23,-68,28.9,90.0833333333333,8.7,1,2.27212588550934
2025-12-18,24.4791666666667,27.8,22.5,93.9583333333333,12.2,23.425,-58.25,-12,"T029","T029",-11.886833,-58.235361,2026-02-23,-67,27.8,93.9583333333333,12.2,1,2.58021682959233
2025-12-19,24.5458333333333,29.3,22.6,87.5833333333333,6.6,22.1583333333333,-58.25,-12,"T029","T029",-11.886833,-58.235361,2026-02-23,-66,29.3,87.5833333333333,6.6,1,2.02814824729229
2025-12-20,24.6,29.8,22.2,90.0833333333333,6.1,22.7541666666667,-58.25,-12,"T029","T029",-11.886833,-58.235361,2026-02-23,-65,29.8,90.0833333333333,6.1,1,1.96009478404727
2025-12-21,24.0791666666667,26.8,22.5,93.5416666666667,28.5,22.9583333333333,-58.25,-12,"T029","T029",-11.886833,-58.235361,2026-02-23,-64,26.8,93.5416666666667,28.5,1,3.38439026334577
2025-12-22,24.1833333333333,26.6,22.7,94.0416666666667,13.2,23.1333333333333,-58.25,-12,"T029","T029",-11.886833,-58.235361,2026-02-23,-63,26.6,94.0416666666667,13.2,1,2.65324196460721
2025-12-23,23.5166666666667,25.6,22.1,92.7916666666667,20.9,22.2166666666667,-58.25,-12,"T029","T029",-11.886833,-58.235361,2026-02-23,-62,25.6,92.7916666666667,20.9,1,3.08648663682246
2025-12-24,22.975,24.5,21.8,94.5,30.6,22.0583333333333,-58.25,-12,"T029","T029",-11.886833,-58.235361,2026-02-23,-61,24.5,94.5,30.6,1,3.45315712059287
2025-12-25,23.8875,28.8,21.3,86.6666666666667,8.3,21.2958333333333,-58.25,-12,"T029","T029",-11.886833,-58.235361,2026-02-23,-60,28.8,86.6666666666667,8.3,1,2.23001440015921
2025-12-26,23.0458333333333,26,21.2,92.5,6.8,21.7125,-58.25,-12,"T029","T029",-11.886833,-58.235361,2026-02-23,-59,26,92.5,6.8,1,2.05412373369555
2025-12-27,25.5333333333333,31.5,21,83.375,1,22.1916666666667,-58.25,-12,"T029","T029",-11.886833,-58.235361,2026-02-23,-58,31.5,83.375,1,1,0.693147180559945
2025-12-28,26.8833333333333,32.6,22.8,80.5833333333333,3.1,22.925,-58.25,-12,"T029","T029",-11.886833,-58.235361,2026-02-23,-57,32.6,80.5833333333333,3.1,1,1.41098697371026
2025-12-29,25.8666666666667,32.9,22.4,82.2083333333333,2.5,22.1958333333333,-58.25,-12,"T029","T029",-11.886833,-58.235361,2026-02-23,-56,32.9,82.2083333333333,2.5,1,1.25276296849537
2025-12-30,24.425,28.5,22.1,90.0416666666667,8,22.6333333333333,-58.25,-12,"T029","T029",-11.886833,-58.235361,2026-02-23,-55,28.5,90.0416666666667,8,1,2.19722457733622
2025-12-31,26.1416666666667,31.3,23,84.375,0.3,23.0125,-58.25,-12,"T029","T029",-11.886833,-58.235361,2026-02-23,-54,31.3,84.375,0.3,0,0.262364264467491
2026-01-01,26.9958333333333,32,23,81.2916666666667,5.1,23.2666666666667,-58.25,-12,"T029","T029",-11.886833,-58.235361,2026-02-23,-53,32,81.2916666666667,5.1,1,1.80828877117927
2026-01-02,26.0375,30.9,23.2,80.5,0.2,22.1916666666667,-58.25,-12,"T029","T029",-11.886833,-58.235361,2026-02-23,-52,30.9,80.5,0.2,0,0.182321556793955
2026-01-03,25.3166666666667,31.9,22.8,86.2083333333333,6.9,22.6208333333333,-58.25,-12,"T029","T029",-11.886833,-58.235361,2026-02-23,-51,31.9,86.2083333333333,6.9,1,2.06686275947298
2026-01-04,23.45,25.2,22.5,94.9166666666667,52.3,22.5708333333333,-58.25,-12,"T029","T029",-11.886833,-58.235361,2026-02-23,-50,25.2,94.9166666666667,52.3,1,3.9759363311718
2026-01-05,24.0708333333333,28.5,22.5,90.2083333333333,3.2,22.2833333333333,-58.25,-12,"T029","T029",-11.886833,-58.235361,2026-02-23,-49,28.5,90.2083333333333,3.2,1,1.43508452528932
2026-01-06,24.2833333333333,28.4,22,89.9166666666667,8.8,22.4458333333333,-58.25,-12,"T029","T029",-11.886833,-58.235361,2026-02-23,-48,28.4,89.9166666666667,8.8,1,2.28238238567653
2026-01-07,23.775,26.3,22.4,92.5833333333333,12.5,22.475,-58.25,-12,"T029","T029",-11.886833,-58.235361,2026-02-23,-47,26.3,92.5833333333333,12.5,1,2.60268968544438
2026-01-08,24.4916666666667,27.9,21.7,90.875,12.3,22.8541666666667,-58.25,-12,"T029","T029",-11.886833,-58.235361,2026-02-23,-46,27.9,90.875,12.3,1,2.58776403522771
2026-01-09,25.675,30.3,22.3,79.5833333333333,1.1,21.5958333333333,-58.25,-12,"T029","T029",-11.886833,-58.235361,2026-02-23,-45,30.3,79.5833333333333,1.1,1,0.741937344729377
2026-01-10,26.6166666666667,32.2,22,77.25,3.6,21.8791666666667,-58.25,-12,"T029","T029",-11.886833,-58.235361,2026-02-23,-44,32.2,77.25,3.6,1,1.52605630349505
2026-01-11,25.6208333333333,32.5,22.1,83.5833333333333,14,22.1791666666667,-58.25,-12,"T029","T029",-11.886833,-58.235361,2026-02-23,-43,32.5,83.5833333333333,14,1,2.70805020110221
2026-01-12,24.3291666666667,30.3,21.6,87.75,6.6,21.9541666666667,-58.25,-12,"T029","T029",-11.886833,-58.235361,2026-02-23,-42,30.3,87.75,6.6,1,2.02814824729229
2026-01-13,23.25,26.9,21.7,93.5416666666667,24.3,22.1208333333333,-58.25,-12,"T029","T029",-11.886833,-58.235361,2026-02-23,-41,26.9,93.5416666666667,24.3,1,3.23080439573347
2026-01-14,24.2166666666667,28.4,21.7,85.4583333333333,4,21.4958333333333,-58.25,-12,"T029","T029",-11.886833,-58.235361,2026-02-23,-40,28.4,85.4583333333333,4,1,1.6094379124341
2026-01-15,25.75,31.8,20.6,80.2083333333333,4,21.7583333333333,-58.25,-12,"T029","T029",-11.886833,-58.235361,2026-02-23,-39,31.8,80.2083333333333,4,1,1.6094379124341
2026-01-16,25.3125,30.2,22,86.625,2.9,22.7541666666667,-58.25,-12,"T029","T029",-11.886833,-58.235361,2026-02-23,-38,30.2,86.625,2.9,1,1.3609765531356
2026-01-17,25.6208333333333,31.5,22.3,81.7916666666667,1.7,21.9,-58.25,-12,"T029","T029",-11.886833,-58.235361,2026-02-23,-37,31.5,81.7916666666667,1.7,1,0.993251773010283
2026-01-18,25.2458333333333,29.9,21.6,87.375,8.9,22.8583333333333,-58.25,-12,"T029","T029",-11.886833,-58.235361,2026-02-23,-36,29.9,87.375,8.9,1,2.29253475714054
2026-01-19,26.3333333333333,31.4,22.9,82.625,9.7,22.825,-58.25,-12,"T029","T029",-11.886833,-58.235361,2026-02-23,-35,31.4,82.625,9.7,1,2.37024374146786
2026-01-20,24.5,29.6,22.4,88.2083333333333,27.7,22.3125,-58.25,-12,"T029","T029",-11.886833,-58.235361,2026-02-23,-34,29.6,88.2083333333333,27.7,1,3.35689712276558
2026-01-21,23.9666666666667,26.4,22,93.4166666666667,10.3,22.8041666666667,-58.25,-12,"T029","T029",-11.886833,-58.235361,2026-02-23,-33,26.4,93.4166666666667,10.3,1,2.42480272571829
2026-01-22,24.925,31.1,22.5,87.3333333333333,5.7,22.4666666666667,-58.25,-12,"T029","T029",-11.886833,-58.235361,2026-02-23,-32,31.1,87.3333333333333,5.7,1,1.90210752639692
2026-01-23,24.6916666666667,28.8,22.1,86.4583333333333,0.4,22.1458333333333,-58.25,-12,"T029","T029",-11.886833,-58.235361,2026-02-23,-31,28.8,86.4583333333333,0.4,0,0.336472236621213
2026-01-24,25.0833333333333,28.8,22.5,87.3333333333333,8.1,22.7,-58.25,-12,"T029","T029",-11.886833,-58.235361,2026-02-23,-30,28.8,87.3333333333333,8.1,1,2.2082744135228
2026-01-25,24.2583333333333,28.2,22.5,89.125,6.3,22.2666666666667,-58.25,-12,"T029","T029",-11.886833,-58.235361,2026-02-23,-29,28.2,89.125,6.3,1,1.98787434815435
2026-01-26,24.8791666666667,29.9,22.4,91.1666666666667,12.2,23.2333333333333,-58.25,-12,"T029","T029",-11.886833,-58.235361,2026-02-23,-28,29.9,91.1666666666667,12.2,1,2.58021682959233
2026-01-27,25.1333333333333,29.4,22.6,87.7083333333333,7.1,22.7958333333333,-58.25,-12,"T029","T029",-11.886833,-58.235361,2026-02-23,-27,29.4,87.7083333333333,7.1,1,2.09186406167839
2026-01-28,24.9541666666667,31.1,21.6,85.375,3.4,22.0375,-58.25,-12,"T029","T029",-11.886833,-58.235361,2026-02-23,-26,31.1,85.375,3.4,1,1.48160454092422
2026-01-29,26.0333333333333,29.7,23.2,83.25,1.3,22.7375,-58.25,-12,"T029","T029",-11.886833,-58.235361,2026-02-23,-25,29.7,83.25,1.3,1,0.832909122935104
2026-01-30,25.9375,29.5,23.3,85.4583333333333,6,23.1875,-58.25,-12,"T029","T029",-11.886833,-58.235361,2026-02-23,-24,29.5,85.4583333333333,6,1,1.94591014905531
2026-01-31,25.6875,30.7,22.6,85.25,9,22.7958333333333,-58.25,-12,"T029","T029",-11.886833,-58.235361,2026-02-23,-23,30.7,85.25,9,1,2.30258509299405
2026-02-01,25.8625,32,22.7,85.2916666666667,15.1,23.0291666666667,-58.25,-12,"T029","T029",-11.886833,-58.235361,2026-02-23,-22,32,85.2916666666667,15.1,1,2.77881927199042
2026-02-02,24.2875,28.3,22.6,90.25,26.1,22.5291666666667,-58.25,-12,"T029","T029",-11.886833,-58.235361,2026-02-23,-21,28.3,90.25,26.1,1,3.29953372788566
2026-02-03,24.8458333333333,28.8,22.5,90.0416666666667,6.6,23.0625,-58.25,-12,"T029","T029",-11.886833,-58.235361,2026-02-23,-20,28.8,90.0416666666667,6.6,1,2.02814824729229
2026-02-04,26.0166666666667,32.1,22.3,80.8333333333333,1.1,22.0958333333333,-58.25,-12,"T029","T029",-11.886833,-58.235361,2026-02-23,-19,32.1,80.8333333333333,1.1,1,0.741937344729377
2026-02-05,26.9291666666667,33.1,22.4,76.75,2.6,21.9833333333333,-58.25,-12,"T029","T029",-11.886833,-58.235361,2026-02-23,-18,33.1,76.75,2.6,1,1.28093384546206
2026-02-06,24.7041666666667,27.5,22.4,90.6666666666667,23.9,23.0416666666667,-58.25,-12,"T029","T029",-11.886833,-58.235361,2026-02-23,-17,27.5,90.6666666666667,23.9,1,3.21486780347066
2026-02-07,24.25,27.4,21.3,89.625,13.3,22.3708333333333,-58.25,-12,"T029","T029",-11.886833,-58.235361,2026-02-23,-16,27.4,89.625,13.3,1,2.66025953726586
2026-02-08,25.4583333333333,30,22.4,83.9166666666667,10.1,22.3458333333333,-58.25,-12,"T029","T029",-11.886833,-58.235361,2026-02-23,-15,30,83.9166666666667,10.1,1,2.40694510831829
2026-02-09,23.3958333333333,26.8,22.1,94.5833333333333,24.3,22.4416666666667,-58.25,-12,"T029","T029",-11.886833,-58.235361,2026-02-23,-14,26.8,94.5833333333333,24.3,1,3.23080439573347
2026-02-10,23.1375,26.1,21.9,91.6666666666667,12.8,21.6916666666667,-58.25,-12,"T029","T029",-11.886833,-58.235361,2026-02-23,-13,26.1,91.6666666666667,12.8,1,2.62466859216316
2026-02-11,23.975,27.6,21.4,87.625,9.6,21.6583333333333,-58.25,-12,"T029","T029",-11.886833,-58.235361,2026-02-23,-12,27.6,87.625,9.6,1,2.36085400111802
2026-02-12,23.4625,26.1,22,93,12.8,22.2083333333333,-58.25,-12,"T029","T029",-11.886833,-58.235361,2026-02-23,-11,26.1,93,12.8,1,2.62466859216316
2026-02-13,24.7416666666667,28.3,21.8,86.7083333333333,4.4,22.2541666666667,-58.25,-12,"T029","T029",-11.886833,-58.235361,2026-02-23,-10,28.3,86.7083333333333,4.4,1,1.68639895357023
2026-02-14,25.0333333333333,30.7,21.9,83.4166666666667,0.9,21.7458333333333,-58.25,-12,"T029","T029",-11.886833,-58.235361,2026-02-23,-9,30.7,83.4166666666667,0.9,0,0.641853886172395
2026-02-15,25.4041666666667,29.9,22.1,81.4166666666667,8.1,21.7375,-58.25,-12,"T029","T029",-11.886833,-58.235361,2026-02-23,-8,29.9,81.4166666666667,8.1,1,2.2082744135228
2026-02-16,23.8791666666667,28.9,21.3,86.125,3.3,21.25,-58.25,-12,"T029","T029",-11.886833,-58.235361,2026-02-23,-7,28.9,86.125,3.3,1,1.45861502269952
2026-02-17,26.0541666666667,32.6,21.2,80.9583333333333,2.7,22.1375,-58.25,-12,"T029","T029",-11.886833,-58.235361,2026-02-23,-6,32.6,80.9583333333333,2.7,1,1.30833281965018
2026-02-18,26.5375,31.7,22.5,79.75,0.4,22.3791666666667,-58.25,-12,"T029","T029",-11.886833,-58.235361,2026-02-23,-5,31.7,79.75,0.4,0,0.336472236621213
2026-02-19,26.4041666666667,32.2,22.4,77.5416666666667,0.5,21.8916666666667,-58.25,-12,"T029","T029",-11.886833,-58.235361,2026-02-23,-4,32.2,77.5416666666667,0.5,0,0.405465108108164
2026-02-20,26.1083333333333,31.4,22.1,78.1666666666667,0.1,21.6916666666667,-58.25,-12,"T029","T029",-11.886833,-58.235361,2026-02-23,-3,31.4,78.1666666666667,0.1,0,0.0953101798043249
2026-02-21,26.4541666666667,32.2,23.1,78.7083333333333,3.8,22.1458333333333,-58.25,-12,"T029","T029",-11.886833,-58.235361,2026-02-23,-2,32.2,78.7083333333333,3.8,1,1.56861591791385
2026-02-22,24.6125,27.3,22.8,90.0833333333333,22,22.8375,-58.25,-12,"T029","T029",-11.886833,-58.235361,2026-02-23,-1,27.3,90.0833333333333,22,1,3.13549421592915
2025-11-03,24.8958333333333,29.9,21.5,84.5833333333333,34.1,21.9666666666667,-52.25,-13.5,"T030","T030",-13.543167,-52.202722,2026-01-22,-80,29.9,84.5833333333333,34.1,1,3.55820113047182
2025-11-04,24.95,29.2,21.5,80.375,0.6,21.1166666666667,-52.25,-13.5,"T030","T030",-13.543167,-52.202722,2026-01-22,-79,29.2,80.375,0.6,0,0.470003629245736
2025-11-05,27.1875,33.1,22.7,71.75,0,21.125,-52.25,-13.5,"T030","T030",-13.543167,-52.202722,2026-01-22,-78,33.1,71.75,0,0,0
2025-11-06,26.6666666666667,32,21.9,73.6666666666667,0.6,21.275,-52.25,-13.5,"T030","T030",-13.543167,-52.202722,2026-01-22,-77,32,73.6666666666667,0.6,0,0.470003629245736
2025-11-07,25.2416666666667,29.8,21.7,79.125,0.1,21.1041666666667,-52.25,-13.5,"T030","T030",-13.543167,-52.202722,2026-01-22,-76,29.8,79.125,0.1,0,0.0953101798043249
2025-11-08,25.425,30.3,22,79,4.6,21.225,-52.25,-13.5,"T030","T030",-13.543167,-52.202722,2026-01-22,-75,30.3,79,4.6,1,1.7227665977411
2025-11-09,26.7166666666667,32.8,22.4,75.4583333333333,4.5,21.5666666666667,-52.25,-13.5,"T030","T030",-13.543167,-52.202722,2026-01-22,-74,32.8,75.4583333333333,4.5,1,1.70474809223843
2025-11-10,26.7875,32.5,22.3,76.75,14.3,22.0291666666667,-52.25,-13.5,"T030","T030",-13.543167,-52.202722,2026-01-22,-73,32.5,76.75,14.3,1,2.72785282839839
2025-11-11,24.7458333333333,29,22,84.2083333333333,15.9,21.6875,-52.25,-13.5,"T030","T030",-13.543167,-52.202722,2026-01-22,-72,29,84.2083333333333,15.9,1,2.82731362192903
2025-11-12,24.5791666666667,27.9,21.5,84.5416666666667,3.8,21.7375,-52.25,-13.5,"T030","T030",-13.543167,-52.202722,2026-01-22,-71,27.9,84.5416666666667,3.8,1,1.56861591791385
2025-11-13,25.6166666666667,30.4,21.6,81.6666666666667,0.6,22.0541666666667,-52.25,-13.5,"T030","T030",-13.543167,-52.202722,2026-01-22,-70,30.4,81.6666666666667,0.6,0,0.470003629245736
2025-11-14,27.0958333333333,32.5,21.6,73.1666666666667,0.2,21.4416666666667,-52.25,-13.5,"T030","T030",-13.543167,-52.202722,2026-01-22,-69,32.5,73.1666666666667,0.2,0,0.182321556793955
2025-11-15,27.9583333333333,33.7,21.9,67.7083333333333,0,20.8666666666667,-52.25,-13.5,"T030","T030",-13.543167,-52.202722,2026-01-22,-68,33.7,67.7083333333333,0,0,0
2025-11-16,27.9958333333333,33.7,22.1,67.375,0,20.8833333333333,-52.25,-13.5,"T030","T030",-13.543167,-52.202722,2026-01-22,-67,33.7,67.375,0,0,0
2025-11-17,28.2958333333333,34,23.2,64.375,0,20.425,-52.25,-13.5,"T030","T030",-13.543167,-52.202722,2026-01-22,-66,34,64.375,0,0,0
2025-11-18,26.6833333333333,32.6,22.4,69.0416666666667,0.5,20.325,-52.25,-13.5,"T030","T030",-13.543167,-52.202722,2026-01-22,-65,32.6,69.0416666666667,0.5,0,0.405465108108164
2025-11-19,27.1041666666667,33.1,22.8,66.875,0,19.7625,-52.25,-13.5,"T030","T030",-13.543167,-52.202722,2026-01-22,-64,33.1,66.875,0,0,0
2025-11-20,27.1125,33.2,20.8,55.0833333333333,0,16.3291666666667,-52.25,-13.5,"T030","T030",-13.543167,-52.202722,2026-01-22,-63,33.2,55.0833333333333,0,0,0
2025-11-21,26.1791666666667,32.1,21.8,72.4583333333333,5.3,20.525,-52.25,-13.5,"T030","T030",-13.543167,-52.202722,2026-01-22,-62,32.1,72.4583333333333,5.3,1,1.84054963339749
2025-11-22,23.3708333333333,27.3,21.5,89.4583333333333,6.1,21.425,-52.25,-13.5,"T030","T030",-13.543167,-52.202722,2026-01-22,-61,27.3,89.4583333333333,6.1,1,1.96009478404727
2025-11-23,25.325,30.1,21.5,78.2916666666667,0.8,20.9458333333333,-52.25,-13.5,"T030","T030",-13.543167,-52.202722,2026-01-22,-60,30.1,78.2916666666667,0.8,0,0.587786664902119
2025-11-24,26.45,31.7,22,77.375,3.9,21.8,-52.25,-13.5,"T030","T030",-13.543167,-52.202722,2026-01-22,-59,31.7,77.375,3.9,1,1.58923520511658
2025-11-25,25.0125,29,21.7,83.4166666666667,10.2,21.8625,-52.25,-13.5,"T030","T030",-13.543167,-52.202722,2026-01-22,-58,29,83.4166666666667,10.2,1,2.41591377830105
2025-11-26,25.6333333333333,30,22.1,80,1.7,21.7833333333333,-52.25,-13.5,"T030","T030",-13.543167,-52.202722,2026-01-22,-57,30,80,1.7,1,0.993251773010283
2025-11-27,26.2958333333333,31,22.8,80.2083333333333,3,22.3541666666667,-52.25,-13.5,"T030","T030",-13.543167,-52.202722,2026-01-22,-56,31,80.2083333333333,3,1,1.38629436111989
2025-11-28,25.0833333333333,30.3,21.9,83.4583333333333,8.6,21.9041666666667,-52.25,-13.5,"T030","T030",-13.543167,-52.202722,2026-01-22,-55,30.3,83.4583333333333,8.6,1,2.26176309847379
2025-11-29,26.4458333333333,31.4,21.8,75.875,0.2,21.4541666666667,-52.25,-13.5,"T030","T030",-13.543167,-52.202722,2026-01-22,-54,31.4,75.875,0.2,0,0.182321556793955
2025-11-30,25.8208333333333,31.9,21.5,77.5833333333333,0.4,21.2708333333333,-52.25,-13.5,"T030","T030",-13.543167,-52.202722,2026-01-22,-53,31.9,77.5833333333333,0.4,0,0.336472236621213
2025-12-01,25.8291666666667,31,21.4,77.8333333333333,0.3,21.3416666666667,-52.25,-13.5,"T030","T030",-13.543167,-52.202722,2026-01-22,-52,31,77.8333333333333,0.3,0,0.262364264467491
2025-12-02,25.0625,29,21.9,80.875,3.6,21.4041666666667,-52.25,-13.5,"T030","T030",-13.543167,-52.202722,2026-01-22,-51,29,80.875,3.6,1,1.52605630349505
2025-12-03,25.4875,30.5,21.7,80.7083333333333,12.7,21.6958333333333,-52.25,-13.5,"T030","T030",-13.543167,-52.202722,2026-01-22,-50,30.5,80.7083333333333,12.7,1,2.61739583283408
2025-12-04,24.6458333333333,29.2,21.4,84.3333333333333,11.2,21.65,-52.25,-13.5,"T030","T030",-13.543167,-52.202722,2026-01-22,-49,29.2,84.3333333333333,11.2,1,2.50143595173921
2025-12-05,23.35,26,21.8,90.4166666666667,20.7,21.6666666666667,-52.25,-13.5,"T030","T030",-13.543167,-52.202722,2026-01-22,-48,26,90.4166666666667,20.7,1,3.07731226054641
2025-12-06,23.8666666666667,27.5,21.7,90.5,20.3,22.1875,-52.25,-13.5,"T030","T030",-13.543167,-52.202722,2026-01-22,-47,27.5,90.5,20.3,1,3.05870707271538
2025-12-07,23.3708333333333,26.6,21.9,85.9166666666667,8.9,20.7875,-52.25,-13.5,"T030","T030",-13.543167,-52.202722,2026-01-22,-46,26.6,85.9166666666667,8.9,1,2.29253475714054
2025-12-08,23.3916666666667,25.7,21.6,86.875,3.3,21.0083333333333,-52.25,-13.5,"T030","T030",-13.543167,-52.202722,2026-01-22,-45,25.7,86.875,3.3,1,1.45861502269952
2025-12-09,24.4666666666667,28.8,22.2,84.9583333333333,9.4,21.6291666666667,-52.25,-13.5,"T030","T030",-13.543167,-52.202722,2026-01-22,-44,28.8,84.9583333333333,9.4,1,2.34180580614733
2025-12-10,23.9416666666667,26.7,21.9,88.9583333333333,0.8,21.9583333333333,-52.25,-13.5,"T030","T030",-13.543167,-52.202722,2026-01-22,-43,26.7,88.9583333333333,0.8,0,0.587786664902119
2025-12-11,25.1458333333333,30.3,21,83.0833333333333,5.5,21.8958333333333,-52.25,-13.5,"T030","T030",-13.543167,-52.202722,2026-01-22,-42,30.3,83.0833333333333,5.5,1,1.87180217690159
2025-12-12,26.3916666666667,31.5,22,80.6666666666667,1.1,22.5333333333333,-52.25,-13.5,"T030","T030",-13.543167,-52.202722,2026-01-22,-41,31.5,80.6666666666667,1.1,1,0.741937344729377
2025-12-13,25.3208333333333,29.5,22.6,82.9166666666667,5.9,21.9875,-52.25,-13.5,"T030","T030",-13.543167,-52.202722,2026-01-22,-40,29.5,82.9166666666667,5.9,1,1.93152141160321
2025-12-14,26.1583333333333,31.5,22.1,82.0833333333333,4.8,22.5791666666667,-52.25,-13.5,"T030","T030",-13.543167,-52.202722,2026-01-22,-39,31.5,82.0833333333333,4.8,1,1.75785791755237
2025-12-15,25.3291666666667,29.1,23,84.875,11.6,22.5041666666667,-52.25,-13.5,"T030","T030",-13.543167,-52.202722,2026-01-22,-38,29.1,84.875,11.6,1,2.53369681395743
2025-12-16,25.5041666666667,30.4,21.7,80.125,8.9,21.5041666666667,-52.25,-13.5,"T030","T030",-13.543167,-52.202722,2026-01-22,-37,30.4,80.125,8.9,1,2.29253475714054
2025-12-17,24.9375,29.9,21,85.75,10.9,22.2208333333333,-52.25,-13.5,"T030","T030",-13.543167,-52.202722,2026-01-22,-36,29.9,85.75,10.9,1,2.47653840011748
2025-12-18,23.8458333333333,26.3,22.4,91.8333333333333,16.3,22.3916666666667,-52.25,-13.5,"T030","T030",-13.543167,-52.202722,2026-01-22,-35,26.3,91.8333333333333,16.3,1,2.85070650150373
2025-12-19,24.7416666666667,27.8,22.4,87.8333333333333,5.7,22.5166666666667,-52.25,-13.5,"T030","T030",-13.543167,-52.202722,2026-01-22,-34,27.8,87.8333333333333,5.7,1,1.90210752639692
2025-12-20,23.825,26.6,22.3,92.0416666666667,10.6,22.4125,-52.25,-13.5,"T030","T030",-13.543167,-52.202722,2026-01-22,-33,26.6,92.0416666666667,10.6,1,2.45100509811232
2025-12-21,25.2458333333333,29.5,22,81.9583333333333,0.4,21.6708333333333,-52.25,-13.5,"T030","T030",-13.543167,-52.202722,2026-01-22,-32,29.5,81.9583333333333,0.4,0,0.336472236621213
2025-12-22,24.5416666666667,27.4,22.1,86.125,13.6,22.0083333333333,-52.25,-13.5,"T030","T030",-13.543167,-52.202722,2026-01-22,-31,27.4,86.125,13.6,1,2.68102152871429
2025-12-23,24.3666666666667,29.2,21.3,83.375,6.2,21.1791666666667,-52.25,-13.5,"T030","T030",-13.543167,-52.202722,2026-01-22,-30,29.2,83.375,6.2,1,1.97408102602201
2025-12-24,25.375,30.6,20.5,76.8333333333333,0.7,20.6041666666667,-52.25,-13.5,"T030","T030",-13.543167,-52.202722,2026-01-22,-29,30.6,76.8333333333333,0.7,0,0.53062825106217
2025-12-25,23.4,27.8,20.3,85.3333333333333,7.9,20.7083333333333,-52.25,-13.5,"T030","T030",-13.543167,-52.202722,2026-01-22,-28,27.8,85.3333333333333,7.9,1,2.18605127673809
2025-12-26,25.5916666666667,30.8,21.3,77.9583333333333,2.8,21.1875,-52.25,-13.5,"T030","T030",-13.543167,-52.202722,2026-01-22,-27,30.8,77.9583333333333,2.8,1,1.33500106673234
2025-12-27,27.125,32.7,22.3,77.9166666666667,1.7,22.5833333333333,-52.25,-13.5,"T030","T030",-13.543167,-52.202722,2026-01-22,-26,32.7,77.9166666666667,1.7,1,0.993251773010283
2025-12-28,25.9208333333333,30.5,22.5,80.0416666666667,3.8,22.0208333333333,-52.25,-13.5,"T030","T030",-13.543167,-52.202722,2026-01-22,-25,30.5,80.0416666666667,3.8,1,1.56861591791385
2025-12-29,26.925,33.1,21.8,76.5833333333333,0.7,22.0791666666667,-52.25,-13.5,"T030","T030",-13.543167,-52.202722,2026-01-22,-24,33.1,76.5833333333333,0.7,0,0.53062825106217
2025-12-30,25.3583333333333,29.5,22.2,81.3333333333333,1.5,21.8125,-52.25,-13.5,"T030","T030",-13.543167,-52.202722,2026-01-22,-23,29.5,81.3333333333333,1.5,1,0.916290731874155
2025-12-31,26.0458333333333,31.5,21.2,74.3333333333333,0.3,20.8625,-52.25,-13.5,"T030","T030",-13.543167,-52.202722,2026-01-22,-22,31.5,74.3333333333333,0.3,0,0.262364264467491
2026-01-01,27.4041666666667,33,21.4,71.625,0.2,21.3166666666667,-52.25,-13.5,"T030","T030",-13.543167,-52.202722,2026-01-22,-21,33,71.625,0.2,0,0.182321556793955
2026-01-02,26.4083333333333,32,22,76.375,8.8,21.5916666666667,-52.25,-13.5,"T030","T030",-13.543167,-52.202722,2026-01-22,-20,32,76.375,8.8,1,2.28238238567653
2026-01-03,24.5083333333333,29,21.6,86,22.1,21.8583333333333,-52.25,-13.5,"T030","T030",-13.543167,-52.202722,2026-01-22,-19,29,86,22.1,1,3.13983261752775
2026-01-04,22.725,24.7,21.5,94.2916666666667,37.9,21.7333333333333,-52.25,-13.5,"T030","T030",-13.543167,-52.202722,2026-01-22,-18,24.7,94.2916666666667,37.9,1,3.6609942506244
2026-01-05,23.3708333333333,27,21.8,90.8333333333333,17.5,21.775,-52.25,-13.5,"T030","T030",-13.543167,-52.202722,2026-01-22,-17,27,90.8333333333333,17.5,1,2.91777073208428
2026-01-06,23.2916666666667,27.3,21.2,88.5,2.2,21.2083333333333,-52.25,-13.5,"T030","T030",-13.543167,-52.202722,2026-01-22,-16,27.3,88.5,2.2,1,1.16315080980568
2026-01-07,23.7291666666667,27.6,20.7,81.875,0.8,20.2666666666667,-52.25,-13.5,"T030","T030",-13.543167,-52.202722,2026-01-22,-15,27.6,81.875,0.8,0,0.587786664902119
2026-01-08,24.8083333333333,29.3,21.3,78.8333333333333,0.7,20.625,-52.25,-13.5,"T030","T030",-13.543167,-52.202722,2026-01-22,-14,29.3,78.8333333333333,0.7,0,0.53062825106217
2026-01-09,26.3875,31.8,21.8,76.1666666666667,0.3,21.5166666666667,-52.25,-13.5,"T030","T030",-13.543167,-52.202722,2026-01-22,-13,31.8,76.1666666666667,0.3,0,0.262364264467491
2026-01-10,25.8791666666667,31,21.7,78.5833333333333,1,21.6,-52.25,-13.5,"T030","T030",-13.543167,-52.202722,2026-01-22,-12,31,78.5833333333333,1,1,0.693147180559945
2026-01-11,25.75,30.5,21.8,80.7916666666667,3.5,21.9916666666667,-52.25,-13.5,"T030","T030",-13.543167,-52.202722,2026-01-22,-11,30.5,80.7916666666667,3.5,1,1.50407739677627
2026-01-12,24.2208333333333,28.5,21.5,82.625,7.7,20.9416666666667,-52.25,-13.5,"T030","T030",-13.543167,-52.202722,2026-01-22,-10,28.5,82.625,7.7,1,2.16332302566054
2026-01-13,25.1375,30.1,20.8,77.5416666666667,0.3,20.7083333333333,-52.25,-13.5,"T030","T030",-13.543167,-52.202722,2026-01-22,-9,30.1,77.5416666666667,0.3,0,0.262364264467491
2026-01-14,25.3125,30.5,22,77.7083333333333,4.2,20.9125,-52.25,-13.5,"T030","T030",-13.543167,-52.202722,2026-01-22,-8,30.5,77.7083333333333,4.2,1,1.64865862558738
2026-01-15,25.6125,31.3,21.3,79.3333333333333,2,21.525,-52.25,-13.5,"T030","T030",-13.543167,-52.202722,2026-01-22,-7,31.3,79.3333333333333,2,1,1.09861228866811
2026-01-16,25.9791666666667,31.3,22.3,78.4583333333333,1.5,21.7208333333333,-52.25,-13.5,"T030","T030",-13.543167,-52.202722,2026-01-22,-6,31.3,78.4583333333333,1.5,1,0.916290731874155
2026-01-17,26.4375,31.9,21.8,72.625,0.2,20.6541666666667,-52.25,-13.5,"T030","T030",-13.543167,-52.202722,2026-01-22,-5,31.9,72.625,0.2,0,0.182321556793955
2026-01-18,26.6083333333333,31,22.1,73.7083333333333,0.8,21.2416666666667,-52.25,-13.5,"T030","T030",-13.543167,-52.202722,2026-01-22,-4,31,73.7083333333333,0.8,0,0.587786664902119
2026-01-19,25.2541666666667,28.8,22.4,83.4583333333333,6.2,22.1416666666667,-52.25,-13.5,"T030","T030",-13.543167,-52.202722,2026-01-22,-3,28.8,83.4583333333333,6.2,1,1.97408102602201
2026-01-20,23.9708333333333,27.1,22.3,91.4583333333333,21.3,22.4625,-52.25,-13.5,"T030","T030",-13.543167,-52.202722,2026-01-22,-2,27.1,91.4583333333333,21.3,1,3.10458667846607
2026-01-21,22.1416666666667,25,20,93.5,20.9,21.0333333333333,-52.25,-13.5,"T030","T030",-13.543167,-52.202722,2026-01-22,-1,25,93.5,20.9,1,3.08648663682246
2025-12-20,23.9958333333333,25.1,23,94.375,47.7,23.0291666666667,-51.5,-10.75,"T031","T031",-10.728998,-51.599439,2026-03-10,-80,25.1,94.375,47.7,1,3.88567903008854
2025-12-21,25.1708333333333,29.6,22.4,89.8333333333333,6.5,23.2625,-51.5,-10.75,"T031","T031",-10.728998,-51.599439,2026-03-10,-79,29.6,89.8333333333333,6.5,1,2.01490302054226
2025-12-22,25.7958333333333,30.1,23.1,85.5,14.7,22.9833333333333,-51.5,-10.75,"T031","T031",-10.728998,-51.599439,2026-03-10,-78,30.1,85.5,14.7,1,2.75366071235426
2025-12-23,25.1458333333333,30,22,84.7916666666667,5,22.2166666666667,-51.5,-10.75,"T031","T031",-10.728998,-51.599439,2026-03-10,-77,30,84.7916666666667,5,1,1.79175946922805
2025-12-24,24.9375,30.6,20.7,83.3333333333333,5.6,21.6375,-51.5,-10.75,"T031","T031",-10.728998,-51.599439,2026-03-10,-76,30.6,83.3333333333333,5.6,1,1.88706964903238
2025-12-25,24.6583333333333,29.6,21.3,87.9583333333333,4.7,22.3875,-51.5,-10.75,"T031","T031",-10.728998,-51.599439,2026-03-10,-75,29.6,87.9583333333333,4.7,1,1.7404661748405
2025-12-26,26.5958333333333,32.3,22.1,83,5.3,23.1583333333333,-51.5,-10.75,"T031","T031",-10.728998,-51.599439,2026-03-10,-74,32.3,83,5.3,1,1.84054963339749
2025-12-27,28.1833333333333,34.2,23,78.5,0.4,23.7291666666667,-51.5,-10.75,"T031","T031",-10.728998,-51.599439,2026-03-10,-73,34.2,78.5,0.4,0,0.336472236621213
2025-12-28,27.3875,32.9,23.8,81,6,23.6541666666667,-51.5,-10.75,"T031","T031",-10.728998,-51.599439,2026-03-10,-72,32.9,81,6,1,1.94591014905531
2025-12-29,26.575,31.3,22.7,83.7916666666667,7.6,23.475,-51.5,-10.75,"T031","T031",-10.728998,-51.599439,2026-03-10,-71,31.3,83.7916666666667,7.6,1,2.15176220325946
2025-12-30,25.6708333333333,30.9,22.3,84.5833333333333,12.4,22.7,-51.5,-10.75,"T031","T031",-10.728998,-51.599439,2026-03-10,-70,30.9,84.5833333333333,12.4,1,2.59525470695687
2025-12-31,27.1375,33.7,21.8,78.1666666666667,0.6,22.5875,-51.5,-10.75,"T031","T031",-10.728998,-51.599439,2026-03-10,-69,33.7,78.1666666666667,0.6,0,0.470003629245736
2026-01-01,27.3041666666667,31.7,22.4,80.5416666666667,1.7,23.4416666666667,-51.5,-10.75,"T031","T031",-10.728998,-51.599439,2026-03-10,-68,31.7,80.5416666666667,1.7,1,0.993251773010283
2026-01-02,25.875,30.1,22.5,87.375,7.2,23.4791666666667,-51.5,-10.75,"T031","T031",-10.728998,-51.599439,2026-03-10,-67,30.1,87.375,7.2,1,2.10413415427021
2026-01-03,25.3458333333333,29.6,23.2,87.1666666666667,4.1,22.9708333333333,-51.5,-10.75,"T031","T031",-10.728998,-51.599439,2026-03-10,-66,29.6,87.1666666666667,4.1,1,1.62924053973028
2026-01-04,24.8666666666667,28.1,22.8,87.1666666666667,10.4,22.4833333333333,-51.5,-10.75,"T031","T031",-10.728998,-51.599439,2026-03-10,-65,28.1,87.1666666666667,10.4,1,2.43361335540045
2026-01-05,23.8791666666667,27.1,21.7,93.125,32.1,22.6583333333333,-51.5,-10.75,"T031","T031",-10.728998,-51.599439,2026-03-10,-64,27.1,93.125,32.1,1,3.49953328238302
2026-01-06,24.2,28.6,21.8,83.2083333333333,0.3,21.0708333333333,-51.5,-10.75,"T031","T031",-10.728998,-51.599439,2026-03-10,-63,28.6,83.2083333333333,0.3,0,0.262364264467491
2026-01-07,25.0166666666667,28.6,21.9,81.8333333333333,0,21.6291666666667,-51.5,-10.75,"T031","T031",-10.728998,-51.599439,2026-03-10,-62,28.6,81.8333333333333,0,0,0
2026-01-08,25.6958333333333,31.2,22.1,84.0833333333333,2.1,22.6125,-51.5,-10.75,"T031","T031",-10.728998,-51.599439,2026-03-10,-61,31.2,84.0833333333333,2.1,1,1.1314021114911
2026-01-09,26.425,31.9,20.7,83.2083333333333,0.9,22.9958333333333,-51.5,-10.75,"T031","T031",-10.728998,-51.599439,2026-03-10,-60,31.9,83.2083333333333,0.9,0,0.641853886172395
2026-01-10,26.2625,31.1,22.3,86.375,10.2,23.6541666666667,-51.5,-10.75,"T031","T031",-10.728998,-51.599439,2026-03-10,-59,31.1,86.375,10.2,1,2.41591377830105
2026-01-11,25.1666666666667,30.5,21.9,87.7083333333333,7.7,22.8791666666667,-51.5,-10.75,"T031","T031",-10.728998,-51.599439,2026-03-10,-58,30.5,87.7083333333333,7.7,1,2.16332302566054
2026-01-12,24.8875,30.1,21.9,85.5833333333333,10.7,22.1375,-51.5,-10.75,"T031","T031",-10.728998,-51.599439,2026-03-10,-57,30.1,85.5833333333333,10.7,1,2.45958884180371
2026-01-13,25.0625,31.1,21.1,86.0833333333333,7.3,22.3833333333333,-51.5,-10.75,"T031","T031",-10.728998,-51.599439,2026-03-10,-56,31.1,86.0833333333333,7.3,1,2.11625551480255
2026-01-14,25.525,30,21.2,86.875,7.1,23.0458333333333,-51.5,-10.75,"T031","T031",-10.728998,-51.599439,2026-03-10,-55,30,86.875,7.1,1,2.09186406167839
2026-01-15,26.1833333333333,31.5,22.2,83.125,7.7,22.8083333333333,-51.5,-10.75,"T031","T031",-10.728998,-51.599439,2026-03-10,-54,31.5,83.125,7.7,1,2.16332302566054
2026-01-16,27.2458333333333,33.8,22.8,82.5,0,23.5416666666667,-51.5,-10.75,"T031","T031",-10.728998,-51.599439,2026-03-10,-53,33.8,82.5,0,0,0
2026-01-17,27.5166666666667,33.8,23.1,77.0416666666667,2.5,22.7416666666667,-51.5,-10.75,"T031","T031",-10.728998,-51.599439,2026-03-10,-52,33.8,77.0416666666667,2.5,1,1.25276296849537
2026-01-18,26.5333333333333,31.6,22.1,81.7083333333333,6.2,22.9416666666667,-51.5,-10.75,"T031","T031",-10.728998,-51.599439,2026-03-10,-51,31.6,81.7083333333333,6.2,1,1.97408102602201
2026-01-19,25.1833333333333,29.3,22.9,89.375,14,23.2208333333333,-51.5,-10.75,"T031","T031",-10.728998,-51.599439,2026-03-10,-50,29.3,89.375,14,1,2.70805020110221
2026-01-20,25.0791666666667,28.6,23,87.9166666666667,19.1,22.9,-51.5,-10.75,"T031","T031",-10.728998,-51.599439,2026-03-10,-49,28.6,87.9166666666667,19.1,1,3.00071981506503
2026-01-21,24.2541666666667,27.3,22.7,90.6666666666667,6,22.6041666666667,-51.5,-10.75,"T031","T031",-10.728998,-51.599439,2026-03-10,-48,27.3,90.6666666666667,6,1,1.94591014905531
2026-01-22,25.6041666666667,29.8,22.9,86.9166666666667,7,23.1166666666667,-51.5,-10.75,"T031","T031",-10.728998,-51.599439,2026-03-10,-47,29.8,86.9166666666667,7,1,2.07944154167984
2026-01-23,24.9791666666667,29.1,23.3,91,16.7,23.3208333333333,-51.5,-10.75,"T031","T031",-10.728998,-51.599439,2026-03-10,-46,29.1,91,16.7,1,2.87356463957978
2026-01-24,25.4083333333333,29.8,22.9,88.1666666666667,8.3,23.1916666666667,-51.5,-10.75,"T031","T031",-10.728998,-51.599439,2026-03-10,-45,29.8,88.1666666666667,8.3,1,2.23001440015921
2026-01-25,25.4458333333333,29.5,22.3,88.3333333333333,2,23.3041666666667,-51.5,-10.75,"T031","T031",-10.728998,-51.599439,2026-03-10,-44,29.5,88.3333333333333,2,1,1.09861228866811
2026-01-26,26.6541666666667,32.1,22.5,82.5833333333333,3.4,23.175,-51.5,-10.75,"T031","T031",-10.728998,-51.599439,2026-03-10,-43,32.1,82.5833333333333,3.4,1,1.48160454092422
2026-01-27,26.7291666666667,32.3,22.4,81.7916666666667,2.1,23.1291666666667,-51.5,-10.75,"T031","T031",-10.728998,-51.599439,2026-03-10,-42,32.3,81.7916666666667,2.1,1,1.1314021114911
2026-01-28,25.275,30.3,21.7,84.7916666666667,9,22.3625,-51.5,-10.75,"T031","T031",-10.728998,-51.599439,2026-03-10,-41,30.3,84.7916666666667,9,1,2.30258509299405
2026-01-29,26.3625,30.6,23.3,81.4166666666667,1.3,22.6791666666667,-51.5,-10.75,"T031","T031",-10.728998,-51.599439,2026-03-10,-40,30.6,81.4166666666667,1.3,1,0.832909122935104
2026-01-30,27.3458333333333,33.3,22.8,81.5833333333333,0.8,23.5625,-51.5,-10.75,"T031","T031",-10.728998,-51.599439,2026-03-10,-39,33.3,81.5833333333333,0.8,0,0.587786664902119
2026-01-31,28.0208333333333,34.4,23.7,77.5416666666667,0.6,23.3416666666667,-51.5,-10.75,"T031","T031",-10.728998,-51.599439,2026-03-10,-38,34.4,77.5416666666667,0.6,0,0.470003629245736
2026-02-01,26.2458333333333,30.7,23.9,87.125,10,23.8041666666667,-51.5,-10.75,"T031","T031",-10.728998,-51.599439,2026-03-10,-37,30.7,87.125,10,1,2.39789527279837
2026-02-02,25.675,30.3,23,89.375,38.9,23.6708333333333,-51.5,-10.75,"T031","T031",-10.728998,-51.599439,2026-03-10,-36,30.3,89.375,38.9,1,3.68637632389582
2026-02-03,24.6791666666667,28.1,22.4,91.9583333333333,11,23.2458333333333,-51.5,-10.75,"T031","T031",-10.728998,-51.599439,2026-03-10,-35,28.1,91.9583333333333,11,1,2.484906649788
2026-02-04,26.9166666666667,32.7,22.3,80.7916666666667,0.6,23,-51.5,-10.75,"T031","T031",-10.728998,-51.599439,2026-03-10,-34,32.7,80.7916666666667,0.6,0,0.470003629245736
2026-02-05,27.6708333333333,33.6,22.5,81.4583333333333,2,23.8625,-51.5,-10.75,"T031","T031",-10.728998,-51.599439,2026-03-10,-33,33.6,81.4583333333333,2,1,1.09861228866811
2026-02-06,25.9916666666667,31.2,22.8,88,18.9,23.6583333333333,-51.5,-10.75,"T031","T031",-10.728998,-51.599439,2026-03-10,-32,31.2,88,18.9,1,2.99071973173045
2026-02-07,25.2541666666667,29.2,22.7,88.8333333333333,9.5,23.2041666666667,-51.5,-10.75,"T031","T031",-10.728998,-51.599439,2026-03-10,-31,29.2,88.8333333333333,9.5,1,2.35137525716348
2026-02-08,25.325,30.2,22.1,84.125,5.6,22.3041666666667,-51.5,-10.75,"T031","T031",-10.728998,-51.599439,2026-03-10,-30,30.2,84.125,5.6,1,1.88706964903238
2026-02-09,25.7291666666667,30.3,22.6,83.1666666666667,0.1,22.4,-51.5,-10.75,"T031","T031",-10.728998,-51.599439,2026-03-10,-29,30.3,83.1666666666667,0.1,0,0.0953101798043249
2026-02-10,24.325,27.5,22.9,92.1666666666667,15.4,22.9625,-51.5,-10.75,"T031","T031",-10.728998,-51.599439,2026-03-10,-28,27.5,92.1666666666667,15.4,1,2.79728133483015
2026-02-11,26.2125,31.1,23,84.7083333333333,4.1,23.2625,-51.5,-10.75,"T031","T031",-10.728998,-51.599439,2026-03-10,-27,31.1,84.7083333333333,4.1,1,1.62924053973028
2026-02-12,24.8875,28.7,22.2,89.3333333333333,36.2,22.9333333333333,-51.5,-10.75,"T031","T031",-10.728998,-51.599439,2026-03-10,-26,28.7,89.3333333333333,36.2,1,3.6163087612791
2026-02-13,25.3875,30.4,22,85.6666666666667,1,22.65,-51.5,-10.75,"T031","T031",-10.728998,-51.599439,2026-03-10,-25,30.4,85.6666666666667,1,1,0.693147180559945
2026-02-14,24.1958333333333,28.9,21.6,89.2083333333333,15.9,22.1916666666667,-51.5,-10.75,"T031","T031",-10.728998,-51.599439,2026-03-10,-24,28.9,89.2083333333333,15.9,1,2.82731362192903
2026-02-15,25.3583333333333,31.1,22.1,85.625,12.6,22.5833333333333,-51.5,-10.75,"T031","T031",-10.728998,-51.599439,2026-03-10,-23,31.1,85.625,12.6,1,2.61006979274201
2026-02-16,24.9666666666667,30.6,21.9,87.7083333333333,7,22.6583333333333,-51.5,-10.75,"T031","T031",-10.728998,-51.599439,2026-03-10,-22,30.6,87.7083333333333,7,1,2.07944154167984
2026-02-17,25.6125,30.2,22.5,84.5833333333333,1,22.6166666666667,-51.5,-10.75,"T031","T031",-10.728998,-51.599439,2026-03-10,-21,30.2,84.5833333333333,1,1,0.693147180559945
2026-02-18,26.45,32.3,21.5,77.7916666666667,0.1,21.8458333333333,-51.5,-10.75,"T031","T031",-10.728998,-51.599439,2026-03-10,-20,32.3,77.7916666666667,0.1,0,0.0953101798043249
2026-02-19,26.1875,31.4,23.3,82.125,6.7,22.7,-51.5,-10.75,"T031","T031",-10.728998,-51.599439,2026-03-10,-19,31.4,82.125,6.7,1,2.04122032885964
2026-02-20,25.8583333333333,29.9,23.4,86.875,5,23.4666666666667,-51.5,-10.75,"T031","T031",-10.728998,-51.599439,2026-03-10,-18,29.9,86.875,5,1,1.79175946922805
2026-02-21,26.55,32.4,22.5,81.0833333333333,5.9,22.7125,-51.5,-10.75,"T031","T031",-10.728998,-51.599439,2026-03-10,-17,32.4,81.0833333333333,5.9,1,1.93152141160321
2026-02-22,24.7333333333333,29,23.1,87.0416666666667,10.8,22.3333333333333,-51.5,-10.75,"T031","T031",-10.728998,-51.599439,2026-03-10,-16,29,87.0416666666667,10.8,1,2.46809953147162
2026-02-23,25.1291666666667,30.2,22.3,86.9166666666667,0.9,22.6541666666667,-51.5,-10.75,"T031","T031",-10.728998,-51.599439,2026-03-10,-15,30.2,86.9166666666667,0.9,0,0.641853886172395
2026-02-24,25.8625,29.3,22.8,84.1666666666667,2.6,22.8333333333333,-51.5,-10.75,"T031","T031",-10.728998,-51.599439,2026-03-10,-14,29.3,84.1666666666667,2.6,1,1.28093384546206
2026-02-25,25.4708333333333,30.2,22.8,87.125,4.3,23.0416666666667,-51.5,-10.75,"T031","T031",-10.728998,-51.599439,2026-03-10,-13,30.2,87.125,4.3,1,1.66770682055808
2026-02-26,25.5166666666667,28.8,23.2,87.5,2.7,23.1958333333333,-51.5,-10.75,"T031","T031",-10.728998,-51.599439,2026-03-10,-12,28.8,87.5,2.7,1,1.30833281965018
2026-02-27,25.2208333333333,28,23.9,87.9166666666667,12.4,23.0416666666667,-51.5,-10.75,"T031","T031",-10.728998,-51.599439,2026-03-10,-11,28,87.9166666666667,12.4,1,2.59525470695687
2026-02-28,24.0708333333333,27.1,22.8,93.1666666666667,15.5,22.8833333333333,-51.5,-10.75,"T031","T031",-10.728998,-51.599439,2026-03-10,-10,27.1,93.1666666666667,15.5,1,2.80336038090653
2026-03-01,23.9416666666667,27.2,22.4,90.7083333333333,7.7,22.2583333333333,-51.5,-10.75,"T031","T031",-10.728998,-51.599439,2026-03-10,-9,27.2,90.7083333333333,7.7,1,2.16332302566054
2026-03-02,25.5291666666667,30.3,22.1,86.4583333333333,2.6,22.9541666666667,-51.5,-10.75,"T031","T031",-10.728998,-51.599439,2026-03-10,-8,30.3,86.4583333333333,2.6,1,1.28093384546206
2026-03-03,26.1333333333333,30,24.2,86.75,8.9,23.65,-51.5,-10.75,"T031","T031",-10.728998,-51.599439,2026-03-10,-7,30,86.75,8.9,1,2.29253475714054
2026-03-04,25.0458333333333,28.6,23.1,88.9166666666667,6.8,23.0166666666667,-51.5,-10.75,"T031","T031",-10.728998,-51.599439,2026-03-10,-6,28.6,88.9166666666667,6.8,1,2.05412373369555
2026-03-05,25.9416666666667,31.5,22.3,86.25,5.1,23.2541666666667,-51.5,-10.75,"T031","T031",-10.728998,-51.599439,2026-03-10,-5,31.5,86.25,5.1,1,1.80828877117927
2026-03-06,24.3416666666667,26.4,22.8,93.625,32.3,23.2291666666667,-51.5,-10.75,"T031","T031",-10.728998,-51.599439,2026-03-10,-4,26.4,93.625,32.3,1,3.5055573969864
2026-03-07,25.775,30.7,22.4,85.4583333333333,3.1,22.9458333333333,-51.5,-10.75,"T031","T031",-10.728998,-51.599439,2026-03-10,-3,30.7,85.4583333333333,3.1,1,1.41098697371026
2026-03-08,26.0833333333333,32.1,23.5,84.25,1.4,23,-51.5,-10.75,"T031","T031",-10.728998,-51.599439,2026-03-10,-2,32.1,84.25,1.4,1,0.8754687373539
2026-03-09,26.2208333333333,31,22.7,85.125,3.1,23.3166666666667,-51.5,-10.75,"T031","T031",-10.728998,-51.599439,2026-03-10,-1,31,85.125,3.1,1,1.41098697371026
2025-12-01,25.8166666666667,30.8,21.4,79.1666666666667,1.5,21.6666666666667,-56,-13,"T032","T032",-13.00025,-55.9725,2026-02-19,-80,30.8,79.1666666666667,1.5,1,0.916290731874155
2025-12-02,26.3333333333333,31.4,22.2,77.8333333333333,7.7,21.8958333333333,-56,-13,"T032","T032",-13.00025,-55.9725,2026-02-19,-79,31.4,77.8333333333333,7.7,1,2.16332302566054
2025-12-03,24.15,26.6,22.7,87.0833333333333,22.2,21.8041666666667,-56,-13,"T032","T032",-13.00025,-55.9725,2026-02-19,-78,26.6,87.0833333333333,22.2,1,3.14415227867226
2025-12-04,25.3458333333333,30.5,22.4,81.8333333333333,3.4,21.7708333333333,-56,-13,"T032","T032",-13.00025,-55.9725,2026-02-19,-77,30.5,81.8333333333333,3.4,1,1.48160454092422
2025-12-05,23.7958333333333,26,22.2,89.875,21.8,22.0125,-56,-13,"T032","T032",-13.00025,-55.9725,2026-02-19,-76,26,89.875,21.8,1,3.1267605359604
2025-12-06,23.6416666666667,25.7,22,91.4166666666667,25.8,22.1416666666667,-56,-13,"T032","T032",-13.00025,-55.9725,2026-02-19,-75,25.7,91.4166666666667,25.8,1,3.28840188751681
2025-12-07,24.0541666666667,27.3,22.2,88.6666666666667,12.6,21.9958333333333,-56,-13,"T032","T032",-13.00025,-55.9725,2026-02-19,-74,27.3,88.6666666666667,12.6,1,2.61006979274201
2025-12-08,23.7791666666667,28.6,21.2,89.5,15.8,21.8875,-56,-13,"T032","T032",-13.00025,-55.9725,2026-02-19,-73,28.6,89.5,15.8,1,2.82137888640921
2025-12-09,24.1833333333333,27.8,22.4,87.8333333333333,6,21.9666666666667,-56,-13,"T032","T032",-13.00025,-55.9725,2026-02-19,-72,27.8,87.8333333333333,6,1,1.94591014905531
2025-12-10,25.1125,28.7,21.8,83.875,3.3,22.0125,-56,-13,"T032","T032",-13.00025,-55.9725,2026-02-19,-71,28.7,83.875,3.3,1,1.45861502269952
2025-12-11,26.1708333333333,30.3,21.9,79.6666666666667,1.9,22.1166666666667,-56,-13,"T032","T032",-13.00025,-55.9725,2026-02-19,-70,30.3,79.6666666666667,1.9,1,1.06471073699243
2025-12-12,25.8625,30.8,22.5,82.3333333333333,4.4,22.4625,-56,-13,"T032","T032",-13.00025,-55.9725,2026-02-19,-69,30.8,82.3333333333333,4.4,1,1.68639895357023
2025-12-13,25.5083333333333,28.5,22.8,85.2083333333333,9.1,22.7541666666667,-56,-13,"T032","T032",-13.00025,-55.9725,2026-02-19,-68,28.5,85.2083333333333,9.1,1,2.31253542384721
2025-12-14,26.1791666666667,31.4,22.4,82.0416666666667,3,22.6791666666667,-56,-13,"T032","T032",-13.00025,-55.9725,2026-02-19,-67,31.4,82.0416666666667,3,1,1.38629436111989
2025-12-15,26.1708333333333,30.2,23.3,82.75,9.5,22.9041666666667,-56,-13,"T032","T032",-13.00025,-55.9725,2026-02-19,-66,30.2,82.75,9.5,1,2.35137525716348
2025-12-16,25.6583333333333,30.5,22.6,85.375,30.5,22.8958333333333,-56,-13,"T032","T032",-13.00025,-55.9725,2026-02-19,-65,30.5,85.375,30.5,1,3.44998754583159
2025-12-17,25.35,30.1,21.9,84.25,9.2,22.375,-56,-13,"T032","T032",-13.00025,-55.9725,2026-02-19,-64,30.1,84.25,9.2,1,2.32238772029023
2025-12-18,24.4583333333333,26.9,22.8,90.5416666666667,10,22.7833333333333,-56,-13,"T032","T032",-13.00025,-55.9725,2026-02-19,-63,26.9,90.5416666666667,10,1,2.39789527279837
2025-12-19,24.6416666666667,27.2,22.9,86.6666666666667,14,22.2041666666667,-56,-13,"T032","T032",-13.00025,-55.9725,2026-02-19,-62,27.2,86.6666666666667,14,1,2.70805020110221
2025-12-20,24.1333333333333,26,22.5,89.8333333333333,19.8,22.3166666666667,-56,-13,"T032","T032",-13.00025,-55.9725,2026-02-19,-61,26,89.8333333333333,19.8,1,3.03495298670727
2025-12-21,24.875,28.4,23.1,87.3333333333333,14.4,22.5541666666667,-56,-13,"T032","T032",-13.00025,-55.9725,2026-02-19,-60,28.4,87.3333333333333,14.4,1,2.73436750941958
2025-12-22,23.4,25.6,22.5,92.5416666666667,15.9,22.125,-56,-13,"T032","T032",-13.00025,-55.9725,2026-02-19,-59,25.6,92.5416666666667,15.9,1,2.82731362192903
2025-12-23,24.2708333333333,28.3,22.2,86.6666666666667,14.1,21.8041666666667,-56,-13,"T032","T032",-13.00025,-55.9725,2026-02-19,-58,28.3,86.6666666666667,14.1,1,2.71469474382088
2025-12-24,25.4166666666667,30.4,21.3,78.5833333333333,1.9,21.0666666666667,-56,-13,"T032","T032",-13.00025,-55.9725,2026-02-19,-57,30.4,78.5833333333333,1.9,1,1.06471073699243
2025-12-25,24.2958333333333,29.2,21.1,83.6666666666667,9.9,21.2041666666667,-56,-13,"T032","T032",-13.00025,-55.9725,2026-02-19,-56,29.2,83.6666666666667,9.9,1,2.3887627892351
2025-12-26,24.2583333333333,28,20.7,83.125,1.8,21.0708333333333,-56,-13,"T032","T032",-13.00025,-55.9725,2026-02-19,-55,28,83.125,1.8,1,1.02961941718116
2025-12-27,25.8375,30.7,21.4,79.0416666666667,2.8,21.6833333333333,-56,-13,"T032","T032",-13.00025,-55.9725,2026-02-19,-54,30.7,79.0416666666667,2.8,1,1.33500106673234
2025-12-28,25.8666666666667,31.6,21.9,79.4583333333333,3.5,21.7666666666667,-56,-13,"T032","T032",-13.00025,-55.9725,2026-02-19,-53,31.6,79.4583333333333,3.5,1,1.50407739677627
2025-12-29,26.125,31.9,22.2,79.4583333333333,2.8,22.1125,-56,-13,"T032","T032",-13.00025,-55.9725,2026-02-19,-52,31.9,79.4583333333333,2.8,1,1.33500106673234
2025-12-30,24.1875,29,21.7,81.2916666666667,7.9,20.5791666666667,-56,-13,"T032","T032",-13.00025,-55.9725,2026-02-19,-51,29,81.2916666666667,7.9,1,2.18605127673809
2025-12-31,26.2875,31.5,20.8,74.4583333333333,0,21.0208333333333,-56,-13,"T032","T032",-13.00025,-55.9725,2026-02-19,-50,31.5,74.4583333333333,0,0,0
2026-01-01,27.2666666666667,32.4,22.9,74.3333333333333,0,22.0458333333333,-56,-13,"T032","T032",-13.00025,-55.9725,2026-02-19,-49,32.4,74.3333333333333,0,0,0
2026-01-02,25.8958333333333,30.2,23.7,82.375,4.6,22.5166666666667,-56,-13,"T032","T032",-13.00025,-55.9725,2026-02-19,-48,30.2,82.375,4.6,1,1.7227665977411
2026-01-03,25.8083333333333,30.2,22.2,83.25,14.7,22.5708333333333,-56,-13,"T032","T032",-13.00025,-55.9725,2026-02-19,-47,30.2,83.25,14.7,1,2.75366071235426
2026-01-04,24.4791666666667,27.4,22.6,89.3333333333333,19.2,22.55,-56,-13,"T032","T032",-13.00025,-55.9725,2026-02-19,-46,27.4,89.3333333333333,19.2,1,3.00568260440716
2026-01-05,24.4708333333333,29.1,22.2,86,8.7,21.8375,-56,-13,"T032","T032",-13.00025,-55.9725,2026-02-19,-45,29.1,86,8.7,1,2.27212588550934
2026-01-06,24.4458333333333,28.8,21.4,87.0416666666667,8.2,22.0666666666667,-56,-13,"T032","T032",-13.00025,-55.9725,2026-02-19,-44,28.8,87.0416666666667,8.2,1,2.21920348405499
2026-01-07,24.15,28.3,21.8,87.5,11.1,21.85,-56,-13,"T032","T032",-13.00025,-55.9725,2026-02-19,-43,28.3,87.5,11.1,1,2.4932054526027
2026-01-08,24.975,29.1,21.8,81.7083333333333,5.3,21.4291666666667,-56,-13,"T032","T032",-13.00025,-55.9725,2026-02-19,-42,29.1,81.7083333333333,5.3,1,1.84054963339749
2026-01-09,26.0833333333333,31.9,21,76.5416666666667,0.5,21.2666666666667,-56,-13,"T032","T032",-13.00025,-55.9725,2026-02-19,-41,31.9,76.5416666666667,0.5,0,0.405465108108164
2026-01-10,27.1125,32.9,21.5,72.5,0.8,21.375,-56,-13,"T032","T032",-13.00025,-55.9725,2026-02-19,-40,32.9,72.5,0.8,0,0.587786664902119
2026-01-11,25.1458333333333,31.1,21.7,82.9166666666667,8.9,21.8875,-56,-13,"T032","T032",-13.00025,-55.9725,2026-02-19,-39,31.1,82.9166666666667,8.9,1,2.29253475714054
2026-01-12,24.7458333333333,29.8,21.7,81.125,0.3,21.0666666666667,-56,-13,"T032","T032",-13.00025,-55.9725,2026-02-19,-38,29.8,81.125,0.3,0,0.262364264467491
2026-01-13,25.0833333333333,30.7,21.7,79.7083333333333,1,21.1291666666667,-56,-13,"T032","T032",-13.00025,-55.9725,2026-02-19,-37,30.7,79.7083333333333,1,1,0.693147180559945
2026-01-14,24.8208333333333,29,21.3,81.5416666666667,6.9,21.3,-56,-13,"T032","T032",-13.00025,-55.9725,2026-02-19,-36,29,81.5416666666667,6.9,1,2.06686275947298
2026-01-15,25.7875,31.8,21,79.125,2.9,21.6208333333333,-56,-13,"T032","T032",-13.00025,-55.9725,2026-02-19,-35,31.8,79.125,2.9,1,1.3609765531356
2026-01-16,26.2625,32.2,22.3,77.125,0.7,21.5875,-56,-13,"T032","T032",-13.00025,-55.9725,2026-02-19,-34,32.2,77.125,0.7,0,0.53062825106217
2026-01-17,25.775,31,21.6,77.4583333333333,0.9,21.4,-56,-13,"T032","T032",-13.00025,-55.9725,2026-02-19,-33,31,77.4583333333333,0.9,0,0.641853886172395
2026-01-18,26.3333333333333,32.1,22.7,79.7083333333333,1.4,22.2291666666667,-56,-13,"T032","T032",-13.00025,-55.9725,2026-02-19,-32,32.1,79.7083333333333,1.4,1,0.8754687373539
2026-01-19,26.2541666666667,31.6,22.7,80.5833333333333,7.1,22.4,-56,-13,"T032","T032",-13.00025,-55.9725,2026-02-19,-31,31.6,80.5833333333333,7.1,1,2.09186406167839
2026-01-20,25.0666666666667,30.3,22.4,85.5,9.3,22.3541666666667,-56,-13,"T032","T032",-13.00025,-55.9725,2026-02-19,-30,30.3,85.5,9.3,1,2.33214389523559
2026-01-21,23.575,26,21.7,90.5833333333333,25.9,21.8833333333333,-56,-13,"T032","T032",-13.00025,-55.9725,2026-02-19,-29,26,90.5833333333333,25.9,1,3.29212628660779
2026-01-22,24.6708333333333,29.1,22.2,86.125,3.1,22.075,-56,-13,"T032","T032",-13.00025,-55.9725,2026-02-19,-28,29.1,86.125,3.1,1,1.41098697371026
2026-01-23,25.3166666666667,29.9,21.6,83,1.4,22.0375,-56,-13,"T032","T032",-13.00025,-55.9725,2026-02-19,-27,29.9,83,1.4,1,0.8754687373539
2026-01-24,25.2875,29.9,22.5,82.1666666666667,2,21.8791666666667,-56,-13,"T032","T032",-13.00025,-55.9725,2026-02-19,-26,29.9,82.1666666666667,2,1,1.09861228866811
2026-01-25,24.2,28,22.2,88.7916666666667,7.2,22.1458333333333,-56,-13,"T032","T032",-13.00025,-55.9725,2026-02-19,-25,28,88.7916666666667,7.2,1,2.10413415427021
2026-01-26,25.7916666666667,30.6,21.7,82.9166666666667,1.6,22.4708333333333,-56,-13,"T032","T032",-13.00025,-55.9725,2026-02-19,-24,30.6,82.9166666666667,1.6,1,0.955511445027436
2026-01-27,26.1041666666667,30.1,23,79.8333333333333,1.2,22.1708333333333,-56,-13,"T032","T032",-13.00025,-55.9725,2026-02-19,-23,30.1,79.8333333333333,1.2,1,0.78845736036427
2026-01-28,24.3041666666667,27.9,21.1,85.4583333333333,17.1,21.6375,-56,-13,"T032","T032",-13.00025,-55.9725,2026-02-19,-22,27.9,85.4583333333333,17.1,1,2.89591193827178
2026-01-29,26.8,31.7,21.5,74.0833333333333,0,21.4125,-56,-13,"T032","T032",-13.00025,-55.9725,2026-02-19,-21,31.7,74.0833333333333,0,0,0
2026-01-30,26.6916666666667,32,22.9,77.2916666666667,0.7,22.1916666666667,-56,-13,"T032","T032",-13.00025,-55.9725,2026-02-19,-20,32,77.2916666666667,0.7,0,0.53062825106217
2026-01-31,26.5625,31.6,23.2,79.8333333333333,0.8,22.575,-56,-13,"T032","T032",-13.00025,-55.9725,2026-02-19,-19,31.6,79.8333333333333,0.8,0,0.587786664902119
2026-02-01,25.9541666666667,31.4,22.6,83.25,7.7,22.7083333333333,-56,-13,"T032","T032",-13.00025,-55.9725,2026-02-19,-18,31.4,83.25,7.7,1,2.16332302566054
2026-02-02,24.7416666666667,29.6,22.9,86.375,7.3,22.1916666666667,-56,-13,"T032","T032",-13.00025,-55.9725,2026-02-19,-17,29.6,86.375,7.3,1,2.11625551480255
2026-02-03,24.7291666666667,28,22.5,83.9166666666667,1.3,21.7125,-56,-13,"T032","T032",-13.00025,-55.9725,2026-02-19,-16,28,83.9166666666667,1.3,1,0.832909122935104
2026-02-04,25.0791666666667,30.2,21.9,76.4166666666667,0,20.4458333333333,-56,-13,"T032","T032",-13.00025,-55.9725,2026-02-19,-15,30.2,76.4166666666667,0,0,0
2026-02-05,25.9916666666667,31.6,21.5,74.9166666666667,0.5,20.9458333333333,-56,-13,"T032","T032",-13.00025,-55.9725,2026-02-19,-14,31.6,74.9166666666667,0.5,0,0.405465108108164
2026-02-06,26.15,30.1,23.1,77.4166666666667,12.9,21.7083333333333,-56,-13,"T032","T032",-13.00025,-55.9725,2026-02-19,-13,30.1,77.4166666666667,12.9,1,2.63188884013665
2026-02-07,24.5166666666667,29.4,22,83.875,5.6,21.4416666666667,-56,-13,"T032","T032",-13.00025,-55.9725,2026-02-19,-12,29.4,83.875,5.6,1,1.88706964903238
2026-02-08,24.1041666666667,28.5,22.5,88.375,14.6,21.9916666666667,-56,-13,"T032","T032",-13.00025,-55.9725,2026-02-19,-11,28.5,88.375,14.6,1,2.74727091425549
2026-02-09,22.8916666666667,25.4,21.7,93.4166666666667,25,21.7541666666667,-56,-13,"T032","T032",-13.00025,-55.9725,2026-02-19,-10,25.4,93.4166666666667,25,1,3.25809653802148
2026-02-10,23.25,26.4,21.5,90.7916666666667,15.7,21.6208333333333,-56,-13,"T032","T032",-13.00025,-55.9725,2026-02-19,-9,26.4,90.7916666666667,15.7,1,2.81540871942271
2026-02-11,24.1125,28.4,21.3,87.875,10.7,21.8833333333333,-56,-13,"T032","T032",-13.00025,-55.9725,2026-02-19,-8,28.4,87.875,10.7,1,2.45958884180371
2026-02-12,23.875,27.2,22.3,91.125,12.2,22.3041666666667,-56,-13,"T032","T032",-13.00025,-55.9725,2026-02-19,-7,27.2,91.125,12.2,1,2.58021682959233
2026-02-13,24.2666666666667,27.3,21.7,85.875,14.7,21.6291666666667,-56,-13,"T032","T032",-13.00025,-55.9725,2026-02-19,-6,27.3,85.875,14.7,1,2.75366071235426
2026-02-14,25.8041666666667,30.7,21.3,77.7916666666667,0.3,21.3708333333333,-56,-13,"T032","T032",-13.00025,-55.9725,2026-02-19,-5,30.7,77.7916666666667,0.3,0,0.262364264467491
2026-02-15,26.5958333333333,31.2,21.5,73.1666666666667,0.3,21.1291666666667,-56,-13,"T032","T032",-13.00025,-55.9725,2026-02-19,-4,31.2,73.1666666666667,0.3,0,0.262364264467491
2026-02-16,25.4708333333333,30.4,21.5,78.75,6,21.3,-56,-13,"T032","T032",-13.00025,-55.9725,2026-02-19,-3,30.4,78.75,6,1,1.94591014905531
2026-02-17,26.85,32.3,21.5,73.25,0.4,21.2166666666667,-56,-13,"T032","T032",-13.00025,-55.9725,2026-02-19,-2,32.3,73.25,0.4,0,0.336472236621213
2026-02-18,27.0458333333333,31.8,22.3,69.5,0,20.5666666666667,-56,-13,"T032","T032",-13.00025,-55.9725,2026-02-19,-1,31.8,69.5,0,0,0
2025-12-11,25.4291666666667,30.3,21.8,80.5,1,21.6375,-58.75,-13.25,"T033","T033",-13.301536,-58.762556,2026-03-01,-80,30.3,80.5,1,1,0.693147180559945
2025-12-12,23.9375,28.5,21.7,85.2916666666667,7.1,21.2333333333333,-58.75,-13.25,"T033","T033",-13.301536,-58.762556,2026-03-01,-79,28.5,85.2916666666667,7.1,1,2.09186406167839
2025-12-13,24.4041666666667,30.2,21.6,83.7083333333333,16.7,21.2666666666667,-58.75,-13.25,"T033","T033",-13.301536,-58.762556,2026-03-01,-78,30.2,83.7083333333333,16.7,1,2.87356463957978
2025-12-14,24.3541666666667,29.3,20.9,86.2083333333333,15.4,21.7333333333333,-58.75,-13.25,"T033","T033",-13.301536,-58.762556,2026-03-01,-77,29.3,86.2083333333333,15.4,1,2.79728133483015
2025-12-15,24.8833333333333,30.1,22.2,85.5416666666667,12.3,22.1208333333333,-58.75,-13.25,"T033","T033",-13.301536,-58.762556,2026-03-01,-76,30.1,85.5416666666667,12.3,1,2.58776403522771
2025-12-16,24.0166666666667,28.7,21.7,86.6666666666667,17.6,21.5375,-58.75,-13.25,"T033","T033",-13.301536,-58.762556,2026-03-01,-75,28.7,86.6666666666667,17.6,1,2.92316158071916
2025-12-17,23.3416666666667,26.2,21.2,88.6666666666667,28.7,21.3041666666667,-58.75,-13.25,"T033","T033",-13.301536,-58.762556,2026-03-01,-74,26.2,88.6666666666667,28.7,1,3.39114704580865
2025-12-18,23.8916666666667,28.8,21.4,87.9583333333333,3.7,21.6625,-58.75,-13.25,"T033","T033",-13.301536,-58.762556,2026-03-01,-73,28.8,87.9583333333333,3.7,1,1.54756250871601
2025-12-19,23.3166666666667,28.4,21.3,89.875,16.1,21.4666666666667,-58.75,-13.25,"T033","T033",-13.301536,-58.762556,2026-03-01,-72,28.4,89.875,16.1,1,2.83907846350861
2025-12-20,23.8208333333333,28.9,21.7,86.1666666666667,6.5,21.1833333333333,-58.75,-13.25,"T033","T033",-13.301536,-58.762556,2026-03-01,-71,28.9,86.1666666666667,6.5,1,2.01490302054226
2025-12-21,23.3458333333333,26.4,21.8,91.4583333333333,30.1,21.8166666666667,-58.75,-13.25,"T033","T033",-13.301536,-58.762556,2026-03-01,-70,26.4,91.4583333333333,30.1,1,3.43720781918519
2025-12-22,23.4416666666667,26.3,21.8,90.2916666666667,6.1,21.7,-58.75,-13.25,"T033","T033",-13.301536,-58.762556,2026-03-01,-69,26.3,90.2916666666667,6.1,1,1.96009478404727
2025-12-23,22.6208333333333,24.4,21.6,92,37,21.2416666666667,-58.75,-13.25,"T033","T033",-13.301536,-58.762556,2026-03-01,-68,24.4,92,37,1,3.63758615972639
2025-12-24,21.7166666666667,22.8,20.5,95.8333333333333,72.6,21.0166666666667,-58.75,-13.25,"T033","T033",-13.301536,-58.762556,2026-03-01,-67,22.8,95.8333333333333,72.6,1,4.29864502573483
2025-12-25,22.7583333333333,27.2,19.7,88.5833333333333,16.4,20.65,-58.75,-13.25,"T033","T033",-13.301536,-58.762556,2026-03-01,-66,27.2,88.5833333333333,16.4,1,2.85647020622048
2025-12-26,22.3833333333333,26.5,19.9,87.2916666666667,10.7,20.0708333333333,-58.75,-13.25,"T033","T033",-13.301536,-58.762556,2026-03-01,-65,26.5,87.2916666666667,10.7,1,2.45958884180371
2025-12-27,24.1916666666667,29.2,19.1,82.5833333333333,2,20.8,-58.75,-13.25,"T033","T033",-13.301536,-58.762556,2026-03-01,-64,29.2,82.5833333333333,2,1,1.09861228866811
2025-12-28,24.8125,30.5,20.5,81.75,13.8,21.2875,-58.75,-13.25,"T033","T033",-13.301536,-58.762556,2026-03-01,-63,30.5,81.75,13.8,1,2.69462718077007
2025-12-29,24.0416666666667,29.3,20.4,83.3333333333333,3.9,20.8875,-58.75,-13.25,"T033","T033",-13.301536,-58.762556,2026-03-01,-62,29.3,83.3333333333333,3.9,1,1.58923520511658
2025-12-30,24.0083333333333,29.4,21.6,83.125,3,20.8583333333333,-58.75,-13.25,"T033","T033",-13.301536,-58.762556,2026-03-01,-61,29.4,83.125,3,1,1.38629436111989
2025-12-31,25.1875,28.9,21.4,79.0833333333333,0.1,21.1083333333333,-58.75,-13.25,"T033","T033",-13.301536,-58.762556,2026-03-01,-60,28.9,79.0833333333333,0.1,0,0.0953101798043249
2026-01-01,25.4916666666667,30.7,20.9,78.7083333333333,2.7,21.2708333333333,-58.75,-13.25,"T033","T033",-13.301536,-58.762556,2026-03-01,-59,30.7,78.7083333333333,2.7,1,1.30833281965018
2026-01-02,23.8833333333333,28.5,21.2,82.3333333333333,13.9,20.4625,-58.75,-13.25,"T033","T033",-13.301536,-58.762556,2026-03-01,-58,28.5,82.3333333333333,13.9,1,2.70136121295141
2026-01-03,24.0458333333333,29.8,21,86.375,18.1,21.5291666666667,-58.75,-13.25,"T033","T033",-13.301536,-58.762556,2026-03-01,-57,29.8,86.375,18.1,1,2.94968833505258
2026-01-04,23.55,27.4,21.7,89.0833333333333,23.7,21.525,-58.75,-13.25,"T033","T033",-13.301536,-58.762556,2026-03-01,-56,27.4,89.0833333333333,23.7,1,3.20680324363393
2026-01-05,23.8833333333333,28.9,21.5,86.9166666666667,6.5,21.4041666666667,-58.75,-13.25,"T033","T033",-13.301536,-58.762556,2026-03-01,-55,28.9,86.9166666666667,6.5,1,2.01490302054226
2026-01-06,23.925,29.3,21.1,86.25,3,21.3458333333333,-58.75,-13.25,"T033","T033",-13.301536,-58.762556,2026-03-01,-54,29.3,86.25,3,1,1.38629436111989
2026-01-07,23.0875,26.2,20.7,87.2083333333333,16,20.7375,-58.75,-13.25,"T033","T033",-13.301536,-58.762556,2026-03-01,-53,26.2,87.2083333333333,16,1,2.83321334405622
2026-01-08,23.5416666666667,28.3,20.3,88.0833333333333,13.1,21.3458333333333,-58.75,-13.25,"T033","T033",-13.301536,-58.762556,2026-03-01,-52,28.3,88.0833333333333,13.1,1,2.64617479738412
2026-01-09,24.175,28.6,20.5,81.2083333333333,3.9,20.6041666666667,-58.75,-13.25,"T033","T033",-13.301536,-58.762556,2026-03-01,-51,28.6,81.2083333333333,3.9,1,1.58923520511658
2026-01-10,25.4833333333333,29.8,21.4,75.0416666666667,4.7,20.4583333333333,-58.75,-13.25,"T033","T033",-13.301536,-58.762556,2026-03-01,-50,29.8,75.0416666666667,4.7,1,1.7404661748405
2026-01-11,23.7916666666667,29.5,20.7,84.2916666666667,13.7,20.8458333333333,-58.75,-13.25,"T033","T033",-13.301536,-58.762556,2026-03-01,-49,29.5,84.2916666666667,13.7,1,2.68784749378469
2026-01-12,23.5916666666667,28.2,20,83.25,9.9,20.4208333333333,-58.75,-13.25,"T033","T033",-13.301536,-58.762556,2026-03-01,-48,28.2,83.25,9.9,1,2.3887627892351
2026-01-13,22.9541666666667,27,20.3,87.25,17.4,20.6,-58.75,-13.25,"T033","T033",-13.301536,-58.762556,2026-03-01,-47,27,87.25,17.4,1,2.91235066461494
2026-01-14,23.6541666666667,28.2,20.4,82.75,3.9,20.3541666666667,-58.75,-13.25,"T033","T033",-13.301536,-58.762556,2026-03-01,-46,28.2,82.75,3.9,1,1.58923520511658
2026-01-15,25.0166666666667,31,19,77.5833333333333,8.8,20.5333333333333,-58.75,-13.25,"T033","T033",-13.301536,-58.762556,2026-03-01,-45,31,77.5833333333333,8.8,1,2.28238238567653
2026-01-16,24.1583333333333,29.2,20.7,83.625,2.5,20.9708333333333,-58.75,-13.25,"T033","T033",-13.301536,-58.762556,2026-03-01,-44,29.2,83.625,2.5,1,1.25276296849537
2026-01-17,24.25,29.9,20.2,81.125,9,20.4875,-58.75,-13.25,"T033","T033",-13.301536,-58.762556,2026-03-01,-43,29.9,81.125,9,1,2.30258509299405
2026-01-18,24.4458333333333,29.9,20,83.4583333333333,6.4,21.275,-58.75,-13.25,"T033","T033",-13.301536,-58.762556,2026-03-01,-42,29.9,83.4583333333333,6.4,1,2.00148000021012
2026-01-19,24.7625,29.9,21.3,83.75,14.5,21.65,-58.75,-13.25,"T033","T033",-13.301536,-58.762556,2026-03-01,-41,29.9,83.75,14.5,1,2.7408400239252
2026-01-20,24.2375,29.3,21.1,85.375,14.5,21.4333333333333,-58.75,-13.25,"T033","T033",-13.301536,-58.762556,2026-03-01,-40,29.3,85.375,14.5,1,2.7408400239252
2026-01-21,23.7875,27.5,21.7,88.375,11.6,21.7125,-58.75,-13.25,"T033","T033",-13.301536,-58.762556,2026-03-01,-39,27.5,88.375,11.6,1,2.53369681395743
2026-01-22,24.675,29.5,20.9,83.9583333333333,1.6,21.5666666666667,-58.75,-13.25,"T033","T033",-13.301536,-58.762556,2026-03-01,-38,29.5,83.9583333333333,1.6,1,0.955511445027436
2026-01-23,24.9,29.6,21.3,84.375,0.7,21.9583333333333,-58.75,-13.25,"T033","T033",-13.301536,-58.762556,2026-03-01,-37,29.6,84.375,0.7,0,0.53062825106217
2026-01-24,24.5416666666667,29.2,22,86.5,8.1,22.0333333333333,-58.75,-13.25,"T033","T033",-13.301536,-58.762556,2026-03-01,-36,29.2,86.5,8.1,1,2.2082744135228
2026-01-25,22.6083333333333,25,21.4,92.4583333333333,19.3,21.3125,-58.75,-13.25,"T033","T033",-13.301536,-58.762556,2026-03-01,-35,25,92.4583333333333,19.3,1,3.01062088604774
2026-01-26,24.4041666666667,29.9,21.2,84.7083333333333,2.8,21.5333333333333,-58.75,-13.25,"T033","T033",-13.301536,-58.762556,2026-03-01,-34,29.9,84.7083333333333,2.8,1,1.33500106673234
2026-01-27,24.4916666666667,28.6,21.4,83.6666666666667,12.4,21.3416666666667,-58.75,-13.25,"T033","T033",-13.301536,-58.762556,2026-03-01,-33,28.6,83.6666666666667,12.4,1,2.59525470695687
2026-01-28,23.8291666666667,29.2,20.2,81.0833333333333,6.3,20.0958333333333,-58.75,-13.25,"T033","T033",-13.301536,-58.762556,2026-03-01,-32,29.2,81.0833333333333,6.3,1,1.98787434815435
2026-01-29,24.4791666666667,28.1,22,83.1666666666667,10.7,21.325,-58.75,-13.25,"T033","T033",-13.301536,-58.762556,2026-03-01,-31,28.1,83.1666666666667,10.7,1,2.45958884180371
2026-01-30,25.3166666666667,30,21.8,81.4166666666667,4.1,21.6666666666667,-58.75,-13.25,"T033","T033",-13.301536,-58.762556,2026-03-01,-30,30,81.4166666666667,4.1,1,1.62924053973028
2026-01-31,24.8166666666667,29.5,21.6,84.7916666666667,11.8,21.9,-58.75,-13.25,"T033","T033",-13.301536,-58.762556,2026-03-01,-29,29.5,84.7916666666667,11.8,1,2.54944517092557
2026-02-01,24.8333333333333,29.7,21.6,83.9583333333333,11.4,21.7166666666667,-58.75,-13.25,"T033","T033",-13.301536,-58.762556,2026-03-01,-28,29.7,83.9583333333333,11.4,1,2.51769647261099
2026-02-02,23.6666666666667,28.6,21.3,87.5833333333333,18.6,21.375,-58.75,-13.25,"T033","T033",-13.301536,-58.762556,2026-03-01,-27,28.6,87.5833333333333,18.6,1,2.97552956623647
2026-02-03,24.2541666666667,29,21.2,88.5,8.3,22.1541666666667,-58.75,-13.25,"T033","T033",-13.301536,-58.762556,2026-03-01,-26,29,88.5,8.3,1,2.23001440015921
2026-02-04,24.9541666666667,30.2,22.1,82.7083333333333,3,21.5291666666667,-58.75,-13.25,"T033","T033",-13.301536,-58.762556,2026-03-01,-25,30.2,82.7083333333333,3,1,1.38629436111989
2026-02-05,24.9375,29.2,22.2,84.875,10.3,22.1208333333333,-58.75,-13.25,"T033","T033",-13.301536,-58.762556,2026-03-01,-24,29.2,84.875,10.3,1,2.42480272571829
2026-02-06,24.3708333333333,29.9,21.3,85.5833333333333,27.6,21.6458333333333,-58.75,-13.25,"T033","T033",-13.301536,-58.762556,2026-03-01,-23,29.9,85.5833333333333,27.6,1,3.35340671782581
2026-02-07,23.6416666666667,27.9,20.8,85.6666666666667,8.5,20.9375,-58.75,-13.25,"T033","T033",-13.301536,-58.762556,2026-03-01,-22,27.9,85.6666666666667,8.5,1,2.2512917986065
2026-02-08,24.2958333333333,28.8,21.3,84.3333333333333,7.9,21.3166666666667,-58.75,-13.25,"T033","T033",-13.301536,-58.762556,2026-03-01,-21,28.8,84.3333333333333,7.9,1,2.18605127673809
2026-02-09,22.9458333333333,26.4,21.2,89.0416666666667,13.6,21.0208333333333,-58.75,-13.25,"T033","T033",-13.301536,-58.762556,2026-03-01,-20,26.4,89.0416666666667,13.6,1,2.68102152871429
2026-02-10,22.5791666666667,26.9,21.1,88.875,7.7,20.5916666666667,-58.75,-13.25,"T033","T033",-13.301536,-58.762556,2026-03-01,-19,26.9,88.875,7.7,1,2.16332302566054
2026-02-11,22.9791666666667,26.4,20.6,86.9166666666667,8.9,20.5583333333333,-58.75,-13.25,"T033","T033",-13.301536,-58.762556,2026-03-01,-18,26.4,86.9166666666667,8.9,1,2.29253475714054
2026-02-12,22.5833333333333,26.7,20.9,90.6666666666667,17.8,20.8875,-58.75,-13.25,"T033","T033",-13.301536,-58.762556,2026-03-01,-17,26.7,90.6666666666667,17.8,1,2.9338568698359
2026-02-13,23.1416666666667,27.2,20.5,87.5416666666667,10.4,20.8625,-58.75,-13.25,"T033","T033",-13.301536,-58.762556,2026-03-01,-16,27.2,87.5416666666667,10.4,1,2.43361335540045
2026-02-14,23.7166666666667,27.9,20.7,83.25,0.9,20.575,-58.75,-13.25,"T033","T033",-13.301536,-58.762556,2026-03-01,-15,27.9,83.25,0.9,0,0.641853886172395
2026-02-15,24.2916666666667,27.9,21.3,81.3333333333333,4.3,20.7583333333333,-58.75,-13.25,"T033","T033",-13.301536,-58.762556,2026-03-01,-14,27.9,81.3333333333333,4.3,1,1.66770682055808
2026-02-16,23.4833333333333,28.1,20.5,81.75,1.2,20.0125,-58.75,-13.25,"T033","T033",-13.301536,-58.762556,2026-03-01,-13,28.1,81.75,1.2,1,0.78845736036427
2026-02-17,24.7541666666667,30.5,19.5,78.6666666666667,0.7,20.4666666666667,-58.75,-13.25,"T033","T033",-13.301536,-58.762556,2026-03-01,-12,30.5,78.6666666666667,0.7,0,0.53062825106217
2026-02-18,25.275,29.9,20.6,78.0833333333333,1.4,20.9708333333333,-58.75,-13.25,"T033","T033",-13.301536,-58.762556,2026-03-01,-11,29.9,78.0833333333333,1.4,1,0.8754687373539
2026-02-19,24.9458333333333,29.6,20.9,79.5833333333333,1.8,21.0208333333333,-58.75,-13.25,"T033","T033",-13.301536,-58.762556,2026-03-01,-10,29.6,79.5833333333333,1.8,1,1.02961941718116
2026-02-20,24.3416666666667,28,20.6,81.4583333333333,2.3,20.7666666666667,-58.75,-13.25,"T033","T033",-13.301536,-58.762556,2026-03-01,-9,28,81.4583333333333,2.3,1,1.19392246847243
2026-02-21,24.3458333333333,28.9,21.5,83.8333333333333,23,21.2541666666667,-58.75,-13.25,"T033","T033",-13.301536,-58.762556,2026-03-01,-8,28.9,83.8333333333333,23,1,3.17805383034795
2026-02-22,23.55,28,21.2,88.5416666666667,27.8,21.4375,-58.75,-13.25,"T033","T033",-13.301536,-58.762556,2026-03-01,-7,28,88.5416666666667,27.8,1,3.3603753871419
2026-02-23,23.275,27.1,20.7,86.625,10.5,20.8333333333333,-58.75,-13.25,"T033","T033",-13.301536,-58.762556,2026-03-01,-6,27.1,86.625,10.5,1,2.4423470353692
2026-02-24,22.9875,27.5,20.7,89.2083333333333,8.6,21.0208333333333,-58.75,-13.25,"T033","T033",-13.301536,-58.762556,2026-03-01,-5,27.5,89.2083333333333,8.6,1,2.26176309847379
2026-02-25,23.6291666666667,29.3,20.8,85.2083333333333,11,20.8291666666667,-58.75,-13.25,"T033","T033",-13.301536,-58.762556,2026-03-01,-4,29.3,85.2083333333333,11,1,2.484906649788
2026-02-26,24.1791666666667,28.9,20.7,80.25,0.4,20.3708333333333,-58.75,-13.25,"T033","T033",-13.301536,-58.762556,2026-03-01,-3,28.9,80.25,0.4,0,0.336472236621213
2026-02-27,24.8166666666667,29.4,21.4,79.7083333333333,1.7,20.9166666666667,-58.75,-13.25,"T033","T033",-13.301536,-58.762556,2026-03-01,-2,29.4,79.7083333333333,1.7,1,0.993251773010283
2026-02-28,24.8625,29.1,21.9,84.4583333333333,10.1,21.9375,-58.75,-13.25,"T033","T033",-13.301536,-58.762556,2026-03-01,-1,29.1,84.4583333333333,10.1,1,2.40694510831829
2025-11-11,25.5666666666667,30,22.5,83.1666666666667,3.1,22.325,-55.5,-12,"T034","T034",-11.985028,-55.473028,2026-01-30,-80,30,83.1666666666667,3.1,1,1.41098697371026
2025-11-12,25.3791666666667,31.6,22.4,84.5833333333333,5,22.3333333333333,-55.5,-12,"T034","T034",-11.985028,-55.473028,2026-01-30,-79,31.6,84.5833333333333,5,1,1.79175946922805
2025-11-13,26.1083333333333,31.7,21.3,79.7916666666667,1.9,21.9833333333333,-55.5,-12,"T034","T034",-11.985028,-55.473028,2026-01-30,-78,31.7,79.7916666666667,1.9,1,1.06471073699243
2025-11-14,26.0208333333333,30.9,21.9,79.375,1.6,21.8541666666667,-55.5,-12,"T034","T034",-11.985028,-55.473028,2026-01-30,-77,30.9,79.375,1.6,1,0.955511445027436
2025-11-15,27.075,32,22.5,75.9583333333333,0,22.0791666666667,-55.5,-12,"T034","T034",-11.985028,-55.473028,2026-01-30,-76,32,75.9583333333333,0,0,0
2025-11-16,27.8166666666667,33.9,22.3,72.4583333333333,0.1,21.8625,-55.5,-12,"T034","T034",-11.985028,-55.473028,2026-01-30,-75,33.9,72.4583333333333,0.1,0,0.0953101798043249
2025-11-17,28.0583333333333,34,21.2,72.7916666666667,6.6,22.2375,-55.5,-12,"T034","T034",-11.985028,-55.473028,2026-01-30,-74,34,72.7916666666667,6.6,1,2.02814824729229
2025-11-18,25.4541666666667,31.4,20.9,80.7083333333333,0.4,21.6375,-55.5,-12,"T034","T034",-11.985028,-55.473028,2026-01-30,-73,31.4,80.7083333333333,0.4,0,0.336472236621213
2025-11-19,27.4708333333333,33.3,21.8,74.2083333333333,0.3,21.9958333333333,-55.5,-12,"T034","T034",-11.985028,-55.473028,2026-01-30,-72,33.3,74.2083333333333,0.3,0,0.262364264467491
2025-11-20,27.6541666666667,33.9,23.2,72,0.1,21.4458333333333,-55.5,-12,"T034","T034",-11.985028,-55.473028,2026-01-30,-71,33.9,72,0.1,0,0.0953101798043249
2025-11-21,24.725,28.5,21.7,87.75,19.9,22.5,-55.5,-12,"T034","T034",-11.985028,-55.473028,2026-01-30,-70,28.5,87.75,19.9,1,3.03974915897077
2025-11-22,23.8666666666667,28.4,21.1,88.375,14.6,21.7458333333333,-55.5,-12,"T034","T034",-11.985028,-55.473028,2026-01-30,-69,28.4,88.375,14.6,1,2.74727091425549
2025-11-23,24.7333333333333,28.9,21,85.5,0.3,21.9583333333333,-55.5,-12,"T034","T034",-11.985028,-55.473028,2026-01-30,-68,28.9,85.5,0.3,0,0.262364264467491
2025-11-24,26.0666666666667,30.1,22.6,84.6666666666667,8,23.1375,-55.5,-12,"T034","T034",-11.985028,-55.473028,2026-01-30,-67,30.1,84.6666666666667,8,1,2.19722457733622
2025-11-25,23.9333333333333,27.9,22.2,90.4166666666667,8.9,22.2083333333333,-55.5,-12,"T034","T034",-11.985028,-55.473028,2026-01-30,-66,27.9,90.4166666666667,8.9,1,2.29253475714054
2025-11-26,25.2333333333333,30.3,21.2,84.125,2.5,22.1666666666667,-55.5,-12,"T034","T034",-11.985028,-55.473028,2026-01-30,-65,30.3,84.125,2.5,1,1.25276296849537
2025-11-27,26.0333333333333,32.1,21.9,82.2916666666667,1.7,22.4666666666667,-55.5,-12,"T034","T034",-11.985028,-55.473028,2026-01-30,-64,32.1,82.2916666666667,1.7,1,0.993251773010283
2025-11-28,25.8291666666667,30.4,22.7,83.4583333333333,0.6,22.5583333333333,-55.5,-12,"T034","T034",-11.985028,-55.473028,2026-01-30,-63,30.4,83.4583333333333,0.6,0,0.470003629245736
2025-11-29,25.925,32,22,81.1666666666667,0.9,22.0458333333333,-55.5,-12,"T034","T034",-11.985028,-55.473028,2026-01-30,-62,32,81.1666666666667,0.9,0,0.641853886172395
2025-11-30,24.5208333333333,29.2,21.4,87.5416666666667,4.7,22.2041666666667,-55.5,-12,"T034","T034",-11.985028,-55.473028,2026-01-30,-61,29.2,87.5416666666667,4.7,1,1.7404661748405
2025-12-01,24.4833333333333,29.4,20.7,83.5,0.2,21.2208333333333,-55.5,-12,"T034","T034",-11.985028,-55.473028,2026-01-30,-60,29.4,83.5,0.2,0,0.182321556793955
2025-12-02,25.8041666666667,31.4,21.9,80.3333333333333,1.9,21.8625,-55.5,-12,"T034","T034",-11.985028,-55.473028,2026-01-30,-59,31.4,80.3333333333333,1.9,1,1.06471073699243
2025-12-03,24.3375,27.5,22,87.0833333333333,12.4,22.0083333333333,-55.5,-12,"T034","T034",-11.985028,-55.473028,2026-01-30,-58,27.5,87.0833333333333,12.4,1,2.59525470695687
2025-12-04,24.85,29.9,21.8,82.5833333333333,3.1,21.3666666666667,-55.5,-12,"T034","T034",-11.985028,-55.473028,2026-01-30,-57,29.9,82.5833333333333,3.1,1,1.41098697371026
2025-12-05,23.2583333333333,25.7,21.6,92.5,16.3,21.9458333333333,-55.5,-12,"T034","T034",-11.985028,-55.473028,2026-01-30,-56,25.7,92.5,16.3,1,2.85070650150373
2025-12-06,24.275,30,21.3,88.75,15.1,22.1625,-55.5,-12,"T034","T034",-11.985028,-55.473028,2026-01-30,-55,30,88.75,15.1,1,2.77881927199042
2025-12-07,23.9375,28.3,21.6,88.9583333333333,11.4,21.9041666666667,-55.5,-12,"T034","T034",-11.985028,-55.473028,2026-01-30,-54,28.3,88.9583333333333,11.4,1,2.51769647261099
2025-12-08,23.4458333333333,27.7,21.3,91.375,19,21.8916666666667,-55.5,-12,"T034","T034",-11.985028,-55.473028,2026-01-30,-53,27.7,91.375,19,1,2.99573227355399
2025-12-09,24.5291666666667,29.5,21.6,88.6666666666667,11.9,22.4,-55.5,-12,"T034","T034",-11.985028,-55.473028,2026-01-30,-52,29.5,88.6666666666667,11.9,1,2.55722731136763
2025-12-10,23.7833333333333,27,21.3,92.0833333333333,16.6,22.3666666666667,-55.5,-12,"T034","T034",-11.985028,-55.473028,2026-01-30,-51,27,92.0833333333333,16.6,1,2.86789890204411
2025-12-11,24.6666666666667,27.7,22.4,91.0416666666667,9.3,23.0875,-55.5,-12,"T034","T034",-11.985028,-55.473028,2026-01-30,-50,27.7,91.0416666666667,9.3,1,2.33214389523559
2025-12-12,25.1375,30.1,22.5,88.0416666666667,1.2,22.85,-55.5,-12,"T034","T034",-11.985028,-55.473028,2026-01-30,-49,30.1,88.0416666666667,1.2,1,0.78845736036427
2025-12-13,24.8916666666667,29,22.2,88.9166666666667,4.8,22.8333333333333,-55.5,-12,"T034","T034",-11.985028,-55.473028,2026-01-30,-48,29,88.9166666666667,4.8,1,1.75785791755237
2025-12-14,25.4958333333333,31.5,22.2,84.7916666666667,3,22.4708333333333,-55.5,-12,"T034","T034",-11.985028,-55.473028,2026-01-30,-47,31.5,84.7916666666667,3,1,1.38629436111989
2025-12-15,25.8,30.1,22.4,85.2083333333333,9,22.9791666666667,-55.5,-12,"T034","T034",-11.985028,-55.473028,2026-01-30,-46,30.1,85.2083333333333,9,1,2.30258509299405
2025-12-16,25.6916666666667,30.3,22.5,86.25,6.3,23.0708333333333,-55.5,-12,"T034","T034",-11.985028,-55.473028,2026-01-30,-45,30.3,86.25,6.3,1,1.98787434815435
2025-12-17,25.2625,30.2,22.2,84.7916666666667,5.2,22.275,-55.5,-12,"T034","T034",-11.985028,-55.473028,2026-01-30,-44,30.2,84.7916666666667,5.2,1,1.82454929205105
2025-12-18,23.5916666666667,25.8,22.2,93.5416666666667,29.1,22.4916666666667,-55.5,-12,"T034","T034",-11.985028,-55.473028,2026-01-30,-43,25.8,93.5416666666667,29.1,1,3.40452517175483
2025-12-19,24.4208333333333,27.5,22.1,90.5416666666667,19,22.7291666666667,-55.5,-12,"T034","T034",-11.985028,-55.473028,2026-01-30,-42,27.5,90.5416666666667,19,1,2.99573227355399
2025-12-20,23.8083333333333,26.3,22.3,93.25,16.7,22.6291666666667,-55.5,-12,"T034","T034",-11.985028,-55.473028,2026-01-30,-41,26.3,93.25,16.7,1,2.87356463957978
2025-12-21,24.4041666666667,28,22.4,91.25,29.1,22.8333333333333,-55.5,-12,"T034","T034",-11.985028,-55.473028,2026-01-30,-40,28,91.25,29.1,1,3.40452517175483
2025-12-22,22.4333333333333,23.3,22,96.9166666666667,74,21.9166666666667,-55.5,-12,"T034","T034",-11.985028,-55.473028,2026-01-30,-39,23.3,96.9166666666667,74,1,4.31748811353631
2025-12-23,23.9958333333333,28.8,21.6,87.3333333333333,4.8,21.5875,-55.5,-12,"T034","T034",-11.985028,-55.473028,2026-01-30,-38,28.8,87.3333333333333,4.8,1,1.75785791755237
2025-12-24,25.0333333333333,30.1,20.8,80.1666666666667,1.2,21.0583333333333,-55.5,-12,"T034","T034",-11.985028,-55.473028,2026-01-30,-37,30.1,80.1666666666667,1.2,1,0.78845736036427
2025-12-25,23.9083333333333,29.6,20.1,85.1666666666667,9.3,21.1,-55.5,-12,"T034","T034",-11.985028,-55.473028,2026-01-30,-36,29.6,85.1666666666667,9.3,1,2.33214389523559
2025-12-26,24.1541666666667,29.6,20.4,85,1.6,21.1458333333333,-55.5,-12,"T034","T034",-11.985028,-55.473028,2026-01-30,-35,29.6,85,1.6,1,0.955511445027436
2025-12-27,25.525,31.5,21.3,84.0833333333333,2.6,22.425,-55.5,-12,"T034","T034",-11.985028,-55.473028,2026-01-30,-34,31.5,84.0833333333333,2.6,1,1.28093384546206
2025-12-28,26.1666666666667,32.5,22.3,81.5,1.7,22.4416666666667,-55.5,-12,"T034","T034",-11.985028,-55.473028,2026-01-30,-33,32.5,81.5,1.7,1,0.993251773010283
2025-12-29,25.4625,30.8,22,85.2916666666667,8.6,22.575,-55.5,-12,"T034","T034",-11.985028,-55.473028,2026-01-30,-32,30.8,85.2916666666667,8.6,1,2.26176309847379
2025-12-30,24.0625,28.7,21.3,86.3333333333333,8.2,21.4125,-55.5,-12,"T034","T034",-11.985028,-55.473028,2026-01-30,-31,28.7,86.3333333333333,8.2,1,2.21920348405499
2025-12-31,26.0583333333333,31.4,21.5,81.3333333333333,0.7,22.2875,-55.5,-12,"T034","T034",-11.985028,-55.473028,2026-01-30,-30,31.4,81.3333333333333,0.7,0,0.53062825106217
2026-01-01,26.8166666666667,32.9,23,81.2916666666667,2,23.0791666666667,-55.5,-12,"T034","T034",-11.985028,-55.473028,2026-01-30,-29,32.9,81.2916666666667,2,1,1.09861228866811
2026-01-02,25.0541666666667,28.5,22.4,86.4166666666667,12.6,22.4833333333333,-55.5,-12,"T034","T034",-11.985028,-55.473028,2026-01-30,-28,28.5,86.4166666666667,12.6,1,2.61006979274201
2026-01-03,25.1125,30.3,21.8,87.4583333333333,21.1,22.6958333333333,-55.5,-12,"T034","T034",-11.985028,-55.473028,2026-01-30,-27,30.3,87.4583333333333,21.1,1,3.09557760852371
2026-01-04,23.45,25.9,21.6,93.2916666666667,62.3,22.2791666666667,-55.5,-12,"T034","T034",-11.985028,-55.473028,2026-01-30,-26,25.9,93.2916666666667,62.3,1,4.14788532915013
2026-01-05,23.7375,28.2,21.4,89.25,3.3,21.7375,-55.5,-12,"T034","T034",-11.985028,-55.473028,2026-01-30,-25,28.2,89.25,3.3,1,1.45861502269952
2026-01-06,24.9375,29.5,21.7,83.5416666666667,0.2,21.75,-55.5,-12,"T034","T034",-11.985028,-55.473028,2026-01-30,-24,29.5,83.5416666666667,0.2,0,0.182321556793955
2026-01-07,23.9833333333333,27.1,22.5,87.875,4.7,21.7833333333333,-55.5,-12,"T034","T034",-11.985028,-55.473028,2026-01-30,-23,27.1,87.875,4.7,1,1.7404661748405
2026-01-08,23.9125,29.6,21.8,88.25,24,21.7041666666667,-55.5,-12,"T034","T034",-11.985028,-55.473028,2026-01-30,-22,29.6,88.25,24,1,3.2188758248682
2026-01-09,25.7916666666667,31.9,20.8,80.0416666666667,0.1,21.7,-55.5,-12,"T034","T034",-11.985028,-55.473028,2026-01-30,-21,31.9,80.0416666666667,0.1,0,0.0953101798043249
2026-01-10,26.4833333333333,33.3,21.5,78.2083333333333,2,22.0041666666667,-55.5,-12,"T034","T034",-11.985028,-55.473028,2026-01-30,-20,33.3,78.2083333333333,2,1,1.09861228866811
2026-01-11,24.3,28.8,21.4,87.9166666666667,17.3,22.0875,-55.5,-12,"T034","T034",-11.985028,-55.473028,2026-01-30,-19,28.8,87.9166666666667,17.3,1,2.90690105984738
2026-01-12,24.4791666666667,29.9,20.6,83.0416666666667,0.9,21.1833333333333,-55.5,-12,"T034","T034",-11.985028,-55.473028,2026-01-30,-18,29.9,83.0416666666667,0.9,0,0.641853886172395
2026-01-13,25.0958333333333,30.2,21.3,82.7916666666667,4.2,21.6791666666667,-55.5,-12,"T034","T034",-11.985028,-55.473028,2026-01-30,-17,30.2,82.7916666666667,4.2,1,1.64865862558738
2026-01-14,24.5416666666667,29.3,21.6,85.0416666666667,4.3,21.75,-55.5,-12,"T034","T034",-11.985028,-55.473028,2026-01-30,-16,29.3,85.0416666666667,4.3,1,1.66770682055808
2026-01-15,25.7,31.7,21.3,84.4166666666667,5.3,22.6083333333333,-55.5,-12,"T034","T034",-11.985028,-55.473028,2026-01-30,-15,31.7,84.4166666666667,5.3,1,1.84054963339749
2026-01-16,26.5125,33.9,21.9,73.5,0.1,20.6541666666667,-55.5,-12,"T034","T034",-11.985028,-55.473028,2026-01-30,-14,33.9,73.5,0.1,0,0.0953101798043249
2026-01-17,25.7416666666667,32.4,21.1,78.625,3.6,21.425,-55.5,-12,"T034","T034",-11.985028,-55.473028,2026-01-30,-13,32.4,78.625,3.6,1,1.52605630349505
2026-01-18,25.7541666666667,31.4,21.4,82.9583333333333,2,22.3708333333333,-55.5,-12,"T034","T034",-11.985028,-55.473028,2026-01-30,-12,31.4,82.9583333333333,2,1,1.09861228866811
2026-01-19,26.0875,31.3,22.4,82.375,5.8,22.55,-55.5,-12,"T034","T034",-11.985028,-55.473028,2026-01-30,-11,31.3,82.375,5.8,1,1.91692261218206
2026-01-20,24.0875,27.6,22.2,90.6666666666667,73.2,22.4125,-55.5,-12,"T034","T034",-11.985028,-55.473028,2026-01-30,-10,27.6,90.6666666666667,73.2,1,4.30676415017333
2026-01-21,22.9791666666667,24.5,22.1,94.4166666666667,13.5,22.0333333333333,-55.5,-12,"T034","T034",-11.985028,-55.473028,2026-01-30,-9,24.5,94.4166666666667,13.5,1,2.67414864942653
2026-01-22,23.4875,26.2,21.8,93.4583333333333,7,22.325,-55.5,-12,"T034","T034",-11.985028,-55.473028,2026-01-30,-8,26.2,93.4583333333333,7,1,2.07944154167984
2026-01-23,24.3,28.2,21.9,88.8333333333333,8.7,22.2083333333333,-55.5,-12,"T034","T034",-11.985028,-55.473028,2026-01-30,-7,28.2,88.8333333333333,8.7,1,2.27212588550934
2026-01-24,24.35,28,22.2,90.1666666666667,17.1,22.5291666666667,-55.5,-12,"T034","T034",-11.985028,-55.473028,2026-01-30,-6,28,90.1666666666667,17.1,1,2.89591193827178
2026-01-25,24.1375,28.6,21.7,90.0416666666667,7.2,22.3,-55.5,-12,"T034","T034",-11.985028,-55.473028,2026-01-30,-5,28.6,90.0416666666667,7.2,1,2.10413415427021
2026-01-26,26.0166666666667,32.8,21.6,83.2083333333333,3,22.6708333333333,-55.5,-12,"T034","T034",-11.985028,-55.473028,2026-01-30,-4,32.8,83.2083333333333,3,1,1.38629436111989
2026-01-27,25.35,31.1,22.1,84.2083333333333,2.6,22.2833333333333,-55.5,-12,"T034","T034",-11.985028,-55.473028,2026-01-30,-3,31.1,84.2083333333333,2.6,1,1.28093384546206
2026-01-28,24.3875,29,21.3,85.875,3.9,21.65,-55.5,-12,"T034","T034",-11.985028,-55.473028,2026-01-30,-2,29,85.875,3.9,1,1.58923520511658
2026-01-29,25.6083333333333,32,20.3,81.2083333333333,0.4,21.7625,-55.5,-12,"T034","T034",-11.985028,-55.473028,2026-01-30,-1,32,81.2083333333333,0.4,0,0.336472236621213
2025-12-08,23.55,28.3,21.3,91.375,16.7,21.9958333333333,-55.5,-11.75,"T035","T035",-11.847778,-55.596667,2026-02-26,-80,28.3,91.375,16.7,1,2.87356463957978
2025-12-09,24.8083333333333,29.6,21.4,86.6666666666667,7.9,22.2375,-55.5,-11.75,"T035","T035",-11.847778,-55.596667,2026-02-26,-79,29.6,86.6666666666667,7.9,1,2.18605127673809
2025-12-10,23.7791666666667,27.2,21.5,92.4166666666667,16.6,22.4291666666667,-55.5,-11.75,"T035","T035",-11.847778,-55.596667,2026-02-26,-78,27.2,92.4166666666667,16.6,1,2.86789890204411
2025-12-11,24.4416666666667,27.2,22.4,92.6666666666667,13.7,23.15,-55.5,-11.75,"T035","T035",-11.847778,-55.596667,2026-02-26,-77,27.2,92.6666666666667,13.7,1,2.68784749378469
2025-12-12,25.0791666666667,30.3,22.6,88.4166666666667,2.1,22.8541666666667,-55.5,-11.75,"T035","T035",-11.847778,-55.596667,2026-02-26,-76,30.3,88.4166666666667,2.1,1,1.1314021114911
2025-12-13,24.7208333333333,29,22.1,89.6666666666667,6.3,22.825,-55.5,-11.75,"T035","T035",-11.847778,-55.596667,2026-02-26,-75,29,89.6666666666667,6.3,1,1.98787434815435
2025-12-14,25.2958333333333,30.6,22.1,86.5,4.3,22.675,-55.5,-11.75,"T035","T035",-11.847778,-55.596667,2026-02-26,-74,30.6,86.5,4.3,1,1.66770682055808
2025-12-15,25.7541666666667,30.6,22,84.5,5.1,22.7958333333333,-55.5,-11.75,"T035","T035",-11.847778,-55.596667,2026-02-26,-73,30.6,84.5,5.1,1,1.80828877117927
2025-12-16,25.4583333333333,29.9,22.2,86.6666666666667,5.1,22.9375,-55.5,-11.75,"T035","T035",-11.847778,-55.596667,2026-02-26,-72,29.9,86.6666666666667,5.1,1,1.80828877117927
2025-12-17,25.0666666666667,30,22.3,86.2916666666667,9.2,22.4125,-55.5,-11.75,"T035","T035",-11.847778,-55.596667,2026-02-26,-71,30,86.2916666666667,9.2,1,2.32238772029023
2025-12-18,23.5916666666667,25.7,22.2,94.125,24.8,22.575,-55.5,-11.75,"T035","T035",-11.847778,-55.596667,2026-02-26,-70,25.7,94.125,24.8,1,3.25037449192757
2025-12-19,24.4708333333333,27.9,22.3,89.75,15.3,22.6041666666667,-55.5,-11.75,"T035","T035",-11.847778,-55.596667,2026-02-26,-69,27.9,89.75,15.3,1,2.79116510781272
2025-12-20,23.8,26.6,22.2,93.625,14.7,22.6708333333333,-55.5,-11.75,"T035","T035",-11.847778,-55.596667,2026-02-26,-68,26.6,93.625,14.7,1,2.75366071235426
2025-12-21,24.3583333333333,28.3,22.2,91.2916666666667,34.1,22.8041666666667,-55.5,-11.75,"T035","T035",-11.847778,-55.596667,2026-02-26,-67,28.3,91.2916666666667,34.1,1,3.55820113047182
2025-12-22,22.4166666666667,23.6,21.9,97.1666666666667,96.9,21.9291666666667,-55.5,-11.75,"T035","T035",-11.847778,-55.596667,2026-02-26,-66,23.6,97.1666666666667,96.9,1,4.58394654953646
2025-12-23,23.7333333333333,28.5,21.4,88.4583333333333,6.9,21.5833333333333,-55.5,-11.75,"T035","T035",-11.847778,-55.596667,2026-02-26,-65,28.5,88.4583333333333,6.9,1,2.06686275947298
2025-12-24,24.8708333333333,29.9,20.8,80.7083333333333,1.6,21.0083333333333,-55.5,-11.75,"T035","T035",-11.847778,-55.596667,2026-02-26,-64,29.9,80.7083333333333,1.6,1,0.955511445027436
2025-12-25,23.7041666666667,29.6,20.1,86.1666666666667,14,21.1,-55.5,-11.75,"T035","T035",-11.847778,-55.596667,2026-02-26,-63,29.6,86.1666666666667,14,1,2.70805020110221
2025-12-26,24.1458333333333,29.7,20.5,85.0833333333333,2.2,21.1666666666667,-55.5,-11.75,"T035","T035",-11.847778,-55.596667,2026-02-26,-62,29.7,85.0833333333333,2.2,1,1.16315080980568
2025-12-27,25.6083333333333,31.7,21.4,83.6666666666667,2.1,22.3666666666667,-55.5,-11.75,"T035","T035",-11.847778,-55.596667,2026-02-26,-61,31.7,83.6666666666667,2.1,1,1.1314021114911
2025-12-28,26.1125,32.4,22.1,81.8333333333333,2.4,22.4666666666667,-55.5,-11.75,"T035","T035",-11.847778,-55.596667,2026-02-26,-60,32.4,81.8333333333333,2.4,1,1.22377543162212
2025-12-29,25.1458333333333,29.6,22.2,86.8333333333333,11.1,22.65,-55.5,-11.75,"T035","T035",-11.847778,-55.596667,2026-02-26,-59,29.6,86.8333333333333,11.1,1,2.4932054526027
2025-12-30,24.0208333333333,28.6,21.4,87.1666666666667,8.7,21.5583333333333,-55.5,-11.75,"T035","T035",-11.847778,-55.596667,2026-02-26,-58,28.6,87.1666666666667,8.7,1,2.27212588550934
2025-12-31,26.0875,31.3,21.6,81.25,1.1,22.3291666666667,-55.5,-11.75,"T035","T035",-11.847778,-55.596667,2026-02-26,-57,31.3,81.25,1.1,1,0.741937344729377
2026-01-01,26.5708333333333,32.1,23,82.625,2.3,23.1541666666667,-55.5,-11.75,"T035","T035",-11.847778,-55.596667,2026-02-26,-56,32.1,82.625,2.3,1,1.19392246847243
2026-01-02,24.9833333333333,29,22.5,86.8333333333333,10.3,22.4875,-55.5,-11.75,"T035","T035",-11.847778,-55.596667,2026-02-26,-55,29,86.8333333333333,10.3,1,2.42480272571829
2026-01-03,25.0791666666667,30.7,21.9,87.5833333333333,20.8,22.6625,-55.5,-11.75,"T035","T035",-11.847778,-55.596667,2026-02-26,-54,30.7,87.5833333333333,20.8,1,3.08190996979504
2026-01-04,23.4583333333333,26.7,21.6,93.2916666666667,43.3,22.2916666666667,-55.5,-11.75,"T035","T035",-11.847778,-55.596667,2026-02-26,-53,26.7,93.2916666666667,43.3,1,3.79098467705109
2026-01-05,23.4041666666667,27,21.4,91.125,3.8,21.8083333333333,-55.5,-11.75,"T035","T035",-11.847778,-55.596667,2026-02-26,-52,27,91.125,3.8,1,1.56861591791385
2026-01-06,24.8833333333333,29,21.8,83.3333333333333,0.2,21.6791666666667,-55.5,-11.75,"T035","T035",-11.847778,-55.596667,2026-02-26,-51,29,83.3333333333333,0.2,0,0.182321556793955
2026-01-07,23.7625,27,22.4,89.1666666666667,5.5,21.8333333333333,-55.5,-11.75,"T035","T035",-11.847778,-55.596667,2026-02-26,-50,27,89.1666666666667,5.5,1,1.87180217690159
2026-01-08,23.9041666666667,29.8,21.6,88.0416666666667,31.6,21.6458333333333,-55.5,-11.75,"T035","T035",-11.847778,-55.596667,2026-02-26,-49,29.8,88.0416666666667,31.6,1,3.48431228837266
2026-01-09,25.7875,31.6,20.9,79.9583333333333,0.2,21.6666666666667,-55.5,-11.75,"T035","T035",-11.847778,-55.596667,2026-02-26,-48,31.6,79.9583333333333,0.2,0,0.182321556793955
2026-01-10,26.55,32.9,22.1,78.4166666666667,2.6,22.0666666666667,-55.5,-11.75,"T035","T035",-11.847778,-55.596667,2026-02-26,-47,32.9,78.4166666666667,2.6,1,1.28093384546206
2026-01-11,24.4083333333333,28.9,21.4,87.6666666666667,18.2,22.1458333333333,-55.5,-11.75,"T035","T035",-11.847778,-55.596667,2026-02-26,-46,28.9,87.6666666666667,18.2,1,2.95491027903374
2026-01-12,24.2583333333333,29.8,20.8,85.3333333333333,3.4,21.4625,-55.5,-11.75,"T035","T035",-11.847778,-55.596667,2026-02-26,-45,29.8,85.3333333333333,3.4,1,1.48160454092422
2026-01-13,24.8708333333333,29.7,21.2,83.625,6.3,21.6416666666667,-55.5,-11.75,"T035","T035",-11.847778,-55.596667,2026-02-26,-44,29.7,83.625,6.3,1,1.98787434815435
2026-01-14,24.525,28.8,21.3,85.375,3.5,21.825,-55.5,-11.75,"T035","T035",-11.847778,-55.596667,2026-02-26,-43,28.8,85.375,3.5,1,1.50407739677627
2026-01-15,25.9,32,21.6,83.125,5.3,22.5,-55.5,-11.75,"T035","T035",-11.847778,-55.596667,2026-02-26,-42,32,83.125,5.3,1,1.84054963339749
2026-01-16,26.6291666666667,33.8,21.7,72.25,0.1,20.3416666666667,-55.5,-11.75,"T035","T035",-11.847778,-55.596667,2026-02-26,-41,33.8,72.25,0.1,0,0.0953101798043249
2026-01-17,25.6,32.2,21.1,79.625,4.8,21.4958333333333,-55.5,-11.75,"T035","T035",-11.847778,-55.596667,2026-02-26,-40,32.2,79.625,4.8,1,1.75785791755237
2026-01-18,25.6291666666667,31.4,21.5,83.9583333333333,1.4,22.4791666666667,-55.5,-11.75,"T035","T035",-11.847778,-55.596667,2026-02-26,-39,31.4,83.9583333333333,1.4,1,0.8754687373539
2026-01-19,25.9041666666667,30.7,22.2,83.4166666666667,5.7,22.6541666666667,-55.5,-11.75,"T035","T035",-11.847778,-55.596667,2026-02-26,-38,30.7,83.4166666666667,5.7,1,1.90210752639692
2026-01-20,24.0708333333333,27.8,22.3,90.1666666666667,46.8,22.3166666666667,-55.5,-11.75,"T035","T035",-11.847778,-55.596667,2026-02-26,-37,27.8,90.1666666666667,46.8,1,3.86702563949741
2026-01-21,22.9875,24.5,22,94.3333333333333,13.9,22.0291666666667,-55.5,-11.75,"T035","T035",-11.847778,-55.596667,2026-02-26,-36,24.5,94.3333333333333,13.9,1,2.70136121295141
2026-01-22,23.2458333333333,25.7,21.8,95.7916666666667,13.9,22.5166666666667,-55.5,-11.75,"T035","T035",-11.847778,-55.596667,2026-02-26,-35,25.7,95.7916666666667,13.9,1,2.70136121295141
2026-01-23,23.8666666666667,27,22,91.3333333333333,16.5,22.3,-55.5,-11.75,"T035","T035",-11.847778,-55.596667,2026-02-26,-34,27,91.3333333333333,16.5,1,2.86220088092947
2026-01-24,24.3916666666667,28.3,22.2,90.3333333333333,11.4,22.5875,-55.5,-11.75,"T035","T035",-11.847778,-55.596667,2026-02-26,-33,28.3,90.3333333333333,11.4,1,2.51769647261099
2026-01-25,24.3041666666667,28.7,21.5,88.2083333333333,4.2,22.0875,-55.5,-11.75,"T035","T035",-11.847778,-55.596667,2026-02-26,-32,28.7,88.2083333333333,4.2,1,1.64865862558738
2026-01-26,26.0291666666667,32.3,21.7,82.5416666666667,1.8,22.5583333333333,-55.5,-11.75,"T035","T035",-11.847778,-55.596667,2026-02-26,-31,32.3,82.5416666666667,1.8,1,1.02961941718116
2026-01-27,25.5666666666667,31.3,22.3,82.125,1.8,22.075,-55.5,-11.75,"T035","T035",-11.847778,-55.596667,2026-02-26,-30,31.3,82.125,1.8,1,1.02961941718116
2026-01-28,24.625,28.8,21.4,85.7916666666667,1.9,21.8791666666667,-55.5,-11.75,"T035","T035",-11.847778,-55.596667,2026-02-26,-29,28.8,85.7916666666667,1.9,1,1.06471073699243
2026-01-29,25.575,31.6,20.4,81.1666666666667,0.4,21.775,-55.5,-11.75,"T035","T035",-11.847778,-55.596667,2026-02-26,-28,31.6,81.1666666666667,0.4,0,0.336472236621213
2026-01-30,25.7916666666667,32.5,22.3,81.4583333333333,1.3,22.0666666666667,-55.5,-11.75,"T035","T035",-11.847778,-55.596667,2026-02-26,-27,32.5,81.4583333333333,1.3,1,0.832909122935104
2026-01-31,24.9916666666667,30.5,22,88.875,13.4,22.8916666666667,-55.5,-11.75,"T035","T035",-11.847778,-55.596667,2026-02-26,-26,30.5,88.875,13.4,1,2.66722820658195
2026-02-01,25.35,31.3,21.8,87.7083333333333,10.6,23,-55.5,-11.75,"T035","T035",-11.847778,-55.596667,2026-02-26,-25,31.3,87.7083333333333,10.6,1,2.45100509811232
2026-02-02,24.3708333333333,28.1,22.6,91.7916666666667,11.7,22.8458333333333,-55.5,-11.75,"T035","T035",-11.847778,-55.596667,2026-02-26,-24,28.1,91.7916666666667,11.7,1,2.54160199346455
2026-02-03,23.425,26.1,21.8,92.2083333333333,10.8,22.0583333333333,-55.5,-11.75,"T035","T035",-11.847778,-55.596667,2026-02-26,-23,26.1,92.2083333333333,10.8,1,2.46809953147162
2026-02-04,24.275,29.8,21.4,76.875,0.2,19.6375,-55.5,-11.75,"T035","T035",-11.847778,-55.596667,2026-02-26,-22,29.8,76.875,0.2,0,0.182321556793955
2026-02-05,24.225,27.4,21.3,84.25,2.2,21.3333333333333,-55.5,-11.75,"T035","T035",-11.847778,-55.596667,2026-02-26,-21,27.4,84.25,2.2,1,1.16315080980568
2026-02-06,24.6666666666667,28.5,22.5,85.0833333333333,9.8,21.8666666666667,-55.5,-11.75,"T035","T035",-11.847778,-55.596667,2026-02-26,-20,28.5,85.0833333333333,9.8,1,2.37954613413017
2026-02-07,23.6958333333333,27.3,21.6,92.0416666666667,23.5,22.2791666666667,-55.5,-11.75,"T035","T035",-11.847778,-55.596667,2026-02-26,-19,27.3,92.0416666666667,23.5,1,3.19867311755068
2026-02-08,23.6,27.4,21.5,91.9166666666667,13,22.175,-55.5,-11.75,"T035","T035",-11.847778,-55.596667,2026-02-26,-18,27.4,91.9166666666667,13,1,2.63905732961526
2026-02-09,23.2125,26.2,21.4,93.375,24.3,22.0375,-55.5,-11.75,"T035","T035",-11.847778,-55.596667,2026-02-26,-17,26.2,93.375,24.3,1,3.23080439573347
2026-02-10,22.6541666666667,25,21.1,93.4166666666667,59.7,21.4958333333333,-55.5,-11.75,"T035","T035",-11.847778,-55.596667,2026-02-26,-16,25,93.4166666666667,59.7,1,4.10594369806545
2026-02-11,23.8875,29.5,21,89.6666666666667,11,21.95,-55.5,-11.75,"T035","T035",-11.847778,-55.596667,2026-02-26,-15,29.5,89.6666666666667,11,1,2.484906649788
2026-02-12,23.3041666666667,26.1,21.7,92.6666666666667,16.1,22,-55.5,-11.75,"T035","T035",-11.847778,-55.596667,2026-02-26,-14,26.1,92.6666666666667,16.1,1,2.83907846350861
2026-02-13,24.0875,28,21.4,89.9583333333333,7.8,22.25,-55.5,-11.75,"T035","T035",-11.847778,-55.596667,2026-02-26,-13,28,89.9583333333333,7.8,1,2.17475172148416
2026-02-14,25.3,31.5,20.7,81.625,0.9,21.6333333333333,-55.5,-11.75,"T035","T035",-11.847778,-55.596667,2026-02-26,-12,31.5,81.625,0.9,0,0.641853886172395
2026-02-15,25.9,31.7,21.3,80.5,4.2,22.05,-55.5,-11.75,"T035","T035",-11.847778,-55.596667,2026-02-26,-11,31.7,80.5,4.2,1,1.64865862558738
2026-02-16,24.4916666666667,28.3,21.7,86.625,12.1,21.9833333333333,-55.5,-11.75,"T035","T035",-11.847778,-55.596667,2026-02-26,-10,28.3,86.625,12.1,1,2.57261223020711
2026-02-17,25.9833333333333,32.1,21.5,80.0833333333333,0.6,21.8875,-55.5,-11.75,"T035","T035",-11.847778,-55.596667,2026-02-26,-9,32.1,80.0833333333333,0.6,0,0.470003629245736
2026-02-18,26.5208333333333,33.4,20.4,69.375,0,19.5833333333333,-55.5,-11.75,"T035","T035",-11.847778,-55.596667,2026-02-26,-8,33.4,69.375,0,0,0
2026-02-19,26.25,31.8,22,76.7083333333333,1.8,21.625,-55.5,-11.75,"T035","T035",-11.847778,-55.596667,2026-02-26,-7,31.8,76.7083333333333,1.8,1,1.02961941718116
2026-02-20,25.4083333333333,29.5,21.5,82.7916666666667,3,22.175,-55.5,-11.75,"T035","T035",-11.847778,-55.596667,2026-02-26,-6,29.5,82.7916666666667,3,1,1.38629436111989
2026-02-21,25.875,31.6,22.9,82.25,18.7,22.3125,-55.5,-11.75,"T035","T035",-11.847778,-55.596667,2026-02-26,-5,31.6,82.25,18.7,1,2.98061863574394
2026-02-22,24.2958333333333,28.9,22.5,89.875,16.3,22.4166666666667,-55.5,-11.75,"T035","T035",-11.847778,-55.596667,2026-02-26,-4,28.9,89.875,16.3,1,2.85070650150373
2026-02-23,24.4708333333333,29.9,22,90.0416666666667,16.5,22.575,-55.5,-11.75,"T035","T035",-11.847778,-55.596667,2026-02-26,-3,29.9,90.0416666666667,16.5,1,2.86220088092947
2026-02-24,23.825,27.9,21.6,92.4583333333333,5.8,22.5125,-55.5,-11.75,"T035","T035",-11.847778,-55.596667,2026-02-26,-2,27.9,92.4583333333333,5.8,1,1.91692261218206
2026-02-25,24.1625,28.2,21.3,90.1666666666667,11.8,22.3833333333333,-55.5,-11.75,"T035","T035",-11.847778,-55.596667,2026-02-26,-1,28.2,90.1666666666667,11.8,1,2.54944517092557
2025-11-18,25.45,30.4,21.3,79.2916666666667,0.2,21.3583333333333,-55.75,-12.75,"T037","T037",-12.751111,-55.834167,2026-02-06,-80,30.4,79.2916666666667,0.2,0,0.182321556793955
2025-11-19,27.3916666666667,32.5,22.2,68.875,0,20.6958333333333,-55.75,-12.75,"T037","T037",-12.751111,-55.834167,2026-02-06,-79,32.5,68.875,0,0,0
2025-11-20,27.7291666666667,33,22.3,64.8333333333333,0,19.8791666666667,-55.75,-12.75,"T037","T037",-12.751111,-55.834167,2026-02-06,-78,33,64.8333333333333,0,0,0
2025-11-21,25.5583333333333,30.4,22.9,80.5,6,21.8458333333333,-55.75,-12.75,"T037","T037",-12.751111,-55.834167,2026-02-06,-77,30.4,80.5,6,1,1.94591014905531
2025-11-22,24.4916666666667,28.7,22.1,85,9.5,21.7208333333333,-55.75,-12.75,"T037","T037",-12.751111,-55.834167,2026-02-06,-76,28.7,85,9.5,1,2.35137525716348
2025-11-23,25.0083333333333,29.5,21.5,81.4583333333333,2.2,21.425,-55.75,-12.75,"T037","T037",-12.751111,-55.834167,2026-02-06,-75,29.5,81.4583333333333,2.2,1,1.16315080980568
2025-11-24,26.9958333333333,32.1,22.2,76.2916666666667,1.2,22.0875,-55.75,-12.75,"T037","T037",-12.751111,-55.834167,2026-02-06,-74,32.1,76.2916666666667,1.2,1,0.78845736036427
2025-11-25,24.6125,28.2,22.6,83.2916666666667,5,21.5,-55.75,-12.75,"T037","T037",-12.751111,-55.834167,2026-02-06,-73,28.2,83.2916666666667,5,1,1.79175946922805
2025-11-26,25.2458333333333,29.2,21.7,81.2916666666667,0.8,21.6541666666667,-55.75,-12.75,"T037","T037",-12.751111,-55.834167,2026-02-06,-72,29.2,81.2916666666667,0.8,0,0.587786664902119
2025-11-27,26.3,31.5,22.3,78.7916666666667,3,22.1041666666667,-55.75,-12.75,"T037","T037",-12.751111,-55.834167,2026-02-06,-71,31.5,78.7916666666667,3,1,1.38629436111989
2025-11-28,25.9625,30.6,22.6,76.875,1.7,21.3708333333333,-55.75,-12.75,"T037","T037",-12.751111,-55.834167,2026-02-06,-70,30.6,76.875,1.7,1,0.993251773010283
2025-11-29,26.4833333333333,32.4,21.9,74.75,0.3,21.2166666666667,-55.75,-12.75,"T037","T037",-12.751111,-55.834167,2026-02-06,-69,32.4,74.75,0.3,0,0.262364264467491
2025-11-30,25.35,29.1,22.6,81.125,3.7,21.7666666666667,-55.75,-12.75,"T037","T037",-12.751111,-55.834167,2026-02-06,-68,29.1,81.125,3.7,1,1.54756250871601
2025-12-01,25.5833333333333,30.7,21.6,78.3333333333333,1,21.2791666666667,-55.75,-12.75,"T037","T037",-12.751111,-55.834167,2026-02-06,-67,30.7,78.3333333333333,1,1,0.693147180559945
2025-12-02,26.2291666666667,31.3,22,76.4166666666667,5.9,21.4583333333333,-55.75,-12.75,"T037","T037",-12.751111,-55.834167,2026-02-06,-66,31.3,76.4166666666667,5.9,1,1.93152141160321
2025-12-03,24.3958333333333,27.3,22.4,85,17.9,21.6416666666667,-55.75,-12.75,"T037","T037",-12.751111,-55.834167,2026-02-06,-65,27.3,85,17.9,1,2.9391619220656
2025-12-04,25.3208333333333,30.7,22.2,80.25,3.4,21.3666666666667,-55.75,-12.75,"T037","T037",-12.751111,-55.834167,2026-02-06,-64,30.7,80.25,3.4,1,1.48160454092422
2025-12-05,23.6583333333333,25.9,22,89.375,27.1,21.7541666666667,-55.75,-12.75,"T037","T037",-12.751111,-55.834167,2026-02-06,-63,25.9,89.375,27.1,1,3.3357695763397
2025-12-06,23.725,26.4,21.7,90.8333333333333,17.5,22.0958333333333,-55.75,-12.75,"T037","T037",-12.751111,-55.834167,2026-02-06,-62,26.4,90.8333333333333,17.5,1,2.91777073208428
2025-12-07,23.8833333333333,27.1,21.9,88.5416666666667,8.2,21.825,-55.75,-12.75,"T037","T037",-12.751111,-55.834167,2026-02-06,-61,27.1,88.5416666666667,8.2,1,2.21920348405499
2025-12-08,23.4083333333333,27.5,21,90.375,17.4,21.6875,-55.75,-12.75,"T037","T037",-12.751111,-55.834167,2026-02-06,-60,27.5,90.375,17.4,1,2.91235066461494
2025-12-09,24.0791666666667,28.3,22,87.75,6.9,21.8,-55.75,-12.75,"T037","T037",-12.751111,-55.834167,2026-02-06,-59,28.3,87.75,6.9,1,2.06686275947298
2025-12-10,24.8541666666667,27.9,21.7,83.3333333333333,0.7,21.6583333333333,-55.75,-12.75,"T037","T037",-12.751111,-55.834167,2026-02-06,-58,27.9,83.3333333333333,0.7,0,0.53062825106217
2025-12-11,26.0166666666667,30.5,22.2,80,0.6,21.9666666666667,-55.75,-12.75,"T037","T037",-12.751111,-55.834167,2026-02-06,-57,30.5,80,0.6,0,0.470003629245736
2025-12-12,25.8125,30.6,22,81.8333333333333,2.1,22.2708333333333,-55.75,-12.75,"T037","T037",-12.751111,-55.834167,2026-02-06,-56,30.6,81.8333333333333,2.1,1,1.1314021114911
2025-12-13,25.35,29.2,22.5,85.75,6.1,22.6875,-55.75,-12.75,"T037","T037",-12.751111,-55.834167,2026-02-06,-55,29.2,85.75,6.1,1,1.96009478404727
2025-12-14,25.9583333333333,31.7,22.3,80.75,2.6,22.1541666666667,-55.75,-12.75,"T037","T037",-12.751111,-55.834167,2026-02-06,-54,31.7,80.75,2.6,1,1.28093384546206
2025-12-15,26.0125,30,22.8,82.375,6.6,22.6416666666667,-55.75,-12.75,"T037","T037",-12.751111,-55.834167,2026-02-06,-53,30,82.375,6.6,1,2.02814824729229
2025-12-16,25.6458333333333,29.3,22.6,85.9583333333333,20.3,23.0458333333333,-55.75,-12.75,"T037","T037",-12.751111,-55.834167,2026-02-06,-52,29.3,85.9583333333333,20.3,1,3.05870707271538
2025-12-17,25.2958333333333,30,21.6,82.875,7.1,22.0208333333333,-55.75,-12.75,"T037","T037",-12.751111,-55.834167,2026-02-06,-51,30,82.875,7.1,1,2.09186406167839
2025-12-18,24.2666666666667,26.8,22.8,88.2083333333333,10.6,22.15,-55.75,-12.75,"T037","T037",-12.751111,-55.834167,2026-02-06,-50,26.8,88.2083333333333,10.6,1,2.45100509811232
2025-12-19,24.5416666666667,27.3,22.8,87.6666666666667,19,22.2708333333333,-55.75,-12.75,"T037","T037",-12.751111,-55.834167,2026-02-06,-49,27.3,87.6666666666667,19,1,2.99573227355399
2025-12-20,23.8125,25.7,22.5,91.2916666666667,36.7,22.2791666666667,-55.75,-12.75,"T037","T037",-12.751111,-55.834167,2026-02-06,-48,25.7,91.2916666666667,36.7,1,3.62966009445396
2025-12-21,24.5916666666667,27.9,22.7,87.8333333333333,15.6,22.375,-55.75,-12.75,"T037","T037",-12.751111,-55.834167,2026-02-06,-47,27.9,87.8333333333333,15.6,1,2.8094026953625
2025-12-22,23.1208333333333,25.4,22.3,93,19,21.9333333333333,-55.75,-12.75,"T037","T037",-12.751111,-55.834167,2026-02-06,-46,25.4,93,19,1,2.99573227355399
2025-12-23,24.2125,27.9,22,86.5,8.5,21.6916666666667,-55.75,-12.75,"T037","T037",-12.751111,-55.834167,2026-02-06,-45,27.9,86.5,8.5,1,2.2512917986065
2025-12-24,25.2875,30.5,21.1,77.9166666666667,1.4,20.7833333333333,-55.75,-12.75,"T037","T037",-12.751111,-55.834167,2026-02-06,-44,30.5,77.9166666666667,1.4,1,0.8754687373539
2025-12-25,24.1333333333333,29,20.9,83.375,14.8,20.9833333333333,-55.75,-12.75,"T037","T037",-12.751111,-55.834167,2026-02-06,-43,29,83.375,14.8,1,2.76000994003292
2025-12-26,24.4208333333333,28.9,20.6,80.3333333333333,1.6,20.5791666666667,-55.75,-12.75,"T037","T037",-12.751111,-55.834167,2026-02-06,-42,28.9,80.3333333333333,1.6,1,0.955511445027436
2025-12-27,25.675,30.8,21.2,80.4166666666667,6.8,21.7708333333333,-55.75,-12.75,"T037","T037",-12.751111,-55.834167,2026-02-06,-41,30.8,80.4166666666667,6.8,1,2.05412373369555
2025-12-28,25.6666666666667,31.7,22.1,81.5416666666667,2.7,22.0083333333333,-55.75,-12.75,"T037","T037",-12.751111,-55.834167,2026-02-06,-40,31.7,81.5416666666667,2.7,1,1.30833281965018
2025-12-29,26.025,31.8,22.2,79.7916666666667,3,22.05,-55.75,-12.75,"T037","T037",-12.751111,-55.834167,2026-02-06,-39,31.8,79.7916666666667,3,1,1.38629436111989
2025-12-30,23.7666666666667,28.7,21.6,83.5,6.5,20.5791666666667,-55.75,-12.75,"T037","T037",-12.751111,-55.834167,2026-02-06,-38,28.7,83.5,6.5,1,2.01490302054226
2025-12-31,25.9541666666667,31.1,21.4,77.8333333333333,0,21.4791666666667,-55.75,-12.75,"T037","T037",-12.751111,-55.834167,2026-02-06,-37,31.1,77.8333333333333,0,0,0
2026-01-01,27.1083333333333,32.4,22.8,75.9166666666667,0.2,22.1958333333333,-55.75,-12.75,"T037","T037",-12.751111,-55.834167,2026-02-06,-36,32.4,75.9166666666667,0.2,0,0.182321556793955
2026-01-02,25.6666666666667,30.3,23,82.5416666666667,5.1,22.2875,-55.75,-12.75,"T037","T037",-12.751111,-55.834167,2026-02-06,-35,30.3,82.5416666666667,5.1,1,1.80828877117927
2026-01-03,25.525,30.5,21.9,83.7916666666667,16.2,22.35,-55.75,-12.75,"T037","T037",-12.751111,-55.834167,2026-02-06,-34,30.5,83.7916666666667,16.2,1,2.84490938381941
2026-01-04,24.2625,27.2,22.3,88.9583333333333,18.2,22.2875,-55.75,-12.75,"T037","T037",-12.751111,-55.834167,2026-02-06,-33,27.2,88.9583333333333,18.2,1,2.95491027903374
2026-01-05,24.3625,29.3,22,85.4583333333333,9.4,21.625,-55.75,-12.75,"T037","T037",-12.751111,-55.834167,2026-02-06,-32,29.3,85.4583333333333,9.4,1,2.34180580614733
2026-01-06,24.6958333333333,28.7,21.6,83.875,7.1,21.6875,-55.75,-12.75,"T037","T037",-12.751111,-55.834167,2026-02-06,-31,28.7,83.875,7.1,1,2.09186406167839
2026-01-07,23.9291666666667,27.5,21.9,88.0416666666667,10.8,21.7416666666667,-55.75,-12.75,"T037","T037",-12.751111,-55.834167,2026-02-06,-30,27.5,88.0416666666667,10.8,1,2.46809953147162
2026-01-08,24.7416666666667,29.3,21.8,81.4166666666667,4.8,21.125,-55.75,-12.75,"T037","T037",-12.751111,-55.834167,2026-02-06,-29,29.3,81.4166666666667,4.8,1,1.75785791755237
2026-01-09,26.0416666666667,31.9,21.4,76.3333333333333,0.6,21.1833333333333,-55.75,-12.75,"T037","T037",-12.751111,-55.834167,2026-02-06,-28,31.9,76.3333333333333,0.6,0,0.470003629245736
2026-01-10,26.9083333333333,33.2,21.3,73.5833333333333,0.9,21.3458333333333,-55.75,-12.75,"T037","T037",-12.751111,-55.834167,2026-02-06,-27,33.2,73.5833333333333,0.9,0,0.641853886172395
2026-01-11,24.8583333333333,30.6,21.5,83.5416666666667,14,21.7375,-55.75,-12.75,"T037","T037",-12.751111,-55.834167,2026-02-06,-26,30.6,83.5416666666667,14,1,2.70805020110221
2026-01-12,24.5541666666667,29.6,21.5,82.25,3.9,21.1375,-55.75,-12.75,"T037","T037",-12.751111,-55.834167,2026-02-06,-25,29.6,82.25,3.9,1,1.58923520511658
2026-01-13,25.0416666666667,29.7,21.5,80.4583333333333,1.5,21.2083333333333,-55.75,-12.75,"T037","T037",-12.751111,-55.834167,2026-02-06,-24,29.7,80.4583333333333,1.5,1,0.916290731874155
2026-01-14,24.5708333333333,28.9,21.4,83.4583333333333,8.8,21.4458333333333,-55.75,-12.75,"T037","T037",-12.751111,-55.834167,2026-02-06,-23,28.9,83.4583333333333,8.8,1,2.28238238567653
2026-01-15,25.5875,31.8,21.1,81.6666666666667,5.2,21.9083333333333,-55.75,-12.75,"T037","T037",-12.751111,-55.834167,2026-02-06,-22,31.8,81.6666666666667,5.2,1,1.82454929205105
2026-01-16,26.0375,32.5,21.7,77.1666666666667,0.3,21.3375,-55.75,-12.75,"T037","T037",-12.751111,-55.834167,2026-02-06,-21,32.5,77.1666666666667,0.3,0,0.262364264467491
2026-01-17,25.5166666666667,31.2,21.3,78.625,7,21.3583333333333,-55.75,-12.75,"T037","T037",-12.751111,-55.834167,2026-02-06,-20,31.2,78.625,7,1,2.07944154167984
2026-01-18,26.0208333333333,31.7,22.1,79.6666666666667,1.5,21.9333333333333,-55.75,-12.75,"T037","T037",-12.751111,-55.834167,2026-02-06,-19,31.7,79.6666666666667,1.5,1,0.916290731874155
2026-01-19,26.0333333333333,31.3,22.4,80.0416666666667,4.8,22.0333333333333,-55.75,-12.75,"T037","T037",-12.751111,-55.834167,2026-02-06,-18,31.3,80.0416666666667,4.8,1,1.75785791755237
2026-01-20,24.7708333333333,28.3,22.2,88.0833333333333,16.6,22.5916666666667,-55.75,-12.75,"T037","T037",-12.751111,-55.834167,2026-02-06,-17,28.3,88.0833333333333,16.6,1,2.86789890204411
2026-01-21,23.4416666666667,26.4,22.3,91,23.1,21.8875,-55.75,-12.75,"T037","T037",-12.751111,-55.834167,2026-02-06,-16,26.4,91,23.1,1,3.18221184049661
2026-01-22,24.3875,28.8,21.9,86.1666666666667,1.6,21.8,-55.75,-12.75,"T037","T037",-12.751111,-55.834167,2026-02-06,-15,28.8,86.1666666666667,1.6,1,0.955511445027436
2026-01-23,25.0125,29.7,21.6,85.125,1.7,22.2,-55.75,-12.75,"T037","T037",-12.751111,-55.834167,2026-02-06,-14,29.7,85.125,1.7,1,0.993251773010283
2026-01-24,24.8166666666667,28.5,22.1,84.7916666666667,3,21.9958333333333,-55.75,-12.75,"T037","T037",-12.751111,-55.834167,2026-02-06,-13,28.5,84.7916666666667,3,1,1.38629436111989
2026-01-25,24.1333333333333,28.3,22.2,88.625,4,22.05,-55.75,-12.75,"T037","T037",-12.751111,-55.834167,2026-02-06,-12,28.3,88.625,4,1,1.6094379124341
2026-01-26,26.1416666666667,32.1,21.7,80,1.8,22.1125,-55.75,-12.75,"T037","T037",-12.751111,-55.834167,2026-02-06,-11,32.1,80,1.8,1,1.02961941718116
2026-01-27,25.625,30.1,22.6,82.9166666666667,1.5,22.3833333333333,-55.75,-12.75,"T037","T037",-12.751111,-55.834167,2026-02-06,-10,30.1,82.9166666666667,1.5,1,0.916290731874155
2026-01-28,24.3166666666667,28.1,21.6,85.5833333333333,9.2,21.65,-55.75,-12.75,"T037","T037",-12.751111,-55.834167,2026-02-06,-9,28.1,85.5833333333333,9.2,1,2.32238772029023
2026-01-29,26.125,31.6,20.7,77.1666666666667,0.1,21.3666666666667,-55.75,-12.75,"T037","T037",-12.751111,-55.834167,2026-02-06,-8,31.6,77.1666666666667,0.1,0,0.0953101798043249
2026-01-30,26.45,32,23,77.5833333333333,0.8,21.9208333333333,-55.75,-12.75,"T037","T037",-12.751111,-55.834167,2026-02-06,-7,32,77.5833333333333,0.8,0,0.587786664902119
2026-01-31,25.9416666666667,31,22.5,83.0833333333333,6.7,22.6583333333333,-55.75,-12.75,"T037","T037",-12.751111,-55.834167,2026-02-06,-6,31,83.0833333333333,6.7,1,2.04122032885964
2026-02-01,25.5291666666667,31.3,22.1,84.2083333333333,11.9,22.4458333333333,-55.75,-12.75,"T037","T037",-12.751111,-55.834167,2026-02-06,-5,31.3,84.2083333333333,11.9,1,2.55722731136763
2026-02-02,24.2916666666667,28,22.6,88.5833333333333,8.1,22.2166666666667,-55.75,-12.75,"T037","T037",-12.751111,-55.834167,2026-02-06,-4,28,88.5833333333333,8.1,1,2.2082744135228
2026-02-03,24.275,27.7,22.2,86.1666666666667,3.2,21.6916666666667,-55.75,-12.75,"T037","T037",-12.751111,-55.834167,2026-02-06,-3,27.7,86.1666666666667,3.2,1,1.43508452528932
2026-02-04,24.1583333333333,28.6,21.6,77.875,0.3,19.8666666666667,-55.75,-12.75,"T037","T037",-12.751111,-55.834167,2026-02-06,-2,28.6,77.875,0.3,0,0.262364264467491
2026-02-05,25.3291666666667,30.4,20.9,75.9583333333333,2.8,20.4708333333333,-55.75,-12.75,"T037","T037",-12.751111,-55.834167,2026-02-06,-1,30.4,75.9583333333333,2.8,1,1.33500106673234
2025-12-06,23.9041666666667,27.2,21.7,91.5833333333333,15.9,22.4291666666667,-55.75,-12.5,"T038","T038",-12.543972,-55.710778,2026-02-24,-80,27.2,91.5833333333333,15.9,1,2.82731362192903
2025-12-07,24.1041666666667,27.3,22,87.7083333333333,8.3,21.8833333333333,-55.75,-12.5,"T038","T038",-12.543972,-55.710778,2026-02-24,-79,27.3,87.7083333333333,8.3,1,2.23001440015921
2025-12-08,23.4375,27.1,21.1,91.375,18.2,21.9041666666667,-55.75,-12.5,"T038","T038",-12.543972,-55.710778,2026-02-24,-78,27.1,91.375,18.2,1,2.95491027903374
2025-12-09,24.2583333333333,29.3,21.9,88.4583333333333,11.6,22.1125,-55.75,-12.5,"T038","T038",-12.543972,-55.710778,2026-02-24,-77,29.3,88.4583333333333,11.6,1,2.53369681395743
2025-12-10,24.6375,27.7,21.8,86.1666666666667,2.5,22.0625,-55.75,-12.5,"T038","T038",-12.543972,-55.710778,2026-02-24,-76,27.7,86.1666666666667,2.5,1,1.25276296849537
2025-12-11,25.7458333333333,30,22.2,82,1.9,22.1708333333333,-55.75,-12.5,"T038","T038",-12.543972,-55.710778,2026-02-24,-75,30,82,1.9,1,1.06471073699243
2025-12-12,25.6666666666667,30.5,22.2,83.5416666666667,1.9,22.4875,-55.75,-12.5,"T038","T038",-12.543972,-55.710778,2026-02-24,-74,30.5,83.5416666666667,1.9,1,1.06471073699243
2025-12-13,25.3125,29.3,22.5,86.5833333333333,3.6,22.7916666666667,-55.75,-12.5,"T038","T038",-12.543972,-55.710778,2026-02-24,-73,29.3,86.5833333333333,3.6,1,1.52605630349505
2025-12-14,26.0291666666667,32.2,22.2,81.4583333333333,3.2,22.3333333333333,-55.75,-12.5,"T038","T038",-12.543972,-55.710778,2026-02-24,-72,32.2,81.4583333333333,3.2,1,1.43508452528932
2025-12-15,26.1708333333333,30.4,22.8,82.9583333333333,4.2,22.9291666666667,-55.75,-12.5,"T038","T038",-12.543972,-55.710778,2026-02-24,-71,30.4,82.9583333333333,4.2,1,1.64865862558738
2025-12-16,25.8208333333333,29.3,22.9,85.9166666666667,15,23.1875,-55.75,-12.5,"T038","T038",-12.543972,-55.710778,2026-02-24,-70,29.3,85.9166666666667,15,1,2.77258872223978
2025-12-17,25.3708333333333,30.2,21.7,83.6666666666667,4.2,22.1875,-55.75,-12.5,"T038","T038",-12.543972,-55.710778,2026-02-24,-69,30.2,83.6666666666667,4.2,1,1.64865862558738
2025-12-18,24.0666666666667,25.9,22.7,91.5416666666667,17.6,22.5708333333333,-55.75,-12.5,"T038","T038",-12.543972,-55.710778,2026-02-24,-68,25.9,91.5416666666667,17.6,1,2.92316158071916
2025-12-19,24.5625,27.5,22.8,89.3333333333333,17.2,22.6125,-55.75,-12.5,"T038","T038",-12.543972,-55.710778,2026-02-24,-67,27.5,89.3333333333333,17.2,1,2.90142159408275
2025-12-20,23.9791666666667,25.9,22.7,92.0833333333333,30.2,22.5916666666667,-55.75,-12.5,"T038","T038",-12.543972,-55.710778,2026-02-24,-66,25.9,92.0833333333333,30.2,1,3.44041809481544
2025-12-21,24.7,28.1,22.6,89.2083333333333,16.3,22.7416666666667,-55.75,-12.5,"T038","T038",-12.543972,-55.710778,2026-02-24,-65,28.1,89.2083333333333,16.3,1,2.85070650150373
2025-12-22,22.9833333333333,24.5,22.4,95,21.5,22.1208333333333,-55.75,-12.5,"T038","T038",-12.543972,-55.710778,2026-02-24,-64,24.5,95,21.5,1,3.11351530921037
2025-12-23,24.275,28.3,22,87.375,10.4,21.9333333333333,-55.75,-12.5,"T038","T038",-12.543972,-55.710778,2026-02-24,-63,28.3,87.375,10.4,1,2.43361335540045
2025-12-24,25.3,30.5,21.2,78.9166666666667,1.4,21.0125,-55.75,-12.5,"T038","T038",-12.543972,-55.710778,2026-02-24,-62,30.5,78.9166666666667,1.4,1,0.8754687373539
2025-12-25,24.2083333333333,29.3,21.1,83.9583333333333,14.9,21.15,-55.75,-12.5,"T038","T038",-12.543972,-55.710778,2026-02-24,-61,29.3,83.9583333333333,14.9,1,2.76631910922619
2025-12-26,24.3958333333333,29.2,20.8,82.125,2.3,20.8958333333333,-55.75,-12.5,"T038","T038",-12.543972,-55.710778,2026-02-24,-60,29.2,82.125,2.3,1,1.19392246847243
2025-12-27,25.5583333333333,31.1,21.3,82.2916666666667,5.7,22.075,-55.75,-12.5,"T038","T038",-12.543972,-55.710778,2026-02-24,-59,31.1,82.2916666666667,5.7,1,1.90210752639692
2025-12-28,25.9708333333333,32.1,22.3,81.7916666666667,1.7,22.3541666666667,-55.75,-12.5,"T038","T038",-12.543972,-55.710778,2026-02-24,-58,32.1,81.7916666666667,1.7,1,0.993251773010283
2025-12-29,25.95,32.3,21.8,81.8333333333333,4.7,22.3,-55.75,-12.5,"T038","T038",-12.543972,-55.710778,2026-02-24,-57,32.3,81.8333333333333,4.7,1,1.7404661748405
2025-12-30,24.0166666666667,28.8,21.7,83.8333333333333,7.6,20.875,-55.75,-12.5,"T038","T038",-12.543972,-55.710778,2026-02-24,-56,28.8,83.8333333333333,7.6,1,2.15176220325946
2025-12-31,26.1875,31.5,21.5,77.5,0.4,21.5708333333333,-55.75,-12.5,"T038","T038",-12.543972,-55.710778,2026-02-24,-55,31.5,77.5,0.4,0,0.336472236621213
2026-01-01,27.275,32.8,23.5,76.9583333333333,0.5,22.6291666666667,-55.75,-12.5,"T038","T038",-12.543972,-55.710778,2026-02-24,-54,32.8,76.9583333333333,0.5,0,0.405465108108164
2026-01-02,25.6166666666667,29.9,23.1,83.9166666666667,3.6,22.5458333333333,-55.75,-12.5,"T038","T038",-12.543972,-55.710778,2026-02-24,-53,29.9,83.9166666666667,3.6,1,1.52605630349505
2026-01-03,25.5416666666667,30.3,21.9,84.5416666666667,12.6,22.525,-55.75,-12.5,"T038","T038",-12.543972,-55.710778,2026-02-24,-52,30.3,84.5416666666667,12.6,1,2.61006979274201
2026-01-04,23.9791666666667,26.2,22.5,90.4166666666667,18.2,22.3041666666667,-55.75,-12.5,"T038","T038",-12.543972,-55.710778,2026-02-24,-51,26.2,90.4166666666667,18.2,1,2.95491027903374
2026-01-05,24.4333333333333,29.6,22.1,86.0416666666667,6,21.8125,-55.75,-12.5,"T038","T038",-12.543972,-55.710778,2026-02-24,-50,29.6,86.0416666666667,6,1,1.94591014905531
2026-01-06,24.8333333333333,29,21.7,84,0.9,21.7666666666667,-55.75,-12.5,"T038","T038",-12.543972,-55.710778,2026-02-24,-49,29,84,0.9,0,0.641853886172395
2026-01-07,24.2,28.2,22.2,87.7916666666667,7.5,21.95,-55.75,-12.5,"T038","T038",-12.543972,-55.710778,2026-02-24,-48,28.2,87.7916666666667,7.5,1,2.14006616349627
2026-01-08,24.3916666666667,29,21.9,85.0416666666667,8.4,21.5625,-55.75,-12.5,"T038","T038",-12.543972,-55.710778,2026-02-24,-47,29,85.0416666666667,8.4,1,2.24070968927596
2026-01-09,26.2375,32,21.2,76.375,0.3,21.3166666666667,-55.75,-12.5,"T038","T038",-12.543972,-55.710778,2026-02-24,-46,32,76.375,0.3,0,0.262364264467491
2026-01-10,27.1541666666667,33.5,21.6,73.875,0.5,21.6416666666667,-55.75,-12.5,"T038","T038",-12.543972,-55.710778,2026-02-24,-45,33.5,73.875,0.5,0,0.405465108108164
2026-01-11,25.0666666666667,30.2,21.7,83.75,14.2,21.9791666666667,-55.75,-12.5,"T038","T038",-12.543972,-55.710778,2026-02-24,-44,30.2,83.75,14.2,1,2.72129542785223
2026-01-12,24.9,30.3,21.5,80.875,3.1,21.15,-55.75,-12.5,"T038","T038",-12.543972,-55.710778,2026-02-24,-43,30.3,80.875,3.1,1,1.41098697371026
2026-01-13,25.2,30.5,21.6,81.0416666666667,1.4,21.4708333333333,-55.75,-12.5,"T038","T038",-12.543972,-55.710778,2026-02-24,-42,30.5,81.0416666666667,1.4,1,0.8754687373539
2026-01-14,24.8416666666667,29.2,21.9,83.4166666666667,5.9,21.6625,-55.75,-12.5,"T038","T038",-12.543972,-55.710778,2026-02-24,-41,29.2,83.4166666666667,5.9,1,1.93152141160321
2026-01-15,25.7,32.2,21.3,82.125,6.1,22.125,-55.75,-12.5,"T038","T038",-12.543972,-55.710778,2026-02-24,-40,32.2,82.125,6.1,1,1.96009478404727
2026-01-16,26.25,32.9,21.9,77.1666666666667,0.2,21.5125,-55.75,-12.5,"T038","T038",-12.543972,-55.710778,2026-02-24,-39,32.9,77.1666666666667,0.2,0,0.182321556793955
2026-01-17,25.6791666666667,31.5,21.6,79.3333333333333,3,21.625,-55.75,-12.5,"T038","T038",-12.543972,-55.710778,2026-02-24,-38,31.5,79.3333333333333,3,1,1.38629436111989
2026-01-18,26.0291666666667,31.9,21.9,80.4583333333333,3,22.0541666666667,-55.75,-12.5,"T038","T038",-12.543972,-55.710778,2026-02-24,-37,31.9,80.4583333333333,3,1,1.38629436111989
2026-01-19,26.1666666666667,31.6,22.4,81.25,3.9,22.45,-55.75,-12.5,"T038","T038",-12.543972,-55.710778,2026-02-24,-36,31.6,81.25,3.9,1,1.58923520511658
2026-01-20,24.6416666666667,27.4,22.4,88.625,21.1,22.6041666666667,-55.75,-12.5,"T038","T038",-12.543972,-55.710778,2026-02-24,-35,27.4,88.625,21.1,1,3.09557760852371
2026-01-21,23.4166666666667,25.7,22.5,91.8333333333333,18.2,22.0166666666667,-55.75,-12.5,"T038","T038",-12.543972,-55.710778,2026-02-24,-34,25.7,91.8333333333333,18.2,1,2.95491027903374
2026-01-22,24.4583333333333,28.3,22,86.375,0.8,21.8666666666667,-55.75,-12.5,"T038","T038",-12.543972,-55.710778,2026-02-24,-33,28.3,86.375,0.8,0,0.587786664902119
2026-01-23,25.0833333333333,29.6,21.7,84.9583333333333,2.3,22.2125,-55.75,-12.5,"T038","T038",-12.543972,-55.710778,2026-02-24,-32,29.6,84.9583333333333,2.3,1,1.19392246847243
2026-01-24,24.5958333333333,28.2,22.1,86.7083333333333,5.1,22.1375,-55.75,-12.5,"T038","T038",-12.543972,-55.710778,2026-02-24,-31,28.2,86.7083333333333,5.1,1,1.80828877117927
2026-01-25,24.2083333333333,28.4,22.1,89.3333333333333,3.1,22.2541666666667,-55.75,-12.5,"T038","T038",-12.543972,-55.710778,2026-02-24,-30,28.4,89.3333333333333,3.1,1,1.41098697371026
2026-01-26,26.1958333333333,32.6,21.8,80.6666666666667,2.2,22.3166666666667,-55.75,-12.5,"T038","T038",-12.543972,-55.710778,2026-02-24,-29,32.6,80.6666666666667,2.2,1,1.16315080980568
2026-01-27,25.7083333333333,30.5,22.5,82.625,1.8,22.4125,-55.75,-12.5,"T038","T038",-12.543972,-55.710778,2026-02-24,-28,30.5,82.625,1.8,1,1.02961941718116
2026-01-28,24.375,27.9,21.8,86.7083333333333,5.7,21.9166666666667,-55.75,-12.5,"T038","T038",-12.543972,-55.710778,2026-02-24,-27,27.9,86.7083333333333,5.7,1,1.90210752639692
2026-01-29,26.2416666666667,31.9,20.8,77.1666666666667,0.4,21.4791666666667,-55.75,-12.5,"T038","T038",-12.543972,-55.710778,2026-02-24,-26,31.9,77.1666666666667,0.4,0,0.336472236621213
2026-01-30,26.4708333333333,32.3,22.9,78.6666666666667,2.2,22.1875,-55.75,-12.5,"T038","T038",-12.543972,-55.710778,2026-02-24,-25,32.3,78.6666666666667,2.2,1,1.16315080980568
2026-01-31,25.9,31.2,22.5,84.125,6.9,22.7958333333333,-55.75,-12.5,"T038","T038",-12.543972,-55.710778,2026-02-24,-24,31.2,84.125,6.9,1,2.06686275947298
2026-02-01,25.5666666666667,31.5,21.9,85.0416666666667,15,22.6666666666667,-55.75,-12.5,"T038","T038",-12.543972,-55.710778,2026-02-24,-23,31.5,85.0416666666667,15,1,2.77258872223978
2026-02-02,24.4291666666667,28.5,22.6,89.25,7.8,22.4541666666667,-55.75,-12.5,"T038","T038",-12.543972,-55.710778,2026-02-24,-22,28.5,89.25,7.8,1,2.17475172148416
2026-02-03,24.2041666666667,27.7,22.3,88.4583333333333,3.3,22.1041666666667,-55.75,-12.5,"T038","T038",-12.543972,-55.710778,2026-02-24,-21,27.7,88.4583333333333,3.3,1,1.45861502269952
2026-02-04,23.9416666666667,27.6,21.7,79,0.3,19.9291666666667,-55.75,-12.5,"T038","T038",-12.543972,-55.710778,2026-02-24,-20,27.6,79,0.3,0,0.262364264467491
2026-02-05,25.0291666666667,30.4,20.8,79.625,4,21,-55.75,-12.5,"T038","T038",-12.543972,-55.710778,2026-02-24,-19,30.4,79.625,4,1,1.6094379124341
2026-02-06,25.7791666666667,29.8,23.1,78.75,7.6,21.6458333333333,-55.75,-12.5,"T038","T038",-12.543972,-55.710778,2026-02-24,-18,29.8,78.75,7.6,1,2.15176220325946
2026-02-07,24.1916666666667,28.6,21.6,88.7083333333333,12.3,22.1416666666667,-55.75,-12.5,"T038","T038",-12.543972,-55.710778,2026-02-24,-17,28.6,88.7083333333333,12.3,1,2.58776403522771
2026-02-08,23.9875,26.9,22.2,89.7916666666667,15.2,22.1791666666667,-55.75,-12.5,"T038","T038",-12.543972,-55.710778,2026-02-24,-16,26.9,89.7916666666667,15.2,1,2.78501124223834
2026-02-09,23.1458333333333,25.4,21.9,93.6666666666667,29.9,22.0666666666667,-55.75,-12.5,"T038","T038",-12.543972,-55.710778,2026-02-24,-15,25.4,93.6666666666667,29.9,1,3.4307561839037
2026-02-10,23.1125,25.9,21.5,92.3333333333333,57.1,21.7625,-55.75,-12.5,"T038","T038",-12.543972,-55.710778,2026-02-24,-14,25.9,92.3333333333333,57.1,1,4.06216566385787
2026-02-11,24.0208333333333,28.4,21.2,88.9166666666667,11.8,21.9666666666667,-55.75,-12.5,"T038","T038",-12.543972,-55.710778,2026-02-24,-13,28.4,88.9166666666667,11.8,1,2.54944517092557
2026-02-12,23.5083333333333,25.9,22.4,94.2083333333333,13.6,22.4916666666667,-55.75,-12.5,"T038","T038",-12.543972,-55.710778,2026-02-24,-12,25.9,94.2083333333333,13.6,1,2.68102152871429
2026-02-13,24.2666666666667,27.2,21.7,87.8333333333333,11.7,22.0041666666667,-55.75,-12.5,"T038","T038",-12.543972,-55.710778,2026-02-24,-11,27.2,87.8333333333333,11.7,1,2.54160199346455
2026-02-14,25.9791666666667,31.4,21,78.5416666666667,0.1,21.6041666666667,-55.75,-12.5,"T038","T038",-12.543972,-55.710778,2026-02-24,-10,31.4,78.5416666666667,0.1,0,0.0953101798043249
2026-02-15,26.2541666666667,31.6,21.4,77.2083333333333,1.3,21.6833333333333,-55.75,-12.5,"T038","T038",-12.543972,-55.710778,2026-02-24,-9,31.6,77.2083333333333,1.3,1,0.832909122935104
2026-02-16,24.8708333333333,29.5,21.8,82.75,19,21.6291666666667,-55.75,-12.5,"T038","T038",-12.543972,-55.710778,2026-02-24,-8,29.5,82.75,19,1,2.99573227355399
2026-02-17,26.275,32.2,21.1,76.625,0.2,21.3833333333333,-55.75,-12.5,"T038","T038",-12.543972,-55.710778,2026-02-24,-7,32.2,76.625,0.2,0,0.182321556793955
2026-02-18,26.8291666666667,32.6,21.3,69.3333333333333,0,20.0541666666667,-55.75,-12.5,"T038","T038",-12.543972,-55.710778,2026-02-24,-6,32.6,69.3333333333333,0,0,0
2026-02-19,26.6458333333333,31.7,22.5,74.8333333333333,0.4,21.5541666666667,-55.75,-12.5,"T038","T038",-12.543972,-55.710778,2026-02-24,-5,31.7,74.8333333333333,0.4,0,0.336472236621213
2026-02-20,25.3375,28.4,22.4,82.375,3.8,22.0291666666667,-55.75,-12.5,"T038","T038",-12.543972,-55.710778,2026-02-24,-4,28.4,82.375,3.8,1,1.56861591791385
2026-02-21,25.6916666666667,31,21.8,79.9166666666667,29.2,21.7208333333333,-55.75,-12.5,"T038","T038",-12.543972,-55.710778,2026-02-24,-3,31,79.9166666666667,29.2,1,3.40784192438082
2026-02-22,24.7,30.2,22.7,87.5,20,22.3416666666667,-55.75,-12.5,"T038","T038",-12.543972,-55.710778,2026-02-24,-2,30.2,87.5,20,1,3.04452243772342
2026-02-23,24.7875,29.7,22.3,87.2083333333333,8.5,22.3125,-55.75,-12.5,"T038","T038",-12.543972,-55.710778,2026-02-24,-1,29.7,87.2083333333333,8.5,1,2.2512917986065
2025-11-27,26.1625,31,22,80.6666666666667,2.2,22.3708333333333,-56,-12.5,"T039","T039",-12.440806,-55.88775,2026-02-15,-80,31,80.6666666666667,2.2,1,1.16315080980568
2025-11-28,26.0583333333333,30.8,22.4,77.0833333333333,0,21.475,-56,-12.5,"T039","T039",-12.440806,-55.88775,2026-02-15,-79,30.8,77.0833333333333,0,0,0
2025-11-29,26.5583333333333,32.5,21.7,75.5416666666667,0.8,21.4125,-56,-12.5,"T039","T039",-12.440806,-55.88775,2026-02-15,-78,32.5,75.5416666666667,0.8,0,0.587786664902119
2025-11-30,24.6541666666667,28.6,21.8,85.5,4.9,21.9416666666667,-56,-12.5,"T039","T039",-12.440806,-55.88775,2026-02-15,-77,28.6,85.5,4.9,1,1.77495235091167
2025-12-01,24.9708333333333,30.4,20.7,81.625,1.4,21.3375,-56,-12.5,"T039","T039",-12.440806,-55.88775,2026-02-15,-76,30.4,81.625,1.4,1,0.8754687373539
2025-12-02,25.7083333333333,31.4,21.4,81.0833333333333,5.8,21.9416666666667,-56,-12.5,"T039","T039",-12.440806,-55.88775,2026-02-15,-75,31.4,81.0833333333333,5.8,1,1.91692261218206
2025-12-03,23.7541666666667,26.7,22.4,90.8333333333333,29.1,22.1083333333333,-56,-12.5,"T039","T039",-12.440806,-55.88775,2026-02-15,-74,26.7,90.8333333333333,29.1,1,3.40452517175483
2025-12-04,24.7291666666667,30.1,21.8,83.8333333333333,2.4,21.5833333333333,-56,-12.5,"T039","T039",-12.440806,-55.88775,2026-02-15,-73,30.1,83.8333333333333,2.4,1,1.22377543162212
2025-12-05,23.3666666666667,26.3,21.7,92.6666666666667,27.9,22.0833333333333,-56,-12.5,"T039","T039",-12.440806,-55.88775,2026-02-15,-72,26.3,92.6666666666667,27.9,1,3.36384159511839
2025-12-06,23.4416666666667,26.1,21.5,93.4166666666667,21.2,22.2708333333333,-56,-12.5,"T039","T039",-12.440806,-55.88775,2026-02-15,-71,26.1,93.4166666666667,21.2,1,3.10009228887823
2025-12-07,23.6541666666667,26.7,21.9,90.4583333333333,11.1,21.95,-56,-12.5,"T039","T039",-12.440806,-55.88775,2026-02-15,-70,26.7,90.4583333333333,11.1,1,2.4932054526027
2025-12-08,23.1375,27.2,20.7,94.5833333333333,21.1,22.2041666666667,-56,-12.5,"T039","T039",-12.440806,-55.88775,2026-02-15,-69,27.2,94.5833333333333,21.1,1,3.09557760852371
2025-12-09,23.9958333333333,29,21.8,89.4583333333333,11.1,22.0208333333333,-56,-12.5,"T039","T039",-12.440806,-55.88775,2026-02-15,-68,29,89.4583333333333,11.1,1,2.4932054526027
2025-12-10,24.35,27,21.7,87.75,1.1,22.0916666666667,-56,-12.5,"T039","T039",-12.440806,-55.88775,2026-02-15,-67,27,87.75,1.1,1,0.741937344729377
2025-12-11,25.5291666666667,30,21.7,81.5833333333333,0.7,21.8666666666667,-56,-12.5,"T039","T039",-12.440806,-55.88775,2026-02-15,-66,30,81.5833333333333,0.7,0,0.53062825106217
2025-12-12,25.2208333333333,30.3,21.5,84.8333333333333,2.6,22.3208333333333,-56,-12.5,"T039","T039",-12.440806,-55.88775,2026-02-15,-65,30.3,84.8333333333333,2.6,1,1.28093384546206
2025-12-13,24.975,29.9,22.2,87.3333333333333,9.9,22.5875,-56,-12.5,"T039","T039",-12.440806,-55.88775,2026-02-15,-64,29.9,87.3333333333333,9.9,1,2.3887627892351
2025-12-14,25.6833333333333,31.5,21.8,84.875,4.3,22.7625,-56,-12.5,"T039","T039",-12.440806,-55.88775,2026-02-15,-63,31.5,84.875,4.3,1,1.66770682055808
2025-12-15,25.8833333333333,30.2,22.4,84.8333333333333,6.3,23.0125,-56,-12.5,"T039","T039",-12.440806,-55.88775,2026-02-15,-62,30.2,84.8333333333333,6.3,1,1.98787434815435
2025-12-16,25.4333333333333,29.8,22.2,86.7083333333333,17.5,22.9291666666667,-56,-12.5,"T039","T039",-12.440806,-55.88775,2026-02-15,-61,29.8,86.7083333333333,17.5,1,2.91777073208428
2025-12-17,24.7,29.5,21.3,87.9583333333333,9.3,22.4791666666667,-56,-12.5,"T039","T039",-12.440806,-55.88775,2026-02-15,-60,29.5,87.9583333333333,9.3,1,2.33214389523559
2025-12-18,23.8083333333333,25.9,22.3,93.8333333333333,17,22.7333333333333,-56,-12.5,"T039","T039",-12.440806,-55.88775,2026-02-15,-59,25.9,93.8333333333333,17,1,2.89037175789616
2025-12-19,24.2333333333333,27.3,22.4,90.7083333333333,16.4,22.5833333333333,-56,-12.5,"T039","T039",-12.440806,-55.88775,2026-02-15,-58,27.3,90.7083333333333,16.4,1,2.85647020622048
2025-12-20,23.7,25.6,22.4,93,24.8,22.4833333333333,-56,-12.5,"T039","T039",-12.440806,-55.88775,2026-02-15,-57,25.6,93,24.8,1,3.25037449192757
2025-12-21,24.375,27.6,22.2,91.2083333333333,23,22.8041666666667,-56,-12.5,"T039","T039",-12.440806,-55.88775,2026-02-15,-56,27.6,91.2083333333333,23,1,3.17805383034795
2025-12-22,22.8458333333333,24.7,22,96.3333333333333,20.6,22.2333333333333,-56,-12.5,"T039","T039",-12.440806,-55.88775,2026-02-15,-55,24.7,96.3333333333333,20.6,1,3.07269331469012
2025-12-23,23.8833333333333,27.3,21.7,90.375,18.7,22.125,-56,-12.5,"T039","T039",-12.440806,-55.88775,2026-02-15,-54,27.3,90.375,18.7,1,2.98061863574394
2025-12-24,24.9416666666667,30,20.8,81.1666666666667,2.3,21.1541666666667,-56,-12.5,"T039","T039",-12.440806,-55.88775,2026-02-15,-53,30,81.1666666666667,2.3,1,1.19392246847243
2025-12-25,23.95,29.1,20.7,85,9,21.0916666666667,-56,-12.5,"T039","T039",-12.440806,-55.88775,2026-02-15,-52,29.1,85,9,1,2.30258509299405
2025-12-26,23.8541666666667,28.4,20.5,84.1666666666667,1.1,20.8041666666667,-56,-12.5,"T039","T039",-12.440806,-55.88775,2026-02-15,-51,28.4,84.1666666666667,1.1,1,0.741937344729377
2025-12-27,25.2625,31.1,20.8,82.5833333333333,2,21.8291666666667,-56,-12.5,"T039","T039",-12.440806,-55.88775,2026-02-15,-50,31.1,82.5833333333333,2,1,1.09861228866811
2025-12-28,25.7333333333333,32.1,21.7,81.4583333333333,0.9,22.0333333333333,-56,-12.5,"T039","T039",-12.440806,-55.88775,2026-02-15,-49,32.1,81.4583333333333,0.9,0,0.641853886172395
2025-12-29,25.8291666666667,32.1,21.8,83.2083333333333,4.2,22.4916666666667,-56,-12.5,"T039","T039",-12.440806,-55.88775,2026-02-15,-48,32.1,83.2083333333333,4.2,1,1.64865862558738
2025-12-30,23.65,28.4,21.3,86.0833333333333,8.1,21,-56,-12.5,"T039","T039",-12.440806,-55.88775,2026-02-15,-47,28.4,86.0833333333333,8.1,1,2.2082744135228
2025-12-31,25.9333333333333,31.7,20.5,77.5833333333333,0,21.3083333333333,-56,-12.5,"T039","T039",-12.440806,-55.88775,2026-02-15,-46,31.7,77.5833333333333,0,0,0
2026-01-01,26.9875,32.8,23.2,77.7083333333333,0.4,22.5166666666667,-56,-12.5,"T039","T039",-12.440806,-55.88775,2026-02-15,-45,32.8,77.7083333333333,0.4,0,0.336472236621213
2026-01-02,25.4375,30.2,22.8,84.4166666666667,3.3,22.4208333333333,-56,-12.5,"T039","T039",-12.440806,-55.88775,2026-02-15,-44,30.2,84.4166666666667,3.3,1,1.45861502269952
2026-01-03,25.3166666666667,30.5,21.7,85.75,18.4,22.4833333333333,-56,-12.5,"T039","T039",-12.440806,-55.88775,2026-02-15,-43,30.5,85.75,18.4,1,2.96527306606928
2026-01-04,23.6916666666667,26.4,22.1,92.5,15.5,22.3708333333333,-56,-12.5,"T039","T039",-12.440806,-55.88775,2026-02-15,-42,26.4,92.5,15.5,1,2.80336038090653
2026-01-05,24.1333333333333,29.8,21.7,86.7916666666667,8.9,21.6875,-56,-12.5,"T039","T039",-12.440806,-55.88775,2026-02-15,-41,29.8,86.7916666666667,8.9,1,2.29253475714054
2026-01-06,24.2041666666667,28.3,21.3,86.2083333333333,1.7,21.6166666666667,-56,-12.5,"T039","T039",-12.440806,-55.88775,2026-02-15,-40,28.3,86.2083333333333,1.7,1,0.993251773010283
2026-01-07,23.5041666666667,28.2,21.5,90.6666666666667,17.7,21.8291666666667,-56,-12.5,"T039","T039",-12.440806,-55.88775,2026-02-15,-39,28.2,90.6666666666667,17.7,1,2.92852352386054
2026-01-08,24,28.7,21.6,87.625,13.3,21.7083333333333,-56,-12.5,"T039","T039",-12.440806,-55.88775,2026-02-15,-38,28.7,87.625,13.3,1,2.66025953726586
2026-01-09,25.6125,31.8,20.7,79.625,0.6,21.3541666666667,-56,-12.5,"T039","T039",-12.440806,-55.88775,2026-02-15,-37,31.8,79.625,0.6,0,0.470003629245736
2026-01-10,26.9416666666667,33.6,21.6,75.875,0.4,21.8291666666667,-56,-12.5,"T039","T039",-12.440806,-55.88775,2026-02-15,-36,33.6,75.875,0.4,0,0.336472236621213
2026-01-11,24.9625,31,21.4,83.9583333333333,14.5,21.8583333333333,-56,-12.5,"T039","T039",-12.440806,-55.88775,2026-02-15,-35,31,83.9583333333333,14.5,1,2.7408400239252
2026-01-12,24.6083333333333,29.6,21.3,82.4583333333333,2.4,21.2333333333333,-56,-12.5,"T039","T039",-12.440806,-55.88775,2026-02-15,-34,29.6,82.4583333333333,2.4,1,1.22377543162212
2026-01-13,24.6583333333333,30.5,21.1,82.9166666666667,1.6,21.3416666666667,-56,-12.5,"T039","T039",-12.440806,-55.88775,2026-02-15,-33,30.5,82.9166666666667,1.6,1,0.955511445027436
2026-01-14,24.5,29.4,21.5,84.0833333333333,6.6,21.5291666666667,-56,-12.5,"T039","T039",-12.440806,-55.88775,2026-02-15,-32,29.4,84.0833333333333,6.6,1,2.02814824729229
2026-01-15,25.2583333333333,32.1,20.9,83.5416666666667,4.7,22.0125,-56,-12.5,"T039","T039",-12.440806,-55.88775,2026-02-15,-31,32.1,83.5416666666667,4.7,1,1.7404661748405
2026-01-16,26.1,32.8,21.4,77.25,0.1,21.3291666666667,-56,-12.5,"T039","T039",-12.440806,-55.88775,2026-02-15,-30,32.8,77.25,0.1,0,0.0953101798043249
2026-01-17,25.3375,31.5,21.2,79.875,4.2,21.3541666666667,-56,-12.5,"T039","T039",-12.440806,-55.88775,2026-02-15,-29,31.5,79.875,4.2,1,1.64865862558738
2026-01-18,25.7416666666667,32.1,21.6,82,4.1,22.075,-56,-12.5,"T039","T039",-12.440806,-55.88775,2026-02-15,-28,32.1,82,4.1,1,1.62924053973028
2026-01-19,25.975,31.7,22.3,82.5833333333333,1.5,22.4875,-56,-12.5,"T039","T039",-12.440806,-55.88775,2026-02-15,-27,31.7,82.5833333333333,1.5,1,0.916290731874155
2026-01-20,24.5375,27.7,22.4,89,17.1,22.5458333333333,-56,-12.5,"T039","T039",-12.440806,-55.88775,2026-02-15,-26,27.7,89,17.1,1,2.89591193827178
2026-01-21,23.2083333333333,25.7,22.1,93.1666666666667,17,22.0166666666667,-56,-12.5,"T039","T039",-12.440806,-55.88775,2026-02-15,-25,25.7,93.1666666666667,17,1,2.89037175789616
2026-01-22,24.3541666666667,28.5,21.8,87,3.1,21.9041666666667,-56,-12.5,"T039","T039",-12.440806,-55.88775,2026-02-15,-24,28.5,87,3.1,1,1.41098697371026
2026-01-23,24.8875,29.2,21.4,84.7916666666667,0.9,21.9916666666667,-56,-12.5,"T039","T039",-12.440806,-55.88775,2026-02-15,-23,29.2,84.7916666666667,0.9,0,0.641853886172395
2026-01-24,24.3166666666667,28.4,21.9,87.8333333333333,8.4,22.0583333333333,-56,-12.5,"T039","T039",-12.440806,-55.88775,2026-02-15,-22,28.4,87.8333333333333,8.4,1,2.24070968927596
2026-01-25,23.8583333333333,27.9,21.6,90.25,9.3,22.05,-56,-12.5,"T039","T039",-12.440806,-55.88775,2026-02-15,-21,27.9,90.25,9.3,1,2.33214389523559
2026-01-26,25.8208333333333,31.3,21.5,83.0416666666667,2.5,22.4791666666667,-56,-12.5,"T039","T039",-12.440806,-55.88775,2026-02-15,-20,31.3,83.0416666666667,2.5,1,1.25276296849537
2026-01-27,25.7166666666667,30.7,22.4,81.375,0.4,22.0708333333333,-56,-12.5,"T039","T039",-12.440806,-55.88775,2026-02-15,-19,30.7,81.375,0.4,0,0.336472236621213
2026-01-28,24.0375,27.4,21.3,87.8333333333333,8.5,21.8291666666667,-56,-12.5,"T039","T039",-12.440806,-55.88775,2026-02-15,-18,27.4,87.8333333333333,8.5,1,2.2512917986065
2026-01-29,25.825,31.8,20.1,80.25,0.4,21.7208333333333,-56,-12.5,"T039","T039",-12.440806,-55.88775,2026-02-15,-17,31.8,80.25,0.4,0,0.336472236621213
2026-01-30,26.2625,32.3,21.9,80.2083333333333,0.4,22.2375,-56,-12.5,"T039","T039",-12.440806,-55.88775,2026-02-15,-16,32.3,80.2083333333333,0.4,0,0.336472236621213
2026-01-31,25.7416666666667,31.4,22.2,83.375,5.1,22.4458333333333,-56,-12.5,"T039","T039",-12.440806,-55.88775,2026-02-15,-15,31.4,83.375,5.1,1,1.80828877117927
2026-02-01,25.4833333333333,31.9,21.7,85.9166666666667,15.8,22.725,-56,-12.5,"T039","T039",-12.440806,-55.88775,2026-02-15,-14,31.9,85.9166666666667,15.8,1,2.82137888640921
2026-02-02,24.2541666666667,29.1,22,88.9166666666667,8.7,22.1708333333333,-56,-12.5,"T039","T039",-12.440806,-55.88775,2026-02-15,-13,29.1,88.9166666666667,8.7,1,2.27212588550934
2026-02-03,24.3333333333333,28.6,22.1,86.7083333333333,1.1,21.8458333333333,-56,-12.5,"T039","T039",-12.440806,-55.88775,2026-02-15,-12,28.6,86.7083333333333,1.1,1,0.741937344729377
2026-02-04,23.9333333333333,28.1,21.3,79.75,0.7,19.9958333333333,-56,-12.5,"T039","T039",-12.440806,-55.88775,2026-02-15,-11,28.1,79.75,0.7,0,0.53062825106217
2026-02-05,24.9458333333333,31.2,20.4,79.9583333333333,0.8,20.8875,-56,-12.5,"T039","T039",-12.440806,-55.88775,2026-02-15,-10,31.2,79.9583333333333,0.8,0,0.587786664902119
2026-02-06,25.6958333333333,29.9,22.1,78.375,12.1,21.4041666666667,-56,-12.5,"T039","T039",-12.440806,-55.88775,2026-02-15,-9,29.9,78.375,12.1,1,2.57261223020711
2026-02-07,23.9875,28.9,21.5,89.4583333333333,10.2,22.0666666666667,-56,-12.5,"T039","T039",-12.440806,-55.88775,2026-02-15,-8,28.9,89.4583333333333,10.2,1,2.41591377830105
2026-02-08,23.6333333333333,26.6,21.9,92.4166666666667,13.4,22.325,-56,-12.5,"T039","T039",-12.440806,-55.88775,2026-02-15,-7,26.6,92.4166666666667,13.4,1,2.66722820658195
2026-02-09,22.8416666666667,24.9,21.7,96.6666666666667,35.9,22.2791666666667,-56,-12.5,"T039","T039",-12.440806,-55.88775,2026-02-15,-6,24.9,96.6666666666667,35.9,1,3.60821155104648
2026-02-10,22.9291666666667,26.3,21.5,94.0416666666667,35.9,21.875,-56,-12.5,"T039","T039",-12.440806,-55.88775,2026-02-15,-5,26.3,94.0416666666667,35.9,1,3.60821155104648
2026-02-11,23.7083333333333,28.3,21,90.5416666666667,11.5,21.9916666666667,-56,-12.5,"T039","T039",-12.440806,-55.88775,2026-02-15,-4,28.3,90.5416666666667,11.5,1,2.52572864430826
2026-02-12,23.1625,25.7,22.1,94.5833333333333,15.5,22.2291666666667,-56,-12.5,"T039","T039",-12.440806,-55.88775,2026-02-15,-3,25.7,94.5833333333333,15.5,1,2.80336038090653
2026-02-13,23.9958333333333,27.1,21.3,88.8333333333333,11,21.9666666666667,-56,-12.5,"T039","T039",-12.440806,-55.88775,2026-02-15,-2,27.1,88.8333333333333,11,1,2.484906649788
2026-02-14,25.7375,31.1,21.1,79.25,0.2,21.575,-56,-12.5,"T039","T039",-12.440806,-55.88775,2026-02-15,-1,31.1,79.25,0.2,0,0.182321556793955
2025-12-22,25.7083333333333,28.3,23.9,88.2083333333333,7,23.5166666666667,-60.75,-13.25,"T040","T040",-13.222225,-60.841394,2026-03-12,-80,28.3,88.2083333333333,7,1,2.07944154167984
2025-12-23,24.2541666666667,26.6,22.7,93.9166666666667,42.9,23.1958333333333,-60.75,-13.25,"T040","T040",-13.222225,-60.841394,2026-03-12,-79,26.6,93.9166666666667,42.9,1,3.78191432008113
2025-12-24,23.45,24.4,22.3,96.3333333333333,36.7,22.85,-60.75,-13.25,"T040","T040",-13.222225,-60.841394,2026-03-12,-78,24.4,96.3333333333333,36.7,1,3.62966009445396
2025-12-25,23.7416666666667,25.9,22.2,93,7.9,22.4916666666667,-60.75,-13.25,"T040","T040",-13.222225,-60.841394,2026-03-12,-77,25.9,93,7.9,1,2.18605127673809
2025-12-26,24.4958333333333,29.9,21.6,88.7083333333333,12.9,22.375,-60.75,-13.25,"T040","T040",-13.222225,-60.841394,2026-03-12,-76,29.9,88.7083333333333,12.9,1,2.63188884013665
2025-12-27,26.05,31.7,22,82.375,0.4,22.5375,-60.75,-13.25,"T040","T040",-13.222225,-60.841394,2026-03-12,-75,31.7,82.375,0.4,0,0.336472236621213
2025-12-28,26.5333333333333,30.9,23.3,84.4166666666667,9.1,23.55,-60.75,-13.25,"T040","T040",-13.222225,-60.841394,2026-03-12,-74,30.9,84.4166666666667,9.1,1,2.31253542384721
2025-12-29,25.3916666666667,29.7,21.9,86.4583333333333,5,22.825,-60.75,-13.25,"T040","T040",-13.222225,-60.841394,2026-03-12,-73,29.7,86.4583333333333,5,1,1.79175946922805
2025-12-30,26.1416666666667,30.3,22.4,84.5,14.1,23.1833333333333,-60.75,-13.25,"T040","T040",-13.222225,-60.841394,2026-03-12,-72,30.3,84.5,14.1,1,2.71469474382088
2025-12-31,26.5958333333333,31.8,23.4,80.7916666666667,1.6,22.8041666666667,-60.75,-13.25,"T040","T040",-13.222225,-60.841394,2026-03-12,-71,31.8,80.7916666666667,1.6,1,0.955511445027436
2026-01-01,26.675,32.8,22.9,81.2916666666667,7,22.9208333333333,-60.75,-13.25,"T040","T040",-13.222225,-60.841394,2026-03-12,-70,32.8,81.2916666666667,7,1,2.07944154167984
2026-01-02,24.5625,28.5,22.9,91.75,15.1,23.0916666666667,-60.75,-13.25,"T040","T040",-13.222225,-60.841394,2026-03-12,-69,28.5,91.75,15.1,1,2.77881927199042
2026-01-03,26.4041666666667,32.1,22.2,84.5833333333333,6.8,23.3791666666667,-60.75,-13.25,"T040","T040",-13.222225,-60.841394,2026-03-12,-68,32.1,84.5833333333333,6.8,1,2.05412373369555
2026-01-04,24.1541666666667,26.5,22.9,93.5833333333333,10.4,23.05,-60.75,-13.25,"T040","T040",-13.222225,-60.841394,2026-03-12,-67,26.5,93.5833333333333,10.4,1,2.43361335540045
2026-01-05,25.9833333333333,31.3,22.7,87.75,2.4,23.6083333333333,-60.75,-13.25,"T040","T040",-13.222225,-60.841394,2026-03-12,-66,31.3,87.75,2.4,1,1.22377543162212
2026-01-06,25.1833333333333,28.9,22.3,88.1666666666667,7.3,23.0083333333333,-60.75,-13.25,"T040","T040",-13.222225,-60.841394,2026-03-12,-65,28.9,88.1666666666667,7.3,1,2.11625551480255
2026-01-07,25.4375,30.4,22.6,85.4583333333333,8.1,22.7208333333333,-60.75,-13.25,"T040","T040",-13.222225,-60.841394,2026-03-12,-64,30.4,85.4583333333333,8.1,1,2.2082744135228
2026-01-08,25.25,29.8,21.4,84.7083333333333,10.9,22.3291666666667,-60.75,-13.25,"T040","T040",-13.222225,-60.841394,2026-03-12,-63,29.8,84.7083333333333,10.9,1,2.47653840011748
2026-01-09,25.5083333333333,30.5,22.7,87.25,8.3,23.1208333333333,-60.75,-13.25,"T040","T040",-13.222225,-60.841394,2026-03-12,-62,30.5,87.25,8.3,1,2.23001440015921
2026-01-10,25.8583333333333,31.3,22.4,84.5,7.1,22.8208333333333,-60.75,-13.25,"T040","T040",-13.222225,-60.841394,2026-03-12,-61,31.3,84.5,7.1,1,2.09186406167839
2026-01-11,25.0166666666667,30.7,21.9,86.125,5.5,22.3875,-60.75,-13.25,"T040","T040",-13.222225,-60.841394,2026-03-12,-60,30.7,86.125,5.5,1,1.87180217690159
2026-01-12,24.8958333333333,28.9,22.1,87.6666666666667,22,22.5916666666667,-60.75,-13.25,"T040","T040",-13.222225,-60.841394,2026-03-12,-59,28.9,87.6666666666667,22,1,3.13549421592915
2026-01-13,25.4625,30.9,22.5,84.8333333333333,4.3,22.5208333333333,-60.75,-13.25,"T040","T040",-13.222225,-60.841394,2026-03-12,-58,30.9,84.8333333333333,4.3,1,1.66770682055808
2026-01-14,24.9083333333333,29.5,22.5,85.7083333333333,9.6,22.1375,-60.75,-13.25,"T040","T040",-13.222225,-60.841394,2026-03-12,-57,29.5,85.7083333333333,9.6,1,2.36085400111802
2026-01-15,26.725,33,21.6,79.375,0.5,22.4416666666667,-60.75,-13.25,"T040","T040",-13.222225,-60.841394,2026-03-12,-56,33,79.375,0.5,0,0.405465108108164
2026-01-16,26.1166666666667,31.1,22.8,83.0416666666667,6.6,22.8458333333333,-60.75,-13.25,"T040","T040",-13.222225,-60.841394,2026-03-12,-55,31.1,83.0416666666667,6.6,1,2.02814824729229
2026-01-17,26.2541666666667,31.6,22.6,80.5833333333333,4.6,22.3291666666667,-60.75,-13.25,"T040","T040",-13.222225,-60.841394,2026-03-12,-54,31.6,80.5833333333333,4.6,1,1.7227665977411
2026-01-18,26.8958333333333,32.4,21.9,81.9583333333333,2.4,23.225,-60.75,-13.25,"T040","T040",-13.222225,-60.841394,2026-03-12,-53,32.4,81.9583333333333,2.4,1,1.22377543162212
2026-01-19,26.4416666666667,30.2,24,84.4583333333333,6.9,23.4958333333333,-60.75,-13.25,"T040","T040",-13.222225,-60.841394,2026-03-12,-52,30.2,84.4583333333333,6.9,1,2.06686275947298
2026-01-20,25.625,31,22.3,89.7083333333333,14.3,23.7,-60.75,-13.25,"T040","T040",-13.222225,-60.841394,2026-03-12,-51,31,89.7083333333333,14.3,1,2.72785282839839
2026-01-21,25.3125,29,22.8,90.2916666666667,23.1,23.5083333333333,-60.75,-13.25,"T040","T040",-13.222225,-60.841394,2026-03-12,-50,29,90.2916666666667,23.1,1,3.18221184049661
2026-01-22,25.8458333333333,31,22.9,86.3333333333333,9.8,23.2583333333333,-60.75,-13.25,"T040","T040",-13.222225,-60.841394,2026-03-12,-49,31,86.3333333333333,9.8,1,2.37954613413017
2026-01-23,26.1625,31.4,22.4,83.8333333333333,2.6,23.025,-60.75,-13.25,"T040","T040",-13.222225,-60.841394,2026-03-12,-48,31.4,83.8333333333333,2.6,1,1.28093384546206
2026-01-24,26.1333333333333,30.3,22.7,86.25,6.4,23.5458333333333,-60.75,-13.25,"T040","T040",-13.222225,-60.841394,2026-03-12,-47,30.3,86.25,6.4,1,2.00148000021012
2026-01-25,24.3083333333333,27.1,22.7,93.4166666666667,15.5,23.1583333333333,-60.75,-13.25,"T040","T040",-13.222225,-60.841394,2026-03-12,-46,27.1,93.4166666666667,15.5,1,2.80336038090653
2026-01-26,25.4208333333333,31.3,22.5,87.875,7.3,23.1291666666667,-60.75,-13.25,"T040","T040",-13.222225,-60.841394,2026-03-12,-45,31.3,87.875,7.3,1,2.11625551480255
2026-01-27,25.625,30.4,23,87.125,14.1,23.2041666666667,-60.75,-13.25,"T040","T040",-13.222225,-60.841394,2026-03-12,-44,30.4,87.125,14.1,1,2.71469474382088
2026-01-28,24.5083333333333,29.8,21.8,89.2916666666667,5.2,22.5041666666667,-60.75,-13.25,"T040","T040",-13.222225,-60.841394,2026-03-12,-43,29.8,89.2916666666667,5.2,1,1.82454929205105
2026-01-29,26.2625,31,22.8,83.625,0.7,23.0458333333333,-60.75,-13.25,"T040","T040",-13.222225,-60.841394,2026-03-12,-42,31,83.625,0.7,0,0.53062825106217
2026-01-30,26.5,31.7,23.2,84,17.5,23.3125,-60.75,-13.25,"T040","T040",-13.222225,-60.841394,2026-03-12,-41,31.7,84,17.5,1,2.91777073208428
2026-01-31,26.4375,32.2,22.4,86.4166666666667,10.1,23.7875,-60.75,-13.25,"T040","T040",-13.222225,-60.841394,2026-03-12,-40,32.2,86.4166666666667,10.1,1,2.40694510831829
2026-02-01,26.3708333333333,30.9,23.4,83.9166666666667,9.2,23.2541666666667,-60.75,-13.25,"T040","T040",-13.222225,-60.841394,2026-03-12,-39,30.9,83.9166666666667,9.2,1,2.32238772029023
2026-02-02,25.7458333333333,30.2,23,87.4166666666667,12,23.3791666666667,-60.75,-13.25,"T040","T040",-13.222225,-60.841394,2026-03-12,-38,30.2,87.4166666666667,12,1,2.56494935746154
2026-02-03,26.7375,31,23.7,77.5416666666667,2.8,22.2041666666667,-60.75,-13.25,"T040","T040",-13.222225,-60.841394,2026-03-12,-37,31,77.5416666666667,2.8,1,1.33500106673234
2026-02-04,26.8125,30.7,24.1,83.375,4.6,23.7,-60.75,-13.25,"T040","T040",-13.222225,-60.841394,2026-03-12,-36,30.7,83.375,4.6,1,1.7227665977411
2026-02-05,26.6958333333333,30.5,24,84.9166666666667,7.1,23.8291666666667,-60.75,-13.25,"T040","T040",-13.222225,-60.841394,2026-03-12,-35,30.5,84.9166666666667,7.1,1,2.09186406167839
2026-02-06,27.25,32.4,23.1,80.7083333333333,0.4,23.3291666666667,-60.75,-13.25,"T040","T040",-13.222225,-60.841394,2026-03-12,-34,32.4,80.7083333333333,0.4,0,0.336472236621213
2026-02-07,25.4208333333333,28.9,23.1,85.2083333333333,4.4,22.6583333333333,-60.75,-13.25,"T040","T040",-13.222225,-60.841394,2026-03-12,-33,28.9,85.2083333333333,4.4,1,1.68639895357023
2026-02-08,25.6625,29.6,22.4,85.5416666666667,4.1,22.8625,-60.75,-13.25,"T040","T040",-13.222225,-60.841394,2026-03-12,-32,29.6,85.5416666666667,4.1,1,1.62924053973028
2026-02-09,25.1541666666667,28.5,23.1,88.2083333333333,13.6,23.0083333333333,-60.75,-13.25,"T040","T040",-13.222225,-60.841394,2026-03-12,-31,28.5,88.2083333333333,13.6,1,2.68102152871429
2026-02-10,24.4541666666667,28.4,22.7,88.5833333333333,14.2,22.4166666666667,-60.75,-13.25,"T040","T040",-13.222225,-60.841394,2026-03-12,-30,28.4,88.5833333333333,14.2,1,2.72129542785223
2026-02-11,24.5458333333333,28.5,22,86.9166666666667,3.9,22.1291666666667,-60.75,-13.25,"T040","T040",-13.222225,-60.841394,2026-03-12,-29,28.5,86.9166666666667,3.9,1,1.58923520511658
2026-02-12,24.1583333333333,27,22.1,91.7916666666667,16,22.7083333333333,-60.75,-13.25,"T040","T040",-13.222225,-60.841394,2026-03-12,-28,27,91.7916666666667,16,1,2.83321334405622
2026-02-13,24.6583333333333,28.4,22.1,90.25,16.1,22.9041666666667,-60.75,-13.25,"T040","T040",-13.222225,-60.841394,2026-03-12,-27,28.4,90.25,16.1,1,2.83907846350861
2026-02-14,25.0458333333333,29.9,22.3,88.875,16.7,22.925,-60.75,-13.25,"T040","T040",-13.222225,-60.841394,2026-03-12,-26,29.9,88.875,16.7,1,2.87356463957978
2026-02-15,24.9416666666667,28.3,22.4,88.25,2.9,22.7625,-60.75,-13.25,"T040","T040",-13.222225,-60.841394,2026-03-12,-25,28.3,88.25,2.9,1,1.3609765531356
2026-02-16,24.4375,27.6,22.5,89.0416666666667,2.9,22.4,-60.75,-13.25,"T040","T040",-13.222225,-60.841394,2026-03-12,-24,27.6,89.0416666666667,2.9,1,1.3609765531356
2026-02-17,25.8791666666667,32,21.4,83.875,5.8,22.5958333333333,-60.75,-13.25,"T040","T040",-13.222225,-60.841394,2026-03-12,-23,32,83.875,5.8,1,1.91692261218206
2026-02-18,26.775,31.9,22.7,82.9583333333333,1.7,23.3041666666667,-60.75,-13.25,"T040","T040",-13.222225,-60.841394,2026-03-12,-22,31.9,82.9583333333333,1.7,1,0.993251773010283
2026-02-19,26.0375,30.2,23,83.5833333333333,1.3,22.8583333333333,-60.75,-13.25,"T040","T040",-13.222225,-60.841394,2026-03-12,-21,30.2,83.5833333333333,1.3,1,0.832909122935104
2026-02-20,26.3541666666667,31,22.5,82.2916666666667,1.3,22.7958333333333,-60.75,-13.25,"T040","T040",-13.222225,-60.841394,2026-03-12,-20,31,82.2916666666667,1.3,1,0.832909122935104
2026-02-21,26.1166666666667,30.9,22.8,84,12.1,22.9583333333333,-60.75,-13.25,"T040","T040",-13.222225,-60.841394,2026-03-12,-19,30.9,84,12.1,1,2.57261223020711
2026-02-22,24.8375,29.2,22.7,90.0833333333333,27.8,23.025,-60.75,-13.25,"T040","T040",-13.222225,-60.841394,2026-03-12,-18,29.2,90.0833333333333,27.8,1,3.3603753871419
2026-02-23,25.0708333333333,29.2,22,86.4166666666667,8.2,22.4916666666667,-60.75,-13.25,"T040","T040",-13.222225,-60.841394,2026-03-12,-17,29.2,86.4166666666667,8.2,1,2.21920348405499
2026-02-24,24.375,27.5,22.2,90.25,9,22.6208333333333,-60.75,-13.25,"T040","T040",-13.222225,-60.841394,2026-03-12,-16,27.5,90.25,9,1,2.30258509299405
2026-02-25,25.3375,30.7,22.5,83.7916666666667,11.6,22.2333333333333,-60.75,-13.25,"T040","T040",-13.222225,-60.841394,2026-03-12,-15,30.7,83.7916666666667,11.6,1,2.53369681395743
2026-02-26,25.1916666666667,28.8,22.7,83.3333333333333,1.3,21.9708333333333,-60.75,-13.25,"T040","T040",-13.222225,-60.841394,2026-03-12,-14,28.8,83.3333333333333,1.3,1,0.832909122935104
2026-02-27,26.35,32.3,21.5,79.375,0.7,22.1708333333333,-60.75,-13.25,"T040","T040",-13.222225,-60.841394,2026-03-12,-13,32.3,79.375,0.7,0,0.53062825106217
2026-02-28,26.675,31.5,23.3,85.0416666666667,3.8,23.8166666666667,-60.75,-13.25,"T040","T040",-13.222225,-60.841394,2026-03-12,-12,31.5,85.0416666666667,3.8,1,1.56861591791385
2026-03-01,25.2833333333333,28.9,22.8,89,8.5,23.2,-60.75,-13.25,"T040","T040",-13.222225,-60.841394,2026-03-12,-11,28.9,89,8.5,1,2.2512917986065
2026-03-02,25.5458333333333,31.1,22.3,86.7083333333333,2,22.9583333333333,-60.75,-13.25,"T040","T040",-13.222225,-60.841394,2026-03-12,-10,31.1,86.7083333333333,2,1,1.09861228866811
2026-03-03,26.3458333333333,30.9,23.6,85.5416666666667,2.9,23.6,-60.75,-13.25,"T040","T040",-13.222225,-60.841394,2026-03-12,-9,30.9,85.5416666666667,2.9,1,1.3609765531356
2026-03-04,24.8041666666667,28.6,22.7,92,16.8,23.3458333333333,-60.75,-13.25,"T040","T040",-13.222225,-60.841394,2026-03-12,-8,28.6,92,16.8,1,2.87919845729804
2026-03-05,23.925,27.9,22.3,95.125,21.3,23.075,-60.75,-13.25,"T040","T040",-13.222225,-60.841394,2026-03-12,-7,27.9,95.125,21.3,1,3.10458667846607
2026-03-06,25.1541666666667,29.3,22,88.9583333333333,11.1,23.1166666666667,-60.75,-13.25,"T040","T040",-13.222225,-60.841394,2026-03-12,-6,29.3,88.9583333333333,11.1,1,2.4932054526027
2026-03-07,25.6666666666667,30.8,22.6,86.375,8,23.0833333333333,-60.75,-13.25,"T040","T040",-13.222225,-60.841394,2026-03-12,-5,30.8,86.375,8,1,2.19722457733622
2026-03-08,25.775,31,22.7,86,11.1,23.15,-60.75,-13.25,"T040","T040",-13.222225,-60.841394,2026-03-12,-4,31,86,11.1,1,2.4932054526027
2026-03-09,24.0833333333333,26.6,22.3,90.5,8,22.3833333333333,-60.75,-13.25,"T040","T040",-13.222225,-60.841394,2026-03-12,-3,26.6,90.5,8,1,2.19722457733622
2026-03-10,24.9416666666667,29.2,22.9,89.5833333333333,8.1,23.0041666666667,-60.75,-13.25,"T040","T040",-13.222225,-60.841394,2026-03-12,-2,29.2,89.5833333333333,8.1,1,2.2082744135228
2026-03-11,24.7541666666667,28.2,22.5,91.6666666666667,12,23.275,-60.75,-13.25,"T040","T040",-13.222225,-60.841394,2026-03-12,-1,28.2,91.6666666666667,12,1,2.56494935746154
2022-11-20,25.7166666666667,31.1,21.9,76.3333333333333,2.3,20.9416666666667,-56,-12.5,"V001","V001",-12.440805555072,-55.88775,2023-02-08,-80,31.1,76.3333333333333,2.3,1,1.19392246847243
2022-11-21,25.7541666666667,31.5,21.3,74.9166666666667,9.3,20.575,-56,-12.5,"V001","V001",-12.440805555072,-55.88775,2023-02-08,-79,31.5,74.9166666666667,9.3,1,2.33214389523559
2022-11-22,24.3958333333333,29.3,21.4,82.7083333333333,8.5,21.0458333333333,-56,-12.5,"V001","V001",-12.440805555072,-55.88775,2023-02-08,-78,29.3,82.7083333333333,8.5,1,2.2512917986065
2022-11-23,25.1916666666667,30,21.6,84.6666666666667,19,22.2625,-56,-12.5,"V001","V001",-12.440805555072,-55.88775,2023-02-08,-77,30,84.6666666666667,19,1,2.99573227355399
2022-11-24,24.7958333333333,29.5,22.1,84.625,1.8,21.825,-56,-12.5,"V001","V001",-12.440805555072,-55.88775,2023-02-08,-76,29.5,84.625,1.8,1,1.02961941718116
2022-11-25,24.6333333333333,29.7,21.6,88.75,7.9,22.5,-56,-12.5,"V001","V001",-12.440805555072,-55.88775,2023-02-08,-75,29.7,88.75,7.9,1,2.18605127673809
2022-11-26,25.2208333333333,29.6,22.3,87.3333333333333,14.9,22.8541666666667,-56,-12.5,"V001","V001",-12.440805555072,-55.88775,2023-02-08,-74,29.6,87.3333333333333,14.9,1,2.76631910922619
2022-11-27,26.0583333333333,31.1,21.7,80.25,0.4,22.15,-56,-12.5,"V001","V001",-12.440805555072,-55.88775,2023-02-08,-73,31.1,80.25,0.4,0,0.336472236621213
2022-11-28,26.525,33.1,21.5,73.2916666666667,0.2,20.6416666666667,-56,-12.5,"V001","V001",-12.440805555072,-55.88775,2023-02-08,-72,33.1,73.2916666666667,0.2,0,0.182321556793955
2022-11-29,25.7875,30.8,21.7,79.4166666666667,1.3,21.7625,-56,-12.5,"V001","V001",-12.440805555072,-55.88775,2023-02-08,-71,30.8,79.4166666666667,1.3,1,0.832909122935104
2022-11-30,24.8291666666667,30.8,21,78.7083333333333,11.1,20.525,-56,-12.5,"V001","V001",-12.440805555072,-55.88775,2023-02-08,-70,30.8,78.7083333333333,11.1,1,2.4932054526027
2022-12-01,23.9458333333333,31.2,20.7,86.125,18.5,21.2833333333333,-56,-12.5,"V001","V001",-12.440805555072,-55.88775,2023-02-08,-69,31.2,86.125,18.5,1,2.9704144655697
2022-12-02,25.1291666666667,30.3,21,80.5416666666667,4.3,21.2375,-56,-12.5,"V001","V001",-12.440805555072,-55.88775,2023-02-08,-68,30.3,80.5416666666667,4.3,1,1.66770682055808
2022-12-03,24.5291666666667,29,22.3,86.1666666666667,7.8,21.9583333333333,-56,-12.5,"V001","V001",-12.440805555072,-55.88775,2023-02-08,-67,29,86.1666666666667,7.8,1,2.17475172148416
2022-12-04,23.7875,27.1,22.1,89.75,11.6,21.9583333333333,-56,-12.5,"V001","V001",-12.440805555072,-55.88775,2023-02-08,-66,27.1,89.75,11.6,1,2.53369681395743
2022-12-05,23.4,26.6,21.6,90.6666666666667,7.3,21.6791666666667,-56,-12.5,"V001","V001",-12.440805555072,-55.88775,2023-02-08,-65,26.6,90.6666666666667,7.3,1,2.11625551480255
2022-12-06,25.15,30.7,21.4,79.5,3.4,20.9875,-56,-12.5,"V001","V001",-12.440805555072,-55.88775,2023-02-08,-64,30.7,79.5,3.4,1,1.48160454092422
2022-12-07,25.6291666666667,30.5,22.6,83.75,5.8,22.5208333333333,-56,-12.5,"V001","V001",-12.440805555072,-55.88775,2023-02-08,-63,30.5,83.75,5.8,1,1.91692261218206
2022-12-08,26.2625,32.1,20.6,77.625,0.5,21.5458333333333,-56,-12.5,"V001","V001",-12.440805555072,-55.88775,2023-02-08,-62,32.1,77.625,0.5,0,0.405465108108164
2022-12-09,24.5333333333333,27.7,22.4,88,12.3,22.3416666666667,-56,-12.5,"V001","V001",-12.440805555072,-55.88775,2023-02-08,-61,27.7,88,12.3,1,2.58776403522771
2022-12-10,24.2625,28.5,21.3,85.0833333333333,0.2,21.4458333333333,-56,-12.5,"V001","V001",-12.440805555072,-55.88775,2023-02-08,-60,28.5,85.0833333333333,0.2,0,0.182321556793955
2022-12-11,24.7958333333333,30.7,21.9,81.9166666666667,2.5,21.2333333333333,-56,-12.5,"V001","V001",-12.440805555072,-55.88775,2023-02-08,-59,30.7,81.9166666666667,2.5,1,1.25276296849537
2022-12-12,24.9333333333333,30.6,21.2,83.625,0.9,21.7083333333333,-56,-12.5,"V001","V001",-12.440805555072,-55.88775,2023-02-08,-58,30.6,83.625,0.9,0,0.641853886172395
2022-12-13,25.4791666666667,31.9,21.8,82.75,7.4,22.05,-56,-12.5,"V001","V001",-12.440805555072,-55.88775,2023-02-08,-57,31.9,82.75,7.4,1,2.12823170584927
2022-12-14,24.4333333333333,28.5,21.4,84.0833333333333,4,21.4083333333333,-56,-12.5,"V001","V001",-12.440805555072,-55.88775,2023-02-08,-56,28.5,84.0833333333333,4,1,1.6094379124341
2022-12-15,24.5958333333333,28.1,21.8,87.6666666666667,16.7,22.3,-56,-12.5,"V001","V001",-12.440805555072,-55.88775,2023-02-08,-55,28.1,87.6666666666667,16.7,1,2.87356463957978
2022-12-16,22.175,24.4,21,94.375,32.3,21.1916666666667,-56,-12.5,"V001","V001",-12.440805555072,-55.88775,2023-02-08,-54,24.4,94.375,32.3,1,3.5055573969864
2022-12-17,23.725,27.8,20.5,86.4166666666667,10.9,21.225,-56,-12.5,"V001","V001",-12.440805555072,-55.88775,2023-02-08,-53,27.8,86.4166666666667,10.9,1,2.47653840011748
2022-12-18,24.15,27.8,22.1,89.0416666666667,16.3,22.1708333333333,-56,-12.5,"V001","V001",-12.440805555072,-55.88775,2023-02-08,-52,27.8,89.0416666666667,16.3,1,2.85070650150373
2022-12-19,23.7291666666667,27.8,21.4,88.75,16.1,21.6958333333333,-56,-12.5,"V001","V001",-12.440805555072,-55.88775,2023-02-08,-51,27.8,88.75,16.1,1,2.83907846350861
2022-12-20,23.975,28.1,21.4,88.25,4.3,21.8458333333333,-56,-12.5,"V001","V001",-12.440805555072,-55.88775,2023-02-08,-50,28.1,88.25,4.3,1,1.66770682055808
2022-12-21,23.5583333333333,26.1,22.2,92,14.4,22.1541666666667,-56,-12.5,"V001","V001",-12.440805555072,-55.88775,2023-02-08,-49,26.1,92,14.4,1,2.73436750941958
2022-12-22,23.5125,27.5,21.4,87.5833333333333,5.4,21.2708333333333,-56,-12.5,"V001","V001",-12.440805555072,-55.88775,2023-02-08,-48,27.5,87.5833333333333,5.4,1,1.85629799036563
2022-12-23,23.4916666666667,27.3,21.2,90.7083333333333,10.3,21.8291666666667,-56,-12.5,"V001","V001",-12.440805555072,-55.88775,2023-02-08,-47,27.3,90.7083333333333,10.3,1,2.42480272571829
2022-12-24,24.3416666666667,28.7,21.9,87.9583333333333,4.6,22.1083333333333,-56,-12.5,"V001","V001",-12.440805555072,-55.88775,2023-02-08,-46,28.7,87.9583333333333,4.6,1,1.7227665977411
2022-12-25,23.8041666666667,27.1,21.1,90.125,13.5,22.025,-56,-12.5,"V001","V001",-12.440805555072,-55.88775,2023-02-08,-45,27.1,90.125,13.5,1,2.67414864942653
2022-12-26,24.5708333333333,29.2,22.3,87.75,6.1,22.2875,-56,-12.5,"V001","V001",-12.440805555072,-55.88775,2023-02-08,-44,29.2,87.75,6.1,1,1.96009478404727
2022-12-27,23.6833333333333,26.1,22.4,91.2083333333333,22.3,22.1416666666667,-56,-12.5,"V001","V001",-12.440805555072,-55.88775,2023-02-08,-43,26.1,91.2083333333333,22.3,1,3.14845336057165
2022-12-28,23.05,24.4,22,95.4583333333333,22.5,22.3,-56,-12.5,"V001","V001",-12.440805555072,-55.88775,2023-02-08,-42,24.4,95.4583333333333,22.5,1,3.15700042115011
2022-12-29,23.1208333333333,25.3,22,94.3333333333333,56.9,22.1333333333333,-56,-12.5,"V001","V001",-12.440805555072,-55.88775,2023-02-08,-41,25.3,94.3333333333333,56.9,1,4.05871738457895
2022-12-30,23.8458333333333,26.6,21.8,89.7083333333333,11.1,21.9958333333333,-56,-12.5,"V001","V001",-12.440805555072,-55.88775,2023-02-08,-40,26.6,89.7083333333333,11.1,1,2.4932054526027
2022-12-31,24.0875,28.2,21.6,89.625,16,22.2541666666667,-56,-12.5,"V001","V001",-12.440805555072,-55.88775,2023-02-08,-39,28.2,89.625,16,1,2.83321334405622
2023-01-01,25.7375,30.8,20.8,80.5833333333333,0.5,21.85,-56,-12.5,"V001","V001",-12.440805555072,-55.88775,2023-02-08,-38,30.8,80.5833333333333,0.5,0,0.405465108108164
2023-01-02,23.9958333333333,27.1,21.9,89.4583333333333,18,22.0958333333333,-56,-12.5,"V001","V001",-12.440805555072,-55.88775,2023-02-08,-37,27.1,89.4583333333333,18,1,2.94443897916644
2023-01-03,24.3833333333333,28.7,21.5,85.9166666666667,2.8,21.7583333333333,-56,-12.5,"V001","V001",-12.440805555072,-55.88775,2023-02-08,-36,28.7,85.9166666666667,2.8,1,1.33500106673234
2023-01-04,24.0541666666667,28.2,21.4,87.9166666666667,10.1,21.8041666666667,-56,-12.5,"V001","V001",-12.440805555072,-55.88775,2023-02-08,-35,28.2,87.9166666666667,10.1,1,2.40694510831829
2023-01-05,23.3291666666667,26.4,21.5,92.7916666666667,31.5,22.05,-56,-12.5,"V001","V001",-12.440805555072,-55.88775,2023-02-08,-34,26.4,92.7916666666667,31.5,1,3.48124008933569
2023-01-06,23.1708333333333,26.5,21.1,89.75,5.7,21.3041666666667,-56,-12.5,"V001","V001",-12.440805555072,-55.88775,2023-02-08,-33,26.5,89.75,5.7,1,1.90210752639692
2023-01-07,23.6083333333333,28.9,21.5,88.6666666666667,3.9,21.5791666666667,-56,-12.5,"V001","V001",-12.440805555072,-55.88775,2023-02-08,-32,28.9,88.6666666666667,3.9,1,1.58923520511658
2023-01-08,23.6875,27,21,86.5,1.6,21.2,-56,-12.5,"V001","V001",-12.440805555072,-55.88775,2023-02-08,-31,27,86.5,1.6,1,0.955511445027436
2023-01-09,24.1291666666667,28.5,21.2,82.5416666666667,1.2,20.8,-56,-12.5,"V001","V001",-12.440805555072,-55.88775,2023-02-08,-30,28.5,82.5416666666667,1.2,1,0.78845736036427
2023-01-10,23.2916666666667,27.7,21.2,89.5,6,21.3875,-56,-12.5,"V001","V001",-12.440805555072,-55.88775,2023-02-08,-29,27.7,89.5,6,1,1.94591014905531
2023-01-11,24.5708333333333,31.2,19.9,82.3333333333333,0,21.0958333333333,-56,-12.5,"V001","V001",-12.440805555072,-55.88775,2023-02-08,-28,31.2,82.3333333333333,0,0,0
2023-01-12,23.925,27.7,21.1,87.7916666666667,8.1,21.7208333333333,-56,-12.5,"V001","V001",-12.440805555072,-55.88775,2023-02-08,-27,27.7,87.7916666666667,8.1,1,2.2082744135228
2023-01-13,23.3958333333333,27.3,21.1,91.625,15.3,21.9166666666667,-56,-12.5,"V001","V001",-12.440805555072,-55.88775,2023-02-08,-26,27.3,91.625,15.3,1,2.79116510781272
2023-01-14,23.9958333333333,28.3,21.1,85.5416666666667,5.2,21.2541666666667,-56,-12.5,"V001","V001",-12.440805555072,-55.88775,2023-02-08,-25,28.3,85.5416666666667,5.2,1,1.82454929205105
2023-01-15,24.8375,30,20.7,82.0833333333333,2.6,21.3125,-56,-12.5,"V001","V001",-12.440805555072,-55.88775,2023-02-08,-24,30,82.0833333333333,2.6,1,1.28093384546206
2023-01-16,24.8458333333333,30.8,21.1,82.25,2.1,21.3458333333333,-56,-12.5,"V001","V001",-12.440805555072,-55.88775,2023-02-08,-23,30.8,82.25,2.1,1,1.1314021114911
2023-01-17,24.6458333333333,30.4,20.1,79.9583333333333,1.9,20.6208333333333,-56,-12.5,"V001","V001",-12.440805555072,-55.88775,2023-02-08,-22,30.4,79.9583333333333,1.9,1,1.06471073699243
2023-01-18,24.65,29.8,20.6,81.6666666666667,6.6,21.05,-56,-12.5,"V001","V001",-12.440805555072,-55.88775,2023-02-08,-21,29.8,81.6666666666667,6.6,1,2.02814824729229
2023-01-19,24.2833333333333,30,20.5,80.9166666666667,4.6,20.4458333333333,-56,-12.5,"V001","V001",-12.440805555072,-55.88775,2023-02-08,-20,30,80.9166666666667,4.6,1,1.7227665977411
2023-01-20,25.0458333333333,30.4,21.1,77.4583333333333,0.7,20.4708333333333,-56,-12.5,"V001","V001",-12.440805555072,-55.88775,2023-02-08,-19,30.4,77.4583333333333,0.7,0,0.53062825106217
2023-01-21,24.9,29.8,21.6,80.0833333333333,5.6,21.0125,-56,-12.5,"V001","V001",-12.440805555072,-55.88775,2023-02-08,-18,29.8,80.0833333333333,5.6,1,1.88706964903238
2023-01-22,24.6791666666667,30.3,21.2,84.5416666666667,5.3,21.625,-56,-12.5,"V001","V001",-12.440805555072,-55.88775,2023-02-08,-17,30.3,84.5416666666667,5.3,1,1.84054963339749
2023-01-23,24.6416666666667,29.4,21.8,85.5416666666667,3.1,21.8541666666667,-56,-12.5,"V001","V001",-12.440805555072,-55.88775,2023-02-08,-16,29.4,85.5416666666667,3.1,1,1.41098697371026
2023-01-24,23.9333333333333,28.4,21.3,84.4583333333333,0.9,21.0291666666667,-56,-12.5,"V001","V001",-12.440805555072,-55.88775,2023-02-08,-15,28.4,84.4583333333333,0.9,0,0.641853886172395
2023-01-25,23.9,26.6,21.1,87.4583333333333,1.2,21.6041666666667,-56,-12.5,"V001","V001",-12.440805555072,-55.88775,2023-02-08,-14,26.6,87.4583333333333,1.2,1,0.78845736036427
2023-01-26,24.1083333333333,28.5,21.8,90.6666666666667,21.1,22.425,-56,-12.5,"V001","V001",-12.440805555072,-55.88775,2023-02-08,-13,28.5,90.6666666666667,21.1,1,3.09557760852371
2023-01-27,22.65,24.6,21.1,92.9583333333333,17.1,21.4083333333333,-56,-12.5,"V001","V001",-12.440805555072,-55.88775,2023-02-08,-12,24.6,92.9583333333333,17.1,1,2.89591193827178
2023-01-28,22.6625,26.2,21.2,92.9583333333333,9.6,21.4125,-56,-12.5,"V001","V001",-12.440805555072,-55.88775,2023-02-08,-11,26.2,92.9583333333333,9.6,1,2.36085400111802
2023-01-29,23.9,28.4,21.3,84.9583333333333,6.7,21.0375,-56,-12.5,"V001","V001",-12.440805555072,-55.88775,2023-02-08,-10,28.4,84.9583333333333,6.7,1,2.04122032885964
2023-01-30,25.1666666666667,31.2,20.4,83.125,4.8,21.8083333333333,-56,-12.5,"V001","V001",-12.440805555072,-55.88775,2023-02-08,-9,31.2,83.125,4.8,1,1.75785791755237
2023-01-31,24.1833333333333,28.2,21.3,86.0833333333333,12.1,21.575,-56,-12.5,"V001","V001",-12.440805555072,-55.88775,2023-02-08,-8,28.2,86.0833333333333,12.1,1,2.57261223020711
2023-02-01,25.5583333333333,31.1,21.7,79.9583333333333,0.6,21.5375,-56,-12.5,"V001","V001",-12.440805555072,-55.88775,2023-02-08,-7,31.1,79.9583333333333,0.6,0,0.470003629245736
2023-02-02,26.5166666666667,32.3,21.8,76.875,2.5,21.6,-56,-12.5,"V001","V001",-12.440805555072,-55.88775,2023-02-08,-6,32.3,76.875,2.5,1,1.25276296849537
2023-02-03,26.2916666666667,31.9,22.2,79.4166666666667,9,22.0708333333333,-56,-12.5,"V001","V001",-12.440805555072,-55.88775,2023-02-08,-5,31.9,79.4166666666667,9,1,2.30258509299405
2023-02-04,23.2,26.4,21.6,87.2916666666667,5.3,20.8583333333333,-56,-12.5,"V001","V001",-12.440805555072,-55.88775,2023-02-08,-4,26.4,87.2916666666667,5.3,1,1.84054963339749
2023-02-05,25.4791666666667,31.6,21,79.875,1.9,21.3666666666667,-56,-12.5,"V001","V001",-12.440805555072,-55.88775,2023-02-08,-3,31.6,79.875,1.9,1,1.06471073699243
2023-02-06,24.6166666666667,30.6,22.1,82.625,8.1,21.3,-56,-12.5,"V001","V001",-12.440805555072,-55.88775,2023-02-08,-2,30.6,82.625,8.1,1,2.2082744135228
2023-02-07,24.7541666666667,31.2,21.3,82.625,11.3,21.2875,-56,-12.5,"V001","V001",-12.440805555072,-55.88775,2023-02-08,-1,31.2,82.625,11.3,1,2.50959926237837
2022-12-03,24.5291666666667,29,22.3,86.1666666666667,7.8,21.9583333333333,-56,-12.5,"V002","V002",-12.440805555072,-55.88775,2023-02-21,-80,29,86.1666666666667,7.8,1,2.17475172148416
2022-12-04,23.7875,27.1,22.1,89.75,11.6,21.9583333333333,-56,-12.5,"V002","V002",-12.440805555072,-55.88775,2023-02-21,-79,27.1,89.75,11.6,1,2.53369681395743
2022-12-05,23.4,26.6,21.6,90.6666666666667,7.3,21.6791666666667,-56,-12.5,"V002","V002",-12.440805555072,-55.88775,2023-02-21,-78,26.6,90.6666666666667,7.3,1,2.11625551480255
2022-12-06,25.15,30.7,21.4,79.5,3.4,20.9875,-56,-12.5,"V002","V002",-12.440805555072,-55.88775,2023-02-21,-77,30.7,79.5,3.4,1,1.48160454092422
2022-12-07,25.6291666666667,30.5,22.6,83.75,5.8,22.5208333333333,-56,-12.5,"V002","V002",-12.440805555072,-55.88775,2023-02-21,-76,30.5,83.75,5.8,1,1.91692261218206
2022-12-08,26.2625,32.1,20.6,77.625,0.5,21.5458333333333,-56,-12.5,"V002","V002",-12.440805555072,-55.88775,2023-02-21,-75,32.1,77.625,0.5,0,0.405465108108164
2022-12-09,24.5333333333333,27.7,22.4,88,12.3,22.3416666666667,-56,-12.5,"V002","V002",-12.440805555072,-55.88775,2023-02-21,-74,27.7,88,12.3,1,2.58776403522771
2022-12-10,24.2625,28.5,21.3,85.0833333333333,0.2,21.4458333333333,-56,-12.5,"V002","V002",-12.440805555072,-55.88775,2023-02-21,-73,28.5,85.0833333333333,0.2,0,0.182321556793955
2022-12-11,24.7958333333333,30.7,21.9,81.9166666666667,2.5,21.2333333333333,-56,-12.5,"V002","V002",-12.440805555072,-55.88775,2023-02-21,-72,30.7,81.9166666666667,2.5,1,1.25276296849537
2022-12-12,24.9333333333333,30.6,21.2,83.625,0.9,21.7083333333333,-56,-12.5,"V002","V002",-12.440805555072,-55.88775,2023-02-21,-71,30.6,83.625,0.9,0,0.641853886172395
2022-12-13,25.4791666666667,31.9,21.8,82.75,7.4,22.05,-56,-12.5,"V002","V002",-12.440805555072,-55.88775,2023-02-21,-70,31.9,82.75,7.4,1,2.12823170584927
2022-12-14,24.4333333333333,28.5,21.4,84.0833333333333,4,21.4083333333333,-56,-12.5,"V002","V002",-12.440805555072,-55.88775,2023-02-21,-69,28.5,84.0833333333333,4,1,1.6094379124341
2022-12-15,24.5958333333333,28.1,21.8,87.6666666666667,16.7,22.3,-56,-12.5,"V002","V002",-12.440805555072,-55.88775,2023-02-21,-68,28.1,87.6666666666667,16.7,1,2.87356463957978
2022-12-16,22.175,24.4,21,94.375,32.3,21.1916666666667,-56,-12.5,"V002","V002",-12.440805555072,-55.88775,2023-02-21,-67,24.4,94.375,32.3,1,3.5055573969864
2022-12-17,23.725,27.8,20.5,86.4166666666667,10.9,21.225,-56,-12.5,"V002","V002",-12.440805555072,-55.88775,2023-02-21,-66,27.8,86.4166666666667,10.9,1,2.47653840011748
2022-12-18,24.15,27.8,22.1,89.0416666666667,16.3,22.1708333333333,-56,-12.5,"V002","V002",-12.440805555072,-55.88775,2023-02-21,-65,27.8,89.0416666666667,16.3,1,2.85070650150373
2022-12-19,23.7291666666667,27.8,21.4,88.75,16.1,21.6958333333333,-56,-12.5,"V002","V002",-12.440805555072,-55.88775,2023-02-21,-64,27.8,88.75,16.1,1,2.83907846350861
2022-12-20,23.975,28.1,21.4,88.25,4.3,21.8458333333333,-56,-12.5,"V002","V002",-12.440805555072,-55.88775,2023-02-21,-63,28.1,88.25,4.3,1,1.66770682055808
2022-12-21,23.5583333333333,26.1,22.2,92,14.4,22.1541666666667,-56,-12.5,"V002","V002",-12.440805555072,-55.88775,2023-02-21,-62,26.1,92,14.4,1,2.73436750941958
2022-12-22,23.5125,27.5,21.4,87.5833333333333,5.4,21.2708333333333,-56,-12.5,"V002","V002",-12.440805555072,-55.88775,2023-02-21,-61,27.5,87.5833333333333,5.4,1,1.85629799036563
2022-12-23,23.4916666666667,27.3,21.2,90.7083333333333,10.3,21.8291666666667,-56,-12.5,"V002","V002",-12.440805555072,-55.88775,2023-02-21,-60,27.3,90.7083333333333,10.3,1,2.42480272571829
2022-12-24,24.3416666666667,28.7,21.9,87.9583333333333,4.6,22.1083333333333,-56,-12.5,"V002","V002",-12.440805555072,-55.88775,2023-02-21,-59,28.7,87.9583333333333,4.6,1,1.7227665977411
2022-12-25,23.8041666666667,27.1,21.1,90.125,13.5,22.025,-56,-12.5,"V002","V002",-12.440805555072,-55.88775,2023-02-21,-58,27.1,90.125,13.5,1,2.67414864942653
2022-12-26,24.5708333333333,29.2,22.3,87.75,6.1,22.2875,-56,-12.5,"V002","V002",-12.440805555072,-55.88775,2023-02-21,-57,29.2,87.75,6.1,1,1.96009478404727
2022-12-27,23.6833333333333,26.1,22.4,91.2083333333333,22.3,22.1416666666667,-56,-12.5,"V002","V002",-12.440805555072,-55.88775,2023-02-21,-56,26.1,91.2083333333333,22.3,1,3.14845336057165
2022-12-28,23.05,24.4,22,95.4583333333333,22.5,22.3,-56,-12.5,"V002","V002",-12.440805555072,-55.88775,2023-02-21,-55,24.4,95.4583333333333,22.5,1,3.15700042115011
2022-12-29,23.1208333333333,25.3,22,94.3333333333333,56.9,22.1333333333333,-56,-12.5,"V002","V002",-12.440805555072,-55.88775,2023-02-21,-54,25.3,94.3333333333333,56.9,1,4.05871738457895
2022-12-30,23.8458333333333,26.6,21.8,89.7083333333333,11.1,21.9958333333333,-56,-12.5,"V002","V002",-12.440805555072,-55.88775,2023-02-21,-53,26.6,89.7083333333333,11.1,1,2.4932054526027
2022-12-31,24.0875,28.2,21.6,89.625,16,22.2541666666667,-56,-12.5,"V002","V002",-12.440805555072,-55.88775,2023-02-21,-52,28.2,89.625,16,1,2.83321334405622
2023-01-01,25.7375,30.8,20.8,80.5833333333333,0.5,21.85,-56,-12.5,"V002","V002",-12.440805555072,-55.88775,2023-02-21,-51,30.8,80.5833333333333,0.5,0,0.405465108108164
2023-01-02,23.9958333333333,27.1,21.9,89.4583333333333,18,22.0958333333333,-56,-12.5,"V002","V002",-12.440805555072,-55.88775,2023-02-21,-50,27.1,89.4583333333333,18,1,2.94443897916644
2023-01-03,24.3833333333333,28.7,21.5,85.9166666666667,2.8,21.7583333333333,-56,-12.5,"V002","V002",-12.440805555072,-55.88775,2023-02-21,-49,28.7,85.9166666666667,2.8,1,1.33500106673234
2023-01-04,24.0541666666667,28.2,21.4,87.9166666666667,10.1,21.8041666666667,-56,-12.5,"V002","V002",-12.440805555072,-55.88775,2023-02-21,-48,28.2,87.9166666666667,10.1,1,2.40694510831829
2023-01-05,23.3291666666667,26.4,21.5,92.7916666666667,31.5,22.05,-56,-12.5,"V002","V002",-12.440805555072,-55.88775,2023-02-21,-47,26.4,92.7916666666667,31.5,1,3.48124008933569
2023-01-06,23.1708333333333,26.5,21.1,89.75,5.7,21.3041666666667,-56,-12.5,"V002","V002",-12.440805555072,-55.88775,2023-02-21,-46,26.5,89.75,5.7,1,1.90210752639692
2023-01-07,23.6083333333333,28.9,21.5,88.6666666666667,3.9,21.5791666666667,-56,-12.5,"V002","V002",-12.440805555072,-55.88775,2023-02-21,-45,28.9,88.6666666666667,3.9,1,1.58923520511658
2023-01-08,23.6875,27,21,86.5,1.6,21.2,-56,-12.5,"V002","V002",-12.440805555072,-55.88775,2023-02-21,-44,27,86.5,1.6,1,0.955511445027436
2023-01-09,24.1291666666667,28.5,21.2,82.5416666666667,1.2,20.8,-56,-12.5,"V002","V002",-12.440805555072,-55.88775,2023-02-21,-43,28.5,82.5416666666667,1.2,1,0.78845736036427
2023-01-10,23.2916666666667,27.7,21.2,89.5,6,21.3875,-56,-12.5,"V002","V002",-12.440805555072,-55.88775,2023-02-21,-42,27.7,89.5,6,1,1.94591014905531
2023-01-11,24.5708333333333,31.2,19.9,82.3333333333333,0,21.0958333333333,-56,-12.5,"V002","V002",-12.440805555072,-55.88775,2023-02-21,-41,31.2,82.3333333333333,0,0,0
2023-01-12,23.925,27.7,21.1,87.7916666666667,8.1,21.7208333333333,-56,-12.5,"V002","V002",-12.440805555072,-55.88775,2023-02-21,-40,27.7,87.7916666666667,8.1,1,2.2082744135228
2023-01-13,23.3958333333333,27.3,21.1,91.625,15.3,21.9166666666667,-56,-12.5,"V002","V002",-12.440805555072,-55.88775,2023-02-21,-39,27.3,91.625,15.3,1,2.79116510781272
2023-01-14,23.9958333333333,28.3,21.1,85.5416666666667,5.2,21.2541666666667,-56,-12.5,"V002","V002",-12.440805555072,-55.88775,2023-02-21,-38,28.3,85.5416666666667,5.2,1,1.82454929205105
2023-01-15,24.8375,30,20.7,82.0833333333333,2.6,21.3125,-56,-12.5,"V002","V002",-12.440805555072,-55.88775,2023-02-21,-37,30,82.0833333333333,2.6,1,1.28093384546206
2023-01-16,24.8458333333333,30.8,21.1,82.25,2.1,21.3458333333333,-56,-12.5,"V002","V002",-12.440805555072,-55.88775,2023-02-21,-36,30.8,82.25,2.1,1,1.1314021114911
2023-01-17,24.6458333333333,30.4,20.1,79.9583333333333,1.9,20.6208333333333,-56,-12.5,"V002","V002",-12.440805555072,-55.88775,2023-02-21,-35,30.4,79.9583333333333,1.9,1,1.06471073699243
2023-01-18,24.65,29.8,20.6,81.6666666666667,6.6,21.05,-56,-12.5,"V002","V002",-12.440805555072,-55.88775,2023-02-21,-34,29.8,81.6666666666667,6.6,1,2.02814824729229
2023-01-19,24.2833333333333,30,20.5,80.9166666666667,4.6,20.4458333333333,-56,-12.5,"V002","V002",-12.440805555072,-55.88775,2023-02-21,-33,30,80.9166666666667,4.6,1,1.7227665977411
2023-01-20,25.0458333333333,30.4,21.1,77.4583333333333,0.7,20.4708333333333,-56,-12.5,"V002","V002",-12.440805555072,-55.88775,2023-02-21,-32,30.4,77.4583333333333,0.7,0,0.53062825106217
2023-01-21,24.9,29.8,21.6,80.0833333333333,5.6,21.0125,-56,-12.5,"V002","V002",-12.440805555072,-55.88775,2023-02-21,-31,29.8,80.0833333333333,5.6,1,1.88706964903238
2023-01-22,24.6791666666667,30.3,21.2,84.5416666666667,5.3,21.625,-56,-12.5,"V002","V002",-12.440805555072,-55.88775,2023-02-21,-30,30.3,84.5416666666667,5.3,1,1.84054963339749
2023-01-23,24.6416666666667,29.4,21.8,85.5416666666667,3.1,21.8541666666667,-56,-12.5,"V002","V002",-12.440805555072,-55.88775,2023-02-21,-29,29.4,85.5416666666667,3.1,1,1.41098697371026
2023-01-24,23.9333333333333,28.4,21.3,84.4583333333333,0.9,21.0291666666667,-56,-12.5,"V002","V002",-12.440805555072,-55.88775,2023-02-21,-28,28.4,84.4583333333333,0.9,0,0.641853886172395
2023-01-25,23.9,26.6,21.1,87.4583333333333,1.2,21.6041666666667,-56,-12.5,"V002","V002",-12.440805555072,-55.88775,2023-02-21,-27,26.6,87.4583333333333,1.2,1,0.78845736036427
2023-01-26,24.1083333333333,28.5,21.8,90.6666666666667,21.1,22.425,-56,-12.5,"V002","V002",-12.440805555072,-55.88775,2023-02-21,-26,28.5,90.6666666666667,21.1,1,3.09557760852371
2023-01-27,22.65,24.6,21.1,92.9583333333333,17.1,21.4083333333333,-56,-12.5,"V002","V002",-12.440805555072,-55.88775,2023-02-21,-25,24.6,92.9583333333333,17.1,1,2.89591193827178
2023-01-28,22.6625,26.2,21.2,92.9583333333333,9.6,21.4125,-56,-12.5,"V002","V002",-12.440805555072,-55.88775,2023-02-21,-24,26.2,92.9583333333333,9.6,1,2.36085400111802
2023-01-29,23.9,28.4,21.3,84.9583333333333,6.7,21.0375,-56,-12.5,"V002","V002",-12.440805555072,-55.88775,2023-02-21,-23,28.4,84.9583333333333,6.7,1,2.04122032885964
2023-01-30,25.1666666666667,31.2,20.4,83.125,4.8,21.8083333333333,-56,-12.5,"V002","V002",-12.440805555072,-55.88775,2023-02-21,-22,31.2,83.125,4.8,1,1.75785791755237
2023-01-31,24.1833333333333,28.2,21.3,86.0833333333333,12.1,21.575,-56,-12.5,"V002","V002",-12.440805555072,-55.88775,2023-02-21,-21,28.2,86.0833333333333,12.1,1,2.57261223020711
2023-02-01,25.5583333333333,31.1,21.7,79.9583333333333,0.6,21.5375,-56,-12.5,"V002","V002",-12.440805555072,-55.88775,2023-02-21,-20,31.1,79.9583333333333,0.6,0,0.470003629245736
2023-02-02,26.5166666666667,32.3,21.8,76.875,2.5,21.6,-56,-12.5,"V002","V002",-12.440805555072,-55.88775,2023-02-21,-19,32.3,76.875,2.5,1,1.25276296849537
2023-02-03,26.2916666666667,31.9,22.2,79.4166666666667,9,22.0708333333333,-56,-12.5,"V002","V002",-12.440805555072,-55.88775,2023-02-21,-18,31.9,79.4166666666667,9,1,2.30258509299405
2023-02-04,23.2,26.4,21.6,87.2916666666667,5.3,20.8583333333333,-56,-12.5,"V002","V002",-12.440805555072,-55.88775,2023-02-21,-17,26.4,87.2916666666667,5.3,1,1.84054963339749
2023-02-05,25.4791666666667,31.6,21,79.875,1.9,21.3666666666667,-56,-12.5,"V002","V002",-12.440805555072,-55.88775,2023-02-21,-16,31.6,79.875,1.9,1,1.06471073699243
2023-02-06,24.6166666666667,30.6,22.1,82.625,8.1,21.3,-56,-12.5,"V002","V002",-12.440805555072,-55.88775,2023-02-21,-15,30.6,82.625,8.1,1,2.2082744135228
2023-02-07,24.7541666666667,31.2,21.3,82.625,11.3,21.2875,-56,-12.5,"V002","V002",-12.440805555072,-55.88775,2023-02-21,-14,31.2,82.625,11.3,1,2.50959926237837
2023-02-08,26.1958333333333,32,21.8,77.6666666666667,0.4,21.4583333333333,-56,-12.5,"V002","V002",-12.440805555072,-55.88775,2023-02-21,-13,32,77.6666666666667,0.4,0,0.336472236621213
2023-02-09,25.2958333333333,31.7,21.8,81.5833333333333,3.9,21.6666666666667,-56,-12.5,"V002","V002",-12.440805555072,-55.88775,2023-02-21,-12,31.7,81.5833333333333,3.9,1,1.58923520511658
2023-02-10,25.7041666666667,32.2,21.3,82,3.9,21.9666666666667,-56,-12.5,"V002","V002",-12.440805555072,-55.88775,2023-02-21,-11,32.2,82,3.9,1,1.58923520511658
2023-02-11,26.2416666666667,31.3,22.8,79.4166666666667,1.1,22.1291666666667,-56,-12.5,"V002","V002",-12.440805555072,-55.88775,2023-02-21,-10,31.3,79.4166666666667,1.1,1,0.741937344729377
2023-02-12,25.725,30.4,22.1,79.7083333333333,4.3,21.8125,-56,-12.5,"V002","V002",-12.440805555072,-55.88775,2023-02-21,-9,30.4,79.7083333333333,4.3,1,1.66770682055808
2023-02-13,27.2333333333333,33.1,21.9,73.125,1,21.5875,-56,-12.5,"V002","V002",-12.440805555072,-55.88775,2023-02-21,-8,33.1,73.125,1,1,0.693147180559945
2023-02-14,28.2375,34.4,22.5,72.0416666666667,0.1,22.1541666666667,-56,-12.5,"V002","V002",-12.440805555072,-55.88775,2023-02-21,-7,34.4,72.0416666666667,0.1,0,0.0953101798043249
2023-02-15,25.4583333333333,31.2,22.2,81.9166666666667,4.6,21.9833333333333,-56,-12.5,"V002","V002",-12.440805555072,-55.88775,2023-02-21,-6,31.2,81.9166666666667,4.6,1,1.7227665977411
2023-02-16,25.5625,32,22.3,81.7083333333333,1.8,21.9375,-56,-12.5,"V002","V002",-12.440805555072,-55.88775,2023-02-21,-5,32,81.7083333333333,1.8,1,1.02961941718116
2023-02-17,24.6208333333333,28.5,22.2,86.5833333333333,16.7,22.1208333333333,-56,-12.5,"V002","V002",-12.440805555072,-55.88775,2023-02-21,-4,28.5,86.5833333333333,16.7,1,2.87356463957978
2023-02-18,23.4166666666667,27.6,21.3,88.2083333333333,7.9,21.2166666666667,-56,-12.5,"V002","V002",-12.440805555072,-55.88775,2023-02-21,-3,27.6,88.2083333333333,7.9,1,2.18605127673809
2023-02-19,24.5833333333333,30,21.6,85.25,41.5,21.7125,-56,-12.5,"V002","V002",-12.440805555072,-55.88775,2023-02-21,-2,30,85.25,41.5,1,3.74950407593037
2023-02-20,23.4583333333333,26.3,21.9,88.0416666666667,28.6,21.2708333333333,-56,-12.5,"V002","V002",-12.440805555072,-55.88775,2023-02-21,-1,26.3,88.0416666666667,28.6,1,3.38777436133001
2022-12-15,24.5958333333333,28.1,21.8,87.6666666666667,16.7,22.3,-56,-12.5,"V003","V003",-12.440805555072,-55.88775,2023-03-05,-80,28.1,87.6666666666667,16.7,1,2.87356463957978
2022-12-16,22.175,24.4,21,94.375,32.3,21.1916666666667,-56,-12.5,"V003","V003",-12.440805555072,-55.88775,2023-03-05,-79,24.4,94.375,32.3,1,3.5055573969864
2022-12-17,23.725,27.8,20.5,86.4166666666667,10.9,21.225,-56,-12.5,"V003","V003",-12.440805555072,-55.88775,2023-03-05,-78,27.8,86.4166666666667,10.9,1,2.47653840011748
2022-12-18,24.15,27.8,22.1,89.0416666666667,16.3,22.1708333333333,-56,-12.5,"V003","V003",-12.440805555072,-55.88775,2023-03-05,-77,27.8,89.0416666666667,16.3,1,2.85070650150373
2022-12-19,23.7291666666667,27.8,21.4,88.75,16.1,21.6958333333333,-56,-12.5,"V003","V003",-12.440805555072,-55.88775,2023-03-05,-76,27.8,88.75,16.1,1,2.83907846350861
2022-12-20,23.975,28.1,21.4,88.25,4.3,21.8458333333333,-56,-12.5,"V003","V003",-12.440805555072,-55.88775,2023-03-05,-75,28.1,88.25,4.3,1,1.66770682055808
2022-12-21,23.5583333333333,26.1,22.2,92,14.4,22.1541666666667,-56,-12.5,"V003","V003",-12.440805555072,-55.88775,2023-03-05,-74,26.1,92,14.4,1,2.73436750941958
2022-12-22,23.5125,27.5,21.4,87.5833333333333,5.4,21.2708333333333,-56,-12.5,"V003","V003",-12.440805555072,-55.88775,2023-03-05,-73,27.5,87.5833333333333,5.4,1,1.85629799036563
2022-12-23,23.4916666666667,27.3,21.2,90.7083333333333,10.3,21.8291666666667,-56,-12.5,"V003","V003",-12.440805555072,-55.88775,2023-03-05,-72,27.3,90.7083333333333,10.3,1,2.42480272571829
2022-12-24,24.3416666666667,28.7,21.9,87.9583333333333,4.6,22.1083333333333,-56,-12.5,"V003","V003",-12.440805555072,-55.88775,2023-03-05,-71,28.7,87.9583333333333,4.6,1,1.7227665977411
2022-12-25,23.8041666666667,27.1,21.1,90.125,13.5,22.025,-56,-12.5,"V003","V003",-12.440805555072,-55.88775,2023-03-05,-70,27.1,90.125,13.5,1,2.67414864942653
2022-12-26,24.5708333333333,29.2,22.3,87.75,6.1,22.2875,-56,-12.5,"V003","V003",-12.440805555072,-55.88775,2023-03-05,-69,29.2,87.75,6.1,1,1.96009478404727
2022-12-27,23.6833333333333,26.1,22.4,91.2083333333333,22.3,22.1416666666667,-56,-12.5,"V003","V003",-12.440805555072,-55.88775,2023-03-05,-68,26.1,91.2083333333333,22.3,1,3.14845336057165
2022-12-28,23.05,24.4,22,95.4583333333333,22.5,22.3,-56,-12.5,"V003","V003",-12.440805555072,-55.88775,2023-03-05,-67,24.4,95.4583333333333,22.5,1,3.15700042115011
2022-12-29,23.1208333333333,25.3,22,94.3333333333333,56.9,22.1333333333333,-56,-12.5,"V003","V003",-12.440805555072,-55.88775,2023-03-05,-66,25.3,94.3333333333333,56.9,1,4.05871738457895
2022-12-30,23.8458333333333,26.6,21.8,89.7083333333333,11.1,21.9958333333333,-56,-12.5,"V003","V003",-12.440805555072,-55.88775,2023-03-05,-65,26.6,89.7083333333333,11.1,1,2.4932054526027
2022-12-31,24.0875,28.2,21.6,89.625,16,22.2541666666667,-56,-12.5,"V003","V003",-12.440805555072,-55.88775,2023-03-05,-64,28.2,89.625,16,1,2.83321334405622
2023-01-01,25.7375,30.8,20.8,80.5833333333333,0.5,21.85,-56,-12.5,"V003","V003",-12.440805555072,-55.88775,2023-03-05,-63,30.8,80.5833333333333,0.5,0,0.405465108108164
2023-01-02,23.9958333333333,27.1,21.9,89.4583333333333,18,22.0958333333333,-56,-12.5,"V003","V003",-12.440805555072,-55.88775,2023-03-05,-62,27.1,89.4583333333333,18,1,2.94443897916644
2023-01-03,24.3833333333333,28.7,21.5,85.9166666666667,2.8,21.7583333333333,-56,-12.5,"V003","V003",-12.440805555072,-55.88775,2023-03-05,-61,28.7,85.9166666666667,2.8,1,1.33500106673234
2023-01-04,24.0541666666667,28.2,21.4,87.9166666666667,10.1,21.8041666666667,-56,-12.5,"V003","V003",-12.440805555072,-55.88775,2023-03-05,-60,28.2,87.9166666666667,10.1,1,2.40694510831829
2023-01-05,23.3291666666667,26.4,21.5,92.7916666666667,31.5,22.05,-56,-12.5,"V003","V003",-12.440805555072,-55.88775,2023-03-05,-59,26.4,92.7916666666667,31.5,1,3.48124008933569
2023-01-06,23.1708333333333,26.5,21.1,89.75,5.7,21.3041666666667,-56,-12.5,"V003","V003",-12.440805555072,-55.88775,2023-03-05,-58,26.5,89.75,5.7,1,1.90210752639692
2023-01-07,23.6083333333333,28.9,21.5,88.6666666666667,3.9,21.5791666666667,-56,-12.5,"V003","V003",-12.440805555072,-55.88775,2023-03-05,-57,28.9,88.6666666666667,3.9,1,1.58923520511658
2023-01-08,23.6875,27,21,86.5,1.6,21.2,-56,-12.5,"V003","V003",-12.440805555072,-55.88775,2023-03-05,-56,27,86.5,1.6,1,0.955511445027436
2023-01-09,24.1291666666667,28.5,21.2,82.5416666666667,1.2,20.8,-56,-12.5,"V003","V003",-12.440805555072,-55.88775,2023-03-05,-55,28.5,82.5416666666667,1.2,1,0.78845736036427
2023-01-10,23.2916666666667,27.7,21.2,89.5,6,21.3875,-56,-12.5,"V003","V003",-12.440805555072,-55.88775,2023-03-05,-54,27.7,89.5,6,1,1.94591014905531
2023-01-11,24.5708333333333,31.2,19.9,82.3333333333333,0,21.0958333333333,-56,-12.5,"V003","V003",-12.440805555072,-55.88775,2023-03-05,-53,31.2,82.3333333333333,0,0,0
2023-01-12,23.925,27.7,21.1,87.7916666666667,8.1,21.7208333333333,-56,-12.5,"V003","V003",-12.440805555072,-55.88775,2023-03-05,-52,27.7,87.7916666666667,8.1,1,2.2082744135228
2023-01-13,23.3958333333333,27.3,21.1,91.625,15.3,21.9166666666667,-56,-12.5,"V003","V003",-12.440805555072,-55.88775,2023-03-05,-51,27.3,91.625,15.3,1,2.79116510781272
2023-01-14,23.9958333333333,28.3,21.1,85.5416666666667,5.2,21.2541666666667,-56,-12.5,"V003","V003",-12.440805555072,-55.88775,2023-03-05,-50,28.3,85.5416666666667,5.2,1,1.82454929205105
2023-01-15,24.8375,30,20.7,82.0833333333333,2.6,21.3125,-56,-12.5,"V003","V003",-12.440805555072,-55.88775,2023-03-05,-49,30,82.0833333333333,2.6,1,1.28093384546206
2023-01-16,24.8458333333333,30.8,21.1,82.25,2.1,21.3458333333333,-56,-12.5,"V003","V003",-12.440805555072,-55.88775,2023-03-05,-48,30.8,82.25,2.1,1,1.1314021114911
2023-01-17,24.6458333333333,30.4,20.1,79.9583333333333,1.9,20.6208333333333,-56,-12.5,"V003","V003",-12.440805555072,-55.88775,2023-03-05,-47,30.4,79.9583333333333,1.9,1,1.06471073699243
2023-01-18,24.65,29.8,20.6,81.6666666666667,6.6,21.05,-56,-12.5,"V003","V003",-12.440805555072,-55.88775,2023-03-05,-46,29.8,81.6666666666667,6.6,1,2.02814824729229
2023-01-19,24.2833333333333,30,20.5,80.9166666666667,4.6,20.4458333333333,-56,-12.5,"V003","V003",-12.440805555072,-55.88775,2023-03-05,-45,30,80.9166666666667,4.6,1,1.7227665977411
2023-01-20,25.0458333333333,30.4,21.1,77.4583333333333,0.7,20.4708333333333,-56,-12.5,"V003","V003",-12.440805555072,-55.88775,2023-03-05,-44,30.4,77.4583333333333,0.7,0,0.53062825106217
2023-01-21,24.9,29.8,21.6,80.0833333333333,5.6,21.0125,-56,-12.5,"V003","V003",-12.440805555072,-55.88775,2023-03-05,-43,29.8,80.0833333333333,5.6,1,1.88706964903238
2023-01-22,24.6791666666667,30.3,21.2,84.5416666666667,5.3,21.625,-56,-12.5,"V003","V003",-12.440805555072,-55.88775,2023-03-05,-42,30.3,84.5416666666667,5.3,1,1.84054963339749
2023-01-23,24.6416666666667,29.4,21.8,85.5416666666667,3.1,21.8541666666667,-56,-12.5,"V003","V003",-12.440805555072,-55.88775,2023-03-05,-41,29.4,85.5416666666667,3.1,1,1.41098697371026
2023-01-24,23.9333333333333,28.4,21.3,84.4583333333333,0.9,21.0291666666667,-56,-12.5,"V003","V003",-12.440805555072,-55.88775,2023-03-05,-40,28.4,84.4583333333333,0.9,0,0.641853886172395
2023-01-25,23.9,26.6,21.1,87.4583333333333,1.2,21.6041666666667,-56,-12.5,"V003","V003",-12.440805555072,-55.88775,2023-03-05,-39,26.6,87.4583333333333,1.2,1,0.78845736036427
2023-01-26,24.1083333333333,28.5,21.8,90.6666666666667,21.1,22.425,-56,-12.5,"V003","V003",-12.440805555072,-55.88775,2023-03-05,-38,28.5,90.6666666666667,21.1,1,3.09557760852371
2023-01-27,22.65,24.6,21.1,92.9583333333333,17.1,21.4083333333333,-56,-12.5,"V003","V003",-12.440805555072,-55.88775,2023-03-05,-37,24.6,92.9583333333333,17.1,1,2.89591193827178
2023-01-28,22.6625,26.2,21.2,92.9583333333333,9.6,21.4125,-56,-12.5,"V003","V003",-12.440805555072,-55.88775,2023-03-05,-36,26.2,92.9583333333333,9.6,1,2.36085400111802
2023-01-29,23.9,28.4,21.3,84.9583333333333,6.7,21.0375,-56,-12.5,"V003","V003",-12.440805555072,-55.88775,2023-03-05,-35,28.4,84.9583333333333,6.7,1,2.04122032885964
2023-01-30,25.1666666666667,31.2,20.4,83.125,4.8,21.8083333333333,-56,-12.5,"V003","V003",-12.440805555072,-55.88775,2023-03-05,-34,31.2,83.125,4.8,1,1.75785791755237
2023-01-31,24.1833333333333,28.2,21.3,86.0833333333333,12.1,21.575,-56,-12.5,"V003","V003",-12.440805555072,-55.88775,2023-03-05,-33,28.2,86.0833333333333,12.1,1,2.57261223020711
2023-02-01,25.5583333333333,31.1,21.7,79.9583333333333,0.6,21.5375,-56,-12.5,"V003","V003",-12.440805555072,-55.88775,2023-03-05,-32,31.1,79.9583333333333,0.6,0,0.470003629245736
2023-02-02,26.5166666666667,32.3,21.8,76.875,2.5,21.6,-56,-12.5,"V003","V003",-12.440805555072,-55.88775,2023-03-05,-31,32.3,76.875,2.5,1,1.25276296849537
2023-02-03,26.2916666666667,31.9,22.2,79.4166666666667,9,22.0708333333333,-56,-12.5,"V003","V003",-12.440805555072,-55.88775,2023-03-05,-30,31.9,79.4166666666667,9,1,2.30258509299405
2023-02-04,23.2,26.4,21.6,87.2916666666667,5.3,20.8583333333333,-56,-12.5,"V003","V003",-12.440805555072,-55.88775,2023-03-05,-29,26.4,87.2916666666667,5.3,1,1.84054963339749
2023-02-05,25.4791666666667,31.6,21,79.875,1.9,21.3666666666667,-56,-12.5,"V003","V003",-12.440805555072,-55.88775,2023-03-05,-28,31.6,79.875,1.9,1,1.06471073699243
2023-02-06,24.6166666666667,30.6,22.1,82.625,8.1,21.3,-56,-12.5,"V003","V003",-12.440805555072,-55.88775,2023-03-05,-27,30.6,82.625,8.1,1,2.2082744135228
2023-02-07,24.7541666666667,31.2,21.3,82.625,11.3,21.2875,-56,-12.5,"V003","V003",-12.440805555072,-55.88775,2023-03-05,-26,31.2,82.625,11.3,1,2.50959926237837
2023-02-08,26.1958333333333,32,21.8,77.6666666666667,0.4,21.4583333333333,-56,-12.5,"V003","V003",-12.440805555072,-55.88775,2023-03-05,-25,32,77.6666666666667,0.4,0,0.336472236621213
2023-02-09,25.2958333333333,31.7,21.8,81.5833333333333,3.9,21.6666666666667,-56,-12.5,"V003","V003",-12.440805555072,-55.88775,2023-03-05,-24,31.7,81.5833333333333,3.9,1,1.58923520511658
2023-02-10,25.7041666666667,32.2,21.3,82,3.9,21.9666666666667,-56,-12.5,"V003","V003",-12.440805555072,-55.88775,2023-03-05,-23,32.2,82,3.9,1,1.58923520511658
2023-02-11,26.2416666666667,31.3,22.8,79.4166666666667,1.1,22.1291666666667,-56,-12.5,"V003","V003",-12.440805555072,-55.88775,2023-03-05,-22,31.3,79.4166666666667,1.1,1,0.741937344729377
2023-02-12,25.725,30.4,22.1,79.7083333333333,4.3,21.8125,-56,-12.5,"V003","V003",-12.440805555072,-55.88775,2023-03-05,-21,30.4,79.7083333333333,4.3,1,1.66770682055808
2023-02-13,27.2333333333333,33.1,21.9,73.125,1,21.5875,-56,-12.5,"V003","V003",-12.440805555072,-55.88775,2023-03-05,-20,33.1,73.125,1,1,0.693147180559945
2023-02-14,28.2375,34.4,22.5,72.0416666666667,0.1,22.1541666666667,-56,-12.5,"V003","V003",-12.440805555072,-55.88775,2023-03-05,-19,34.4,72.0416666666667,0.1,0,0.0953101798043249
2023-02-15,25.4583333333333,31.2,22.2,81.9166666666667,4.6,21.9833333333333,-56,-12.5,"V003","V003",-12.440805555072,-55.88775,2023-03-05,-18,31.2,81.9166666666667,4.6,1,1.7227665977411
2023-02-16,25.5625,32,22.3,81.7083333333333,1.8,21.9375,-56,-12.5,"V003","V003",-12.440805555072,-55.88775,2023-03-05,-17,32,81.7083333333333,1.8,1,1.02961941718116
2023-02-17,24.6208333333333,28.5,22.2,86.5833333333333,16.7,22.1208333333333,-56,-12.5,"V003","V003",-12.440805555072,-55.88775,2023-03-05,-16,28.5,86.5833333333333,16.7,1,2.87356463957978
2023-02-18,23.4166666666667,27.6,21.3,88.2083333333333,7.9,21.2166666666667,-56,-12.5,"V003","V003",-12.440805555072,-55.88775,2023-03-05,-15,27.6,88.2083333333333,7.9,1,2.18605127673809
2023-02-19,24.5833333333333,30,21.6,85.25,41.5,21.7125,-56,-12.5,"V003","V003",-12.440805555072,-55.88775,2023-03-05,-14,30,85.25,41.5,1,3.74950407593037
2023-02-20,23.4583333333333,26.3,21.9,88.0416666666667,28.6,21.2708333333333,-56,-12.5,"V003","V003",-12.440805555072,-55.88775,2023-03-05,-13,26.3,88.0416666666667,28.6,1,3.38777436133001
2023-02-21,23.5916666666667,27.5,21.3,88.5833333333333,9.3,21.525,-56,-12.5,"V003","V003",-12.440805555072,-55.88775,2023-03-05,-12,27.5,88.5833333333333,9.3,1,2.33214389523559
2023-02-22,23.7875,28.4,21.8,91,13.3,22.175,-56,-12.5,"V003","V003",-12.440805555072,-55.88775,2023-03-05,-11,28.4,91,13.3,1,2.66025953726586
2023-02-23,25.675,32,21.1,79.1666666666667,4,21.2875,-56,-12.5,"V003","V003",-12.440805555072,-55.88775,2023-03-05,-10,32,79.1666666666667,4,1,1.6094379124341
2023-02-24,26.675,31.6,23.3,79.2916666666667,3.3,22.5083333333333,-56,-12.5,"V003","V003",-12.440805555072,-55.88775,2023-03-05,-9,31.6,79.2916666666667,3.3,1,1.45861502269952
2023-02-25,24.4666666666667,29.7,21.4,83.9583333333333,8.8,21.3916666666667,-56,-12.5,"V003","V003",-12.440805555072,-55.88775,2023-03-05,-8,29.7,83.9583333333333,8.8,1,2.28238238567653
2023-02-26,25.6625,31.2,20.8,80.625,0.7,21.825,-56,-12.5,"V003","V003",-12.440805555072,-55.88775,2023-03-05,-7,31.2,80.625,0.7,0,0.53062825106217
2023-02-27,26.5208333333333,32.5,21.8,77.875,2.4,22.0333333333333,-56,-12.5,"V003","V003",-12.440805555072,-55.88775,2023-03-05,-6,32.5,77.875,2.4,1,1.22377543162212
2023-02-28,25.3916666666667,30.3,21.7,82.0833333333333,4.8,21.8833333333333,-56,-12.5,"V003","V003",-12.440805555072,-55.88775,2023-03-05,-5,30.3,82.0833333333333,4.8,1,1.75785791755237
2023-03-01,26.0208333333333,32.4,21.1,79.0833333333333,2.9,21.725,-56,-12.5,"V003","V003",-12.440805555072,-55.88775,2023-03-05,-4,32.4,79.0833333333333,2.9,1,1.3609765531356
2023-03-02,26.7333333333333,33.3,22.1,74.4583333333333,0.7,21.35,-56,-12.5,"V003","V003",-12.440805555072,-55.88775,2023-03-05,-3,33.3,74.4583333333333,0.7,0,0.53062825106217
2023-03-03,25.8291666666667,33.1,21.8,77.5833333333333,3.4,21.2416666666667,-56,-12.5,"V003","V003",-12.440805555072,-55.88775,2023-03-05,-2,33.1,77.5833333333333,3.4,1,1.48160454092422
2023-03-04,26.6583333333333,32.5,21.8,76,0.1,21.4833333333333,-56,-12.5,"V003","V003",-12.440805555072,-55.88775,2023-03-05,-1,32.5,76,0.1,0,0.0953101798043249
2022-11-28,26.775,33.1,21.9,73.25,0.1,20.8791666666667,-55.75,-12.5,"V004","V004",-12.566666666178,-55.7,2023-02-16,-80,33.1,73.25,0.1,0,0.0953101798043249
2022-11-29,26.15,31.1,21.9,77.7916666666667,1.6,21.7666666666667,-55.75,-12.5,"V004","V004",-12.566666666178,-55.7,2023-02-16,-79,31.1,77.7916666666667,1.6,1,0.955511445027436
2022-11-30,25.1958333333333,30.5,21.2,77.6666666666667,4.5,20.7125,-55.75,-12.5,"V004","V004",-12.566666666178,-55.7,2023-02-16,-78,30.5,77.6666666666667,4.5,1,1.70474809223843
2022-12-01,24.4333333333333,30.6,21.1,83.5416666666667,17.7,21.2875,-55.75,-12.5,"V004","V004",-12.566666666178,-55.7,2023-02-16,-77,30.6,83.5416666666667,17.7,1,2.92852352386054
2022-12-02,25.4041666666667,31.5,21.3,80.2916666666667,3.7,21.45,-55.75,-12.5,"V004","V004",-12.566666666178,-55.7,2023-02-16,-76,31.5,80.2916666666667,3.7,1,1.54756250871601
2022-12-03,24.6083333333333,29.1,22.5,84.9166666666667,11.1,21.8208333333333,-55.75,-12.5,"V004","V004",-12.566666666178,-55.7,2023-02-16,-75,29.1,84.9166666666667,11.1,1,2.4932054526027
2022-12-04,24.0791666666667,27.5,22.2,88.5416666666667,7.8,22.0083333333333,-55.75,-12.5,"V004","V004",-12.566666666178,-55.7,2023-02-16,-74,27.5,88.5416666666667,7.8,1,2.17475172148416
2022-12-05,23.6208333333333,26.6,21.6,88.8333333333333,9,21.5958333333333,-55.75,-12.5,"V004","V004",-12.566666666178,-55.7,2023-02-16,-73,26.6,88.8333333333333,9,1,2.30258509299405
2022-12-06,25.7041666666667,31.1,21.6,76.7083333333333,3.9,20.9,-55.75,-12.5,"V004","V004",-12.566666666178,-55.7,2023-02-16,-72,31.1,76.7083333333333,3.9,1,1.58923520511658
2022-12-07,26.1958333333333,30.6,22.9,81.25,2.2,22.5541666666667,-55.75,-12.5,"V004","V004",-12.566666666178,-55.7,2023-02-16,-71,30.6,81.25,2.2,1,1.16315080980568
2022-12-08,26.5958333333333,32.4,21.2,76.0833333333333,0.2,21.5875,-55.75,-12.5,"V004","V004",-12.566666666178,-55.7,2023-02-16,-70,32.4,76.0833333333333,0.2,0,0.182321556793955
2022-12-09,24.8458333333333,28.2,22.5,86.4583333333333,11.3,22.3375,-55.75,-12.5,"V004","V004",-12.566666666178,-55.7,2023-02-16,-69,28.2,86.4583333333333,11.3,1,2.50959926237837
2022-12-10,24.5083333333333,29.4,21.7,84.375,2.5,21.4875,-55.75,-12.5,"V004","V004",-12.566666666178,-55.7,2023-02-16,-68,29.4,84.375,2.5,1,1.25276296849537
2022-12-11,25.1791666666667,30.9,21.8,79.5833333333333,2.7,21.1041666666667,-55.75,-12.5,"V004","V004",-12.566666666178,-55.7,2023-02-16,-67,30.9,79.5833333333333,2.7,1,1.30833281965018
2022-12-12,25.4125,31.2,21.6,80.625,0.3,21.5958333333333,-55.75,-12.5,"V004","V004",-12.566666666178,-55.7,2023-02-16,-66,31.2,80.625,0.3,0,0.262364264467491
2022-12-13,25.8083333333333,32.1,21.9,80.2916666666667,6.4,21.8625,-55.75,-12.5,"V004","V004",-12.566666666178,-55.7,2023-02-16,-65,32.1,80.2916666666667,6.4,1,2.00148000021012
2022-12-14,24.7375,28.5,21.7,82.8333333333333,3.6,21.4875,-55.75,-12.5,"V004","V004",-12.566666666178,-55.7,2023-02-16,-64,28.5,82.8333333333333,3.6,1,1.52605630349505
2022-12-15,24.9,28.1,22.2,84.7083333333333,15.6,22.0333333333333,-55.75,-12.5,"V004","V004",-12.566666666178,-55.7,2023-02-16,-63,28.1,84.7083333333333,15.6,1,2.8094026953625
2022-12-16,22.5041666666667,24.7,21.2,92.4583333333333,29.5,21.1791666666667,-55.75,-12.5,"V004","V004",-12.566666666178,-55.7,2023-02-16,-62,24.7,92.4583333333333,29.5,1,3.41772668361337
2022-12-17,23.8833333333333,27.3,20.8,85.4583333333333,4,21.2125,-55.75,-12.5,"V004","V004",-12.566666666178,-55.7,2023-02-16,-61,27.3,85.4583333333333,4,1,1.6094379124341
2022-12-18,24.5291666666667,28.3,22.1,86.25,11.5,21.9833333333333,-55.75,-12.5,"V004","V004",-12.566666666178,-55.7,2023-02-16,-60,28.3,86.25,11.5,1,2.52572864430826
2022-12-19,23.8458333333333,27.7,21.6,87,16.3,21.4708333333333,-55.75,-12.5,"V004","V004",-12.566666666178,-55.7,2023-02-16,-59,27.7,87,16.3,1,2.85070650150373
2022-12-20,24.0291666666667,27.9,21.5,87.6666666666667,2.9,21.775,-55.75,-12.5,"V004","V004",-12.566666666178,-55.7,2023-02-16,-58,27.9,87.6666666666667,2.9,1,1.3609765531356
2022-12-21,23.8916666666667,26,22.3,89.0833333333333,10.4,21.9583333333333,-55.75,-12.5,"V004","V004",-12.566666666178,-55.7,2023-02-16,-57,26,89.0833333333333,10.4,1,2.43361335540045
2022-12-22,23.9708333333333,28.2,21.6,84.9583333333333,3.8,21.1625,-55.75,-12.5,"V004","V004",-12.566666666178,-55.7,2023-02-16,-56,28.2,84.9583333333333,3.8,1,1.56861591791385
2022-12-23,23.6916666666667,27.6,21.5,89.75,8.3,21.8166666666667,-55.75,-12.5,"V004","V004",-12.566666666178,-55.7,2023-02-16,-55,27.6,89.75,8.3,1,2.23001440015921
2022-12-24,24.5625,28.7,22.1,86.4166666666667,2.9,22.0208333333333,-55.75,-12.5,"V004","V004",-12.566666666178,-55.7,2023-02-16,-54,28.7,86.4166666666667,2.9,1,1.3609765531356
2022-12-25,23.9958333333333,28,21.3,89.7916666666667,5.4,22.1375,-55.75,-12.5,"V004","V004",-12.566666666178,-55.7,2023-02-16,-53,28,89.7916666666667,5.4,1,1.85629799036563
2022-12-26,24.7958333333333,29.1,22.5,86,8.7,22.2,-55.75,-12.5,"V004","V004",-12.566666666178,-55.7,2023-02-16,-52,29.1,86,8.7,1,2.27212588550934
2022-12-27,23.9208333333333,26,22.5,89.6666666666667,14.3,22.075,-55.75,-12.5,"V004","V004",-12.566666666178,-55.7,2023-02-16,-51,26,89.6666666666667,14.3,1,2.72785282839839
2022-12-28,23.2916666666667,25,22.3,94.5833333333333,23.3,22.3583333333333,-55.75,-12.5,"V004","V004",-12.566666666178,-55.7,2023-02-16,-50,25,94.5833333333333,23.3,1,3.1904763503465
2022-12-29,23.4833333333333,25.9,22.1,92.7083333333333,42.9,22.225,-55.75,-12.5,"V004","V004",-12.566666666178,-55.7,2023-02-16,-49,25.9,92.7083333333333,42.9,1,3.78191432008113
2022-12-30,24.1291666666667,26.8,22,88.375,7.6,22.0166666666667,-55.75,-12.5,"V004","V004",-12.566666666178,-55.7,2023-02-16,-48,26.8,88.375,7.6,1,2.15176220325946
2022-12-31,24.1458333333333,28.1,21.7,88.875,18.2,22.1291666666667,-55.75,-12.5,"V004","V004",-12.566666666178,-55.7,2023-02-16,-47,28.1,88.875,18.2,1,2.95491027903374
2023-01-01,25.8958333333333,30.5,20.4,79.5,0.1,21.8083333333333,-55.75,-12.5,"V004","V004",-12.566666666178,-55.7,2023-02-16,-46,30.5,79.5,0.1,0,0.0953101798043249
2023-01-02,24.0708333333333,26.9,22.1,89.2083333333333,14,22.1458333333333,-55.75,-12.5,"V004","V004",-12.566666666178,-55.7,2023-02-16,-45,26.9,89.2083333333333,14,1,2.70805020110221
2023-01-03,24.5958333333333,29.4,21.5,84.7083333333333,3.7,21.7,-55.75,-12.5,"V004","V004",-12.566666666178,-55.7,2023-02-16,-44,29.4,84.7083333333333,3.7,1,1.54756250871601
2023-01-04,24.2458333333333,28.7,21.6,86.5416666666667,11.4,21.7041666666667,-55.75,-12.5,"V004","V004",-12.566666666178,-55.7,2023-02-16,-43,28.7,86.5416666666667,11.4,1,2.51769647261099
2023-01-05,23.65,26.7,21.6,90.375,29.1,21.9416666666667,-55.75,-12.5,"V004","V004",-12.566666666178,-55.7,2023-02-16,-42,26.7,90.375,29.1,1,3.40452517175483
2023-01-06,23.35,26.8,21.4,89.875,5.5,21.5291666666667,-55.75,-12.5,"V004","V004",-12.566666666178,-55.7,2023-02-16,-41,26.8,89.875,5.5,1,1.87180217690159
2023-01-07,23.7041666666667,28.7,21.7,88.5833333333333,11.9,21.6541666666667,-55.75,-12.5,"V004","V004",-12.566666666178,-55.7,2023-02-16,-40,28.7,88.5833333333333,11.9,1,2.55722731136763
2023-01-08,23.725,27.1,21.1,86.1666666666667,0.4,21.125,-55.75,-12.5,"V004","V004",-12.566666666178,-55.7,2023-02-16,-39,27.1,86.1666666666667,0.4,0,0.336472236621213
2023-01-09,24.0958333333333,28.3,21.5,82.8333333333333,1.3,20.8375,-55.75,-12.5,"V004","V004",-12.566666666178,-55.7,2023-02-16,-38,28.3,82.8333333333333,1.3,1,0.832909122935104
2023-01-10,23.3916666666667,27.5,21.5,88.875,6.2,21.3583333333333,-55.75,-12.5,"V004","V004",-12.566666666178,-55.7,2023-02-16,-37,27.5,88.875,6.2,1,1.97408102602201
2023-01-11,24.7208333333333,30.8,20.4,82.7916666666667,0.7,21.3791666666667,-55.75,-12.5,"V004","V004",-12.566666666178,-55.7,2023-02-16,-36,30.8,82.7916666666667,0.7,0,0.53062825106217
2023-01-12,24.4875,28.1,22.2,84.5416666666667,4.6,21.575,-55.75,-12.5,"V004","V004",-12.566666666178,-55.7,2023-02-16,-35,28.1,84.5416666666667,4.6,1,1.7227665977411
2023-01-13,23.6166666666667,27.3,21.5,89.4583333333333,14.6,21.7083333333333,-55.75,-12.5,"V004","V004",-12.566666666178,-55.7,2023-02-16,-34,27.3,89.4583333333333,14.6,1,2.74727091425549
2023-01-14,24.2583333333333,28,21.3,83.75,4.6,21.1875,-55.75,-12.5,"V004","V004",-12.566666666178,-55.7,2023-02-16,-33,28,83.75,4.6,1,1.7227665977411
2023-01-15,24.9791666666667,30.2,21.2,82.375,3.7,21.5583333333333,-55.75,-12.5,"V004","V004",-12.566666666178,-55.7,2023-02-16,-32,30.2,82.375,3.7,1,1.54756250871601
2023-01-16,24.7458333333333,30.4,21.1,83.2083333333333,7.4,21.5,-55.75,-12.5,"V004","V004",-12.566666666178,-55.7,2023-02-16,-31,30.4,83.2083333333333,7.4,1,2.12823170584927
2023-01-17,24.8166666666667,30.3,20.1,78.75,1.5,20.5458333333333,-55.75,-12.5,"V004","V004",-12.566666666178,-55.7,2023-02-16,-30,30.3,78.75,1.5,1,0.916290731874155
2023-01-18,24.9625,30.5,20.8,80.2916666666667,6.4,21.0666666666667,-55.75,-12.5,"V004","V004",-12.566666666178,-55.7,2023-02-16,-29,30.5,80.2916666666667,6.4,1,2.00148000021012
2023-01-19,24.6,29.8,20.9,80,6.8,20.5833333333333,-55.75,-12.5,"V004","V004",-12.566666666178,-55.7,2023-02-16,-28,29.8,80,6.8,1,2.05412373369555
2023-01-20,25.2791666666667,30.4,21.5,77.3333333333333,0.1,20.675,-55.75,-12.5,"V004","V004",-12.566666666178,-55.7,2023-02-16,-27,30.4,77.3333333333333,0.1,0,0.0953101798043249
2023-01-21,25.2666666666667,30.6,22,78.7916666666667,5,21.1291666666667,-55.75,-12.5,"V004","V004",-12.566666666178,-55.7,2023-02-16,-26,30.6,78.7916666666667,5,1,1.79175946922805
2023-01-22,24.675,29.9,21.7,84.75,13.2,21.6625,-55.75,-12.5,"V004","V004",-12.566666666178,-55.7,2023-02-16,-25,29.9,84.75,13.2,1,2.65324196460721
2023-01-23,24.8458333333333,29.8,22,85.0416666666667,5.7,21.975,-55.75,-12.5,"V004","V004",-12.566666666178,-55.7,2023-02-16,-24,29.8,85.0416666666667,5.7,1,1.90210752639692
2023-01-24,24.2708333333333,28.4,21.4,84.25,5.8,21.3541666666667,-55.75,-12.5,"V004","V004",-12.566666666178,-55.7,2023-02-16,-23,28.4,84.25,5.8,1,1.91692261218206
2023-01-25,24.1,26.8,21.8,86.5416666666667,1.6,21.5916666666667,-55.75,-12.5,"V004","V004",-12.566666666178,-55.7,2023-02-16,-22,26.8,86.5416666666667,1.6,1,0.955511445027436
2023-01-26,24.3541666666667,28.2,22,89.625,19.9,22.4833333333333,-55.75,-12.5,"V004","V004",-12.566666666178,-55.7,2023-02-16,-21,28.2,89.625,19.9,1,3.03974915897077
2023-01-27,22.7458333333333,24.5,21.5,93.3333333333333,17.9,21.5791666666667,-55.75,-12.5,"V004","V004",-12.566666666178,-55.7,2023-02-16,-20,24.5,93.3333333333333,17.9,1,2.9391619220656
2023-01-28,23.125,25.9,21.3,91,12.5,21.5166666666667,-55.75,-12.5,"V004","V004",-12.566666666178,-55.7,2023-02-16,-19,25.9,91,12.5,1,2.60268968544438
2023-01-29,24.175,28.9,21.6,85.1666666666667,11.3,21.3208333333333,-55.75,-12.5,"V004","V004",-12.566666666178,-55.7,2023-02-16,-18,28.9,85.1666666666667,11.3,1,2.50959926237837
2023-01-30,25.3666666666667,31.4,20.5,81.0833333333333,3.7,21.5875,-55.75,-12.5,"V004","V004",-12.566666666178,-55.7,2023-02-16,-17,31.4,81.0833333333333,3.7,1,1.54756250871601
2023-01-31,24.7708333333333,29.4,21.8,83.5,5,21.65,-55.75,-12.5,"V004","V004",-12.566666666178,-55.7,2023-02-16,-16,29.4,83.5,5,1,1.79175946922805
2023-02-01,25.8041666666667,31.1,22,80.3333333333333,1.1,21.9208333333333,-55.75,-12.5,"V004","V004",-12.566666666178,-55.7,2023-02-16,-15,31.1,80.3333333333333,1.1,1,0.741937344729377
2023-02-02,26.8208333333333,32.4,22,76.5416666666667,1.3,21.8375,-55.75,-12.5,"V004","V004",-12.566666666178,-55.7,2023-02-16,-14,32.4,76.5416666666667,1.3,1,0.832909122935104
2023-02-03,26.5833333333333,31.9,22.5,78.0416666666667,8.3,22.0916666666667,-55.75,-12.5,"V004","V004",-12.566666666178,-55.7,2023-02-16,-13,31.9,78.0416666666667,8.3,1,2.23001440015921
2023-02-04,23.6,27,21.7,84.9166666666667,5.9,20.7833333333333,-55.75,-12.5,"V004","V004",-12.566666666178,-55.7,2023-02-16,-12,27,84.9166666666667,5.9,1,1.93152141160321
2023-02-05,25.775,31.4,21.4,79.0833333333333,2.6,21.5333333333333,-55.75,-12.5,"V004","V004",-12.566666666178,-55.7,2023-02-16,-11,31.4,79.0833333333333,2.6,1,1.28093384546206
2023-02-06,24.9416666666667,31.1,22.5,81.4166666666667,6.6,21.3875,-55.75,-12.5,"V004","V004",-12.566666666178,-55.7,2023-02-16,-10,31.1,81.4166666666667,6.6,1,2.02814824729229
2023-02-07,24.9375,30.3,21.8,82.6666666666667,9.1,21.575,-55.75,-12.5,"V004","V004",-12.566666666178,-55.7,2023-02-16,-9,30.3,82.6666666666667,9.1,1,2.31253542384721
2023-02-08,26.4875,31.8,22.2,76.9166666666667,0.1,21.6458333333333,-55.75,-12.5,"V004","V004",-12.566666666178,-55.7,2023-02-16,-8,31.8,76.9166666666667,0.1,0,0.0953101798043249
2023-02-09,25.4458333333333,31,22.2,81.7083333333333,6,21.8375,-55.75,-12.5,"V004","V004",-12.566666666178,-55.7,2023-02-16,-7,31,81.7083333333333,6,1,1.94591014905531
2023-02-10,26,32,21.6,79.5416666666667,2.8,21.8583333333333,-55.75,-12.5,"V004","V004",-12.566666666178,-55.7,2023-02-16,-6,32,79.5416666666667,2.8,1,1.33500106673234
2023-02-11,26.5291666666667,31.3,22.6,77.0833333333333,1.6,21.9041666666667,-55.75,-12.5,"V004","V004",-12.566666666178,-55.7,2023-02-16,-5,31.3,77.0833333333333,1.6,1,0.955511445027436
2023-02-12,26.15,31.3,22,78.4166666666667,3.6,21.9416666666667,-55.75,-12.5,"V004","V004",-12.566666666178,-55.7,2023-02-16,-4,31.3,78.4166666666667,3.6,1,1.52605630349505
2023-02-13,27.25,32.8,22.1,73.7083333333333,0.7,21.7666666666667,-55.75,-12.5,"V004","V004",-12.566666666178,-55.7,2023-02-16,-3,32.8,73.7083333333333,0.7,0,0.53062825106217
2023-02-14,28.575,34.7,23.4,70.5416666666667,0,22.1458333333333,-55.75,-12.5,"V004","V004",-12.566666666178,-55.7,2023-02-16,-2,34.7,70.5416666666667,0,0,0
2023-02-15,25.775,31.4,22.9,80.25,2.6,21.9875,-55.75,-12.5,"V004","V004",-12.566666666178,-55.7,2023-02-16,-1,31.4,80.25,2.6,1,1.28093384546206
2022-12-10,24.5083333333333,29.4,21.7,84.375,2.5,21.4875,-55.75,-12.5,"V005","V005",-12.566666666178,-55.7,2023-02-28,-80,29.4,84.375,2.5,1,1.25276296849537
2022-12-11,25.1791666666667,30.9,21.8,79.5833333333333,2.7,21.1041666666667,-55.75,-12.5,"V005","V005",-12.566666666178,-55.7,2023-02-28,-79,30.9,79.5833333333333,2.7,1,1.30833281965018
2022-12-12,25.4125,31.2,21.6,80.625,0.3,21.5958333333333,-55.75,-12.5,"V005","V005",-12.566666666178,-55.7,2023-02-28,-78,31.2,80.625,0.3,0,0.262364264467491
2022-12-13,25.8083333333333,32.1,21.9,80.2916666666667,6.4,21.8625,-55.75,-12.5,"V005","V005",-12.566666666178,-55.7,2023-02-28,-77,32.1,80.2916666666667,6.4,1,2.00148000021012
2022-12-14,24.7375,28.5,21.7,82.8333333333333,3.6,21.4875,-55.75,-12.5,"V005","V005",-12.566666666178,-55.7,2023-02-28,-76,28.5,82.8333333333333,3.6,1,1.52605630349505
2022-12-15,24.9,28.1,22.2,84.7083333333333,15.6,22.0333333333333,-55.75,-12.5,"V005","V005",-12.566666666178,-55.7,2023-02-28,-75,28.1,84.7083333333333,15.6,1,2.8094026953625
2022-12-16,22.5041666666667,24.7,21.2,92.4583333333333,29.5,21.1791666666667,-55.75,-12.5,"V005","V005",-12.566666666178,-55.7,2023-02-28,-74,24.7,92.4583333333333,29.5,1,3.41772668361337
2022-12-17,23.8833333333333,27.3,20.8,85.4583333333333,4,21.2125,-55.75,-12.5,"V005","V005",-12.566666666178,-55.7,2023-02-28,-73,27.3,85.4583333333333,4,1,1.6094379124341
2022-12-18,24.5291666666667,28.3,22.1,86.25,11.5,21.9833333333333,-55.75,-12.5,"V005","V005",-12.566666666178,-55.7,2023-02-28,-72,28.3,86.25,11.5,1,2.52572864430826
2022-12-19,23.8458333333333,27.7,21.6,87,16.3,21.4708333333333,-55.75,-12.5,"V005","V005",-12.566666666178,-55.7,2023-02-28,-71,27.7,87,16.3,1,2.85070650150373
2022-12-20,24.0291666666667,27.9,21.5,87.6666666666667,2.9,21.775,-55.75,-12.5,"V005","V005",-12.566666666178,-55.7,2023-02-28,-70,27.9,87.6666666666667,2.9,1,1.3609765531356
2022-12-21,23.8916666666667,26,22.3,89.0833333333333,10.4,21.9583333333333,-55.75,-12.5,"V005","V005",-12.566666666178,-55.7,2023-02-28,-69,26,89.0833333333333,10.4,1,2.43361335540045
2022-12-22,23.9708333333333,28.2,21.6,84.9583333333333,3.8,21.1625,-55.75,-12.5,"V005","V005",-12.566666666178,-55.7,2023-02-28,-68,28.2,84.9583333333333,3.8,1,1.56861591791385
2022-12-23,23.6916666666667,27.6,21.5,89.75,8.3,21.8166666666667,-55.75,-12.5,"V005","V005",-12.566666666178,-55.7,2023-02-28,-67,27.6,89.75,8.3,1,2.23001440015921
2022-12-24,24.5625,28.7,22.1,86.4166666666667,2.9,22.0208333333333,-55.75,-12.5,"V005","V005",-12.566666666178,-55.7,2023-02-28,-66,28.7,86.4166666666667,2.9,1,1.3609765531356
2022-12-25,23.9958333333333,28,21.3,89.7916666666667,5.4,22.1375,-55.75,-12.5,"V005","V005",-12.566666666178,-55.7,2023-02-28,-65,28,89.7916666666667,5.4,1,1.85629799036563
2022-12-26,24.7958333333333,29.1,22.5,86,8.7,22.2,-55.75,-12.5,"V005","V005",-12.566666666178,-55.7,2023-02-28,-64,29.1,86,8.7,1,2.27212588550934
2022-12-27,23.9208333333333,26,22.5,89.6666666666667,14.3,22.075,-55.75,-12.5,"V005","V005",-12.566666666178,-55.7,2023-02-28,-63,26,89.6666666666667,14.3,1,2.72785282839839
2022-12-28,23.2916666666667,25,22.3,94.5833333333333,23.3,22.3583333333333,-55.75,-12.5,"V005","V005",-12.566666666178,-55.7,2023-02-28,-62,25,94.5833333333333,23.3,1,3.1904763503465
2022-12-29,23.4833333333333,25.9,22.1,92.7083333333333,42.9,22.225,-55.75,-12.5,"V005","V005",-12.566666666178,-55.7,2023-02-28,-61,25.9,92.7083333333333,42.9,1,3.78191432008113
2022-12-30,24.1291666666667,26.8,22,88.375,7.6,22.0166666666667,-55.75,-12.5,"V005","V005",-12.566666666178,-55.7,2023-02-28,-60,26.8,88.375,7.6,1,2.15176220325946
2022-12-31,24.1458333333333,28.1,21.7,88.875,18.2,22.1291666666667,-55.75,-12.5,"V005","V005",-12.566666666178,-55.7,2023-02-28,-59,28.1,88.875,18.2,1,2.95491027903374
2023-01-01,25.8958333333333,30.5,20.4,79.5,0.1,21.8083333333333,-55.75,-12.5,"V005","V005",-12.566666666178,-55.7,2023-02-28,-58,30.5,79.5,0.1,0,0.0953101798043249
2023-01-02,24.0708333333333,26.9,22.1,89.2083333333333,14,22.1458333333333,-55.75,-12.5,"V005","V005",-12.566666666178,-55.7,2023-02-28,-57,26.9,89.2083333333333,14,1,2.70805020110221
2023-01-03,24.5958333333333,29.4,21.5,84.7083333333333,3.7,21.7,-55.75,-12.5,"V005","V005",-12.566666666178,-55.7,2023-02-28,-56,29.4,84.7083333333333,3.7,1,1.54756250871601
2023-01-04,24.2458333333333,28.7,21.6,86.5416666666667,11.4,21.7041666666667,-55.75,-12.5,"V005","V005",-12.566666666178,-55.7,2023-02-28,-55,28.7,86.5416666666667,11.4,1,2.51769647261099
2023-01-05,23.65,26.7,21.6,90.375,29.1,21.9416666666667,-55.75,-12.5,"V005","V005",-12.566666666178,-55.7,2023-02-28,-54,26.7,90.375,29.1,1,3.40452517175483
2023-01-06,23.35,26.8,21.4,89.875,5.5,21.5291666666667,-55.75,-12.5,"V005","V005",-12.566666666178,-55.7,2023-02-28,-53,26.8,89.875,5.5,1,1.87180217690159
2023-01-07,23.7041666666667,28.7,21.7,88.5833333333333,11.9,21.6541666666667,-55.75,-12.5,"V005","V005",-12.566666666178,-55.7,2023-02-28,-52,28.7,88.5833333333333,11.9,1,2.55722731136763
2023-01-08,23.725,27.1,21.1,86.1666666666667,0.4,21.125,-55.75,-12.5,"V005","V005",-12.566666666178,-55.7,2023-02-28,-51,27.1,86.1666666666667,0.4,0,0.336472236621213
2023-01-09,24.0958333333333,28.3,21.5,82.8333333333333,1.3,20.8375,-55.75,-12.5,"V005","V005",-12.566666666178,-55.7,2023-02-28,-50,28.3,82.8333333333333,1.3,1,0.832909122935104
2023-01-10,23.3916666666667,27.5,21.5,88.875,6.2,21.3583333333333,-55.75,-12.5,"V005","V005",-12.566666666178,-55.7,2023-02-28,-49,27.5,88.875,6.2,1,1.97408102602201
2023-01-11,24.7208333333333,30.8,20.4,82.7916666666667,0.7,21.3791666666667,-55.75,-12.5,"V005","V005",-12.566666666178,-55.7,2023-02-28,-48,30.8,82.7916666666667,0.7,0,0.53062825106217
2023-01-12,24.4875,28.1,22.2,84.5416666666667,4.6,21.575,-55.75,-12.5,"V005","V005",-12.566666666178,-55.7,2023-02-28,-47,28.1,84.5416666666667,4.6,1,1.7227665977411
2023-01-13,23.6166666666667,27.3,21.5,89.4583333333333,14.6,21.7083333333333,-55.75,-12.5,"V005","V005",-12.566666666178,-55.7,2023-02-28,-46,27.3,89.4583333333333,14.6,1,2.74727091425549
2023-01-14,24.2583333333333,28,21.3,83.75,4.6,21.1875,-55.75,-12.5,"V005","V005",-12.566666666178,-55.7,2023-02-28,-45,28,83.75,4.6,1,1.7227665977411
2023-01-15,24.9791666666667,30.2,21.2,82.375,3.7,21.5583333333333,-55.75,-12.5,"V005","V005",-12.566666666178,-55.7,2023-02-28,-44,30.2,82.375,3.7,1,1.54756250871601
2023-01-16,24.7458333333333,30.4,21.1,83.2083333333333,7.4,21.5,-55.75,-12.5,"V005","V005",-12.566666666178,-55.7,2023-02-28,-43,30.4,83.2083333333333,7.4,1,2.12823170584927
2023-01-17,24.8166666666667,30.3,20.1,78.75,1.5,20.5458333333333,-55.75,-12.5,"V005","V005",-12.566666666178,-55.7,2023-02-28,-42,30.3,78.75,1.5,1,0.916290731874155
2023-01-18,24.9625,30.5,20.8,80.2916666666667,6.4,21.0666666666667,-55.75,-12.5,"V005","V005",-12.566666666178,-55.7,2023-02-28,-41,30.5,80.2916666666667,6.4,1,2.00148000021012
2023-01-19,24.6,29.8,20.9,80,6.8,20.5833333333333,-55.75,-12.5,"V005","V005",-12.566666666178,-55.7,2023-02-28,-40,29.8,80,6.8,1,2.05412373369555
2023-01-20,25.2791666666667,30.4,21.5,77.3333333333333,0.1,20.675,-55.75,-12.5,"V005","V005",-12.566666666178,-55.7,2023-02-28,-39,30.4,77.3333333333333,0.1,0,0.0953101798043249
2023-01-21,25.2666666666667,30.6,22,78.7916666666667,5,21.1291666666667,-55.75,-12.5,"V005","V005",-12.566666666178,-55.7,2023-02-28,-38,30.6,78.7916666666667,5,1,1.79175946922805
2023-01-22,24.675,29.9,21.7,84.75,13.2,21.6625,-55.75,-12.5,"V005","V005",-12.566666666178,-55.7,2023-02-28,-37,29.9,84.75,13.2,1,2.65324196460721
2023-01-23,24.8458333333333,29.8,22,85.0416666666667,5.7,21.975,-55.75,-12.5,"V005","V005",-12.566666666178,-55.7,2023-02-28,-36,29.8,85.0416666666667,5.7,1,1.90210752639692
2023-01-24,24.2708333333333,28.4,21.4,84.25,5.8,21.3541666666667,-55.75,-12.5,"V005","V005",-12.566666666178,-55.7,2023-02-28,-35,28.4,84.25,5.8,1,1.91692261218206
2023-01-25,24.1,26.8,21.8,86.5416666666667,1.6,21.5916666666667,-55.75,-12.5,"V005","V005",-12.566666666178,-55.7,2023-02-28,-34,26.8,86.5416666666667,1.6,1,0.955511445027436
2023-01-26,24.3541666666667,28.2,22,89.625,19.9,22.4833333333333,-55.75,-12.5,"V005","V005",-12.566666666178,-55.7,2023-02-28,-33,28.2,89.625,19.9,1,3.03974915897077
2023-01-27,22.7458333333333,24.5,21.5,93.3333333333333,17.9,21.5791666666667,-55.75,-12.5,"V005","V005",-12.566666666178,-55.7,2023-02-28,-32,24.5,93.3333333333333,17.9,1,2.9391619220656
2023-01-28,23.125,25.9,21.3,91,12.5,21.5166666666667,-55.75,-12.5,"V005","V005",-12.566666666178,-55.7,2023-02-28,-31,25.9,91,12.5,1,2.60268968544438
2023-01-29,24.175,28.9,21.6,85.1666666666667,11.3,21.3208333333333,-55.75,-12.5,"V005","V005",-12.566666666178,-55.7,2023-02-28,-30,28.9,85.1666666666667,11.3,1,2.50959926237837
2023-01-30,25.3666666666667,31.4,20.5,81.0833333333333,3.7,21.5875,-55.75,-12.5,"V005","V005",-12.566666666178,-55.7,2023-02-28,-29,31.4,81.0833333333333,3.7,1,1.54756250871601
2023-01-31,24.7708333333333,29.4,21.8,83.5,5,21.65,-55.75,-12.5,"V005","V005",-12.566666666178,-55.7,2023-02-28,-28,29.4,83.5,5,1,1.79175946922805
2023-02-01,25.8041666666667,31.1,22,80.3333333333333,1.1,21.9208333333333,-55.75,-12.5,"V005","V005",-12.566666666178,-55.7,2023-02-28,-27,31.1,80.3333333333333,1.1,1,0.741937344729377
2023-02-02,26.8208333333333,32.4,22,76.5416666666667,1.3,21.8375,-55.75,-12.5,"V005","V005",-12.566666666178,-55.7,2023-02-28,-26,32.4,76.5416666666667,1.3,1,0.832909122935104
2023-02-03,26.5833333333333,31.9,22.5,78.0416666666667,8.3,22.0916666666667,-55.75,-12.5,"V005","V005",-12.566666666178,-55.7,2023-02-28,-25,31.9,78.0416666666667,8.3,1,2.23001440015921
2023-02-04,23.6,27,21.7,84.9166666666667,5.9,20.7833333333333,-55.75,-12.5,"V005","V005",-12.566666666178,-55.7,2023-02-28,-24,27,84.9166666666667,5.9,1,1.93152141160321
2023-02-05,25.775,31.4,21.4,79.0833333333333,2.6,21.5333333333333,-55.75,-12.5,"V005","V005",-12.566666666178,-55.7,2023-02-28,-23,31.4,79.0833333333333,2.6,1,1.28093384546206
2023-02-06,24.9416666666667,31.1,22.5,81.4166666666667,6.6,21.3875,-55.75,-12.5,"V005","V005",-12.566666666178,-55.7,2023-02-28,-22,31.1,81.4166666666667,6.6,1,2.02814824729229
2023-02-07,24.9375,30.3,21.8,82.6666666666667,9.1,21.575,-55.75,-12.5,"V005","V005",-12.566666666178,-55.7,2023-02-28,-21,30.3,82.6666666666667,9.1,1,2.31253542384721
2023-02-08,26.4875,31.8,22.2,76.9166666666667,0.1,21.6458333333333,-55.75,-12.5,"V005","V005",-12.566666666178,-55.7,2023-02-28,-20,31.8,76.9166666666667,0.1,0,0.0953101798043249
2023-02-09,25.4458333333333,31,22.2,81.7083333333333,6,21.8375,-55.75,-12.5,"V005","V005",-12.566666666178,-55.7,2023-02-28,-19,31,81.7083333333333,6,1,1.94591014905531
2023-02-10,26,32,21.6,79.5416666666667,2.8,21.8583333333333,-55.75,-12.5,"V005","V005",-12.566666666178,-55.7,2023-02-28,-18,32,79.5416666666667,2.8,1,1.33500106673234
2023-02-11,26.5291666666667,31.3,22.6,77.0833333333333,1.6,21.9041666666667,-55.75,-12.5,"V005","V005",-12.566666666178,-55.7,2023-02-28,-17,31.3,77.0833333333333,1.6,1,0.955511445027436
2023-02-12,26.15,31.3,22,78.4166666666667,3.6,21.9416666666667,-55.75,-12.5,"V005","V005",-12.566666666178,-55.7,2023-02-28,-16,31.3,78.4166666666667,3.6,1,1.52605630349505
2023-02-13,27.25,32.8,22.1,73.7083333333333,0.7,21.7666666666667,-55.75,-12.5,"V005","V005",-12.566666666178,-55.7,2023-02-28,-15,32.8,73.7083333333333,0.7,0,0.53062825106217
2023-02-14,28.575,34.7,23.4,70.5416666666667,0,22.1458333333333,-55.75,-12.5,"V005","V005",-12.566666666178,-55.7,2023-02-28,-14,34.7,70.5416666666667,0,0,0
2023-02-15,25.775,31.4,22.9,80.25,2.6,21.9875,-55.75,-12.5,"V005","V005",-12.566666666178,-55.7,2023-02-28,-13,31.4,80.25,2.6,1,1.28093384546206
2023-02-16,25.6541666666667,31,22.7,81.5,6,22.0416666666667,-55.75,-12.5,"V005","V005",-12.566666666178,-55.7,2023-02-28,-12,31,81.5,6,1,1.94591014905531
2023-02-17,24.8083333333333,29.1,22.4,85.6666666666667,13.3,22.1375,-55.75,-12.5,"V005","V005",-12.566666666178,-55.7,2023-02-28,-11,29.1,85.6666666666667,13.3,1,2.66025953726586
2023-02-18,23.9791666666667,27.9,21.7,86,6.3,21.3291666666667,-55.75,-12.5,"V005","V005",-12.566666666178,-55.7,2023-02-28,-10,27.9,86,6.3,1,1.98787434815435
2023-02-19,24.7708333333333,29.9,21.9,84.0833333333333,28.9,21.7291666666667,-55.75,-12.5,"V005","V005",-12.566666666178,-55.7,2023-02-28,-9,29.9,84.0833333333333,28.9,1,3.39785848039664
2023-02-20,23.8375,26.7,22.2,86.2083333333333,13.1,21.2791666666667,-55.75,-12.5,"V005","V005",-12.566666666178,-55.7,2023-02-28,-8,26.7,86.2083333333333,13.1,1,2.64617479738412
2023-02-21,24,28.2,21.5,85.5833333333333,10.9,21.275,-55.75,-12.5,"V005","V005",-12.566666666178,-55.7,2023-02-28,-7,28.2,85.5833333333333,10.9,1,2.47653840011748
2023-02-22,23.95,28.6,22.1,88.9583333333333,17.3,21.95,-55.75,-12.5,"V005","V005",-12.566666666178,-55.7,2023-02-28,-6,28.6,88.9583333333333,17.3,1,2.90690105984738
2023-02-23,25.9458333333333,31.9,21.3,77.7083333333333,2.6,21.2333333333333,-55.75,-12.5,"V005","V005",-12.566666666178,-55.7,2023-02-28,-5,31.9,77.7083333333333,2.6,1,1.28093384546206
2023-02-24,26.8791666666667,31.7,23.4,77.375,2.7,22.3375,-55.75,-12.5,"V005","V005",-12.566666666178,-55.7,2023-02-28,-4,31.7,77.375,2.7,1,1.30833281965018
2023-02-25,24.5708333333333,29.4,21.9,83.5833333333333,8.2,21.4333333333333,-55.75,-12.5,"V005","V005",-12.566666666178,-55.7,2023-02-28,-3,29.4,83.5833333333333,8.2,1,2.21920348405499
2023-02-26,25.9291666666667,31.8,21.3,79.5,0.4,21.8208333333333,-55.75,-12.5,"V005","V005",-12.566666666178,-55.7,2023-02-28,-2,31.8,79.5,0.4,0,0.336472236621213
2023-02-27,26.5375,32.5,22,78.5833333333333,1.7,22.1666666666667,-55.75,-12.5,"V005","V005",-12.566666666178,-55.7,2023-02-28,-1,32.5,78.5833333333333,1.7,1,0.993251773010283
2022-12-23,23.6916666666667,27.6,21.5,89.75,8.3,21.8166666666667,-55.75,-12.5,"V006","V006",-12.566666666178,-55.7,2023-03-13,-80,27.6,89.75,8.3,1,2.23001440015921
2022-12-24,24.5625,28.7,22.1,86.4166666666667,2.9,22.0208333333333,-55.75,-12.5,"V006","V006",-12.566666666178,-55.7,2023-03-13,-79,28.7,86.4166666666667,2.9,1,1.3609765531356
2022-12-25,23.9958333333333,28,21.3,89.7916666666667,5.4,22.1375,-55.75,-12.5,"V006","V006",-12.566666666178,-55.7,2023-03-13,-78,28,89.7916666666667,5.4,1,1.85629799036563
2022-12-26,24.7958333333333,29.1,22.5,86,8.7,22.2,-55.75,-12.5,"V006","V006",-12.566666666178,-55.7,2023-03-13,-77,29.1,86,8.7,1,2.27212588550934
2022-12-27,23.9208333333333,26,22.5,89.6666666666667,14.3,22.075,-55.75,-12.5,"V006","V006",-12.566666666178,-55.7,2023-03-13,-76,26,89.6666666666667,14.3,1,2.72785282839839
2022-12-28,23.2916666666667,25,22.3,94.5833333333333,23.3,22.3583333333333,-55.75,-12.5,"V006","V006",-12.566666666178,-55.7,2023-03-13,-75,25,94.5833333333333,23.3,1,3.1904763503465
2022-12-29,23.4833333333333,25.9,22.1,92.7083333333333,42.9,22.225,-55.75,-12.5,"V006","V006",-12.566666666178,-55.7,2023-03-13,-74,25.9,92.7083333333333,42.9,1,3.78191432008113
2022-12-30,24.1291666666667,26.8,22,88.375,7.6,22.0166666666667,-55.75,-12.5,"V006","V006",-12.566666666178,-55.7,2023-03-13,-73,26.8,88.375,7.6,1,2.15176220325946
2022-12-31,24.1458333333333,28.1,21.7,88.875,18.2,22.1291666666667,-55.75,-12.5,"V006","V006",-12.566666666178,-55.7,2023-03-13,-72,28.1,88.875,18.2,1,2.95491027903374
2023-01-01,25.8958333333333,30.5,20.4,79.5,0.1,21.8083333333333,-55.75,-12.5,"V006","V006",-12.566666666178,-55.7,2023-03-13,-71,30.5,79.5,0.1,0,0.0953101798043249
2023-01-02,24.0708333333333,26.9,22.1,89.2083333333333,14,22.1458333333333,-55.75,-12.5,"V006","V006",-12.566666666178,-55.7,2023-03-13,-70,26.9,89.2083333333333,14,1,2.70805020110221
2023-01-03,24.5958333333333,29.4,21.5,84.7083333333333,3.7,21.7,-55.75,-12.5,"V006","V006",-12.566666666178,-55.7,2023-03-13,-69,29.4,84.7083333333333,3.7,1,1.54756250871601
2023-01-04,24.2458333333333,28.7,21.6,86.5416666666667,11.4,21.7041666666667,-55.75,-12.5,"V006","V006",-12.566666666178,-55.7,2023-03-13,-68,28.7,86.5416666666667,11.4,1,2.51769647261099
2023-01-05,23.65,26.7,21.6,90.375,29.1,21.9416666666667,-55.75,-12.5,"V006","V006",-12.566666666178,-55.7,2023-03-13,-67,26.7,90.375,29.1,1,3.40452517175483
2023-01-06,23.35,26.8,21.4,89.875,5.5,21.5291666666667,-55.75,-12.5,"V006","V006",-12.566666666178,-55.7,2023-03-13,-66,26.8,89.875,5.5,1,1.87180217690159
2023-01-07,23.7041666666667,28.7,21.7,88.5833333333333,11.9,21.6541666666667,-55.75,-12.5,"V006","V006",-12.566666666178,-55.7,2023-03-13,-65,28.7,88.5833333333333,11.9,1,2.55722731136763
2023-01-08,23.725,27.1,21.1,86.1666666666667,0.4,21.125,-55.75,-12.5,"V006","V006",-12.566666666178,-55.7,2023-03-13,-64,27.1,86.1666666666667,0.4,0,0.336472236621213
2023-01-09,24.0958333333333,28.3,21.5,82.8333333333333,1.3,20.8375,-55.75,-12.5,"V006","V006",-12.566666666178,-55.7,2023-03-13,-63,28.3,82.8333333333333,1.3,1,0.832909122935104
2023-01-10,23.3916666666667,27.5,21.5,88.875,6.2,21.3583333333333,-55.75,-12.5,"V006","V006",-12.566666666178,-55.7,2023-03-13,-62,27.5,88.875,6.2,1,1.97408102602201
2023-01-11,24.7208333333333,30.8,20.4,82.7916666666667,0.7,21.3791666666667,-55.75,-12.5,"V006","V006",-12.566666666178,-55.7,2023-03-13,-61,30.8,82.7916666666667,0.7,0,0.53062825106217
2023-01-12,24.4875,28.1,22.2,84.5416666666667,4.6,21.575,-55.75,-12.5,"V006","V006",-12.566666666178,-55.7,2023-03-13,-60,28.1,84.5416666666667,4.6,1,1.7227665977411
2023-01-13,23.6166666666667,27.3,21.5,89.4583333333333,14.6,21.7083333333333,-55.75,-12.5,"V006","V006",-12.566666666178,-55.7,2023-03-13,-59,27.3,89.4583333333333,14.6,1,2.74727091425549
2023-01-14,24.2583333333333,28,21.3,83.75,4.6,21.1875,-55.75,-12.5,"V006","V006",-12.566666666178,-55.7,2023-03-13,-58,28,83.75,4.6,1,1.7227665977411
2023-01-15,24.9791666666667,30.2,21.2,82.375,3.7,21.5583333333333,-55.75,-12.5,"V006","V006",-12.566666666178,-55.7,2023-03-13,-57,30.2,82.375,3.7,1,1.54756250871601
2023-01-16,24.7458333333333,30.4,21.1,83.2083333333333,7.4,21.5,-55.75,-12.5,"V006","V006",-12.566666666178,-55.7,2023-03-13,-56,30.4,83.2083333333333,7.4,1,2.12823170584927
2023-01-17,24.8166666666667,30.3,20.1,78.75,1.5,20.5458333333333,-55.75,-12.5,"V006","V006",-12.566666666178,-55.7,2023-03-13,-55,30.3,78.75,1.5,1,0.916290731874155
2023-01-18,24.9625,30.5,20.8,80.2916666666667,6.4,21.0666666666667,-55.75,-12.5,"V006","V006",-12.566666666178,-55.7,2023-03-13,-54,30.5,80.2916666666667,6.4,1,2.00148000021012
2023-01-19,24.6,29.8,20.9,80,6.8,20.5833333333333,-55.75,-12.5,"V006","V006",-12.566666666178,-55.7,2023-03-13,-53,29.8,80,6.8,1,2.05412373369555
2023-01-20,25.2791666666667,30.4,21.5,77.3333333333333,0.1,20.675,-55.75,-12.5,"V006","V006",-12.566666666178,-55.7,2023-03-13,-52,30.4,77.3333333333333,0.1,0,0.0953101798043249
2023-01-21,25.2666666666667,30.6,22,78.7916666666667,5,21.1291666666667,-55.75,-12.5,"V006","V006",-12.566666666178,-55.7,2023-03-13,-51,30.6,78.7916666666667,5,1,1.79175946922805
2023-01-22,24.675,29.9,21.7,84.75,13.2,21.6625,-55.75,-12.5,"V006","V006",-12.566666666178,-55.7,2023-03-13,-50,29.9,84.75,13.2,1,2.65324196460721
2023-01-23,24.8458333333333,29.8,22,85.0416666666667,5.7,21.975,-55.75,-12.5,"V006","V006",-12.566666666178,-55.7,2023-03-13,-49,29.8,85.0416666666667,5.7,1,1.90210752639692
2023-01-24,24.2708333333333,28.4,21.4,84.25,5.8,21.3541666666667,-55.75,-12.5,"V006","V006",-12.566666666178,-55.7,2023-03-13,-48,28.4,84.25,5.8,1,1.91692261218206
2023-01-25,24.1,26.8,21.8,86.5416666666667,1.6,21.5916666666667,-55.75,-12.5,"V006","V006",-12.566666666178,-55.7,2023-03-13,-47,26.8,86.5416666666667,1.6,1,0.955511445027436
2023-01-26,24.3541666666667,28.2,22,89.625,19.9,22.4833333333333,-55.75,-12.5,"V006","V006",-12.566666666178,-55.7,2023-03-13,-46,28.2,89.625,19.9,1,3.03974915897077
2023-01-27,22.7458333333333,24.5,21.5,93.3333333333333,17.9,21.5791666666667,-55.75,-12.5,"V006","V006",-12.566666666178,-55.7,2023-03-13,-45,24.5,93.3333333333333,17.9,1,2.9391619220656
2023-01-28,23.125,25.9,21.3,91,12.5,21.5166666666667,-55.75,-12.5,"V006","V006",-12.566666666178,-55.7,2023-03-13,-44,25.9,91,12.5,1,2.60268968544438
2023-01-29,24.175,28.9,21.6,85.1666666666667,11.3,21.3208333333333,-55.75,-12.5,"V006","V006",-12.566666666178,-55.7,2023-03-13,-43,28.9,85.1666666666667,11.3,1,2.50959926237837
2023-01-30,25.3666666666667,31.4,20.5,81.0833333333333,3.7,21.5875,-55.75,-12.5,"V006","V006",-12.566666666178,-55.7,2023-03-13,-42,31.4,81.0833333333333,3.7,1,1.54756250871601
2023-01-31,24.7708333333333,29.4,21.8,83.5,5,21.65,-55.75,-12.5,"V006","V006",-12.566666666178,-55.7,2023-03-13,-41,29.4,83.5,5,1,1.79175946922805
2023-02-01,25.8041666666667,31.1,22,80.3333333333333,1.1,21.9208333333333,-55.75,-12.5,"V006","V006",-12.566666666178,-55.7,2023-03-13,-40,31.1,80.3333333333333,1.1,1,0.741937344729377
2023-02-02,26.8208333333333,32.4,22,76.5416666666667,1.3,21.8375,-55.75,-12.5,"V006","V006",-12.566666666178,-55.7,2023-03-13,-39,32.4,76.5416666666667,1.3,1,0.832909122935104
2023-02-03,26.5833333333333,31.9,22.5,78.0416666666667,8.3,22.0916666666667,-55.75,-12.5,"V006","V006",-12.566666666178,-55.7,2023-03-13,-38,31.9,78.0416666666667,8.3,1,2.23001440015921
2023-02-04,23.6,27,21.7,84.9166666666667,5.9,20.7833333333333,-55.75,-12.5,"V006","V006",-12.566666666178,-55.7,2023-03-13,-37,27,84.9166666666667,5.9,1,1.93152141160321
2023-02-05,25.775,31.4,21.4,79.0833333333333,2.6,21.5333333333333,-55.75,-12.5,"V006","V006",-12.566666666178,-55.7,2023-03-13,-36,31.4,79.0833333333333,2.6,1,1.28093384546206
2023-02-06,24.9416666666667,31.1,22.5,81.4166666666667,6.6,21.3875,-55.75,-12.5,"V006","V006",-12.566666666178,-55.7,2023-03-13,-35,31.1,81.4166666666667,6.6,1,2.02814824729229
2023-02-07,24.9375,30.3,21.8,82.6666666666667,9.1,21.575,-55.75,-12.5,"V006","V006",-12.566666666178,-55.7,2023-03-13,-34,30.3,82.6666666666667,9.1,1,2.31253542384721
2023-02-08,26.4875,31.8,22.2,76.9166666666667,0.1,21.6458333333333,-55.75,-12.5,"V006","V006",-12.566666666178,-55.7,2023-03-13,-33,31.8,76.9166666666667,0.1,0,0.0953101798043249
2023-02-09,25.4458333333333,31,22.2,81.7083333333333,6,21.8375,-55.75,-12.5,"V006","V006",-12.566666666178,-55.7,2023-03-13,-32,31,81.7083333333333,6,1,1.94591014905531
2023-02-10,26,32,21.6,79.5416666666667,2.8,21.8583333333333,-55.75,-12.5,"V006","V006",-12.566666666178,-55.7,2023-03-13,-31,32,79.5416666666667,2.8,1,1.33500106673234
2023-02-11,26.5291666666667,31.3,22.6,77.0833333333333,1.6,21.9041666666667,-55.75,-12.5,"V006","V006",-12.566666666178,-55.7,2023-03-13,-30,31.3,77.0833333333333,1.6,1,0.955511445027436
2023-02-12,26.15,31.3,22,78.4166666666667,3.6,21.9416666666667,-55.75,-12.5,"V006","V006",-12.566666666178,-55.7,2023-03-13,-29,31.3,78.4166666666667,3.6,1,1.52605630349505
2023-02-13,27.25,32.8,22.1,73.7083333333333,0.7,21.7666666666667,-55.75,-12.5,"V006","V006",-12.566666666178,-55.7,2023-03-13,-28,32.8,73.7083333333333,0.7,0,0.53062825106217
2023-02-14,28.575,34.7,23.4,70.5416666666667,0,22.1458333333333,-55.75,-12.5,"V006","V006",-12.566666666178,-55.7,2023-03-13,-27,34.7,70.5416666666667,0,0,0
2023-02-15,25.775,31.4,22.9,80.25,2.6,21.9875,-55.75,-12.5,"V006","V006",-12.566666666178,-55.7,2023-03-13,-26,31.4,80.25,2.6,1,1.28093384546206
2023-02-16,25.6541666666667,31,22.7,81.5,6,22.0416666666667,-55.75,-12.5,"V006","V006",-12.566666666178,-55.7,2023-03-13,-25,31,81.5,6,1,1.94591014905531
2023-02-17,24.8083333333333,29.1,22.4,85.6666666666667,13.3,22.1375,-55.75,-12.5,"V006","V006",-12.566666666178,-55.7,2023-03-13,-24,29.1,85.6666666666667,13.3,1,2.66025953726586
2023-02-18,23.9791666666667,27.9,21.7,86,6.3,21.3291666666667,-55.75,-12.5,"V006","V006",-12.566666666178,-55.7,2023-03-13,-23,27.9,86,6.3,1,1.98787434815435
2023-02-19,24.7708333333333,29.9,21.9,84.0833333333333,28.9,21.7291666666667,-55.75,-12.5,"V006","V006",-12.566666666178,-55.7,2023-03-13,-22,29.9,84.0833333333333,28.9,1,3.39785848039664
2023-02-20,23.8375,26.7,22.2,86.2083333333333,13.1,21.2791666666667,-55.75,-12.5,"V006","V006",-12.566666666178,-55.7,2023-03-13,-21,26.7,86.2083333333333,13.1,1,2.64617479738412
2023-02-21,24,28.2,21.5,85.5833333333333,10.9,21.275,-55.75,-12.5,"V006","V006",-12.566666666178,-55.7,2023-03-13,-20,28.2,85.5833333333333,10.9,1,2.47653840011748
2023-02-22,23.95,28.6,22.1,88.9583333333333,17.3,21.95,-55.75,-12.5,"V006","V006",-12.566666666178,-55.7,2023-03-13,-19,28.6,88.9583333333333,17.3,1,2.90690105984738
2023-02-23,25.9458333333333,31.9,21.3,77.7083333333333,2.6,21.2333333333333,-55.75,-12.5,"V006","V006",-12.566666666178,-55.7,2023-03-13,-18,31.9,77.7083333333333,2.6,1,1.28093384546206
2023-02-24,26.8791666666667,31.7,23.4,77.375,2.7,22.3375,-55.75,-12.5,"V006","V006",-12.566666666178,-55.7,2023-03-13,-17,31.7,77.375,2.7,1,1.30833281965018
2023-02-25,24.5708333333333,29.4,21.9,83.5833333333333,8.2,21.4333333333333,-55.75,-12.5,"V006","V006",-12.566666666178,-55.7,2023-03-13,-16,29.4,83.5833333333333,8.2,1,2.21920348405499
2023-02-26,25.9291666666667,31.8,21.3,79.5,0.4,21.8208333333333,-55.75,-12.5,"V006","V006",-12.566666666178,-55.7,2023-03-13,-15,31.8,79.5,0.4,0,0.336472236621213
2023-02-27,26.5375,32.5,22,78.5833333333333,1.7,22.1666666666667,-55.75,-12.5,"V006","V006",-12.566666666178,-55.7,2023-03-13,-14,32.5,78.5833333333333,1.7,1,0.993251773010283
2023-02-28,25.6458333333333,30.3,22.1,82.5833333333333,4.9,22.2833333333333,-55.75,-12.5,"V006","V006",-12.566666666178,-55.7,2023-03-13,-13,30.3,82.5833333333333,4.9,1,1.77495235091167
2023-03-01,26.2958333333333,32.3,21.6,77.5833333333333,1.1,21.7208333333333,-55.75,-12.5,"V006","V006",-12.566666666178,-55.7,2023-03-13,-12,32.3,77.5833333333333,1.1,1,0.741937344729377
2023-03-02,26.7958333333333,33.2,22.2,75.5416666666667,0.3,21.7125,-55.75,-12.5,"V006","V006",-12.566666666178,-55.7,2023-03-13,-11,33.2,75.5416666666667,0.3,0,0.262364264467491
2023-03-03,25.7708333333333,32.5,22.2,80.4166666666667,4.8,21.8333333333333,-55.75,-12.5,"V006","V006",-12.566666666178,-55.7,2023-03-13,-10,32.5,80.4166666666667,4.8,1,1.75785791755237
2023-03-04,26.725,32.8,21.5,76.25,0.4,21.5833333333333,-55.75,-12.5,"V006","V006",-12.566666666178,-55.7,2023-03-13,-9,32.8,76.25,0.4,0,0.336472236621213
2023-03-05,26.2416666666667,31.1,22.6,79.5416666666667,2.7,22.1958333333333,-55.75,-12.5,"V006","V006",-12.566666666178,-55.7,2023-03-13,-8,31.1,79.5416666666667,2.7,1,1.30833281965018
2023-03-06,25.7583333333333,30.5,22.6,84.8333333333333,14.3,22.8833333333333,-55.75,-12.5,"V006","V006",-12.566666666178,-55.7,2023-03-13,-7,30.5,84.8333333333333,14.3,1,2.72785282839839
2023-03-07,26.3166666666667,31.9,22.9,81.0833333333333,13.2,22.5208333333333,-55.75,-12.5,"V006","V006",-12.566666666178,-55.7,2023-03-13,-6,31.9,81.0833333333333,13.2,1,2.65324196460721
2023-03-08,23.1916666666667,24.9,21.9,93,54.4,22,-55.75,-12.5,"V006","V006",-12.566666666178,-55.7,2023-03-13,-5,24.9,93,54.4,1,4.01457959375324
2023-03-09,25.5041666666667,31.2,21.3,80.4166666666667,0.6,21.5291666666667,-55.75,-12.5,"V006","V006",-12.566666666178,-55.7,2023-03-13,-4,31.2,80.4166666666667,0.6,0,0.470003629245736
2023-03-10,25.1625,30.2,22.5,84.5833333333333,1.7,22.1791666666667,-55.75,-12.5,"V006","V006",-12.566666666178,-55.7,2023-03-13,-3,30.2,84.5833333333333,1.7,1,0.993251773010283
2023-03-11,24.4583333333333,28.5,22,87.5833333333333,9.8,22.075,-55.75,-12.5,"V006","V006",-12.566666666178,-55.7,2023-03-13,-2,28.5,87.5833333333333,9.8,1,2.37954613413017
2023-03-12,23.3625,25.9,21.9,93.5833333333333,18.8,22.25,-55.75,-12.5,"V006","V006",-12.566666666178,-55.7,2023-03-13,-1,25.9,93.5833333333333,18.8,1,2.98568193770049
2022-11-27,26.0583333333333,31.1,21.7,80.25,0.4,22.15,-56,-12.5,"V007","V007",-12.440805555072,-55.88775,2023-02-15,-80,31.1,80.25,0.4,0,0.336472236621213
2022-11-28,26.525,33.1,21.5,73.2916666666667,0.2,20.6416666666667,-56,-12.5,"V007","V007",-12.440805555072,-55.88775,2023-02-15,-79,33.1,73.2916666666667,0.2,0,0.182321556793955
2022-11-29,25.7875,30.8,21.7,79.4166666666667,1.3,21.7625,-56,-12.5,"V007","V007",-12.440805555072,-55.88775,2023-02-15,-78,30.8,79.4166666666667,1.3,1,0.832909122935104
2022-11-30,24.8291666666667,30.8,21,78.7083333333333,11.1,20.525,-56,-12.5,"V007","V007",-12.440805555072,-55.88775,2023-02-15,-77,30.8,78.7083333333333,11.1,1,2.4932054526027
2022-12-01,23.9458333333333,31.2,20.7,86.125,18.5,21.2833333333333,-56,-12.5,"V007","V007",-12.440805555072,-55.88775,2023-02-15,-76,31.2,86.125,18.5,1,2.9704144655697
2022-12-02,25.1291666666667,30.3,21,80.5416666666667,4.3,21.2375,-56,-12.5,"V007","V007",-12.440805555072,-55.88775,2023-02-15,-75,30.3,80.5416666666667,4.3,1,1.66770682055808
2022-12-03,24.5291666666667,29,22.3,86.1666666666667,7.8,21.9583333333333,-56,-12.5,"V007","V007",-12.440805555072,-55.88775,2023-02-15,-74,29,86.1666666666667,7.8,1,2.17475172148416
2022-12-04,23.7875,27.1,22.1,89.75,11.6,21.9583333333333,-56,-12.5,"V007","V007",-12.440805555072,-55.88775,2023-02-15,-73,27.1,89.75,11.6,1,2.53369681395743
2022-12-05,23.4,26.6,21.6,90.6666666666667,7.3,21.6791666666667,-56,-12.5,"V007","V007",-12.440805555072,-55.88775,2023-02-15,-72,26.6,90.6666666666667,7.3,1,2.11625551480255
2022-12-06,25.15,30.7,21.4,79.5,3.4,20.9875,-56,-12.5,"V007","V007",-12.440805555072,-55.88775,2023-02-15,-71,30.7,79.5,3.4,1,1.48160454092422
2022-12-07,25.6291666666667,30.5,22.6,83.75,5.8,22.5208333333333,-56,-12.5,"V007","V007",-12.440805555072,-55.88775,2023-02-15,-70,30.5,83.75,5.8,1,1.91692261218206
2022-12-08,26.2625,32.1,20.6,77.625,0.5,21.5458333333333,-56,-12.5,"V007","V007",-12.440805555072,-55.88775,2023-02-15,-69,32.1,77.625,0.5,0,0.405465108108164
2022-12-09,24.5333333333333,27.7,22.4,88,12.3,22.3416666666667,-56,-12.5,"V007","V007",-12.440805555072,-55.88775,2023-02-15,-68,27.7,88,12.3,1,2.58776403522771
2022-12-10,24.2625,28.5,21.3,85.0833333333333,0.2,21.4458333333333,-56,-12.5,"V007","V007",-12.440805555072,-55.88775,2023-02-15,-67,28.5,85.0833333333333,0.2,0,0.182321556793955
2022-12-11,24.7958333333333,30.7,21.9,81.9166666666667,2.5,21.2333333333333,-56,-12.5,"V007","V007",-12.440805555072,-55.88775,2023-02-15,-66,30.7,81.9166666666667,2.5,1,1.25276296849537
2022-12-12,24.9333333333333,30.6,21.2,83.625,0.9,21.7083333333333,-56,-12.5,"V007","V007",-12.440805555072,-55.88775,2023-02-15,-65,30.6,83.625,0.9,0,0.641853886172395
2022-12-13,25.4791666666667,31.9,21.8,82.75,7.4,22.05,-56,-12.5,"V007","V007",-12.440805555072,-55.88775,2023-02-15,-64,31.9,82.75,7.4,1,2.12823170584927
2022-12-14,24.4333333333333,28.5,21.4,84.0833333333333,4,21.4083333333333,-56,-12.5,"V007","V007",-12.440805555072,-55.88775,2023-02-15,-63,28.5,84.0833333333333,4,1,1.6094379124341
2022-12-15,24.5958333333333,28.1,21.8,87.6666666666667,16.7,22.3,-56,-12.5,"V007","V007",-12.440805555072,-55.88775,2023-02-15,-62,28.1,87.6666666666667,16.7,1,2.87356463957978
2022-12-16,22.175,24.4,21,94.375,32.3,21.1916666666667,-56,-12.5,"V007","V007",-12.440805555072,-55.88775,2023-02-15,-61,24.4,94.375,32.3,1,3.5055573969864
2022-12-17,23.725,27.8,20.5,86.4166666666667,10.9,21.225,-56,-12.5,"V007","V007",-12.440805555072,-55.88775,2023-02-15,-60,27.8,86.4166666666667,10.9,1,2.47653840011748
2022-12-18,24.15,27.8,22.1,89.0416666666667,16.3,22.1708333333333,-56,-12.5,"V007","V007",-12.440805555072,-55.88775,2023-02-15,-59,27.8,89.0416666666667,16.3,1,2.85070650150373
2022-12-19,23.7291666666667,27.8,21.4,88.75,16.1,21.6958333333333,-56,-12.5,"V007","V007",-12.440805555072,-55.88775,2023-02-15,-58,27.8,88.75,16.1,1,2.83907846350861
2022-12-20,23.975,28.1,21.4,88.25,4.3,21.8458333333333,-56,-12.5,"V007","V007",-12.440805555072,-55.88775,2023-02-15,-57,28.1,88.25,4.3,1,1.66770682055808
2022-12-21,23.5583333333333,26.1,22.2,92,14.4,22.1541666666667,-56,-12.5,"V007","V007",-12.440805555072,-55.88775,2023-02-15,-56,26.1,92,14.4,1,2.73436750941958
2022-12-22,23.5125,27.5,21.4,87.5833333333333,5.4,21.2708333333333,-56,-12.5,"V007","V007",-12.440805555072,-55.88775,2023-02-15,-55,27.5,87.5833333333333,5.4,1,1.85629799036563
2022-12-23,23.4916666666667,27.3,21.2,90.7083333333333,10.3,21.8291666666667,-56,-12.5,"V007","V007",-12.440805555072,-55.88775,2023-02-15,-54,27.3,90.7083333333333,10.3,1,2.42480272571829
2022-12-24,24.3416666666667,28.7,21.9,87.9583333333333,4.6,22.1083333333333,-56,-12.5,"V007","V007",-12.440805555072,-55.88775,2023-02-15,-53,28.7,87.9583333333333,4.6,1,1.7227665977411
2022-12-25,23.8041666666667,27.1,21.1,90.125,13.5,22.025,-56,-12.5,"V007","V007",-12.440805555072,-55.88775,2023-02-15,-52,27.1,90.125,13.5,1,2.67414864942653
2022-12-26,24.5708333333333,29.2,22.3,87.75,6.1,22.2875,-56,-12.5,"V007","V007",-12.440805555072,-55.88775,2023-02-15,-51,29.2,87.75,6.1,1,1.96009478404727
2022-12-27,23.6833333333333,26.1,22.4,91.2083333333333,22.3,22.1416666666667,-56,-12.5,"V007","V007",-12.440805555072,-55.88775,2023-02-15,-50,26.1,91.2083333333333,22.3,1,3.14845336057165
2022-12-28,23.05,24.4,22,95.4583333333333,22.5,22.3,-56,-12.5,"V007","V007",-12.440805555072,-55.88775,2023-02-15,-49,24.4,95.4583333333333,22.5,1,3.15700042115011
2022-12-29,23.1208333333333,25.3,22,94.3333333333333,56.9,22.1333333333333,-56,-12.5,"V007","V007",-12.440805555072,-55.88775,2023-02-15,-48,25.3,94.3333333333333,56.9,1,4.05871738457895
2022-12-30,23.8458333333333,26.6,21.8,89.7083333333333,11.1,21.9958333333333,-56,-12.5,"V007","V007",-12.440805555072,-55.88775,2023-02-15,-47,26.6,89.7083333333333,11.1,1,2.4932054526027
2022-12-31,24.0875,28.2,21.6,89.625,16,22.2541666666667,-56,-12.5,"V007","V007",-12.440805555072,-55.88775,2023-02-15,-46,28.2,89.625,16,1,2.83321334405622
2023-01-01,25.7375,30.8,20.8,80.5833333333333,0.5,21.85,-56,-12.5,"V007","V007",-12.440805555072,-55.88775,2023-02-15,-45,30.8,80.5833333333333,0.5,0,0.405465108108164
2023-01-02,23.9958333333333,27.1,21.9,89.4583333333333,18,22.0958333333333,-56,-12.5,"V007","V007",-12.440805555072,-55.88775,2023-02-15,-44,27.1,89.4583333333333,18,1,2.94443897916644
2023-01-03,24.3833333333333,28.7,21.5,85.9166666666667,2.8,21.7583333333333,-56,-12.5,"V007","V007",-12.440805555072,-55.88775,2023-02-15,-43,28.7,85.9166666666667,2.8,1,1.33500106673234
2023-01-04,24.0541666666667,28.2,21.4,87.9166666666667,10.1,21.8041666666667,-56,-12.5,"V007","V007",-12.440805555072,-55.88775,2023-02-15,-42,28.2,87.9166666666667,10.1,1,2.40694510831829
2023-01-05,23.3291666666667,26.4,21.5,92.7916666666667,31.5,22.05,-56,-12.5,"V007","V007",-12.440805555072,-55.88775,2023-02-15,-41,26.4,92.7916666666667,31.5,1,3.48124008933569
2023-01-06,23.1708333333333,26.5,21.1,89.75,5.7,21.3041666666667,-56,-12.5,"V007","V007",-12.440805555072,-55.88775,2023-02-15,-40,26.5,89.75,5.7,1,1.90210752639692
2023-01-07,23.6083333333333,28.9,21.5,88.6666666666667,3.9,21.5791666666667,-56,-12.5,"V007","V007",-12.440805555072,-55.88775,2023-02-15,-39,28.9,88.6666666666667,3.9,1,1.58923520511658
2023-01-08,23.6875,27,21,86.5,1.6,21.2,-56,-12.5,"V007","V007",-12.440805555072,-55.88775,2023-02-15,-38,27,86.5,1.6,1,0.955511445027436
2023-01-09,24.1291666666667,28.5,21.2,82.5416666666667,1.2,20.8,-56,-12.5,"V007","V007",-12.440805555072,-55.88775,2023-02-15,-37,28.5,82.5416666666667,1.2,1,0.78845736036427
2023-01-10,23.2916666666667,27.7,21.2,89.5,6,21.3875,-56,-12.5,"V007","V007",-12.440805555072,-55.88775,2023-02-15,-36,27.7,89.5,6,1,1.94591014905531
2023-01-11,24.5708333333333,31.2,19.9,82.3333333333333,0,21.0958333333333,-56,-12.5,"V007","V007",-12.440805555072,-55.88775,2023-02-15,-35,31.2,82.3333333333333,0,0,0
2023-01-12,23.925,27.7,21.1,87.7916666666667,8.1,21.7208333333333,-56,-12.5,"V007","V007",-12.440805555072,-55.88775,2023-02-15,-34,27.7,87.7916666666667,8.1,1,2.2082744135228
2023-01-13,23.3958333333333,27.3,21.1,91.625,15.3,21.9166666666667,-56,-12.5,"V007","V007",-12.440805555072,-55.88775,2023-02-15,-33,27.3,91.625,15.3,1,2.79116510781272
2023-01-14,23.9958333333333,28.3,21.1,85.5416666666667,5.2,21.2541666666667,-56,-12.5,"V007","V007",-12.440805555072,-55.88775,2023-02-15,-32,28.3,85.5416666666667,5.2,1,1.82454929205105
2023-01-15,24.8375,30,20.7,82.0833333333333,2.6,21.3125,-56,-12.5,"V007","V007",-12.440805555072,-55.88775,2023-02-15,-31,30,82.0833333333333,2.6,1,1.28093384546206
2023-01-16,24.8458333333333,30.8,21.1,82.25,2.1,21.3458333333333,-56,-12.5,"V007","V007",-12.440805555072,-55.88775,2023-02-15,-30,30.8,82.25,2.1,1,1.1314021114911
2023-01-17,24.6458333333333,30.4,20.1,79.9583333333333,1.9,20.6208333333333,-56,-12.5,"V007","V007",-12.440805555072,-55.88775,2023-02-15,-29,30.4,79.9583333333333,1.9,1,1.06471073699243
2023-01-18,24.65,29.8,20.6,81.6666666666667,6.6,21.05,-56,-12.5,"V007","V007",-12.440805555072,-55.88775,2023-02-15,-28,29.8,81.6666666666667,6.6,1,2.02814824729229
2023-01-19,24.2833333333333,30,20.5,80.9166666666667,4.6,20.4458333333333,-56,-12.5,"V007","V007",-12.440805555072,-55.88775,2023-02-15,-27,30,80.9166666666667,4.6,1,1.7227665977411
2023-01-20,25.0458333333333,30.4,21.1,77.4583333333333,0.7,20.4708333333333,-56,-12.5,"V007","V007",-12.440805555072,-55.88775,2023-02-15,-26,30.4,77.4583333333333,0.7,0,0.53062825106217
2023-01-21,24.9,29.8,21.6,80.0833333333333,5.6,21.0125,-56,-12.5,"V007","V007",-12.440805555072,-55.88775,2023-02-15,-25,29.8,80.0833333333333,5.6,1,1.88706964903238
2023-01-22,24.6791666666667,30.3,21.2,84.5416666666667,5.3,21.625,-56,-12.5,"V007","V007",-12.440805555072,-55.88775,2023-02-15,-24,30.3,84.5416666666667,5.3,1,1.84054963339749
2023-01-23,24.6416666666667,29.4,21.8,85.5416666666667,3.1,21.8541666666667,-56,-12.5,"V007","V007",-12.440805555072,-55.88775,2023-02-15,-23,29.4,85.5416666666667,3.1,1,1.41098697371026
2023-01-24,23.9333333333333,28.4,21.3,84.4583333333333,0.9,21.0291666666667,-56,-12.5,"V007","V007",-12.440805555072,-55.88775,2023-02-15,-22,28.4,84.4583333333333,0.9,0,0.641853886172395
2023-01-25,23.9,26.6,21.1,87.4583333333333,1.2,21.6041666666667,-56,-12.5,"V007","V007",-12.440805555072,-55.88775,2023-02-15,-21,26.6,87.4583333333333,1.2,1,0.78845736036427
2023-01-26,24.1083333333333,28.5,21.8,90.6666666666667,21.1,22.425,-56,-12.5,"V007","V007",-12.440805555072,-55.88775,2023-02-15,-20,28.5,90.6666666666667,21.1,1,3.09557760852371
2023-01-27,22.65,24.6,21.1,92.9583333333333,17.1,21.4083333333333,-56,-12.5,"V007","V007",-12.440805555072,-55.88775,2023-02-15,-19,24.6,92.9583333333333,17.1,1,2.89591193827178
2023-01-28,22.6625,26.2,21.2,92.9583333333333,9.6,21.4125,-56,-12.5,"V007","V007",-12.440805555072,-55.88775,2023-02-15,-18,26.2,92.9583333333333,9.6,1,2.36085400111802
2023-01-29,23.9,28.4,21.3,84.9583333333333,6.7,21.0375,-56,-12.5,"V007","V007",-12.440805555072,-55.88775,2023-02-15,-17,28.4,84.9583333333333,6.7,1,2.04122032885964
2023-01-30,25.1666666666667,31.2,20.4,83.125,4.8,21.8083333333333,-56,-12.5,"V007","V007",-12.440805555072,-55.88775,2023-02-15,-16,31.2,83.125,4.8,1,1.75785791755237
2023-01-31,24.1833333333333,28.2,21.3,86.0833333333333,12.1,21.575,-56,-12.5,"V007","V007",-12.440805555072,-55.88775,2023-02-15,-15,28.2,86.0833333333333,12.1,1,2.57261223020711
2023-02-01,25.5583333333333,31.1,21.7,79.9583333333333,0.6,21.5375,-56,-12.5,"V007","V007",-12.440805555072,-55.88775,2023-02-15,-14,31.1,79.9583333333333,0.6,0,0.470003629245736
2023-02-02,26.5166666666667,32.3,21.8,76.875,2.5,21.6,-56,-12.5,"V007","V007",-12.440805555072,-55.88775,2023-02-15,-13,32.3,76.875,2.5,1,1.25276296849537
2023-02-03,26.2916666666667,31.9,22.2,79.4166666666667,9,22.0708333333333,-56,-12.5,"V007","V007",-12.440805555072,-55.88775,2023-02-15,-12,31.9,79.4166666666667,9,1,2.30258509299405
2023-02-04,23.2,26.4,21.6,87.2916666666667,5.3,20.8583333333333,-56,-12.5,"V007","V007",-12.440805555072,-55.88775,2023-02-15,-11,26.4,87.2916666666667,5.3,1,1.84054963339749
2023-02-05,25.4791666666667,31.6,21,79.875,1.9,21.3666666666667,-56,-12.5,"V007","V007",-12.440805555072,-55.88775,2023-02-15,-10,31.6,79.875,1.9,1,1.06471073699243
2023-02-06,24.6166666666667,30.6,22.1,82.625,8.1,21.3,-56,-12.5,"V007","V007",-12.440805555072,-55.88775,2023-02-15,-9,30.6,82.625,8.1,1,2.2082744135228
2023-02-07,24.7541666666667,31.2,21.3,82.625,11.3,21.2875,-56,-12.5,"V007","V007",-12.440805555072,-55.88775,2023-02-15,-8,31.2,82.625,11.3,1,2.50959926237837
2023-02-08,26.1958333333333,32,21.8,77.6666666666667,0.4,21.4583333333333,-56,-12.5,"V007","V007",-12.440805555072,-55.88775,2023-02-15,-7,32,77.6666666666667,0.4,0,0.336472236621213
2023-02-09,25.2958333333333,31.7,21.8,81.5833333333333,3.9,21.6666666666667,-56,-12.5,"V007","V007",-12.440805555072,-55.88775,2023-02-15,-6,31.7,81.5833333333333,3.9,1,1.58923520511658
2023-02-10,25.7041666666667,32.2,21.3,82,3.9,21.9666666666667,-56,-12.5,"V007","V007",-12.440805555072,-55.88775,2023-02-15,-5,32.2,82,3.9,1,1.58923520511658
2023-02-11,26.2416666666667,31.3,22.8,79.4166666666667,1.1,22.1291666666667,-56,-12.5,"V007","V007",-12.440805555072,-55.88775,2023-02-15,-4,31.3,79.4166666666667,1.1,1,0.741937344729377
2023-02-12,25.725,30.4,22.1,79.7083333333333,4.3,21.8125,-56,-12.5,"V007","V007",-12.440805555072,-55.88775,2023-02-15,-3,30.4,79.7083333333333,4.3,1,1.66770682055808
2023-02-13,27.2333333333333,33.1,21.9,73.125,1,21.5875,-56,-12.5,"V007","V007",-12.440805555072,-55.88775,2023-02-15,-2,33.1,73.125,1,1,0.693147180559945
2023-02-14,28.2375,34.4,22.5,72.0416666666667,0.1,22.1541666666667,-56,-12.5,"V007","V007",-12.440805555072,-55.88775,2023-02-15,-1,34.4,72.0416666666667,0.1,0,0.0953101798043249
2022-12-08,26.2625,32.1,20.6,77.625,0.5,21.5458333333333,-56,-12.5,"V008","V008",-12.440805555072,-55.88775,2023-02-26,-80,32.1,77.625,0.5,0,0.405465108108164
2022-12-09,24.5333333333333,27.7,22.4,88,12.3,22.3416666666667,-56,-12.5,"V008","V008",-12.440805555072,-55.88775,2023-02-26,-79,27.7,88,12.3,1,2.58776403522771
2022-12-10,24.2625,28.5,21.3,85.0833333333333,0.2,21.4458333333333,-56,-12.5,"V008","V008",-12.440805555072,-55.88775,2023-02-26,-78,28.5,85.0833333333333,0.2,0,0.182321556793955
2022-12-11,24.7958333333333,30.7,21.9,81.9166666666667,2.5,21.2333333333333,-56,-12.5,"V008","V008",-12.440805555072,-55.88775,2023-02-26,-77,30.7,81.9166666666667,2.5,1,1.25276296849537
2022-12-12,24.9333333333333,30.6,21.2,83.625,0.9,21.7083333333333,-56,-12.5,"V008","V008",-12.440805555072,-55.88775,2023-02-26,-76,30.6,83.625,0.9,0,0.641853886172395
2022-12-13,25.4791666666667,31.9,21.8,82.75,7.4,22.05,-56,-12.5,"V008","V008",-12.440805555072,-55.88775,2023-02-26,-75,31.9,82.75,7.4,1,2.12823170584927
2022-12-14,24.4333333333333,28.5,21.4,84.0833333333333,4,21.4083333333333,-56,-12.5,"V008","V008",-12.440805555072,-55.88775,2023-02-26,-74,28.5,84.0833333333333,4,1,1.6094379124341
2022-12-15,24.5958333333333,28.1,21.8,87.6666666666667,16.7,22.3,-56,-12.5,"V008","V008",-12.440805555072,-55.88775,2023-02-26,-73,28.1,87.6666666666667,16.7,1,2.87356463957978
2022-12-16,22.175,24.4,21,94.375,32.3,21.1916666666667,-56,-12.5,"V008","V008",-12.440805555072,-55.88775,2023-02-26,-72,24.4,94.375,32.3,1,3.5055573969864
2022-12-17,23.725,27.8,20.5,86.4166666666667,10.9,21.225,-56,-12.5,"V008","V008",-12.440805555072,-55.88775,2023-02-26,-71,27.8,86.4166666666667,10.9,1,2.47653840011748
2022-12-18,24.15,27.8,22.1,89.0416666666667,16.3,22.1708333333333,-56,-12.5,"V008","V008",-12.440805555072,-55.88775,2023-02-26,-70,27.8,89.0416666666667,16.3,1,2.85070650150373
2022-12-19,23.7291666666667,27.8,21.4,88.75,16.1,21.6958333333333,-56,-12.5,"V008","V008",-12.440805555072,-55.88775,2023-02-26,-69,27.8,88.75,16.1,1,2.83907846350861
2022-12-20,23.975,28.1,21.4,88.25,4.3,21.8458333333333,-56,-12.5,"V008","V008",-12.440805555072,-55.88775,2023-02-26,-68,28.1,88.25,4.3,1,1.66770682055808
2022-12-21,23.5583333333333,26.1,22.2,92,14.4,22.1541666666667,-56,-12.5,"V008","V008",-12.440805555072,-55.88775,2023-02-26,-67,26.1,92,14.4,1,2.73436750941958
2022-12-22,23.5125,27.5,21.4,87.5833333333333,5.4,21.2708333333333,-56,-12.5,"V008","V008",-12.440805555072,-55.88775,2023-02-26,-66,27.5,87.5833333333333,5.4,1,1.85629799036563
2022-12-23,23.4916666666667,27.3,21.2,90.7083333333333,10.3,21.8291666666667,-56,-12.5,"V008","V008",-12.440805555072,-55.88775,2023-02-26,-65,27.3,90.7083333333333,10.3,1,2.42480272571829
2022-12-24,24.3416666666667,28.7,21.9,87.9583333333333,4.6,22.1083333333333,-56,-12.5,"V008","V008",-12.440805555072,-55.88775,2023-02-26,-64,28.7,87.9583333333333,4.6,1,1.7227665977411
2022-12-25,23.8041666666667,27.1,21.1,90.125,13.5,22.025,-56,-12.5,"V008","V008",-12.440805555072,-55.88775,2023-02-26,-63,27.1,90.125,13.5,1,2.67414864942653
2022-12-26,24.5708333333333,29.2,22.3,87.75,6.1,22.2875,-56,-12.5,"V008","V008",-12.440805555072,-55.88775,2023-02-26,-62,29.2,87.75,6.1,1,1.96009478404727
2022-12-27,23.6833333333333,26.1,22.4,91.2083333333333,22.3,22.1416666666667,-56,-12.5,"V008","V008",-12.440805555072,-55.88775,2023-02-26,-61,26.1,91.2083333333333,22.3,1,3.14845336057165
2022-12-28,23.05,24.4,22,95.4583333333333,22.5,22.3,-56,-12.5,"V008","V008",-12.440805555072,-55.88775,2023-02-26,-60,24.4,95.4583333333333,22.5,1,3.15700042115011
2022-12-29,23.1208333333333,25.3,22,94.3333333333333,56.9,22.1333333333333,-56,-12.5,"V008","V008",-12.440805555072,-55.88775,2023-02-26,-59,25.3,94.3333333333333,56.9,1,4.05871738457895
2022-12-30,23.8458333333333,26.6,21.8,89.7083333333333,11.1,21.9958333333333,-56,-12.5,"V008","V008",-12.440805555072,-55.88775,2023-02-26,-58,26.6,89.7083333333333,11.1,1,2.4932054526027
2022-12-31,24.0875,28.2,21.6,89.625,16,22.2541666666667,-56,-12.5,"V008","V008",-12.440805555072,-55.88775,2023-02-26,-57,28.2,89.625,16,1,2.83321334405622
2023-01-01,25.7375,30.8,20.8,80.5833333333333,0.5,21.85,-56,-12.5,"V008","V008",-12.440805555072,-55.88775,2023-02-26,-56,30.8,80.5833333333333,0.5,0,0.405465108108164
2023-01-02,23.9958333333333,27.1,21.9,89.4583333333333,18,22.0958333333333,-56,-12.5,"V008","V008",-12.440805555072,-55.88775,2023-02-26,-55,27.1,89.4583333333333,18,1,2.94443897916644
2023-01-03,24.3833333333333,28.7,21.5,85.9166666666667,2.8,21.7583333333333,-56,-12.5,"V008","V008",-12.440805555072,-55.88775,2023-02-26,-54,28.7,85.9166666666667,2.8,1,1.33500106673234
2023-01-04,24.0541666666667,28.2,21.4,87.9166666666667,10.1,21.8041666666667,-56,-12.5,"V008","V008",-12.440805555072,-55.88775,2023-02-26,-53,28.2,87.9166666666667,10.1,1,2.40694510831829
2023-01-05,23.3291666666667,26.4,21.5,92.7916666666667,31.5,22.05,-56,-12.5,"V008","V008",-12.440805555072,-55.88775,2023-02-26,-52,26.4,92.7916666666667,31.5,1,3.48124008933569
2023-01-06,23.1708333333333,26.5,21.1,89.75,5.7,21.3041666666667,-56,-12.5,"V008","V008",-12.440805555072,-55.88775,2023-02-26,-51,26.5,89.75,5.7,1,1.90210752639692
2023-01-07,23.6083333333333,28.9,21.5,88.6666666666667,3.9,21.5791666666667,-56,-12.5,"V008","V008",-12.440805555072,-55.88775,2023-02-26,-50,28.9,88.6666666666667,3.9,1,1.58923520511658
2023-01-08,23.6875,27,21,86.5,1.6,21.2,-56,-12.5,"V008","V008",-12.440805555072,-55.88775,2023-02-26,-49,27,86.5,1.6,1,0.955511445027436
2023-01-09,24.1291666666667,28.5,21.2,82.5416666666667,1.2,20.8,-56,-12.5,"V008","V008",-12.440805555072,-55.88775,2023-02-26,-48,28.5,82.5416666666667,1.2,1,0.78845736036427
2023-01-10,23.2916666666667,27.7,21.2,89.5,6,21.3875,-56,-12.5,"V008","V008",-12.440805555072,-55.88775,2023-02-26,-47,27.7,89.5,6,1,1.94591014905531
2023-01-11,24.5708333333333,31.2,19.9,82.3333333333333,0,21.0958333333333,-56,-12.5,"V008","V008",-12.440805555072,-55.88775,2023-02-26,-46,31.2,82.3333333333333,0,0,0
2023-01-12,23.925,27.7,21.1,87.7916666666667,8.1,21.7208333333333,-56,-12.5,"V008","V008",-12.440805555072,-55.88775,2023-02-26,-45,27.7,87.7916666666667,8.1,1,2.2082744135228
2023-01-13,23.3958333333333,27.3,21.1,91.625,15.3,21.9166666666667,-56,-12.5,"V008","V008",-12.440805555072,-55.88775,2023-02-26,-44,27.3,91.625,15.3,1,2.79116510781272
2023-01-14,23.9958333333333,28.3,21.1,85.5416666666667,5.2,21.2541666666667,-56,-12.5,"V008","V008",-12.440805555072,-55.88775,2023-02-26,-43,28.3,85.5416666666667,5.2,1,1.82454929205105
2023-01-15,24.8375,30,20.7,82.0833333333333,2.6,21.3125,-56,-12.5,"V008","V008",-12.440805555072,-55.88775,2023-02-26,-42,30,82.0833333333333,2.6,1,1.28093384546206
2023-01-16,24.8458333333333,30.8,21.1,82.25,2.1,21.3458333333333,-56,-12.5,"V008","V008",-12.440805555072,-55.88775,2023-02-26,-41,30.8,82.25,2.1,1,1.1314021114911
2023-01-17,24.6458333333333,30.4,20.1,79.9583333333333,1.9,20.6208333333333,-56,-12.5,"V008","V008",-12.440805555072,-55.88775,2023-02-26,-40,30.4,79.9583333333333,1.9,1,1.06471073699243
2023-01-18,24.65,29.8,20.6,81.6666666666667,6.6,21.05,-56,-12.5,"V008","V008",-12.440805555072,-55.88775,2023-02-26,-39,29.8,81.6666666666667,6.6,1,2.02814824729229
2023-01-19,24.2833333333333,30,20.5,80.9166666666667,4.6,20.4458333333333,-56,-12.5,"V008","V008",-12.440805555072,-55.88775,2023-02-26,-38,30,80.9166666666667,4.6,1,1.7227665977411
2023-01-20,25.0458333333333,30.4,21.1,77.4583333333333,0.7,20.4708333333333,-56,-12.5,"V008","V008",-12.440805555072,-55.88775,2023-02-26,-37,30.4,77.4583333333333,0.7,0,0.53062825106217
2023-01-21,24.9,29.8,21.6,80.0833333333333,5.6,21.0125,-56,-12.5,"V008","V008",-12.440805555072,-55.88775,2023-02-26,-36,29.8,80.0833333333333,5.6,1,1.88706964903238
2023-01-22,24.6791666666667,30.3,21.2,84.5416666666667,5.3,21.625,-56,-12.5,"V008","V008",-12.440805555072,-55.88775,2023-02-26,-35,30.3,84.5416666666667,5.3,1,1.84054963339749
2023-01-23,24.6416666666667,29.4,21.8,85.5416666666667,3.1,21.8541666666667,-56,-12.5,"V008","V008",-12.440805555072,-55.88775,2023-02-26,-34,29.4,85.5416666666667,3.1,1,1.41098697371026
2023-01-24,23.9333333333333,28.4,21.3,84.4583333333333,0.9,21.0291666666667,-56,-12.5,"V008","V008",-12.440805555072,-55.88775,2023-02-26,-33,28.4,84.4583333333333,0.9,0,0.641853886172395
2023-01-25,23.9,26.6,21.1,87.4583333333333,1.2,21.6041666666667,-56,-12.5,"V008","V008",-12.440805555072,-55.88775,2023-02-26,-32,26.6,87.4583333333333,1.2,1,0.78845736036427
2023-01-26,24.1083333333333,28.5,21.8,90.6666666666667,21.1,22.425,-56,-12.5,"V008","V008",-12.440805555072,-55.88775,2023-02-26,-31,28.5,90.6666666666667,21.1,1,3.09557760852371
2023-01-27,22.65,24.6,21.1,92.9583333333333,17.1,21.4083333333333,-56,-12.5,"V008","V008",-12.440805555072,-55.88775,2023-02-26,-30,24.6,92.9583333333333,17.1,1,2.89591193827178
2023-01-28,22.6625,26.2,21.2,92.9583333333333,9.6,21.4125,-56,-12.5,"V008","V008",-12.440805555072,-55.88775,2023-02-26,-29,26.2,92.9583333333333,9.6,1,2.36085400111802
2023-01-29,23.9,28.4,21.3,84.9583333333333,6.7,21.0375,-56,-12.5,"V008","V008",-12.440805555072,-55.88775,2023-02-26,-28,28.4,84.9583333333333,6.7,1,2.04122032885964
2023-01-30,25.1666666666667,31.2,20.4,83.125,4.8,21.8083333333333,-56,-12.5,"V008","V008",-12.440805555072,-55.88775,2023-02-26,-27,31.2,83.125,4.8,1,1.75785791755237
2023-01-31,24.1833333333333,28.2,21.3,86.0833333333333,12.1,21.575,-56,-12.5,"V008","V008",-12.440805555072,-55.88775,2023-02-26,-26,28.2,86.0833333333333,12.1,1,2.57261223020711
2023-02-01,25.5583333333333,31.1,21.7,79.9583333333333,0.6,21.5375,-56,-12.5,"V008","V008",-12.440805555072,-55.88775,2023-02-26,-25,31.1,79.9583333333333,0.6,0,0.470003629245736
2023-02-02,26.5166666666667,32.3,21.8,76.875,2.5,21.6,-56,-12.5,"V008","V008",-12.440805555072,-55.88775,2023-02-26,-24,32.3,76.875,2.5,1,1.25276296849537
2023-02-03,26.2916666666667,31.9,22.2,79.4166666666667,9,22.0708333333333,-56,-12.5,"V008","V008",-12.440805555072,-55.88775,2023-02-26,-23,31.9,79.4166666666667,9,1,2.30258509299405
2023-02-04,23.2,26.4,21.6,87.2916666666667,5.3,20.8583333333333,-56,-12.5,"V008","V008",-12.440805555072,-55.88775,2023-02-26,-22,26.4,87.2916666666667,5.3,1,1.84054963339749
2023-02-05,25.4791666666667,31.6,21,79.875,1.9,21.3666666666667,-56,-12.5,"V008","V008",-12.440805555072,-55.88775,2023-02-26,-21,31.6,79.875,1.9,1,1.06471073699243
2023-02-06,24.6166666666667,30.6,22.1,82.625,8.1,21.3,-56,-12.5,"V008","V008",-12.440805555072,-55.88775,2023-02-26,-20,30.6,82.625,8.1,1,2.2082744135228
2023-02-07,24.7541666666667,31.2,21.3,82.625,11.3,21.2875,-56,-12.5,"V008","V008",-12.440805555072,-55.88775,2023-02-26,-19,31.2,82.625,11.3,1,2.50959926237837
2023-02-08,26.1958333333333,32,21.8,77.6666666666667,0.4,21.4583333333333,-56,-12.5,"V008","V008",-12.440805555072,-55.88775,2023-02-26,-18,32,77.6666666666667,0.4,0,0.336472236621213
2023-02-09,25.2958333333333,31.7,21.8,81.5833333333333,3.9,21.6666666666667,-56,-12.5,"V008","V008",-12.440805555072,-55.88775,2023-02-26,-17,31.7,81.5833333333333,3.9,1,1.58923520511658
2023-02-10,25.7041666666667,32.2,21.3,82,3.9,21.9666666666667,-56,-12.5,"V008","V008",-12.440805555072,-55.88775,2023-02-26,-16,32.2,82,3.9,1,1.58923520511658
2023-02-11,26.2416666666667,31.3,22.8,79.4166666666667,1.1,22.1291666666667,-56,-12.5,"V008","V008",-12.440805555072,-55.88775,2023-02-26,-15,31.3,79.4166666666667,1.1,1,0.741937344729377
2023-02-12,25.725,30.4,22.1,79.7083333333333,4.3,21.8125,-56,-12.5,"V008","V008",-12.440805555072,-55.88775,2023-02-26,-14,30.4,79.7083333333333,4.3,1,1.66770682055808
2023-02-13,27.2333333333333,33.1,21.9,73.125,1,21.5875,-56,-12.5,"V008","V008",-12.440805555072,-55.88775,2023-02-26,-13,33.1,73.125,1,1,0.693147180559945
2023-02-14,28.2375,34.4,22.5,72.0416666666667,0.1,22.1541666666667,-56,-12.5,"V008","V008",-12.440805555072,-55.88775,2023-02-26,-12,34.4,72.0416666666667,0.1,0,0.0953101798043249
2023-02-15,25.4583333333333,31.2,22.2,81.9166666666667,4.6,21.9833333333333,-56,-12.5,"V008","V008",-12.440805555072,-55.88775,2023-02-26,-11,31.2,81.9166666666667,4.6,1,1.7227665977411
2023-02-16,25.5625,32,22.3,81.7083333333333,1.8,21.9375,-56,-12.5,"V008","V008",-12.440805555072,-55.88775,2023-02-26,-10,32,81.7083333333333,1.8,1,1.02961941718116
2023-02-17,24.6208333333333,28.5,22.2,86.5833333333333,16.7,22.1208333333333,-56,-12.5,"V008","V008",-12.440805555072,-55.88775,2023-02-26,-9,28.5,86.5833333333333,16.7,1,2.87356463957978
2023-02-18,23.4166666666667,27.6,21.3,88.2083333333333,7.9,21.2166666666667,-56,-12.5,"V008","V008",-12.440805555072,-55.88775,2023-02-26,-8,27.6,88.2083333333333,7.9,1,2.18605127673809
2023-02-19,24.5833333333333,30,21.6,85.25,41.5,21.7125,-56,-12.5,"V008","V008",-12.440805555072,-55.88775,2023-02-26,-7,30,85.25,41.5,1,3.74950407593037
2023-02-20,23.4583333333333,26.3,21.9,88.0416666666667,28.6,21.2708333333333,-56,-12.5,"V008","V008",-12.440805555072,-55.88775,2023-02-26,-6,26.3,88.0416666666667,28.6,1,3.38777436133001
2023-02-21,23.5916666666667,27.5,21.3,88.5833333333333,9.3,21.525,-56,-12.5,"V008","V008",-12.440805555072,-55.88775,2023-02-26,-5,27.5,88.5833333333333,9.3,1,2.33214389523559
2023-02-22,23.7875,28.4,21.8,91,13.3,22.175,-56,-12.5,"V008","V008",-12.440805555072,-55.88775,2023-02-26,-4,28.4,91,13.3,1,2.66025953726586
2023-02-23,25.675,32,21.1,79.1666666666667,4,21.2875,-56,-12.5,"V008","V008",-12.440805555072,-55.88775,2023-02-26,-3,32,79.1666666666667,4,1,1.6094379124341
2023-02-24,26.675,31.6,23.3,79.2916666666667,3.3,22.5083333333333,-56,-12.5,"V008","V008",-12.440805555072,-55.88775,2023-02-26,-2,31.6,79.2916666666667,3.3,1,1.45861502269952
2023-02-25,24.4666666666667,29.7,21.4,83.9583333333333,8.8,21.3916666666667,-56,-12.5,"V008","V008",-12.440805555072,-55.88775,2023-02-26,-1,29.7,83.9583333333333,8.8,1,2.28238238567653
2022-12-19,23.7291666666667,27.8,21.4,88.75,16.1,21.6958333333333,-56,-12.5,"V009","V009",-12.440805555072,-55.88775,2023-03-09,-80,27.8,88.75,16.1,1,2.83907846350861
2022-12-20,23.975,28.1,21.4,88.25,4.3,21.8458333333333,-56,-12.5,"V009","V009",-12.440805555072,-55.88775,2023-03-09,-79,28.1,88.25,4.3,1,1.66770682055808
2022-12-21,23.5583333333333,26.1,22.2,92,14.4,22.1541666666667,-56,-12.5,"V009","V009",-12.440805555072,-55.88775,2023-03-09,-78,26.1,92,14.4,1,2.73436750941958
2022-12-22,23.5125,27.5,21.4,87.5833333333333,5.4,21.2708333333333,-56,-12.5,"V009","V009",-12.440805555072,-55.88775,2023-03-09,-77,27.5,87.5833333333333,5.4,1,1.85629799036563
2022-12-23,23.4916666666667,27.3,21.2,90.7083333333333,10.3,21.8291666666667,-56,-12.5,"V009","V009",-12.440805555072,-55.88775,2023-03-09,-76,27.3,90.7083333333333,10.3,1,2.42480272571829
2022-12-24,24.3416666666667,28.7,21.9,87.9583333333333,4.6,22.1083333333333,-56,-12.5,"V009","V009",-12.440805555072,-55.88775,2023-03-09,-75,28.7,87.9583333333333,4.6,1,1.7227665977411
2022-12-25,23.8041666666667,27.1,21.1,90.125,13.5,22.025,-56,-12.5,"V009","V009",-12.440805555072,-55.88775,2023-03-09,-74,27.1,90.125,13.5,1,2.67414864942653
2022-12-26,24.5708333333333,29.2,22.3,87.75,6.1,22.2875,-56,-12.5,"V009","V009",-12.440805555072,-55.88775,2023-03-09,-73,29.2,87.75,6.1,1,1.96009478404727
2022-12-27,23.6833333333333,26.1,22.4,91.2083333333333,22.3,22.1416666666667,-56,-12.5,"V009","V009",-12.440805555072,-55.88775,2023-03-09,-72,26.1,91.2083333333333,22.3,1,3.14845336057165
2022-12-28,23.05,24.4,22,95.4583333333333,22.5,22.3,-56,-12.5,"V009","V009",-12.440805555072,-55.88775,2023-03-09,-71,24.4,95.4583333333333,22.5,1,3.15700042115011
2022-12-29,23.1208333333333,25.3,22,94.3333333333333,56.9,22.1333333333333,-56,-12.5,"V009","V009",-12.440805555072,-55.88775,2023-03-09,-70,25.3,94.3333333333333,56.9,1,4.05871738457895
2022-12-30,23.8458333333333,26.6,21.8,89.7083333333333,11.1,21.9958333333333,-56,-12.5,"V009","V009",-12.440805555072,-55.88775,2023-03-09,-69,26.6,89.7083333333333,11.1,1,2.4932054526027
2022-12-31,24.0875,28.2,21.6,89.625,16,22.2541666666667,-56,-12.5,"V009","V009",-12.440805555072,-55.88775,2023-03-09,-68,28.2,89.625,16,1,2.83321334405622
2023-01-01,25.7375,30.8,20.8,80.5833333333333,0.5,21.85,-56,-12.5,"V009","V009",-12.440805555072,-55.88775,2023-03-09,-67,30.8,80.5833333333333,0.5,0,0.405465108108164
2023-01-02,23.9958333333333,27.1,21.9,89.4583333333333,18,22.0958333333333,-56,-12.5,"V009","V009",-12.440805555072,-55.88775,2023-03-09,-66,27.1,89.4583333333333,18,1,2.94443897916644
2023-01-03,24.3833333333333,28.7,21.5,85.9166666666667,2.8,21.7583333333333,-56,-12.5,"V009","V009",-12.440805555072,-55.88775,2023-03-09,-65,28.7,85.9166666666667,2.8,1,1.33500106673234
2023-01-04,24.0541666666667,28.2,21.4,87.9166666666667,10.1,21.8041666666667,-56,-12.5,"V009","V009",-12.440805555072,-55.88775,2023-03-09,-64,28.2,87.9166666666667,10.1,1,2.40694510831829
2023-01-05,23.3291666666667,26.4,21.5,92.7916666666667,31.5,22.05,-56,-12.5,"V009","V009",-12.440805555072,-55.88775,2023-03-09,-63,26.4,92.7916666666667,31.5,1,3.48124008933569
2023-01-06,23.1708333333333,26.5,21.1,89.75,5.7,21.3041666666667,-56,-12.5,"V009","V009",-12.440805555072,-55.88775,2023-03-09,-62,26.5,89.75,5.7,1,1.90210752639692
2023-01-07,23.6083333333333,28.9,21.5,88.6666666666667,3.9,21.5791666666667,-56,-12.5,"V009","V009",-12.440805555072,-55.88775,2023-03-09,-61,28.9,88.6666666666667,3.9,1,1.58923520511658
2023-01-08,23.6875,27,21,86.5,1.6,21.2,-56,-12.5,"V009","V009",-12.440805555072,-55.88775,2023-03-09,-60,27,86.5,1.6,1,0.955511445027436
2023-01-09,24.1291666666667,28.5,21.2,82.5416666666667,1.2,20.8,-56,-12.5,"V009","V009",-12.440805555072,-55.88775,2023-03-09,-59,28.5,82.5416666666667,1.2,1,0.78845736036427
2023-01-10,23.2916666666667,27.7,21.2,89.5,6,21.3875,-56,-12.5,"V009","V009",-12.440805555072,-55.88775,2023-03-09,-58,27.7,89.5,6,1,1.94591014905531
2023-01-11,24.5708333333333,31.2,19.9,82.3333333333333,0,21.0958333333333,-56,-12.5,"V009","V009",-12.440805555072,-55.88775,2023-03-09,-57,31.2,82.3333333333333,0,0,0
2023-01-12,23.925,27.7,21.1,87.7916666666667,8.1,21.7208333333333,-56,-12.5,"V009","V009",-12.440805555072,-55.88775,2023-03-09,-56,27.7,87.7916666666667,8.1,1,2.2082744135228
2023-01-13,23.3958333333333,27.3,21.1,91.625,15.3,21.9166666666667,-56,-12.5,"V009","V009",-12.440805555072,-55.88775,2023-03-09,-55,27.3,91.625,15.3,1,2.79116510781272
2023-01-14,23.9958333333333,28.3,21.1,85.5416666666667,5.2,21.2541666666667,-56,-12.5,"V009","V009",-12.440805555072,-55.88775,2023-03-09,-54,28.3,85.5416666666667,5.2,1,1.82454929205105
2023-01-15,24.8375,30,20.7,82.0833333333333,2.6,21.3125,-56,-12.5,"V009","V009",-12.440805555072,-55.88775,2023-03-09,-53,30,82.0833333333333,2.6,1,1.28093384546206
2023-01-16,24.8458333333333,30.8,21.1,82.25,2.1,21.3458333333333,-56,-12.5,"V009","V009",-12.440805555072,-55.88775,2023-03-09,-52,30.8,82.25,2.1,1,1.1314021114911
2023-01-17,24.6458333333333,30.4,20.1,79.9583333333333,1.9,20.6208333333333,-56,-12.5,"V009","V009",-12.440805555072,-55.88775,2023-03-09,-51,30.4,79.9583333333333,1.9,1,1.06471073699243
2023-01-18,24.65,29.8,20.6,81.6666666666667,6.6,21.05,-56,-12.5,"V009","V009",-12.440805555072,-55.88775,2023-03-09,-50,29.8,81.6666666666667,6.6,1,2.02814824729229
2023-01-19,24.2833333333333,30,20.5,80.9166666666667,4.6,20.4458333333333,-56,-12.5,"V009","V009",-12.440805555072,-55.88775,2023-03-09,-49,30,80.9166666666667,4.6,1,1.7227665977411
2023-01-20,25.0458333333333,30.4,21.1,77.4583333333333,0.7,20.4708333333333,-56,-12.5,"V009","V009",-12.440805555072,-55.88775,2023-03-09,-48,30.4,77.4583333333333,0.7,0,0.53062825106217
2023-01-21,24.9,29.8,21.6,80.0833333333333,5.6,21.0125,-56,-12.5,"V009","V009",-12.440805555072,-55.88775,2023-03-09,-47,29.8,80.0833333333333,5.6,1,1.88706964903238
2023-01-22,24.6791666666667,30.3,21.2,84.5416666666667,5.3,21.625,-56,-12.5,"V009","V009",-12.440805555072,-55.88775,2023-03-09,-46,30.3,84.5416666666667,5.3,1,1.84054963339749
2023-01-23,24.6416666666667,29.4,21.8,85.5416666666667,3.1,21.8541666666667,-56,-12.5,"V009","V009",-12.440805555072,-55.88775,2023-03-09,-45,29.4,85.5416666666667,3.1,1,1.41098697371026
2023-01-24,23.9333333333333,28.4,21.3,84.4583333333333,0.9,21.0291666666667,-56,-12.5,"V009","V009",-12.440805555072,-55.88775,2023-03-09,-44,28.4,84.4583333333333,0.9,0,0.641853886172395
2023-01-25,23.9,26.6,21.1,87.4583333333333,1.2,21.6041666666667,-56,-12.5,"V009","V009",-12.440805555072,-55.88775,2023-03-09,-43,26.6,87.4583333333333,1.2,1,0.78845736036427
2023-01-26,24.1083333333333,28.5,21.8,90.6666666666667,21.1,22.425,-56,-12.5,"V009","V009",-12.440805555072,-55.88775,2023-03-09,-42,28.5,90.6666666666667,21.1,1,3.09557760852371
2023-01-27,22.65,24.6,21.1,92.9583333333333,17.1,21.4083333333333,-56,-12.5,"V009","V009",-12.440805555072,-55.88775,2023-03-09,-41,24.6,92.9583333333333,17.1,1,2.89591193827178
2023-01-28,22.6625,26.2,21.2,92.9583333333333,9.6,21.4125,-56,-12.5,"V009","V009",-12.440805555072,-55.88775,2023-03-09,-40,26.2,92.9583333333333,9.6,1,2.36085400111802
2023-01-29,23.9,28.4,21.3,84.9583333333333,6.7,21.0375,-56,-12.5,"V009","V009",-12.440805555072,-55.88775,2023-03-09,-39,28.4,84.9583333333333,6.7,1,2.04122032885964
2023-01-30,25.1666666666667,31.2,20.4,83.125,4.8,21.8083333333333,-56,-12.5,"V009","V009",-12.440805555072,-55.88775,2023-03-09,-38,31.2,83.125,4.8,1,1.75785791755237
2023-01-31,24.1833333333333,28.2,21.3,86.0833333333333,12.1,21.575,-56,-12.5,"V009","V009",-12.440805555072,-55.88775,2023-03-09,-37,28.2,86.0833333333333,12.1,1,2.57261223020711
2023-02-01,25.5583333333333,31.1,21.7,79.9583333333333,0.6,21.5375,-56,-12.5,"V009","V009",-12.440805555072,-55.88775,2023-03-09,-36,31.1,79.9583333333333,0.6,0,0.470003629245736
2023-02-02,26.5166666666667,32.3,21.8,76.875,2.5,21.6,-56,-12.5,"V009","V009",-12.440805555072,-55.88775,2023-03-09,-35,32.3,76.875,2.5,1,1.25276296849537
2023-02-03,26.2916666666667,31.9,22.2,79.4166666666667,9,22.0708333333333,-56,-12.5,"V009","V009",-12.440805555072,-55.88775,2023-03-09,-34,31.9,79.4166666666667,9,1,2.30258509299405
2023-02-04,23.2,26.4,21.6,87.2916666666667,5.3,20.8583333333333,-56,-12.5,"V009","V009",-12.440805555072,-55.88775,2023-03-09,-33,26.4,87.2916666666667,5.3,1,1.84054963339749
2023-02-05,25.4791666666667,31.6,21,79.875,1.9,21.3666666666667,-56,-12.5,"V009","V009",-12.440805555072,-55.88775,2023-03-09,-32,31.6,79.875,1.9,1,1.06471073699243
2023-02-06,24.6166666666667,30.6,22.1,82.625,8.1,21.3,-56,-12.5,"V009","V009",-12.440805555072,-55.88775,2023-03-09,-31,30.6,82.625,8.1,1,2.2082744135228
2023-02-07,24.7541666666667,31.2,21.3,82.625,11.3,21.2875,-56,-12.5,"V009","V009",-12.440805555072,-55.88775,2023-03-09,-30,31.2,82.625,11.3,1,2.50959926237837
2023-02-08,26.1958333333333,32,21.8,77.6666666666667,0.4,21.4583333333333,-56,-12.5,"V009","V009",-12.440805555072,-55.88775,2023-03-09,-29,32,77.6666666666667,0.4,0,0.336472236621213
2023-02-09,25.2958333333333,31.7,21.8,81.5833333333333,3.9,21.6666666666667,-56,-12.5,"V009","V009",-12.440805555072,-55.88775,2023-03-09,-28,31.7,81.5833333333333,3.9,1,1.58923520511658
2023-02-10,25.7041666666667,32.2,21.3,82,3.9,21.9666666666667,-56,-12.5,"V009","V009",-12.440805555072,-55.88775,2023-03-09,-27,32.2,82,3.9,1,1.58923520511658
2023-02-11,26.2416666666667,31.3,22.8,79.4166666666667,1.1,22.1291666666667,-56,-12.5,"V009","V009",-12.440805555072,-55.88775,2023-03-09,-26,31.3,79.4166666666667,1.1,1,0.741937344729377
2023-02-12,25.725,30.4,22.1,79.7083333333333,4.3,21.8125,-56,-12.5,"V009","V009",-12.440805555072,-55.88775,2023-03-09,-25,30.4,79.7083333333333,4.3,1,1.66770682055808
2023-02-13,27.2333333333333,33.1,21.9,73.125,1,21.5875,-56,-12.5,"V009","V009",-12.440805555072,-55.88775,2023-03-09,-24,33.1,73.125,1,1,0.693147180559945
2023-02-14,28.2375,34.4,22.5,72.0416666666667,0.1,22.1541666666667,-56,-12.5,"V009","V009",-12.440805555072,-55.88775,2023-03-09,-23,34.4,72.0416666666667,0.1,0,0.0953101798043249
2023-02-15,25.4583333333333,31.2,22.2,81.9166666666667,4.6,21.9833333333333,-56,-12.5,"V009","V009",-12.440805555072,-55.88775,2023-03-09,-22,31.2,81.9166666666667,4.6,1,1.7227665977411
2023-02-16,25.5625,32,22.3,81.7083333333333,1.8,21.9375,-56,-12.5,"V009","V009",-12.440805555072,-55.88775,2023-03-09,-21,32,81.7083333333333,1.8,1,1.02961941718116
2023-02-17,24.6208333333333,28.5,22.2,86.5833333333333,16.7,22.1208333333333,-56,-12.5,"V009","V009",-12.440805555072,-55.88775,2023-03-09,-20,28.5,86.5833333333333,16.7,1,2.87356463957978
2023-02-18,23.4166666666667,27.6,21.3,88.2083333333333,7.9,21.2166666666667,-56,-12.5,"V009","V009",-12.440805555072,-55.88775,2023-03-09,-19,27.6,88.2083333333333,7.9,1,2.18605127673809
2023-02-19,24.5833333333333,30,21.6,85.25,41.5,21.7125,-56,-12.5,"V009","V009",-12.440805555072,-55.88775,2023-03-09,-18,30,85.25,41.5,1,3.74950407593037
2023-02-20,23.4583333333333,26.3,21.9,88.0416666666667,28.6,21.2708333333333,-56,-12.5,"V009","V009",-12.440805555072,-55.88775,2023-03-09,-17,26.3,88.0416666666667,28.6,1,3.38777436133001
2023-02-21,23.5916666666667,27.5,21.3,88.5833333333333,9.3,21.525,-56,-12.5,"V009","V009",-12.440805555072,-55.88775,2023-03-09,-16,27.5,88.5833333333333,9.3,1,2.33214389523559
2023-02-22,23.7875,28.4,21.8,91,13.3,22.175,-56,-12.5,"V009","V009",-12.440805555072,-55.88775,2023-03-09,-15,28.4,91,13.3,1,2.66025953726586
2023-02-23,25.675,32,21.1,79.1666666666667,4,21.2875,-56,-12.5,"V009","V009",-12.440805555072,-55.88775,2023-03-09,-14,32,79.1666666666667,4,1,1.6094379124341
2023-02-24,26.675,31.6,23.3,79.2916666666667,3.3,22.5083333333333,-56,-12.5,"V009","V009",-12.440805555072,-55.88775,2023-03-09,-13,31.6,79.2916666666667,3.3,1,1.45861502269952
2023-02-25,24.4666666666667,29.7,21.4,83.9583333333333,8.8,21.3916666666667,-56,-12.5,"V009","V009",-12.440805555072,-55.88775,2023-03-09,-12,29.7,83.9583333333333,8.8,1,2.28238238567653
2023-02-26,25.6625,31.2,20.8,80.625,0.7,21.825,-56,-12.5,"V009","V009",-12.440805555072,-55.88775,2023-03-09,-11,31.2,80.625,0.7,0,0.53062825106217
2023-02-27,26.5208333333333,32.5,21.8,77.875,2.4,22.0333333333333,-56,-12.5,"V009","V009",-12.440805555072,-55.88775,2023-03-09,-10,32.5,77.875,2.4,1,1.22377543162212
2023-02-28,25.3916666666667,30.3,21.7,82.0833333333333,4.8,21.8833333333333,-56,-12.5,"V009","V009",-12.440805555072,-55.88775,2023-03-09,-9,30.3,82.0833333333333,4.8,1,1.75785791755237
2023-03-01,26.0208333333333,32.4,21.1,79.0833333333333,2.9,21.725,-56,-12.5,"V009","V009",-12.440805555072,-55.88775,2023-03-09,-8,32.4,79.0833333333333,2.9,1,1.3609765531356
2023-03-02,26.7333333333333,33.3,22.1,74.4583333333333,0.7,21.35,-56,-12.5,"V009","V009",-12.440805555072,-55.88775,2023-03-09,-7,33.3,74.4583333333333,0.7,0,0.53062825106217
2023-03-03,25.8291666666667,33.1,21.8,77.5833333333333,3.4,21.2416666666667,-56,-12.5,"V009","V009",-12.440805555072,-55.88775,2023-03-09,-6,33.1,77.5833333333333,3.4,1,1.48160454092422
2023-03-04,26.6583333333333,32.5,21.8,76,0.1,21.4833333333333,-56,-12.5,"V009","V009",-12.440805555072,-55.88775,2023-03-09,-5,32.5,76,0.1,0,0.0953101798043249
2023-03-05,26.1375,31.4,22.3,77.9166666666667,0.9,21.7125,-56,-12.5,"V009","V009",-12.440805555072,-55.88775,2023-03-09,-4,31.4,77.9166666666667,0.9,0,0.641853886172395
2023-03-06,25.6625,32.2,22.2,84.25,8.5,22.575,-56,-12.5,"V009","V009",-12.440805555072,-55.88775,2023-03-09,-3,32.2,84.25,8.5,1,2.2512917986065
2023-03-07,26.1125,31.6,22.7,81.5,14.5,22.4333333333333,-56,-12.5,"V009","V009",-12.440805555072,-55.88775,2023-03-09,-2,31.6,81.5,14.5,1,2.7408400239252
2023-03-08,22.9333333333333,24.5,21.4,94.4583333333333,37.4,21.9708333333333,-56,-12.5,"V009","V009",-12.440805555072,-55.88775,2023-03-09,-1,24.5,94.4583333333333,37.4,1,3.64805745959368
2022-11-23,25.0041666666667,30.3,21.3,82.2916666666667,7.7,21.5291666666667,-56,-13.75,"V010","V010",-13.821944443911,-56.082777777778,2023-02-11,-80,30.3,82.2916666666667,7.7,1,2.16332302566054
2022-11-24,25.0208333333333,28.9,22,82.25,8.2,21.65,-56,-13.75,"V010","V010",-13.821944443911,-56.082777777778,2023-02-11,-79,28.9,82.25,8.2,1,2.21920348405499
2022-11-25,24.7,30.5,21.4,86.625,15.2,22.1291666666667,-56,-13.75,"V010","V010",-13.821944443911,-56.082777777778,2023-02-11,-78,30.5,86.625,15.2,1,2.78501124223834
2022-11-26,25.7916666666667,32.9,20.5,80.0833333333333,3.2,21.6708333333333,-56,-13.75,"V010","V010",-13.821944443911,-56.082777777778,2023-02-11,-77,32.9,80.0833333333333,3.2,1,1.43508452528932
2022-11-27,26.7125,33.6,20.2,69.5833333333333,0.2,19.9541666666667,-56,-13.75,"V010","V010",-13.821944443911,-56.082777777778,2023-02-11,-76,33.6,69.5833333333333,0.2,0,0.182321556793955
2022-11-28,26.5875,33,20.8,67.75,0,19.2375,-56,-13.75,"V010","V010",-13.821944443911,-56.082777777778,2023-02-11,-75,33,67.75,0,0,0
2022-11-29,25.6083333333333,30.9,21.8,76.125,7.5,20.8875,-56,-13.75,"V010","V010",-13.821944443911,-56.082777777778,2023-02-11,-74,30.9,76.125,7.5,1,2.14006616349627
2022-11-30,24.8125,29.8,21.6,78.375,4.9,20.5416666666667,-56,-13.75,"V010","V010",-13.821944443911,-56.082777777778,2023-02-11,-73,29.8,78.375,4.9,1,1.77495235091167
2022-12-01,23.95,30.6,20.9,82.0833333333333,5.2,20.5333333333333,-56,-13.75,"V010","V010",-13.821944443911,-56.082777777778,2023-02-11,-72,30.6,82.0833333333333,5.2,1,1.82454929205105
2022-12-02,24.2958333333333,29,20.2,85,13.3,21.4083333333333,-56,-13.75,"V010","V010",-13.821944443911,-56.082777777778,2023-02-11,-71,29,85,13.3,1,2.66025953726586
2022-12-03,23.6625,27.5,21.5,88.1666666666667,12,21.525,-56,-13.75,"V010","V010",-13.821944443911,-56.082777777778,2023-02-11,-70,27.5,88.1666666666667,12,1,2.56494935746154
2022-12-04,24.025,27.7,22.1,85.7916666666667,11,21.4208333333333,-56,-13.75,"V010","V010",-13.821944443911,-56.082777777778,2023-02-11,-69,27.7,85.7916666666667,11,1,2.484906649788
2022-12-05,23.225,27.4,21.4,88.7916666666667,6.3,21.175,-56,-13.75,"V010","V010",-13.821944443911,-56.082777777778,2023-02-11,-68,27.4,88.7916666666667,6.3,1,1.98787434815435
2022-12-06,25.1416666666667,29.6,21.1,81.125,4.7,21.4208333333333,-56,-13.75,"V010","V010",-13.821944443911,-56.082777777778,2023-02-11,-67,29.6,81.125,4.7,1,1.7404661748405
2022-12-07,25.2208333333333,30,22.3,82.8333333333333,5,21.975,-56,-13.75,"V010","V010",-13.821944443911,-56.082777777778,2023-02-11,-66,30,82.8333333333333,5,1,1.79175946922805
2022-12-08,26.1791666666667,32.2,21.9,78.7083333333333,0.2,21.7875,-56,-13.75,"V010","V010",-13.821944443911,-56.082777777778,2023-02-11,-65,32.2,78.7083333333333,0.2,0,0.182321556793955
2022-12-09,25.0583333333333,28.3,22.4,83,9.9,21.8875,-56,-13.75,"V010","V010",-13.821944443911,-56.082777777778,2023-02-11,-64,28.3,83,9.9,1,2.3887627892351
2022-12-10,24.5125,28.7,21.9,84.125,7.2,21.4916666666667,-56,-13.75,"V010","V010",-13.821944443911,-56.082777777778,2023-02-11,-63,28.7,84.125,7.2,1,2.10413415427021
2022-12-11,25.0166666666667,29.8,21.4,79.0833333333333,0.3,20.875,-56,-13.75,"V010","V010",-13.821944443911,-56.082777777778,2023-02-11,-62,29.8,79.0833333333333,0.3,0,0.262364264467491
2022-12-12,24.7791666666667,29.9,20.4,80.9166666666667,0.8,21.0875,-56,-13.75,"V010","V010",-13.821944443911,-56.082777777778,2023-02-11,-61,29.9,80.9166666666667,0.8,0,0.587786664902119
2022-12-13,25.4125,31.1,21.5,80.25,5.5,21.5916666666667,-56,-13.75,"V010","V010",-13.821944443911,-56.082777777778,2023-02-11,-60,31.1,80.25,5.5,1,1.87180217690159
2022-12-14,24.4375,28,22,84.375,2,21.5541666666667,-56,-13.75,"V010","V010",-13.821944443911,-56.082777777778,2023-02-11,-59,28,84.375,2,1,1.09861228866811
2022-12-15,24.6541666666667,29.7,22.1,87.0416666666667,9.5,22.2791666666667,-56,-13.75,"V010","V010",-13.821944443911,-56.082777777778,2023-02-11,-58,29.7,87.0416666666667,9.5,1,2.35137525716348
2022-12-16,22.1791666666667,23.2,21,94.7083333333333,10.8,21.2875,-56,-13.75,"V010","V010",-13.821944443911,-56.082777777778,2023-02-11,-57,23.2,94.7083333333333,10.8,1,2.46809953147162
2022-12-17,24.1291666666667,29.9,20.7,82.2916666666667,1.4,20.7291666666667,-56,-13.75,"V010","V010",-13.821944443911,-56.082777777778,2023-02-11,-56,29.9,82.2916666666667,1.4,1,0.8754687373539
2022-12-18,23.325,26,21.3,91.5833333333333,25.1,21.8625,-56,-13.75,"V010","V010",-13.821944443911,-56.082777777778,2023-02-11,-55,26,91.5833333333333,25.1,1,3.26193531432865
2022-12-19,23.875,27.7,21.1,88.2083333333333,18.4,21.7125,-56,-13.75,"V010","V010",-13.821944443911,-56.082777777778,2023-02-11,-54,27.7,88.2083333333333,18.4,1,2.96527306606928
2022-12-20,24.0458333333333,28.1,21,88.2916666666667,6.7,21.8625,-56,-13.75,"V010","V010",-13.821944443911,-56.082777777778,2023-02-11,-53,28.1,88.2916666666667,6.7,1,2.04122032885964
2022-12-21,24.1333333333333,27.9,22.1,87.4583333333333,8.2,21.85,-56,-13.75,"V010","V010",-13.821944443911,-56.082777777778,2023-02-11,-52,27.9,87.4583333333333,8.2,1,2.21920348405499
2022-12-22,23.95,28.4,21.5,85.4166666666667,1.9,21.25,-56,-13.75,"V010","V010",-13.821944443911,-56.082777777778,2023-02-11,-51,28.4,85.4166666666667,1.9,1,1.06471073699243
2022-12-23,24.675,28.7,20.8,83.2916666666667,1.5,21.5291666666667,-56,-13.75,"V010","V010",-13.821944443911,-56.082777777778,2023-02-11,-50,28.7,83.2916666666667,1.5,1,0.916290731874155
2022-12-24,24.525,28.6,21.9,85.4166666666667,4.6,21.8541666666667,-56,-13.75,"V010","V010",-13.821944443911,-56.082777777778,2023-02-11,-49,28.6,85.4166666666667,4.6,1,1.7227665977411
2022-12-25,23.5375,26.9,20.7,89.2916666666667,28,21.6166666666667,-56,-13.75,"V010","V010",-13.821944443911,-56.082777777778,2023-02-11,-48,26.9,89.2916666666667,28,1,3.36729582998647
2022-12-26,24,27.7,21.8,87.6666666666667,8.8,21.75,-56,-13.75,"V010","V010",-13.821944443911,-56.082777777778,2023-02-11,-47,27.7,87.6666666666667,8.8,1,2.28238238567653
2022-12-27,24.5291666666667,29.2,22,86.3333333333333,3.3,21.9666666666667,-56,-13.75,"V010","V010",-13.821944443911,-56.082777777778,2023-02-11,-46,29.2,86.3333333333333,3.3,1,1.45861502269952
2022-12-28,23.075,26,21.9,93.2916666666667,29.5,21.9,-56,-13.75,"V010","V010",-13.821944443911,-56.082777777778,2023-02-11,-45,26,93.2916666666667,29.5,1,3.41772668361337
2022-12-29,23.625,27.2,21.7,92.1666666666667,5,22.2416666666667,-56,-13.75,"V010","V010",-13.821944443911,-56.082777777778,2023-02-11,-44,27.2,92.1666666666667,5,1,1.79175946922805
2022-12-30,24.575,28.4,22.2,84.4583333333333,3.8,21.6666666666667,-56,-13.75,"V010","V010",-13.821944443911,-56.082777777778,2023-02-11,-43,28.4,84.4583333333333,3.8,1,1.56861591791385
2022-12-31,24.2083333333333,27.9,21.8,85.9166666666667,6.9,21.6125,-56,-13.75,"V010","V010",-13.821944443911,-56.082777777778,2023-02-11,-42,27.9,85.9166666666667,6.9,1,2.06686275947298
2023-01-01,25.6041666666667,30,20.5,80.3333333333333,0.7,21.725,-56,-13.75,"V010","V010",-13.821944443911,-56.082777777778,2023-02-11,-41,30,80.3333333333333,0.7,0,0.53062825106217
2023-01-02,24.0333333333333,27.5,22.1,86.3333333333333,14.9,21.5541666666667,-56,-13.75,"V010","V010",-13.821944443911,-56.082777777778,2023-02-11,-40,27.5,86.3333333333333,14.9,1,2.76631910922619
2023-01-03,24.2666666666667,28.2,21.6,83.5,1.3,21.1625,-56,-13.75,"V010","V010",-13.821944443911,-56.082777777778,2023-02-11,-39,28.2,83.5,1.3,1,0.832909122935104
2023-01-04,23.6,26.6,21.4,88.125,14.1,21.4875,-56,-13.75,"V010","V010",-13.821944443911,-56.082777777778,2023-02-11,-38,26.6,88.125,14.1,1,2.71469474382088
2023-01-05,23.4291666666667,26.5,21.5,91.5833333333333,17.8,21.9458333333333,-56,-13.75,"V010","V010",-13.821944443911,-56.082777777778,2023-02-11,-37,26.5,91.5833333333333,17.8,1,2.9338568698359
2023-01-06,23.9458333333333,27,21.6,84.25,6.8,21.0083333333333,-56,-13.75,"V010","V010",-13.821944443911,-56.082777777778,2023-02-11,-36,27,84.25,6.8,1,2.05412373369555
2023-01-07,25.225,30.2,21.5,72.8333333333333,0.5,19.5625,-56,-13.75,"V010","V010",-13.821944443911,-56.082777777778,2023-02-11,-35,30.2,72.8333333333333,0.5,0,0.405465108108164
2023-01-08,23.9666666666667,28.3,21.5,87.4583333333333,5.5,21.6666666666667,-56,-13.75,"V010","V010",-13.821944443911,-56.082777777778,2023-02-11,-34,28.3,87.4583333333333,5.5,1,1.87180217690159
2023-01-09,24.1458333333333,27.6,21.7,83.4166666666667,0.6,21.0458333333333,-56,-13.75,"V010","V010",-13.821944443911,-56.082777777778,2023-02-11,-33,27.6,83.4166666666667,0.6,0,0.470003629245736
2023-01-10,23.975,27.5,21.7,85.7083333333333,6.3,21.3333333333333,-56,-13.75,"V010","V010",-13.821944443911,-56.082777777778,2023-02-11,-32,27.5,85.7083333333333,6.3,1,1.98787434815435
2023-01-11,24.2041666666667,28.6,20.7,84.3333333333333,4.3,21.2291666666667,-56,-13.75,"V010","V010",-13.821944443911,-56.082777777778,2023-02-11,-31,28.6,84.3333333333333,4.3,1,1.66770682055808
2023-01-12,23.8625,27.8,21.9,86.4166666666667,3,21.4041666666667,-56,-13.75,"V010","V010",-13.821944443911,-56.082777777778,2023-02-11,-30,27.8,86.4166666666667,3,1,1.38629436111989
2023-01-13,23.625,27.5,21,85.7916666666667,8.3,21.0083333333333,-56,-13.75,"V010","V010",-13.821944443911,-56.082777777778,2023-02-11,-29,27.5,85.7916666666667,8.3,1,2.23001440015921
2023-01-14,23.075,26.8,20.6,85.625,5.1,20.4583333333333,-56,-13.75,"V010","V010",-13.821944443911,-56.082777777778,2023-02-11,-28,26.8,85.625,5.1,1,1.80828877117927
2023-01-15,24.175,28.7,20.1,83.8333333333333,5.4,21.0458333333333,-56,-13.75,"V010","V010",-13.821944443911,-56.082777777778,2023-02-11,-27,28.7,83.8333333333333,5.4,1,1.85629799036563
2023-01-16,25,30.9,20.8,81.5,6.7,21.2541666666667,-56,-13.75,"V010","V010",-13.821944443911,-56.082777777778,2023-02-11,-26,30.9,81.5,6.7,1,2.04122032885964
2023-01-17,24.3666666666667,30.3,19.8,81.75,2.6,20.775,-56,-13.75,"V010","V010",-13.821944443911,-56.082777777778,2023-02-11,-25,30.3,81.75,2.6,1,1.28093384546206
2023-01-18,24.4333333333333,30.1,20.4,81.6666666666667,9.3,20.8666666666667,-56,-13.75,"V010","V010",-13.821944443911,-56.082777777778,2023-02-11,-24,30.1,81.6666666666667,9.3,1,2.33214389523559
2023-01-19,24.3541666666667,30,20.3,79.8333333333333,2.9,20.3333333333333,-56,-13.75,"V010","V010",-13.821944443911,-56.082777777778,2023-02-11,-23,30,79.8333333333333,2.9,1,1.3609765531356
2023-01-20,25.0166666666667,30.6,20.6,78.0833333333333,0.1,20.65,-56,-13.75,"V010","V010",-13.821944443911,-56.082777777778,2023-02-11,-22,30.6,78.0833333333333,0.1,0,0.0953101798043249
2023-01-21,25.0375,29.4,21.9,78.0416666666667,7.2,20.7958333333333,-56,-13.75,"V010","V010",-13.821944443911,-56.082777777778,2023-02-11,-21,29.4,78.0416666666667,7.2,1,2.10413415427021
2023-01-22,24.3791666666667,29.5,21.3,83.75,4.6,21.2416666666667,-56,-13.75,"V010","V010",-13.821944443911,-56.082777777778,2023-02-11,-20,29.5,83.75,4.6,1,1.7227665977411
2023-01-23,24.0291666666667,28.1,21.5,87.7083333333333,10.1,21.75,-56,-13.75,"V010","V010",-13.821944443911,-56.082777777778,2023-02-11,-19,28.1,87.7083333333333,10.1,1,2.40694510831829
2023-01-24,23.225,27.2,21.2,87.7083333333333,1.6,20.9708333333333,-56,-13.75,"V010","V010",-13.821944443911,-56.082777777778,2023-02-11,-18,27.2,87.7083333333333,1.6,1,0.955511445027436
2023-01-25,23.7625,27.7,21.6,87.8333333333333,15.2,21.5458333333333,-56,-13.75,"V010","V010",-13.821944443911,-56.082777777778,2023-02-11,-17,27.7,87.8333333333333,15.2,1,2.78501124223834
2023-01-26,23.3375,26.4,21.1,89.9166666666667,29.3,21.5583333333333,-56,-13.75,"V010","V010",-13.821944443911,-56.082777777778,2023-02-11,-16,26.4,89.9166666666667,29.3,1,3.41114771251532
2023-01-27,22.4583333333333,25,20.9,92.7083333333333,18.4,21.1875,-56,-13.75,"V010","V010",-13.821944443911,-56.082777777778,2023-02-11,-15,25,92.7083333333333,18.4,1,2.96527306606928
2023-01-28,22.1458333333333,25.8,20.8,93,8.4,20.8875,-56,-13.75,"V010","V010",-13.821944443911,-56.082777777778,2023-02-11,-14,25.8,93,8.4,1,2.24070968927596
2023-01-29,23.9041666666667,28.3,20.8,84.7083333333333,2.9,20.975,-56,-13.75,"V010","V010",-13.821944443911,-56.082777777778,2023-02-11,-13,28.3,84.7083333333333,2.9,1,1.3609765531356
2023-01-30,25.1333333333333,30.5,20.4,81.625,4.4,21.5625,-56,-13.75,"V010","V010",-13.821944443911,-56.082777777778,2023-02-11,-12,30.5,81.625,4.4,1,1.68639895357023
2023-01-31,24.5791666666667,28.3,21.5,83.3333333333333,1.8,21.4458333333333,-56,-13.75,"V010","V010",-13.821944443911,-56.082777777778,2023-02-11,-11,28.3,83.3333333333333,1.8,1,1.02961941718116
2023-02-01,24.9125,29.7,21.7,83.5833333333333,8.1,21.7291666666667,-56,-13.75,"V010","V010",-13.821944443911,-56.082777777778,2023-02-11,-10,29.7,83.5833333333333,8.1,1,2.2082744135228
2023-02-02,25.7958333333333,31.1,21.7,79.6666666666667,2,21.7208333333333,-56,-13.75,"V010","V010",-13.821944443911,-56.082777777778,2023-02-11,-9,31.1,79.6666666666667,2,1,1.09861228866811
2023-02-03,25.5,31,21.1,81.3333333333333,16.3,21.775,-56,-13.75,"V010","V010",-13.821944443911,-56.082777777778,2023-02-11,-8,31,81.3333333333333,16.3,1,2.85070650150373
2023-02-04,23.0291666666667,26.9,21.1,85.5833333333333,6,20.4041666666667,-56,-13.75,"V010","V010",-13.821944443911,-56.082777777778,2023-02-11,-7,26.9,85.5833333333333,6,1,1.94591014905531
2023-02-05,25.2041666666667,31.3,20.9,78.7916666666667,1.2,20.95,-56,-13.75,"V010","V010",-13.821944443911,-56.082777777778,2023-02-11,-6,31.3,78.7916666666667,1.2,1,0.78845736036427
2023-02-06,24.2458333333333,30.8,21,83.2916666666667,14.2,20.9708333333333,-56,-13.75,"V010","V010",-13.821944443911,-56.082777777778,2023-02-11,-5,30.8,83.2916666666667,14.2,1,2.72129542785223
2023-02-07,24.1291666666667,29.1,20.9,87.25,13.2,21.7625,-56,-13.75,"V010","V010",-13.821944443911,-56.082777777778,2023-02-11,-4,29.1,87.25,13.2,1,2.65324196460721
2023-02-08,25.9958333333333,31.1,21.5,78.0833333333333,0.8,21.5041666666667,-56,-13.75,"V010","V010",-13.821944443911,-56.082777777778,2023-02-11,-3,31.1,78.0833333333333,0.8,0,0.587786664902119
2023-02-09,25.4625,31.1,21.2,80.0416666666667,6.3,21.5291666666667,-56,-13.75,"V010","V010",-13.821944443911,-56.082777777778,2023-02-11,-2,31.1,80.0416666666667,6.3,1,1.98787434815435
2023-02-10,25.6458333333333,30.6,22.2,80.0833333333333,1.3,21.7458333333333,-56,-13.75,"V010","V010",-13.821944443911,-56.082777777778,2023-02-11,-1,30.6,80.0833333333333,1.3,1,0.832909122935104
2022-12-07,25.2208333333333,30,22.3,82.8333333333333,5,21.975,-56,-13.75,"V011","V011",-13.821944443911,-56.082777777778,2023-02-25,-80,30,82.8333333333333,5,1,1.79175946922805
2022-12-08,26.1791666666667,32.2,21.9,78.7083333333333,0.2,21.7875,-56,-13.75,"V011","V011",-13.821944443911,-56.082777777778,2023-02-25,-79,32.2,78.7083333333333,0.2,0,0.182321556793955
2022-12-09,25.0583333333333,28.3,22.4,83,9.9,21.8875,-56,-13.75,"V011","V011",-13.821944443911,-56.082777777778,2023-02-25,-78,28.3,83,9.9,1,2.3887627892351
2022-12-10,24.5125,28.7,21.9,84.125,7.2,21.4916666666667,-56,-13.75,"V011","V011",-13.821944443911,-56.082777777778,2023-02-25,-77,28.7,84.125,7.2,1,2.10413415427021
2022-12-11,25.0166666666667,29.8,21.4,79.0833333333333,0.3,20.875,-56,-13.75,"V011","V011",-13.821944443911,-56.082777777778,2023-02-25,-76,29.8,79.0833333333333,0.3,0,0.262364264467491
2022-12-12,24.7791666666667,29.9,20.4,80.9166666666667,0.8,21.0875,-56,-13.75,"V011","V011",-13.821944443911,-56.082777777778,2023-02-25,-75,29.9,80.9166666666667,0.8,0,0.587786664902119
2022-12-13,25.4125,31.1,21.5,80.25,5.5,21.5916666666667,-56,-13.75,"V011","V011",-13.821944443911,-56.082777777778,2023-02-25,-74,31.1,80.25,5.5,1,1.87180217690159
2022-12-14,24.4375,28,22,84.375,2,21.5541666666667,-56,-13.75,"V011","V011",-13.821944443911,-56.082777777778,2023-02-25,-73,28,84.375,2,1,1.09861228866811
2022-12-15,24.6541666666667,29.7,22.1,87.0416666666667,9.5,22.2791666666667,-56,-13.75,"V011","V011",-13.821944443911,-56.082777777778,2023-02-25,-72,29.7,87.0416666666667,9.5,1,2.35137525716348
2022-12-16,22.1791666666667,23.2,21,94.7083333333333,10.8,21.2875,-56,-13.75,"V011","V011",-13.821944443911,-56.082777777778,2023-02-25,-71,23.2,94.7083333333333,10.8,1,2.46809953147162
2022-12-17,24.1291666666667,29.9,20.7,82.2916666666667,1.4,20.7291666666667,-56,-13.75,"V011","V011",-13.821944443911,-56.082777777778,2023-02-25,-70,29.9,82.2916666666667,1.4,1,0.8754687373539
2022-12-18,23.325,26,21.3,91.5833333333333,25.1,21.8625,-56,-13.75,"V011","V011",-13.821944443911,-56.082777777778,2023-02-25,-69,26,91.5833333333333,25.1,1,3.26193531432865
2022-12-19,23.875,27.7,21.1,88.2083333333333,18.4,21.7125,-56,-13.75,"V011","V011",-13.821944443911,-56.082777777778,2023-02-25,-68,27.7,88.2083333333333,18.4,1,2.96527306606928
2022-12-20,24.0458333333333,28.1,21,88.2916666666667,6.7,21.8625,-56,-13.75,"V011","V011",-13.821944443911,-56.082777777778,2023-02-25,-67,28.1,88.2916666666667,6.7,1,2.04122032885964
2022-12-21,24.1333333333333,27.9,22.1,87.4583333333333,8.2,21.85,-56,-13.75,"V011","V011",-13.821944443911,-56.082777777778,2023-02-25,-66,27.9,87.4583333333333,8.2,1,2.21920348405499
2022-12-22,23.95,28.4,21.5,85.4166666666667,1.9,21.25,-56,-13.75,"V011","V011",-13.821944443911,-56.082777777778,2023-02-25,-65,28.4,85.4166666666667,1.9,1,1.06471073699243
2022-12-23,24.675,28.7,20.8,83.2916666666667,1.5,21.5291666666667,-56,-13.75,"V011","V011",-13.821944443911,-56.082777777778,2023-02-25,-64,28.7,83.2916666666667,1.5,1,0.916290731874155
2022-12-24,24.525,28.6,21.9,85.4166666666667,4.6,21.8541666666667,-56,-13.75,"V011","V011",-13.821944443911,-56.082777777778,2023-02-25,-63,28.6,85.4166666666667,4.6,1,1.7227665977411
2022-12-25,23.5375,26.9,20.7,89.2916666666667,28,21.6166666666667,-56,-13.75,"V011","V011",-13.821944443911,-56.082777777778,2023-02-25,-62,26.9,89.2916666666667,28,1,3.36729582998647
2022-12-26,24,27.7,21.8,87.6666666666667,8.8,21.75,-56,-13.75,"V011","V011",-13.821944443911,-56.082777777778,2023-02-25,-61,27.7,87.6666666666667,8.8,1,2.28238238567653
2022-12-27,24.5291666666667,29.2,22,86.3333333333333,3.3,21.9666666666667,-56,-13.75,"V011","V011",-13.821944443911,-56.082777777778,2023-02-25,-60,29.2,86.3333333333333,3.3,1,1.45861502269952
2022-12-28,23.075,26,21.9,93.2916666666667,29.5,21.9,-56,-13.75,"V011","V011",-13.821944443911,-56.082777777778,2023-02-25,-59,26,93.2916666666667,29.5,1,3.41772668361337
2022-12-29,23.625,27.2,21.7,92.1666666666667,5,22.2416666666667,-56,-13.75,"V011","V011",-13.821944443911,-56.082777777778,2023-02-25,-58,27.2,92.1666666666667,5,1,1.79175946922805
2022-12-30,24.575,28.4,22.2,84.4583333333333,3.8,21.6666666666667,-56,-13.75,"V011","V011",-13.821944443911,-56.082777777778,2023-02-25,-57,28.4,84.4583333333333,3.8,1,1.56861591791385
2022-12-31,24.2083333333333,27.9,21.8,85.9166666666667,6.9,21.6125,-56,-13.75,"V011","V011",-13.821944443911,-56.082777777778,2023-02-25,-56,27.9,85.9166666666667,6.9,1,2.06686275947298
2023-01-01,25.6041666666667,30,20.5,80.3333333333333,0.7,21.725,-56,-13.75,"V011","V011",-13.821944443911,-56.082777777778,2023-02-25,-55,30,80.3333333333333,0.7,0,0.53062825106217
2023-01-02,24.0333333333333,27.5,22.1,86.3333333333333,14.9,21.5541666666667,-56,-13.75,"V011","V011",-13.821944443911,-56.082777777778,2023-02-25,-54,27.5,86.3333333333333,14.9,1,2.76631910922619
2023-01-03,24.2666666666667,28.2,21.6,83.5,1.3,21.1625,-56,-13.75,"V011","V011",-13.821944443911,-56.082777777778,2023-02-25,-53,28.2,83.5,1.3,1,0.832909122935104
2023-01-04,23.6,26.6,21.4,88.125,14.1,21.4875,-56,-13.75,"V011","V011",-13.821944443911,-56.082777777778,2023-02-25,-52,26.6,88.125,14.1,1,2.71469474382088
2023-01-05,23.4291666666667,26.5,21.5,91.5833333333333,17.8,21.9458333333333,-56,-13.75,"V011","V011",-13.821944443911,-56.082777777778,2023-02-25,-51,26.5,91.5833333333333,17.8,1,2.9338568698359
2023-01-06,23.9458333333333,27,21.6,84.25,6.8,21.0083333333333,-56,-13.75,"V011","V011",-13.821944443911,-56.082777777778,2023-02-25,-50,27,84.25,6.8,1,2.05412373369555
2023-01-07,25.225,30.2,21.5,72.8333333333333,0.5,19.5625,-56,-13.75,"V011","V011",-13.821944443911,-56.082777777778,2023-02-25,-49,30.2,72.8333333333333,0.5,0,0.405465108108164
2023-01-08,23.9666666666667,28.3,21.5,87.4583333333333,5.5,21.6666666666667,-56,-13.75,"V011","V011",-13.821944443911,-56.082777777778,2023-02-25,-48,28.3,87.4583333333333,5.5,1,1.87180217690159
2023-01-09,24.1458333333333,27.6,21.7,83.4166666666667,0.6,21.0458333333333,-56,-13.75,"V011","V011",-13.821944443911,-56.082777777778,2023-02-25,-47,27.6,83.4166666666667,0.6,0,0.470003629245736
2023-01-10,23.975,27.5,21.7,85.7083333333333,6.3,21.3333333333333,-56,-13.75,"V011","V011",-13.821944443911,-56.082777777778,2023-02-25,-46,27.5,85.7083333333333,6.3,1,1.98787434815435
2023-01-11,24.2041666666667,28.6,20.7,84.3333333333333,4.3,21.2291666666667,-56,-13.75,"V011","V011",-13.821944443911,-56.082777777778,2023-02-25,-45,28.6,84.3333333333333,4.3,1,1.66770682055808
2023-01-12,23.8625,27.8,21.9,86.4166666666667,3,21.4041666666667,-56,-13.75,"V011","V011",-13.821944443911,-56.082777777778,2023-02-25,-44,27.8,86.4166666666667,3,1,1.38629436111989
2023-01-13,23.625,27.5,21,85.7916666666667,8.3,21.0083333333333,-56,-13.75,"V011","V011",-13.821944443911,-56.082777777778,2023-02-25,-43,27.5,85.7916666666667,8.3,1,2.23001440015921
2023-01-14,23.075,26.8,20.6,85.625,5.1,20.4583333333333,-56,-13.75,"V011","V011",-13.821944443911,-56.082777777778,2023-02-25,-42,26.8,85.625,5.1,1,1.80828877117927
2023-01-15,24.175,28.7,20.1,83.8333333333333,5.4,21.0458333333333,-56,-13.75,"V011","V011",-13.821944443911,-56.082777777778,2023-02-25,-41,28.7,83.8333333333333,5.4,1,1.85629799036563
2023-01-16,25,30.9,20.8,81.5,6.7,21.2541666666667,-56,-13.75,"V011","V011",-13.821944443911,-56.082777777778,2023-02-25,-40,30.9,81.5,6.7,1,2.04122032885964
2023-01-17,24.3666666666667,30.3,19.8,81.75,2.6,20.775,-56,-13.75,"V011","V011",-13.821944443911,-56.082777777778,2023-02-25,-39,30.3,81.75,2.6,1,1.28093384546206
2023-01-18,24.4333333333333,30.1,20.4,81.6666666666667,9.3,20.8666666666667,-56,-13.75,"V011","V011",-13.821944443911,-56.082777777778,2023-02-25,-38,30.1,81.6666666666667,9.3,1,2.33214389523559
2023-01-19,24.3541666666667,30,20.3,79.8333333333333,2.9,20.3333333333333,-56,-13.75,"V011","V011",-13.821944443911,-56.082777777778,2023-02-25,-37,30,79.8333333333333,2.9,1,1.3609765531356
2023-01-20,25.0166666666667,30.6,20.6,78.0833333333333,0.1,20.65,-56,-13.75,"V011","V011",-13.821944443911,-56.082777777778,2023-02-25,-36,30.6,78.0833333333333,0.1,0,0.0953101798043249
2023-01-21,25.0375,29.4,21.9,78.0416666666667,7.2,20.7958333333333,-56,-13.75,"V011","V011",-13.821944443911,-56.082777777778,2023-02-25,-35,29.4,78.0416666666667,7.2,1,2.10413415427021
2023-01-22,24.3791666666667,29.5,21.3,83.75,4.6,21.2416666666667,-56,-13.75,"V011","V011",-13.821944443911,-56.082777777778,2023-02-25,-34,29.5,83.75,4.6,1,1.7227665977411
2023-01-23,24.0291666666667,28.1,21.5,87.7083333333333,10.1,21.75,-56,-13.75,"V011","V011",-13.821944443911,-56.082777777778,2023-02-25,-33,28.1,87.7083333333333,10.1,1,2.40694510831829
2023-01-24,23.225,27.2,21.2,87.7083333333333,1.6,20.9708333333333,-56,-13.75,"V011","V011",-13.821944443911,-56.082777777778,2023-02-25,-32,27.2,87.7083333333333,1.6,1,0.955511445027436
2023-01-25,23.7625,27.7,21.6,87.8333333333333,15.2,21.5458333333333,-56,-13.75,"V011","V011",-13.821944443911,-56.082777777778,2023-02-25,-31,27.7,87.8333333333333,15.2,1,2.78501124223834
2023-01-26,23.3375,26.4,21.1,89.9166666666667,29.3,21.5583333333333,-56,-13.75,"V011","V011",-13.821944443911,-56.082777777778,2023-02-25,-30,26.4,89.9166666666667,29.3,1,3.41114771251532
2023-01-27,22.4583333333333,25,20.9,92.7083333333333,18.4,21.1875,-56,-13.75,"V011","V011",-13.821944443911,-56.082777777778,2023-02-25,-29,25,92.7083333333333,18.4,1,2.96527306606928
2023-01-28,22.1458333333333,25.8,20.8,93,8.4,20.8875,-56,-13.75,"V011","V011",-13.821944443911,-56.082777777778,2023-02-25,-28,25.8,93,8.4,1,2.24070968927596
2023-01-29,23.9041666666667,28.3,20.8,84.7083333333333,2.9,20.975,-56,-13.75,"V011","V011",-13.821944443911,-56.082777777778,2023-02-25,-27,28.3,84.7083333333333,2.9,1,1.3609765531356
2023-01-30,25.1333333333333,30.5,20.4,81.625,4.4,21.5625,-56,-13.75,"V011","V011",-13.821944443911,-56.082777777778,2023-02-25,-26,30.5,81.625,4.4,1,1.68639895357023
2023-01-31,24.5791666666667,28.3,21.5,83.3333333333333,1.8,21.4458333333333,-56,-13.75,"V011","V011",-13.821944443911,-56.082777777778,2023-02-25,-25,28.3,83.3333333333333,1.8,1,1.02961941718116
2023-02-01,24.9125,29.7,21.7,83.5833333333333,8.1,21.7291666666667,-56,-13.75,"V011","V011",-13.821944443911,-56.082777777778,2023-02-25,-24,29.7,83.5833333333333,8.1,1,2.2082744135228
2023-02-02,25.7958333333333,31.1,21.7,79.6666666666667,2,21.7208333333333,-56,-13.75,"V011","V011",-13.821944443911,-56.082777777778,2023-02-25,-23,31.1,79.6666666666667,2,1,1.09861228866811
2023-02-03,25.5,31,21.1,81.3333333333333,16.3,21.775,-56,-13.75,"V011","V011",-13.821944443911,-56.082777777778,2023-02-25,-22,31,81.3333333333333,16.3,1,2.85070650150373
2023-02-04,23.0291666666667,26.9,21.1,85.5833333333333,6,20.4041666666667,-56,-13.75,"V011","V011",-13.821944443911,-56.082777777778,2023-02-25,-21,26.9,85.5833333333333,6,1,1.94591014905531
2023-02-05,25.2041666666667,31.3,20.9,78.7916666666667,1.2,20.95,-56,-13.75,"V011","V011",-13.821944443911,-56.082777777778,2023-02-25,-20,31.3,78.7916666666667,1.2,1,0.78845736036427
2023-02-06,24.2458333333333,30.8,21,83.2916666666667,14.2,20.9708333333333,-56,-13.75,"V011","V011",-13.821944443911,-56.082777777778,2023-02-25,-19,30.8,83.2916666666667,14.2,1,2.72129542785223
2023-02-07,24.1291666666667,29.1,20.9,87.25,13.2,21.7625,-56,-13.75,"V011","V011",-13.821944443911,-56.082777777778,2023-02-25,-18,29.1,87.25,13.2,1,2.65324196460721
2023-02-08,25.9958333333333,31.1,21.5,78.0833333333333,0.8,21.5041666666667,-56,-13.75,"V011","V011",-13.821944443911,-56.082777777778,2023-02-25,-17,31.1,78.0833333333333,0.8,0,0.587786664902119
2023-02-09,25.4625,31.1,21.2,80.0416666666667,6.3,21.5291666666667,-56,-13.75,"V011","V011",-13.821944443911,-56.082777777778,2023-02-25,-16,31.1,80.0416666666667,6.3,1,1.98787434815435
2023-02-10,25.6458333333333,30.6,22.2,80.0833333333333,1.3,21.7458333333333,-56,-13.75,"V011","V011",-13.821944443911,-56.082777777778,2023-02-25,-15,30.6,80.0833333333333,1.3,1,0.832909122935104
2023-02-11,25.85,30.5,21.9,78,1.1,21.4875,-56,-13.75,"V011","V011",-13.821944443911,-56.082777777778,2023-02-25,-14,30.5,78,1.1,1,0.741937344729377
2023-02-12,25.9041666666667,30.4,22.5,80.0833333333333,3.1,22.0041666666667,-56,-13.75,"V011","V011",-13.821944443911,-56.082777777778,2023-02-25,-13,30.4,80.0833333333333,3.1,1,1.41098697371026
2023-02-13,26.175,31.8,22.1,76.2083333333333,1.3,21.4666666666667,-56,-13.75,"V011","V011",-13.821944443911,-56.082777777778,2023-02-25,-12,31.8,76.2083333333333,1.3,1,0.832909122935104
2023-02-14,27.4416666666667,33.5,22,72.9583333333333,0.1,21.6333333333333,-56,-13.75,"V011","V011",-13.821944443911,-56.082777777778,2023-02-25,-11,33.5,72.9583333333333,0.1,0,0.0953101798043249
2023-02-15,25.4333333333333,29.4,23.4,79.375,2.4,21.5625,-56,-13.75,"V011","V011",-13.821944443911,-56.082777777778,2023-02-25,-10,29.4,79.375,2.4,1,1.22377543162212
2023-02-16,25.6458333333333,31.6,22.3,79.625,1.1,21.6208333333333,-56,-13.75,"V011","V011",-13.821944443911,-56.082777777778,2023-02-25,-9,31.6,79.625,1.1,1,0.741937344729377
2023-02-17,23.6375,27.6,21.3,87.9583333333333,18.1,21.4791666666667,-56,-13.75,"V011","V011",-13.821944443911,-56.082777777778,2023-02-25,-8,27.6,87.9583333333333,18.1,1,2.94968833505258
2023-02-18,23.2291666666667,28.1,21,88.3333333333333,6.8,21.0208333333333,-56,-13.75,"V011","V011",-13.821944443911,-56.082777777778,2023-02-25,-7,28.1,88.3333333333333,6.8,1,2.05412373369555
2023-02-19,23.275,28.1,20.5,86.9583333333333,15.3,20.85,-56,-13.75,"V011","V011",-13.821944443911,-56.082777777778,2023-02-25,-6,28.1,86.9583333333333,15.3,1,2.79116510781272
2023-02-20,22.9916666666667,25.7,21.4,89.9583333333333,30.3,21.1875,-56,-13.75,"V011","V011",-13.821944443911,-56.082777777778,2023-02-25,-5,25.7,89.9583333333333,30.3,1,3.44361809754611
2023-02-21,23.3083333333333,26.8,20.4,84.9583333333333,5.4,20.5,-56,-13.75,"V011","V011",-13.821944443911,-56.082777777778,2023-02-25,-4,26.8,84.9583333333333,5.4,1,1.85629799036563
2023-02-22,23.6,27.2,21.1,89.7083333333333,12.4,21.75,-56,-13.75,"V011","V011",-13.821944443911,-56.082777777778,2023-02-25,-3,27.2,89.7083333333333,12.4,1,2.59525470695687
2023-02-23,24.2791666666667,28.1,21.1,85,5.2,21.4458333333333,-56,-13.75,"V011","V011",-13.821944443911,-56.082777777778,2023-02-25,-2,28.1,85,5.2,1,1.82454929205105
2023-02-24,25.7375,30.8,22.4,79.625,2.3,21.7333333333333,-56,-13.75,"V011","V011",-13.821944443911,-56.082777777778,2023-02-25,-1,30.8,79.625,2.3,1,1.19392246847243
2022-12-23,24.675,28.7,20.8,83.2916666666667,1.5,21.5291666666667,-56,-13.75,"V012","V012",-13.821944443911,-56.082777777778,2023-03-13,-80,28.7,83.2916666666667,1.5,1,0.916290731874155
2022-12-24,24.525,28.6,21.9,85.4166666666667,4.6,21.8541666666667,-56,-13.75,"V012","V012",-13.821944443911,-56.082777777778,2023-03-13,-79,28.6,85.4166666666667,4.6,1,1.7227665977411
2022-12-25,23.5375,26.9,20.7,89.2916666666667,28,21.6166666666667,-56,-13.75,"V012","V012",-13.821944443911,-56.082777777778,2023-03-13,-78,26.9,89.2916666666667,28,1,3.36729582998647
2022-12-26,24,27.7,21.8,87.6666666666667,8.8,21.75,-56,-13.75,"V012","V012",-13.821944443911,-56.082777777778,2023-03-13,-77,27.7,87.6666666666667,8.8,1,2.28238238567653
2022-12-27,24.5291666666667,29.2,22,86.3333333333333,3.3,21.9666666666667,-56,-13.75,"V012","V012",-13.821944443911,-56.082777777778,2023-03-13,-76,29.2,86.3333333333333,3.3,1,1.45861502269952
2022-12-28,23.075,26,21.9,93.2916666666667,29.5,21.9,-56,-13.75,"V012","V012",-13.821944443911,-56.082777777778,2023-03-13,-75,26,93.2916666666667,29.5,1,3.41772668361337
2022-12-29,23.625,27.2,21.7,92.1666666666667,5,22.2416666666667,-56,-13.75,"V012","V012",-13.821944443911,-56.082777777778,2023-03-13,-74,27.2,92.1666666666667,5,1,1.79175946922805
2022-12-30,24.575,28.4,22.2,84.4583333333333,3.8,21.6666666666667,-56,-13.75,"V012","V012",-13.821944443911,-56.082777777778,2023-03-13,-73,28.4,84.4583333333333,3.8,1,1.56861591791385
2022-12-31,24.2083333333333,27.9,21.8,85.9166666666667,6.9,21.6125,-56,-13.75,"V012","V012",-13.821944443911,-56.082777777778,2023-03-13,-72,27.9,85.9166666666667,6.9,1,2.06686275947298
2023-01-01,25.6041666666667,30,20.5,80.3333333333333,0.7,21.725,-56,-13.75,"V012","V012",-13.821944443911,-56.082777777778,2023-03-13,-71,30,80.3333333333333,0.7,0,0.53062825106217
2023-01-02,24.0333333333333,27.5,22.1,86.3333333333333,14.9,21.5541666666667,-56,-13.75,"V012","V012",-13.821944443911,-56.082777777778,2023-03-13,-70,27.5,86.3333333333333,14.9,1,2.76631910922619
2023-01-03,24.2666666666667,28.2,21.6,83.5,1.3,21.1625,-56,-13.75,"V012","V012",-13.821944443911,-56.082777777778,2023-03-13,-69,28.2,83.5,1.3,1,0.832909122935104
2023-01-04,23.6,26.6,21.4,88.125,14.1,21.4875,-56,-13.75,"V012","V012",-13.821944443911,-56.082777777778,2023-03-13,-68,26.6,88.125,14.1,1,2.71469474382088
2023-01-05,23.4291666666667,26.5,21.5,91.5833333333333,17.8,21.9458333333333,-56,-13.75,"V012","V012",-13.821944443911,-56.082777777778,2023-03-13,-67,26.5,91.5833333333333,17.8,1,2.9338568698359
2023-01-06,23.9458333333333,27,21.6,84.25,6.8,21.0083333333333,-56,-13.75,"V012","V012",-13.821944443911,-56.082777777778,2023-03-13,-66,27,84.25,6.8,1,2.05412373369555
2023-01-07,25.225,30.2,21.5,72.8333333333333,0.5,19.5625,-56,-13.75,"V012","V012",-13.821944443911,-56.082777777778,2023-03-13,-65,30.2,72.8333333333333,0.5,0,0.405465108108164
2023-01-08,23.9666666666667,28.3,21.5,87.4583333333333,5.5,21.6666666666667,-56,-13.75,"V012","V012",-13.821944443911,-56.082777777778,2023-03-13,-64,28.3,87.4583333333333,5.5,1,1.87180217690159
2023-01-09,24.1458333333333,27.6,21.7,83.4166666666667,0.6,21.0458333333333,-56,-13.75,"V012","V012",-13.821944443911,-56.082777777778,2023-03-13,-63,27.6,83.4166666666667,0.6,0,0.470003629245736
2023-01-10,23.975,27.5,21.7,85.7083333333333,6.3,21.3333333333333,-56,-13.75,"V012","V012",-13.821944443911,-56.082777777778,2023-03-13,-62,27.5,85.7083333333333,6.3,1,1.98787434815435
2023-01-11,24.2041666666667,28.6,20.7,84.3333333333333,4.3,21.2291666666667,-56,-13.75,"V012","V012",-13.821944443911,-56.082777777778,2023-03-13,-61,28.6,84.3333333333333,4.3,1,1.66770682055808
2023-01-12,23.8625,27.8,21.9,86.4166666666667,3,21.4041666666667,-56,-13.75,"V012","V012",-13.821944443911,-56.082777777778,2023-03-13,-60,27.8,86.4166666666667,3,1,1.38629436111989
2023-01-13,23.625,27.5,21,85.7916666666667,8.3,21.0083333333333,-56,-13.75,"V012","V012",-13.821944443911,-56.082777777778,2023-03-13,-59,27.5,85.7916666666667,8.3,1,2.23001440015921
2023-01-14,23.075,26.8,20.6,85.625,5.1,20.4583333333333,-56,-13.75,"V012","V012",-13.821944443911,-56.082777777778,2023-03-13,-58,26.8,85.625,5.1,1,1.80828877117927
2023-01-15,24.175,28.7,20.1,83.8333333333333,5.4,21.0458333333333,-56,-13.75,"V012","V012",-13.821944443911,-56.082777777778,2023-03-13,-57,28.7,83.8333333333333,5.4,1,1.85629799036563
2023-01-16,25,30.9,20.8,81.5,6.7,21.2541666666667,-56,-13.75,"V012","V012",-13.821944443911,-56.082777777778,2023-03-13,-56,30.9,81.5,6.7,1,2.04122032885964
2023-01-17,24.3666666666667,30.3,19.8,81.75,2.6,20.775,-56,-13.75,"V012","V012",-13.821944443911,-56.082777777778,2023-03-13,-55,30.3,81.75,2.6,1,1.28093384546206
2023-01-18,24.4333333333333,30.1,20.4,81.6666666666667,9.3,20.8666666666667,-56,-13.75,"V012","V012",-13.821944443911,-56.082777777778,2023-03-13,-54,30.1,81.6666666666667,9.3,1,2.33214389523559
2023-01-19,24.3541666666667,30,20.3,79.8333333333333,2.9,20.3333333333333,-56,-13.75,"V012","V012",-13.821944443911,-56.082777777778,2023-03-13,-53,30,79.8333333333333,2.9,1,1.3609765531356
2023-01-20,25.0166666666667,30.6,20.6,78.0833333333333,0.1,20.65,-56,-13.75,"V012","V012",-13.821944443911,-56.082777777778,2023-03-13,-52,30.6,78.0833333333333,0.1,0,0.0953101798043249
2023-01-21,25.0375,29.4,21.9,78.0416666666667,7.2,20.7958333333333,-56,-13.75,"V012","V012",-13.821944443911,-56.082777777778,2023-03-13,-51,29.4,78.0416666666667,7.2,1,2.10413415427021
2023-01-22,24.3791666666667,29.5,21.3,83.75,4.6,21.2416666666667,-56,-13.75,"V012","V012",-13.821944443911,-56.082777777778,2023-03-13,-50,29.5,83.75,4.6,1,1.7227665977411
2023-01-23,24.0291666666667,28.1,21.5,87.7083333333333,10.1,21.75,-56,-13.75,"V012","V012",-13.821944443911,-56.082777777778,2023-03-13,-49,28.1,87.7083333333333,10.1,1,2.40694510831829
2023-01-24,23.225,27.2,21.2,87.7083333333333,1.6,20.9708333333333,-56,-13.75,"V012","V012",-13.821944443911,-56.082777777778,2023-03-13,-48,27.2,87.7083333333333,1.6,1,0.955511445027436
2023-01-25,23.7625,27.7,21.6,87.8333333333333,15.2,21.5458333333333,-56,-13.75,"V012","V012",-13.821944443911,-56.082777777778,2023-03-13,-47,27.7,87.8333333333333,15.2,1,2.78501124223834
2023-01-26,23.3375,26.4,21.1,89.9166666666667,29.3,21.5583333333333,-56,-13.75,"V012","V012",-13.821944443911,-56.082777777778,2023-03-13,-46,26.4,89.9166666666667,29.3,1,3.41114771251532
2023-01-27,22.4583333333333,25,20.9,92.7083333333333,18.4,21.1875,-56,-13.75,"V012","V012",-13.821944443911,-56.082777777778,2023-03-13,-45,25,92.7083333333333,18.4,1,2.96527306606928
2023-01-28,22.1458333333333,25.8,20.8,93,8.4,20.8875,-56,-13.75,"V012","V012",-13.821944443911,-56.082777777778,2023-03-13,-44,25.8,93,8.4,1,2.24070968927596
2023-01-29,23.9041666666667,28.3,20.8,84.7083333333333,2.9,20.975,-56,-13.75,"V012","V012",-13.821944443911,-56.082777777778,2023-03-13,-43,28.3,84.7083333333333,2.9,1,1.3609765531356
2023-01-30,25.1333333333333,30.5,20.4,81.625,4.4,21.5625,-56,-13.75,"V012","V012",-13.821944443911,-56.082777777778,2023-03-13,-42,30.5,81.625,4.4,1,1.68639895357023
2023-01-31,24.5791666666667,28.3,21.5,83.3333333333333,1.8,21.4458333333333,-56,-13.75,"V012","V012",-13.821944443911,-56.082777777778,2023-03-13,-41,28.3,83.3333333333333,1.8,1,1.02961941718116
2023-02-01,24.9125,29.7,21.7,83.5833333333333,8.1,21.7291666666667,-56,-13.75,"V012","V012",-13.821944443911,-56.082777777778,2023-03-13,-40,29.7,83.5833333333333,8.1,1,2.2082744135228
2023-02-02,25.7958333333333,31.1,21.7,79.6666666666667,2,21.7208333333333,-56,-13.75,"V012","V012",-13.821944443911,-56.082777777778,2023-03-13,-39,31.1,79.6666666666667,2,1,1.09861228866811
2023-02-03,25.5,31,21.1,81.3333333333333,16.3,21.775,-56,-13.75,"V012","V012",-13.821944443911,-56.082777777778,2023-03-13,-38,31,81.3333333333333,16.3,1,2.85070650150373
2023-02-04,23.0291666666667,26.9,21.1,85.5833333333333,6,20.4041666666667,-56,-13.75,"V012","V012",-13.821944443911,-56.082777777778,2023-03-13,-37,26.9,85.5833333333333,6,1,1.94591014905531
2023-02-05,25.2041666666667,31.3,20.9,78.7916666666667,1.2,20.95,-56,-13.75,"V012","V012",-13.821944443911,-56.082777777778,2023-03-13,-36,31.3,78.7916666666667,1.2,1,0.78845736036427
2023-02-06,24.2458333333333,30.8,21,83.2916666666667,14.2,20.9708333333333,-56,-13.75,"V012","V012",-13.821944443911,-56.082777777778,2023-03-13,-35,30.8,83.2916666666667,14.2,1,2.72129542785223
2023-02-07,24.1291666666667,29.1,20.9,87.25,13.2,21.7625,-56,-13.75,"V012","V012",-13.821944443911,-56.082777777778,2023-03-13,-34,29.1,87.25,13.2,1,2.65324196460721
2023-02-08,25.9958333333333,31.1,21.5,78.0833333333333,0.8,21.5041666666667,-56,-13.75,"V012","V012",-13.821944443911,-56.082777777778,2023-03-13,-33,31.1,78.0833333333333,0.8,0,0.587786664902119
2023-02-09,25.4625,31.1,21.2,80.0416666666667,6.3,21.5291666666667,-56,-13.75,"V012","V012",-13.821944443911,-56.082777777778,2023-03-13,-32,31.1,80.0416666666667,6.3,1,1.98787434815435
2023-02-10,25.6458333333333,30.6,22.2,80.0833333333333,1.3,21.7458333333333,-56,-13.75,"V012","V012",-13.821944443911,-56.082777777778,2023-03-13,-31,30.6,80.0833333333333,1.3,1,0.832909122935104
2023-02-11,25.85,30.5,21.9,78,1.1,21.4875,-56,-13.75,"V012","V012",-13.821944443911,-56.082777777778,2023-03-13,-30,30.5,78,1.1,1,0.741937344729377
2023-02-12,25.9041666666667,30.4,22.5,80.0833333333333,3.1,22.0041666666667,-56,-13.75,"V012","V012",-13.821944443911,-56.082777777778,2023-03-13,-29,30.4,80.0833333333333,3.1,1,1.41098697371026
2023-02-13,26.175,31.8,22.1,76.2083333333333,1.3,21.4666666666667,-56,-13.75,"V012","V012",-13.821944443911,-56.082777777778,2023-03-13,-28,31.8,76.2083333333333,1.3,1,0.832909122935104
2023-02-14,27.4416666666667,33.5,22,72.9583333333333,0.1,21.6333333333333,-56,-13.75,"V012","V012",-13.821944443911,-56.082777777778,2023-03-13,-27,33.5,72.9583333333333,0.1,0,0.0953101798043249
2023-02-15,25.4333333333333,29.4,23.4,79.375,2.4,21.5625,-56,-13.75,"V012","V012",-13.821944443911,-56.082777777778,2023-03-13,-26,29.4,79.375,2.4,1,1.22377543162212
2023-02-16,25.6458333333333,31.6,22.3,79.625,1.1,21.6208333333333,-56,-13.75,"V012","V012",-13.821944443911,-56.082777777778,2023-03-13,-25,31.6,79.625,1.1,1,0.741937344729377
2023-02-17,23.6375,27.6,21.3,87.9583333333333,18.1,21.4791666666667,-56,-13.75,"V012","V012",-13.821944443911,-56.082777777778,2023-03-13,-24,27.6,87.9583333333333,18.1,1,2.94968833505258
2023-02-18,23.2291666666667,28.1,21,88.3333333333333,6.8,21.0208333333333,-56,-13.75,"V012","V012",-13.821944443911,-56.082777777778,2023-03-13,-23,28.1,88.3333333333333,6.8,1,2.05412373369555
2023-02-19,23.275,28.1,20.5,86.9583333333333,15.3,20.85,-56,-13.75,"V012","V012",-13.821944443911,-56.082777777778,2023-03-13,-22,28.1,86.9583333333333,15.3,1,2.79116510781272
2023-02-20,22.9916666666667,25.7,21.4,89.9583333333333,30.3,21.1875,-56,-13.75,"V012","V012",-13.821944443911,-56.082777777778,2023-03-13,-21,25.7,89.9583333333333,30.3,1,3.44361809754611
2023-02-21,23.3083333333333,26.8,20.4,84.9583333333333,5.4,20.5,-56,-13.75,"V012","V012",-13.821944443911,-56.082777777778,2023-03-13,-20,26.8,84.9583333333333,5.4,1,1.85629799036563
2023-02-22,23.6,27.2,21.1,89.7083333333333,12.4,21.75,-56,-13.75,"V012","V012",-13.821944443911,-56.082777777778,2023-03-13,-19,27.2,89.7083333333333,12.4,1,2.59525470695687
2023-02-23,24.2791666666667,28.1,21.1,85,5.2,21.4458333333333,-56,-13.75,"V012","V012",-13.821944443911,-56.082777777778,2023-03-13,-18,28.1,85,5.2,1,1.82454929205105
2023-02-24,25.7375,30.8,22.4,79.625,2.3,21.7333333333333,-56,-13.75,"V012","V012",-13.821944443911,-56.082777777778,2023-03-13,-17,30.8,79.625,2.3,1,1.19392246847243
2023-02-25,24.475,29.3,21.6,84.1666666666667,6.5,21.5,-56,-13.75,"V012","V012",-13.821944443911,-56.082777777778,2023-03-13,-16,29.3,84.1666666666667,6.5,1,2.01490302054226
2023-02-26,25.6125,31.7,21.3,79.2083333333333,0.9,21.3916666666667,-56,-13.75,"V012","V012",-13.821944443911,-56.082777777778,2023-03-13,-15,31.7,79.2083333333333,0.9,0,0.641853886172395
2023-02-27,26.4333333333333,32.6,21.6,76.7916666666667,1.5,21.6583333333333,-56,-13.75,"V012","V012",-13.821944443911,-56.082777777778,2023-03-13,-14,32.6,76.7916666666667,1.5,1,0.916290731874155
2023-02-28,24.3791666666667,27.8,21.4,86.375,5.1,21.8791666666667,-56,-13.75,"V012","V012",-13.821944443911,-56.082777777778,2023-03-13,-13,27.8,86.375,5.1,1,1.80828877117927
2023-03-01,26.0041666666667,31.9,21.2,76.0416666666667,0.8,21.1125,-56,-13.75,"V012","V012",-13.821944443911,-56.082777777778,2023-03-13,-12,31.9,76.0416666666667,0.8,0,0.587786664902119
2023-03-02,26.2458333333333,32.5,21.5,75.6666666666667,2.2,21.225,-56,-13.75,"V012","V012",-13.821944443911,-56.082777777778,2023-03-13,-11,32.5,75.6666666666667,2.2,1,1.16315080980568
2023-03-03,25.4291666666667,31.3,21,77.75,3.3,20.9875,-56,-13.75,"V012","V012",-13.821944443911,-56.082777777778,2023-03-13,-10,31.3,77.75,3.3,1,1.45861502269952
2023-03-04,26.25,31.8,21.4,74.5833333333333,0,20.8708333333333,-56,-13.75,"V012","V012",-13.821944443911,-56.082777777778,2023-03-13,-9,31.8,74.5833333333333,0,0,0
2023-03-05,26.05,31.2,22,77.5,0.5,21.5791666666667,-56,-13.75,"V012","V012",-13.821944443911,-56.082777777778,2023-03-13,-8,31.2,77.5,0.5,0,0.405465108108164
2023-03-06,25.8458333333333,29.9,22.7,83,10.9,22.6541666666667,-56,-13.75,"V012","V012",-13.821944443911,-56.082777777778,2023-03-13,-7,29.9,83,10.9,1,2.47653840011748
2023-03-07,25.7541666666667,31,21.8,81.8333333333333,12,22.1958333333333,-56,-13.75,"V012","V012",-13.821944443911,-56.082777777778,2023-03-13,-6,31,81.8333333333333,12,1,2.56494935746154
2023-03-08,23.45,26.5,21.5,87.4583333333333,14.1,21.1958333333333,-56,-13.75,"V012","V012",-13.821944443911,-56.082777777778,2023-03-13,-5,26.5,87.4583333333333,14.1,1,2.71469474382088
2023-03-09,24.7041666666667,29.8,21.3,80.7916666666667,0.4,20.9458333333333,-56,-13.75,"V012","V012",-13.821944443911,-56.082777777778,2023-03-13,-4,29.8,80.7916666666667,0.4,0,0.336472236621213
2023-03-10,25.225,29.7,22.1,80.25,0.2,21.3125,-56,-13.75,"V012","V012",-13.821944443911,-56.082777777778,2023-03-13,-3,29.7,80.25,0.2,0,0.182321556793955
2023-03-11,23.4041666666667,25.7,21.5,90.5,10.7,21.6958333333333,-56,-13.75,"V012","V012",-13.821944443911,-56.082777777778,2023-03-13,-2,25.7,90.5,10.7,1,2.45958884180371
2023-03-12,23.0666666666667,25.4,21.3,92.1666666666667,18.2,21.6791666666667,-56,-13.75,"V012","V012",-13.821944443911,-56.082777777778,2023-03-13,-1,25.4,92.1666666666667,18.2,1,2.95491027903374
2022-11-15,25.8333333333333,31.4,21.6,78.375,5.2,21.3958333333333,-56,-13,"V013","V013",-13.005,-55.965,2023-02-03,-80,31.4,78.375,5.2,1,1.82454929205105
2022-11-16,27.1208333333333,32.9,22,75.4583333333333,0.4,21.9791666666667,-56,-13,"V013","V013",-13.005,-55.965,2023-02-03,-79,32.9,75.4583333333333,0.4,0,0.336472236621213
2022-11-17,27.1833333333333,32.8,22.3,72.375,1.2,21.425,-56,-13,"V013","V013",-13.005,-55.965,2023-02-03,-78,32.8,72.375,1.2,1,0.78845736036427
2022-11-18,26.7208333333333,31.1,22.9,71.875,0,20.9833333333333,-56,-13,"V013","V013",-13.005,-55.965,2023-02-03,-77,31.1,71.875,0,0,0
2022-11-19,27.5,33.9,22.2,70.875,1.2,21.3125,-56,-13,"V013","V013",-13.005,-55.965,2023-02-03,-76,33.9,70.875,1.2,1,0.78845736036427
2022-11-20,25.4958333333333,30.7,21.5,78.5416666666667,5.8,21.25,-56,-13,"V013","V013",-13.005,-55.965,2023-02-03,-75,30.7,78.5416666666667,5.8,1,1.91692261218206
2022-11-21,25.6666666666667,30.1,21.3,76.0833333333333,5.9,20.8666666666667,-56,-13,"V013","V013",-13.005,-55.965,2023-02-03,-74,30.1,76.0833333333333,5.9,1,1.93152141160321
2022-11-22,24.5833333333333,30.1,21.3,81.9583333333333,11.2,21.0958333333333,-56,-13,"V013","V013",-13.005,-55.965,2023-02-03,-73,30.1,81.9583333333333,11.2,1,2.50143595173921
2022-11-23,25.8875,30.3,22.1,79.5416666666667,4.8,21.8291666666667,-56,-13,"V013","V013",-13.005,-55.965,2023-02-03,-72,30.3,79.5416666666667,4.8,1,1.75785791755237
2022-11-24,25.1166666666667,29.3,22.5,83.2916666666667,8.3,21.9583333333333,-56,-13,"V013","V013",-13.005,-55.965,2023-02-03,-71,29.3,83.2916666666667,8.3,1,2.23001440015921
2022-11-25,25.0375,29.9,22.5,86.125,8.3,22.3708333333333,-56,-13,"V013","V013",-13.005,-55.965,2023-02-03,-70,29.9,86.125,8.3,1,2.23001440015921
2022-11-26,26.0625,31.9,21.9,80.375,6.7,22.0958333333333,-56,-13,"V013","V013",-13.005,-55.965,2023-02-03,-69,31.9,80.375,6.7,1,2.04122032885964
2022-11-27,26.4458333333333,31.9,21.7,75.6666666666667,0.7,21.4666666666667,-56,-13,"V013","V013",-13.005,-55.965,2023-02-03,-68,31.9,75.6666666666667,0.7,0,0.53062825106217
2022-11-28,26.6291666666667,32.9,21.1,71.2916666666667,0,20.3208333333333,-56,-13,"V013","V013",-13.005,-55.965,2023-02-03,-67,32.9,71.2916666666667,0,0,0
2022-11-29,26.0208333333333,30.7,21.9,78.375,2.2,21.7958333333333,-56,-13,"V013","V013",-13.005,-55.965,2023-02-03,-66,30.7,78.375,2.2,1,1.16315080980568
2022-11-30,24.9125,29.9,21.3,78.8333333333333,11.6,20.7416666666667,-56,-13,"V013","V013",-13.005,-55.965,2023-02-03,-65,29.9,78.8333333333333,11.6,1,2.53369681395743
2022-12-01,24.2541666666667,29.4,21,81.5833333333333,5.3,20.8,-56,-13,"V013","V013",-13.005,-55.965,2023-02-03,-64,29.4,81.5833333333333,5.3,1,1.84054963339749
2022-12-02,25.2416666666667,30,20.8,80.3333333333333,2.8,21.3791666666667,-56,-13,"V013","V013",-13.005,-55.965,2023-02-03,-63,30,80.3333333333333,2.8,1,1.33500106673234
2022-12-03,24.4,28.1,22.3,85.875,10.2,21.85,-56,-13,"V013","V013",-13.005,-55.965,2023-02-03,-62,28.1,85.875,10.2,1,2.41591377830105
2022-12-04,24.325,27.8,22.3,86.5,8.7,21.85,-56,-13,"V013","V013",-13.005,-55.965,2023-02-03,-61,27.8,86.5,8.7,1,2.27212588550934
2022-12-05,23.5583333333333,26.8,21.8,88.7083333333333,3.7,21.5041666666667,-56,-13,"V013","V013",-13.005,-55.965,2023-02-03,-60,26.8,88.7083333333333,3.7,1,1.54756250871601
2022-12-06,25.4,30.6,21.6,78.7916666666667,3.2,21.2083333333333,-56,-13,"V013","V013",-13.005,-55.965,2023-02-03,-59,30.6,78.7916666666667,3.2,1,1.43508452528932
2022-12-07,25.6958333333333,30.4,22.6,82.5416666666667,3.7,22.3416666666667,-56,-13,"V013","V013",-13.005,-55.965,2023-02-03,-58,30.4,82.5416666666667,3.7,1,1.54756250871601
2022-12-08,26.4208333333333,32.2,21.8,77.4583333333333,0.2,21.7125,-56,-13,"V013","V013",-13.005,-55.965,2023-02-03,-57,32.2,77.4583333333333,0.2,0,0.182321556793955
2022-12-09,25.4041666666667,28.4,22.9,82.25,5.9,22.0541666666667,-56,-13,"V013","V013",-13.005,-55.965,2023-02-03,-56,28.4,82.25,5.9,1,1.93152141160321
2022-12-10,24.7,28.2,21.8,82.2916666666667,1.1,21.3416666666667,-56,-13,"V013","V013",-13.005,-55.965,2023-02-03,-55,28.2,82.2916666666667,1.1,1,0.741937344729377
2022-12-11,24.9125,30.3,21.8,79.4583333333333,0.3,20.9291666666667,-56,-13,"V013","V013",-13.005,-55.965,2023-02-03,-54,30.3,79.4583333333333,0.3,0,0.262364264467491
2022-12-12,25.0041666666667,30,21.2,82.875,1.3,21.7208333333333,-56,-13,"V013","V013",-13.005,-55.965,2023-02-03,-53,30,82.875,1.3,1,0.832909122935104
2022-12-13,25.7375,31.2,22.4,80.7916666666667,8.3,21.9333333333333,-56,-13,"V013","V013",-13.005,-55.965,2023-02-03,-52,31.2,80.7916666666667,8.3,1,2.23001440015921
2022-12-14,24.9208333333333,28.5,22,82.6666666666667,3,21.6333333333333,-56,-13,"V013","V013",-13.005,-55.965,2023-02-03,-51,28.5,82.6666666666667,3,1,1.38629436111989
2022-12-15,24.9,28.3,22.3,85.375,8.3,22.2083333333333,-56,-13,"V013","V013",-13.005,-55.965,2023-02-03,-50,28.3,85.375,8.3,1,2.23001440015921
2022-12-16,22.5708333333333,24.1,21.3,92.2916666666667,5.4,21.2458333333333,-56,-13,"V013","V013",-13.005,-55.965,2023-02-03,-49,24.1,92.2916666666667,5.4,1,1.85629799036563
2022-12-17,23.8916666666667,27.9,20.4,84.75,2.8,21.0625,-56,-13,"V013","V013",-13.005,-55.965,2023-02-03,-48,27.9,84.75,2.8,1,1.33500106673234
2022-12-18,24.05,27.8,21.9,87.8333333333333,17.9,21.8541666666667,-56,-13,"V013","V013",-13.005,-55.965,2023-02-03,-47,27.8,87.8333333333333,17.9,1,2.9391619220656
2022-12-19,24.25,28,21.7,87.0416666666667,9.2,21.8833333333333,-56,-13,"V013","V013",-13.005,-55.965,2023-02-03,-46,28,87.0416666666667,9.2,1,2.32238772029023
2022-12-20,24.3333333333333,28,21.5,87.0833333333333,18.7,21.95,-56,-13,"V013","V013",-13.005,-55.965,2023-02-03,-45,28,87.0833333333333,18.7,1,2.98061863574394
2022-12-21,24.2041666666667,26.1,22.5,86.9583333333333,1.9,21.8583333333333,-56,-13,"V013","V013",-13.005,-55.965,2023-02-03,-44,26.1,86.9583333333333,1.9,1,1.06471073699243
2022-12-22,24.0458333333333,27.4,22.1,85.0416666666667,1.3,21.3125,-56,-13,"V013","V013",-13.005,-55.965,2023-02-03,-43,27.4,85.0416666666667,1.3,1,0.832909122935104
2022-12-23,24.2375,27.8,21.3,85.375,4.3,21.5,-56,-13,"V013","V013",-13.005,-55.965,2023-02-03,-42,27.8,85.375,4.3,1,1.66770682055808
2022-12-24,24.6125,29.6,22.4,85.0833333333333,5.2,21.85,-56,-13,"V013","V013",-13.005,-55.965,2023-02-03,-41,29.6,85.0833333333333,5.2,1,1.82454929205105
2022-12-25,23.9041666666667,27.6,21.4,88.4166666666667,18,21.8,-56,-13,"V013","V013",-13.005,-55.965,2023-02-03,-40,27.6,88.4166666666667,18,1,2.94443897916644
2022-12-26,24.6916666666667,28.8,22.4,84.7083333333333,3.7,21.8083333333333,-56,-13,"V013","V013",-13.005,-55.965,2023-02-03,-39,28.8,84.7083333333333,3.7,1,1.54756250871601
2022-12-27,24.1958333333333,28,22.4,87.5416666666667,4.6,21.95,-56,-13,"V013","V013",-13.005,-55.965,2023-02-03,-38,28,87.5416666666667,4.6,1,1.7227665977411
2022-12-28,23.2125,25.1,22.1,93.375,16.8,22.0791666666667,-56,-13,"V013","V013",-13.005,-55.965,2023-02-03,-37,25.1,93.375,16.8,1,2.87919845729804
2022-12-29,23.35,25.5,22.1,92.1666666666667,113,21.9708333333333,-56,-13,"V013","V013",-13.005,-55.965,2023-02-03,-36,25.5,92.1666666666667,113,1,4.7361984483945
2022-12-30,24.05,27.8,21.9,88.6666666666667,10.3,21.9666666666667,-56,-13,"V013","V013",-13.005,-55.965,2023-02-03,-35,27.8,88.6666666666667,10.3,1,2.42480272571829
2022-12-31,24.2708333333333,27.8,21.9,86.4583333333333,9.8,21.7958333333333,-56,-13,"V013","V013",-13.005,-55.965,2023-02-03,-34,27.8,86.4583333333333,9.8,1,2.37954613413017
2023-01-01,25.8625,30.4,20.7,80,0.1,21.8916666666667,-56,-13,"V013","V013",-13.005,-55.965,2023-02-03,-33,30.4,80,0.1,0,0.0953101798043249
2023-01-02,24.4,27.5,22.2,86.75,10.8,22.0083333333333,-56,-13,"V013","V013",-13.005,-55.965,2023-02-03,-32,27.5,86.75,10.8,1,2.46809953147162
2023-01-03,24.55,28.4,21.9,84.375,1.9,21.6291666666667,-56,-13,"V013","V013",-13.005,-55.965,2023-02-03,-31,28.4,84.375,1.9,1,1.06471073699243
2023-01-04,24.2375,26.9,21.8,85.75,4,21.6083333333333,-56,-13,"V013","V013",-13.005,-55.965,2023-02-03,-30,26.9,85.75,4,1,1.6094379124341
2023-01-05,23.6458333333333,26.7,21.8,90.5,18.9,21.9708333333333,-56,-13,"V013","V013",-13.005,-55.965,2023-02-03,-29,26.7,90.5,18.9,1,2.99071973173045
2023-01-06,24.0041666666667,27.4,21.6,83.9583333333333,1.7,21.0125,-56,-13,"V013","V013",-13.005,-55.965,2023-02-03,-28,27.4,83.9583333333333,1.7,1,0.993251773010283
2023-01-07,24.3208333333333,29.8,21.6,83.6666666666667,8.5,21.25,-56,-13,"V013","V013",-13.005,-55.965,2023-02-03,-27,29.8,83.6666666666667,8.5,1,2.2512917986065
2023-01-08,23.9583333333333,27.8,21.2,87.8333333333333,6.6,21.7333333333333,-56,-13,"V013","V013",-13.005,-55.965,2023-02-03,-26,27.8,87.8333333333333,6.6,1,2.02814824729229
2023-01-09,24.3375,28.1,21.6,82.2083333333333,1.4,21.0166666666667,-56,-13,"V013","V013",-13.005,-55.965,2023-02-03,-25,28.1,82.2083333333333,1.4,1,0.8754687373539
2023-01-10,24.0708333333333,28,21.8,85.7083333333333,5,21.4291666666667,-56,-13,"V013","V013",-13.005,-55.965,2023-02-03,-24,28,85.7083333333333,5,1,1.79175946922805
2023-01-11,24.8208333333333,30.3,20.4,79.2083333333333,0,20.7416666666667,-56,-13,"V013","V013",-13.005,-55.965,2023-02-03,-23,30.3,79.2083333333333,0,0,0
2023-01-12,24.3333333333333,28.4,22,85.6666666666667,9.1,21.7041666666667,-56,-13,"V013","V013",-13.005,-55.965,2023-02-03,-22,28.4,85.6666666666667,9.1,1,2.31253542384721
2023-01-13,23.775,27.6,21.1,86.7083333333333,7.9,21.3375,-56,-13,"V013","V013",-13.005,-55.965,2023-02-03,-21,27.6,86.7083333333333,7.9,1,2.18605127673809
2023-01-14,23.7875,27.4,21.1,83.9583333333333,4.1,20.8041666666667,-56,-13,"V013","V013",-13.005,-55.965,2023-02-03,-20,27.4,83.9583333333333,4.1,1,1.62924053973028
2023-01-15,24.9625,29.8,20.7,79.5833333333333,1.7,20.9041666666667,-56,-13,"V013","V013",-13.005,-55.965,2023-02-03,-19,29.8,79.5833333333333,1.7,1,0.993251773010283
2023-01-16,25.0208333333333,31,21,80.9166666666667,12.9,21.2583333333333,-56,-13,"V013","V013",-13.005,-55.965,2023-02-03,-18,31,80.9166666666667,12.9,1,2.63188884013665
2023-01-17,24.7,30.6,20.1,80.5,5.2,20.8333333333333,-56,-13,"V013","V013",-13.005,-55.965,2023-02-03,-17,30.6,80.5,5.2,1,1.82454929205105
2023-01-18,24.8125,29.8,21,79.4583333333333,12.8,20.7791666666667,-56,-13,"V013","V013",-13.005,-55.965,2023-02-03,-16,29.8,79.4583333333333,12.8,1,2.62466859216316
2023-01-19,24.6708333333333,29.7,20.7,78.5416666666667,1.6,20.3208333333333,-56,-13,"V013","V013",-13.005,-55.965,2023-02-03,-15,29.7,78.5416666666667,1.6,1,0.955511445027436
2023-01-20,25.4625,29.8,21.7,75.6666666666667,0.1,20.575,-56,-13,"V013","V013",-13.005,-55.965,2023-02-03,-14,29.8,75.6666666666667,0.1,0,0.0953101798043249
2023-01-21,25.1416666666667,29.8,22.3,79.0833333333333,1.4,21.1041666666667,-56,-13,"V013","V013",-13.005,-55.965,2023-02-03,-13,29.8,79.0833333333333,1.4,1,0.8754687373539
2023-01-22,24.9041666666667,29.9,21.4,82.3333333333333,8.7,21.4333333333333,-56,-13,"V013","V013",-13.005,-55.965,2023-02-03,-12,29.9,82.3333333333333,8.7,1,2.27212588550934
2023-01-23,24.8708333333333,29.3,22.1,84.5416666666667,4.7,21.9208333333333,-56,-13,"V013","V013",-13.005,-55.965,2023-02-03,-11,29.3,84.5416666666667,4.7,1,1.7404661748405
2023-01-24,23.9125,28.6,21.6,85.5416666666667,1.3,21.25,-56,-13,"V013","V013",-13.005,-55.965,2023-02-03,-10,28.6,85.5416666666667,1.3,1,0.832909122935104
2023-01-25,24.25,27.2,21.6,86.7083333333333,7.1,21.825,-56,-13,"V013","V013",-13.005,-55.965,2023-02-03,-9,27.2,86.7083333333333,7.1,1,2.09186406167839
2023-01-26,24.2083333333333,27.8,21.9,89.2916666666667,19.8,22.2875,-56,-13,"V013","V013",-13.005,-55.965,2023-02-03,-8,27.8,89.2916666666667,19.8,1,3.03495298670727
2023-01-27,23.0416666666667,25.5,21.3,91.5,15.5,21.575,-56,-13,"V013","V013",-13.005,-55.965,2023-02-03,-7,25.5,91.5,15.5,1,2.80336038090653
2023-01-28,22.6791666666667,26.4,21.4,90.8333333333333,11.4,21.0458333333333,-56,-13,"V013","V013",-13.005,-55.965,2023-02-03,-6,26.4,90.8333333333333,11.4,1,2.51769647261099
2023-01-29,24.0625,28.6,21.6,85.0416666666667,3.9,21.1958333333333,-56,-13,"V013","V013",-13.005,-55.965,2023-02-03,-5,28.6,85.0416666666667,3.9,1,1.58923520511658
2023-01-30,25.7833333333333,30.8,20.8,77.7083333333333,3.1,21.2791666666667,-56,-13,"V013","V013",-13.005,-55.965,2023-02-03,-4,30.8,77.7083333333333,3.1,1,1.41098697371026
2023-01-31,24.7833333333333,28.6,21.7,82.4583333333333,2.4,21.4458333333333,-56,-13,"V013","V013",-13.005,-55.965,2023-02-03,-3,28.6,82.4583333333333,2.4,1,1.22377543162212
2023-02-01,25.9083333333333,30.6,21.9,77.7916666666667,0.4,21.4791666666667,-56,-13,"V013","V013",-13.005,-55.965,2023-02-03,-2,30.6,77.7916666666667,0.4,0,0.336472236621213
2023-02-02,26.7666666666667,32.6,22.5,75.2916666666667,3.4,21.6208333333333,-56,-13,"V013","V013",-13.005,-55.965,2023-02-03,-1,32.6,75.2916666666667,3.4,1,1.48160454092422
2022-11-29,26.0208333333333,30.7,21.9,78.375,2.2,21.7958333333333,-56,-13,"V014","V014",-13.005,-55.965,2023-02-17,-80,30.7,78.375,2.2,1,1.16315080980568
2022-11-30,24.9125,29.9,21.3,78.8333333333333,11.6,20.7416666666667,-56,-13,"V014","V014",-13.005,-55.965,2023-02-17,-79,29.9,78.8333333333333,11.6,1,2.53369681395743
2022-12-01,24.2541666666667,29.4,21,81.5833333333333,5.3,20.8,-56,-13,"V014","V014",-13.005,-55.965,2023-02-17,-78,29.4,81.5833333333333,5.3,1,1.84054963339749
2022-12-02,25.2416666666667,30,20.8,80.3333333333333,2.8,21.3791666666667,-56,-13,"V014","V014",-13.005,-55.965,2023-02-17,-77,30,80.3333333333333,2.8,1,1.33500106673234
2022-12-03,24.4,28.1,22.3,85.875,10.2,21.85,-56,-13,"V014","V014",-13.005,-55.965,2023-02-17,-76,28.1,85.875,10.2,1,2.41591377830105
2022-12-04,24.325,27.8,22.3,86.5,8.7,21.85,-56,-13,"V014","V014",-13.005,-55.965,2023-02-17,-75,27.8,86.5,8.7,1,2.27212588550934
2022-12-05,23.5583333333333,26.8,21.8,88.7083333333333,3.7,21.5041666666667,-56,-13,"V014","V014",-13.005,-55.965,2023-02-17,-74,26.8,88.7083333333333,3.7,1,1.54756250871601
2022-12-06,25.4,30.6,21.6,78.7916666666667,3.2,21.2083333333333,-56,-13,"V014","V014",-13.005,-55.965,2023-02-17,-73,30.6,78.7916666666667,3.2,1,1.43508452528932
2022-12-07,25.6958333333333,30.4,22.6,82.5416666666667,3.7,22.3416666666667,-56,-13,"V014","V014",-13.005,-55.965,2023-02-17,-72,30.4,82.5416666666667,3.7,1,1.54756250871601
2022-12-08,26.4208333333333,32.2,21.8,77.4583333333333,0.2,21.7125,-56,-13,"V014","V014",-13.005,-55.965,2023-02-17,-71,32.2,77.4583333333333,0.2,0,0.182321556793955
2022-12-09,25.4041666666667,28.4,22.9,82.25,5.9,22.0541666666667,-56,-13,"V014","V014",-13.005,-55.965,2023-02-17,-70,28.4,82.25,5.9,1,1.93152141160321
2022-12-10,24.7,28.2,21.8,82.2916666666667,1.1,21.3416666666667,-56,-13,"V014","V014",-13.005,-55.965,2023-02-17,-69,28.2,82.2916666666667,1.1,1,0.741937344729377
2022-12-11,24.9125,30.3,21.8,79.4583333333333,0.3,20.9291666666667,-56,-13,"V014","V014",-13.005,-55.965,2023-02-17,-68,30.3,79.4583333333333,0.3,0,0.262364264467491
2022-12-12,25.0041666666667,30,21.2,82.875,1.3,21.7208333333333,-56,-13,"V014","V014",-13.005,-55.965,2023-02-17,-67,30,82.875,1.3,1,0.832909122935104
2022-12-13,25.7375,31.2,22.4,80.7916666666667,8.3,21.9333333333333,-56,-13,"V014","V014",-13.005,-55.965,2023-02-17,-66,31.2,80.7916666666667,8.3,1,2.23001440015921
2022-12-14,24.9208333333333,28.5,22,82.6666666666667,3,21.6333333333333,-56,-13,"V014","V014",-13.005,-55.965,2023-02-17,-65,28.5,82.6666666666667,3,1,1.38629436111989
2022-12-15,24.9,28.3,22.3,85.375,8.3,22.2083333333333,-56,-13,"V014","V014",-13.005,-55.965,2023-02-17,-64,28.3,85.375,8.3,1,2.23001440015921
2022-12-16,22.5708333333333,24.1,21.3,92.2916666666667,5.4,21.2458333333333,-56,-13,"V014","V014",-13.005,-55.965,2023-02-17,-63,24.1,92.2916666666667,5.4,1,1.85629799036563
2022-12-17,23.8916666666667,27.9,20.4,84.75,2.8,21.0625,-56,-13,"V014","V014",-13.005,-55.965,2023-02-17,-62,27.9,84.75,2.8,1,1.33500106673234
2022-12-18,24.05,27.8,21.9,87.8333333333333,17.9,21.8541666666667,-56,-13,"V014","V014",-13.005,-55.965,2023-02-17,-61,27.8,87.8333333333333,17.9,1,2.9391619220656
2022-12-19,24.25,28,21.7,87.0416666666667,9.2,21.8833333333333,-56,-13,"V014","V014",-13.005,-55.965,2023-02-17,-60,28,87.0416666666667,9.2,1,2.32238772029023
2022-12-20,24.3333333333333,28,21.5,87.0833333333333,18.7,21.95,-56,-13,"V014","V014",-13.005,-55.965,2023-02-17,-59,28,87.0833333333333,18.7,1,2.98061863574394
2022-12-21,24.2041666666667,26.1,22.5,86.9583333333333,1.9,21.8583333333333,-56,-13,"V014","V014",-13.005,-55.965,2023-02-17,-58,26.1,86.9583333333333,1.9,1,1.06471073699243
2022-12-22,24.0458333333333,27.4,22.1,85.0416666666667,1.3,21.3125,-56,-13,"V014","V014",-13.005,-55.965,2023-02-17,-57,27.4,85.0416666666667,1.3,1,0.832909122935104
2022-12-23,24.2375,27.8,21.3,85.375,4.3,21.5,-56,-13,"V014","V014",-13.005,-55.965,2023-02-17,-56,27.8,85.375,4.3,1,1.66770682055808
2022-12-24,24.6125,29.6,22.4,85.0833333333333,5.2,21.85,-56,-13,"V014","V014",-13.005,-55.965,2023-02-17,-55,29.6,85.0833333333333,5.2,1,1.82454929205105
2022-12-25,23.9041666666667,27.6,21.4,88.4166666666667,18,21.8,-56,-13,"V014","V014",-13.005,-55.965,2023-02-17,-54,27.6,88.4166666666667,18,1,2.94443897916644
2022-12-26,24.6916666666667,28.8,22.4,84.7083333333333,3.7,21.8083333333333,-56,-13,"V014","V014",-13.005,-55.965,2023-02-17,-53,28.8,84.7083333333333,3.7,1,1.54756250871601
2022-12-27,24.1958333333333,28,22.4,87.5416666666667,4.6,21.95,-56,-13,"V014","V014",-13.005,-55.965,2023-02-17,-52,28,87.5416666666667,4.6,1,1.7227665977411
2022-12-28,23.2125,25.1,22.1,93.375,16.8,22.0791666666667,-56,-13,"V014","V014",-13.005,-55.965,2023-02-17,-51,25.1,93.375,16.8,1,2.87919845729804
2022-12-29,23.35,25.5,22.1,92.1666666666667,113,21.9708333333333,-56,-13,"V014","V014",-13.005,-55.965,2023-02-17,-50,25.5,92.1666666666667,113,1,4.7361984483945
2022-12-30,24.05,27.8,21.9,88.6666666666667,10.3,21.9666666666667,-56,-13,"V014","V014",-13.005,-55.965,2023-02-17,-49,27.8,88.6666666666667,10.3,1,2.42480272571829
2022-12-31,24.2708333333333,27.8,21.9,86.4583333333333,9.8,21.7958333333333,-56,-13,"V014","V014",-13.005,-55.965,2023-02-17,-48,27.8,86.4583333333333,9.8,1,2.37954613413017
2023-01-01,25.8625,30.4,20.7,80,0.1,21.8916666666667,-56,-13,"V014","V014",-13.005,-55.965,2023-02-17,-47,30.4,80,0.1,0,0.0953101798043249
2023-01-02,24.4,27.5,22.2,86.75,10.8,22.0083333333333,-56,-13,"V014","V014",-13.005,-55.965,2023-02-17,-46,27.5,86.75,10.8,1,2.46809953147162
2023-01-03,24.55,28.4,21.9,84.375,1.9,21.6291666666667,-56,-13,"V014","V014",-13.005,-55.965,2023-02-17,-45,28.4,84.375,1.9,1,1.06471073699243
2023-01-04,24.2375,26.9,21.8,85.75,4,21.6083333333333,-56,-13,"V014","V014",-13.005,-55.965,2023-02-17,-44,26.9,85.75,4,1,1.6094379124341
2023-01-05,23.6458333333333,26.7,21.8,90.5,18.9,21.9708333333333,-56,-13,"V014","V014",-13.005,-55.965,2023-02-17,-43,26.7,90.5,18.9,1,2.99071973173045
2023-01-06,24.0041666666667,27.4,21.6,83.9583333333333,1.7,21.0125,-56,-13,"V014","V014",-13.005,-55.965,2023-02-17,-42,27.4,83.9583333333333,1.7,1,0.993251773010283
2023-01-07,24.3208333333333,29.8,21.6,83.6666666666667,8.5,21.25,-56,-13,"V014","V014",-13.005,-55.965,2023-02-17,-41,29.8,83.6666666666667,8.5,1,2.2512917986065
2023-01-08,23.9583333333333,27.8,21.2,87.8333333333333,6.6,21.7333333333333,-56,-13,"V014","V014",-13.005,-55.965,2023-02-17,-40,27.8,87.8333333333333,6.6,1,2.02814824729229
2023-01-09,24.3375,28.1,21.6,82.2083333333333,1.4,21.0166666666667,-56,-13,"V014","V014",-13.005,-55.965,2023-02-17,-39,28.1,82.2083333333333,1.4,1,0.8754687373539
2023-01-10,24.0708333333333,28,21.8,85.7083333333333,5,21.4291666666667,-56,-13,"V014","V014",-13.005,-55.965,2023-02-17,-38,28,85.7083333333333,5,1,1.79175946922805
2023-01-11,24.8208333333333,30.3,20.4,79.2083333333333,0,20.7416666666667,-56,-13,"V014","V014",-13.005,-55.965,2023-02-17,-37,30.3,79.2083333333333,0,0,0
2023-01-12,24.3333333333333,28.4,22,85.6666666666667,9.1,21.7041666666667,-56,-13,"V014","V014",-13.005,-55.965,2023-02-17,-36,28.4,85.6666666666667,9.1,1,2.31253542384721
2023-01-13,23.775,27.6,21.1,86.7083333333333,7.9,21.3375,-56,-13,"V014","V014",-13.005,-55.965,2023-02-17,-35,27.6,86.7083333333333,7.9,1,2.18605127673809
2023-01-14,23.7875,27.4,21.1,83.9583333333333,4.1,20.8041666666667,-56,-13,"V014","V014",-13.005,-55.965,2023-02-17,-34,27.4,83.9583333333333,4.1,1,1.62924053973028
2023-01-15,24.9625,29.8,20.7,79.5833333333333,1.7,20.9041666666667,-56,-13,"V014","V014",-13.005,-55.965,2023-02-17,-33,29.8,79.5833333333333,1.7,1,0.993251773010283
2023-01-16,25.0208333333333,31,21,80.9166666666667,12.9,21.2583333333333,-56,-13,"V014","V014",-13.005,-55.965,2023-02-17,-32,31,80.9166666666667,12.9,1,2.63188884013665
2023-01-17,24.7,30.6,20.1,80.5,5.2,20.8333333333333,-56,-13,"V014","V014",-13.005,-55.965,2023-02-17,-31,30.6,80.5,5.2,1,1.82454929205105
2023-01-18,24.8125,29.8,21,79.4583333333333,12.8,20.7791666666667,-56,-13,"V014","V014",-13.005,-55.965,2023-02-17,-30,29.8,79.4583333333333,12.8,1,2.62466859216316
2023-01-19,24.6708333333333,29.7,20.7,78.5416666666667,1.6,20.3208333333333,-56,-13,"V014","V014",-13.005,-55.965,2023-02-17,-29,29.7,78.5416666666667,1.6,1,0.955511445027436
2023-01-20,25.4625,29.8,21.7,75.6666666666667,0.1,20.575,-56,-13,"V014","V014",-13.005,-55.965,2023-02-17,-28,29.8,75.6666666666667,0.1,0,0.0953101798043249
2023-01-21,25.1416666666667,29.8,22.3,79.0833333333333,1.4,21.1041666666667,-56,-13,"V014","V014",-13.005,-55.965,2023-02-17,-27,29.8,79.0833333333333,1.4,1,0.8754687373539
2023-01-22,24.9041666666667,29.9,21.4,82.3333333333333,8.7,21.4333333333333,-56,-13,"V014","V014",-13.005,-55.965,2023-02-17,-26,29.9,82.3333333333333,8.7,1,2.27212588550934
2023-01-23,24.8708333333333,29.3,22.1,84.5416666666667,4.7,21.9208333333333,-56,-13,"V014","V014",-13.005,-55.965,2023-02-17,-25,29.3,84.5416666666667,4.7,1,1.7404661748405
2023-01-24,23.9125,28.6,21.6,85.5416666666667,1.3,21.25,-56,-13,"V014","V014",-13.005,-55.965,2023-02-17,-24,28.6,85.5416666666667,1.3,1,0.832909122935104
2023-01-25,24.25,27.2,21.6,86.7083333333333,7.1,21.825,-56,-13,"V014","V014",-13.005,-55.965,2023-02-17,-23,27.2,86.7083333333333,7.1,1,2.09186406167839
2023-01-26,24.2083333333333,27.8,21.9,89.2916666666667,19.8,22.2875,-56,-13,"V014","V014",-13.005,-55.965,2023-02-17,-22,27.8,89.2916666666667,19.8,1,3.03495298670727
2023-01-27,23.0416666666667,25.5,21.3,91.5,15.5,21.575,-56,-13,"V014","V014",-13.005,-55.965,2023-02-17,-21,25.5,91.5,15.5,1,2.80336038090653
2023-01-28,22.6791666666667,26.4,21.4,90.8333333333333,11.4,21.0458333333333,-56,-13,"V014","V014",-13.005,-55.965,2023-02-17,-20,26.4,90.8333333333333,11.4,1,2.51769647261099
2023-01-29,24.0625,28.6,21.6,85.0416666666667,3.9,21.1958333333333,-56,-13,"V014","V014",-13.005,-55.965,2023-02-17,-19,28.6,85.0416666666667,3.9,1,1.58923520511658
2023-01-30,25.7833333333333,30.8,20.8,77.7083333333333,3.1,21.2791666666667,-56,-13,"V014","V014",-13.005,-55.965,2023-02-17,-18,30.8,77.7083333333333,3.1,1,1.41098697371026
2023-01-31,24.7833333333333,28.6,21.7,82.4583333333333,2.4,21.4458333333333,-56,-13,"V014","V014",-13.005,-55.965,2023-02-17,-17,28.6,82.4583333333333,2.4,1,1.22377543162212
2023-02-01,25.9083333333333,30.6,21.9,77.7916666666667,0.4,21.4791666666667,-56,-13,"V014","V014",-13.005,-55.965,2023-02-17,-16,30.6,77.7916666666667,0.4,0,0.336472236621213
2023-02-02,26.7666666666667,32.6,22.5,75.2916666666667,3.4,21.6208333333333,-56,-13,"V014","V014",-13.005,-55.965,2023-02-17,-15,32.6,75.2916666666667,3.4,1,1.48160454092422
2023-02-03,26.4666666666667,31.6,22.4,78.2916666666667,8.7,22.0708333333333,-56,-13,"V014","V014",-13.005,-55.965,2023-02-17,-14,31.6,78.2916666666667,8.7,1,2.27212588550934
2023-02-04,23.2291666666667,26.9,21.7,85,11,20.4416666666667,-56,-13,"V014","V014",-13.005,-55.965,2023-02-17,-13,26.9,85,11,1,2.484906649788
2023-02-05,25.5708333333333,31.2,21.4,77.0833333333333,3.7,20.9625,-56,-13,"V014","V014",-13.005,-55.965,2023-02-17,-12,31.2,77.0833333333333,3.7,1,1.54756250871601
2023-02-06,24.6041666666667,31,22,81.7083333333333,9.2,21.0916666666667,-56,-13,"V014","V014",-13.005,-55.965,2023-02-17,-11,31,81.7083333333333,9.2,1,2.32238772029023
2023-02-07,24.925,30.9,21.4,81.7916666666667,9.4,21.3916666666667,-56,-13,"V014","V014",-13.005,-55.965,2023-02-17,-10,30.9,81.7916666666667,9.4,1,2.34180580614733
2023-02-08,26.65,31.6,22.1,74.625,0.2,21.4041666666667,-56,-13,"V014","V014",-13.005,-55.965,2023-02-17,-9,31.6,74.625,0.2,0,0.182321556793955
2023-02-09,25.9875,31.5,22.4,78.125,1.6,21.5916666666667,-56,-13,"V014","V014",-13.005,-55.965,2023-02-17,-8,31.5,78.125,1.6,1,0.955511445027436
2023-02-10,26.1375,31.9,22.2,78.1666666666667,1.2,21.675,-56,-13,"V014","V014",-13.005,-55.965,2023-02-17,-7,31.9,78.1666666666667,1.2,1,0.78845736036427
2023-02-11,26.6458333333333,30.8,23,74.75,0.7,21.6083333333333,-56,-13,"V014","V014",-13.005,-55.965,2023-02-17,-6,30.8,74.75,0.7,0,0.53062825106217
2023-02-12,26.3791666666667,30.9,22.6,75.5,1.9,21.5666666666667,-56,-13,"V014","V014",-13.005,-55.965,2023-02-17,-5,30.9,75.5,1.9,1,1.06471073699243
2023-02-13,27.5083333333333,32.7,22.2,71.25,1.6,21.5166666666667,-56,-13,"V014","V014",-13.005,-55.965,2023-02-17,-4,32.7,71.25,1.6,1,0.955511445027436
2023-02-14,28.6041666666667,34.2,23,67.5,0.1,21.5916666666667,-56,-13,"V014","V014",-13.005,-55.965,2023-02-17,-3,34.2,67.5,0.1,0,0.0953101798043249
2023-02-15,26.1791666666667,31.1,24,77.5,3.3,21.8708333333333,-56,-13,"V014","V014",-13.005,-55.965,2023-02-17,-2,31.1,77.5,3.3,1,1.45861502269952
2023-02-16,26.1791666666667,31.8,22.8,77.9166666666667,2.8,21.8083333333333,-56,-13,"V014","V014",-13.005,-55.965,2023-02-17,-1,31.8,77.9166666666667,2.8,1,1.33500106673234
2022-12-13,25.7375,31.2,22.4,80.7916666666667,8.3,21.9333333333333,-56,-13,"V015","V015",-13.005,-55.965,2023-03-03,-80,31.2,80.7916666666667,8.3,1,2.23001440015921
2022-12-14,24.9208333333333,28.5,22,82.6666666666667,3,21.6333333333333,-56,-13,"V015","V015",-13.005,-55.965,2023-03-03,-79,28.5,82.6666666666667,3,1,1.38629436111989
2022-12-15,24.9,28.3,22.3,85.375,8.3,22.2083333333333,-56,-13,"V015","V015",-13.005,-55.965,2023-03-03,-78,28.3,85.375,8.3,1,2.23001440015921
2022-12-16,22.5708333333333,24.1,21.3,92.2916666666667,5.4,21.2458333333333,-56,-13,"V015","V015",-13.005,-55.965,2023-03-03,-77,24.1,92.2916666666667,5.4,1,1.85629799036563
2022-12-17,23.8916666666667,27.9,20.4,84.75,2.8,21.0625,-56,-13,"V015","V015",-13.005,-55.965,2023-03-03,-76,27.9,84.75,2.8,1,1.33500106673234
2022-12-18,24.05,27.8,21.9,87.8333333333333,17.9,21.8541666666667,-56,-13,"V015","V015",-13.005,-55.965,2023-03-03,-75,27.8,87.8333333333333,17.9,1,2.9391619220656
2022-12-19,24.25,28,21.7,87.0416666666667,9.2,21.8833333333333,-56,-13,"V015","V015",-13.005,-55.965,2023-03-03,-74,28,87.0416666666667,9.2,1,2.32238772029023
2022-12-20,24.3333333333333,28,21.5,87.0833333333333,18.7,21.95,-56,-13,"V015","V015",-13.005,-55.965,2023-03-03,-73,28,87.0833333333333,18.7,1,2.98061863574394
2022-12-21,24.2041666666667,26.1,22.5,86.9583333333333,1.9,21.8583333333333,-56,-13,"V015","V015",-13.005,-55.965,2023-03-03,-72,26.1,86.9583333333333,1.9,1,1.06471073699243
2022-12-22,24.0458333333333,27.4,22.1,85.0416666666667,1.3,21.3125,-56,-13,"V015","V015",-13.005,-55.965,2023-03-03,-71,27.4,85.0416666666667,1.3,1,0.832909122935104
2022-12-23,24.2375,27.8,21.3,85.375,4.3,21.5,-56,-13,"V015","V015",-13.005,-55.965,2023-03-03,-70,27.8,85.375,4.3,1,1.66770682055808
2022-12-24,24.6125,29.6,22.4,85.0833333333333,5.2,21.85,-56,-13,"V015","V015",-13.005,-55.965,2023-03-03,-69,29.6,85.0833333333333,5.2,1,1.82454929205105
2022-12-25,23.9041666666667,27.6,21.4,88.4166666666667,18,21.8,-56,-13,"V015","V015",-13.005,-55.965,2023-03-03,-68,27.6,88.4166666666667,18,1,2.94443897916644
2022-12-26,24.6916666666667,28.8,22.4,84.7083333333333,3.7,21.8083333333333,-56,-13,"V015","V015",-13.005,-55.965,2023-03-03,-67,28.8,84.7083333333333,3.7,1,1.54756250871601
2022-12-27,24.1958333333333,28,22.4,87.5416666666667,4.6,21.95,-56,-13,"V015","V015",-13.005,-55.965,2023-03-03,-66,28,87.5416666666667,4.6,1,1.7227665977411
2022-12-28,23.2125,25.1,22.1,93.375,16.8,22.0791666666667,-56,-13,"V015","V015",-13.005,-55.965,2023-03-03,-65,25.1,93.375,16.8,1,2.87919845729804
2022-12-29,23.35,25.5,22.1,92.1666666666667,113,21.9708333333333,-56,-13,"V015","V015",-13.005,-55.965,2023-03-03,-64,25.5,92.1666666666667,113,1,4.7361984483945
2022-12-30,24.05,27.8,21.9,88.6666666666667,10.3,21.9666666666667,-56,-13,"V015","V015",-13.005,-55.965,2023-03-03,-63,27.8,88.6666666666667,10.3,1,2.42480272571829
2022-12-31,24.2708333333333,27.8,21.9,86.4583333333333,9.8,21.7958333333333,-56,-13,"V015","V015",-13.005,-55.965,2023-03-03,-62,27.8,86.4583333333333,9.8,1,2.37954613413017
2023-01-01,25.8625,30.4,20.7,80,0.1,21.8916666666667,-56,-13,"V015","V015",-13.005,-55.965,2023-03-03,-61,30.4,80,0.1,0,0.0953101798043249
2023-01-02,24.4,27.5,22.2,86.75,10.8,22.0083333333333,-56,-13,"V015","V015",-13.005,-55.965,2023-03-03,-60,27.5,86.75,10.8,1,2.46809953147162
2023-01-03,24.55,28.4,21.9,84.375,1.9,21.6291666666667,-56,-13,"V015","V015",-13.005,-55.965,2023-03-03,-59,28.4,84.375,1.9,1,1.06471073699243
2023-01-04,24.2375,26.9,21.8,85.75,4,21.6083333333333,-56,-13,"V015","V015",-13.005,-55.965,2023-03-03,-58,26.9,85.75,4,1,1.6094379124341
2023-01-05,23.6458333333333,26.7,21.8,90.5,18.9,21.9708333333333,-56,-13,"V015","V015",-13.005,-55.965,2023-03-03,-57,26.7,90.5,18.9,1,2.99071973173045
2023-01-06,24.0041666666667,27.4,21.6,83.9583333333333,1.7,21.0125,-56,-13,"V015","V015",-13.005,-55.965,2023-03-03,-56,27.4,83.9583333333333,1.7,1,0.993251773010283
2023-01-07,24.3208333333333,29.8,21.6,83.6666666666667,8.5,21.25,-56,-13,"V015","V015",-13.005,-55.965,2023-03-03,-55,29.8,83.6666666666667,8.5,1,2.2512917986065
2023-01-08,23.9583333333333,27.8,21.2,87.8333333333333,6.6,21.7333333333333,-56,-13,"V015","V015",-13.005,-55.965,2023-03-03,-54,27.8,87.8333333333333,6.6,1,2.02814824729229
2023-01-09,24.3375,28.1,21.6,82.2083333333333,1.4,21.0166666666667,-56,-13,"V015","V015",-13.005,-55.965,2023-03-03,-53,28.1,82.2083333333333,1.4,1,0.8754687373539
2023-01-10,24.0708333333333,28,21.8,85.7083333333333,5,21.4291666666667,-56,-13,"V015","V015",-13.005,-55.965,2023-03-03,-52,28,85.7083333333333,5,1,1.79175946922805
2023-01-11,24.8208333333333,30.3,20.4,79.2083333333333,0,20.7416666666667,-56,-13,"V015","V015",-13.005,-55.965,2023-03-03,-51,30.3,79.2083333333333,0,0,0
2023-01-12,24.3333333333333,28.4,22,85.6666666666667,9.1,21.7041666666667,-56,-13,"V015","V015",-13.005,-55.965,2023-03-03,-50,28.4,85.6666666666667,9.1,1,2.31253542384721
2023-01-13,23.775,27.6,21.1,86.7083333333333,7.9,21.3375,-56,-13,"V015","V015",-13.005,-55.965,2023-03-03,-49,27.6,86.7083333333333,7.9,1,2.18605127673809
2023-01-14,23.7875,27.4,21.1,83.9583333333333,4.1,20.8041666666667,-56,-13,"V015","V015",-13.005,-55.965,2023-03-03,-48,27.4,83.9583333333333,4.1,1,1.62924053973028
2023-01-15,24.9625,29.8,20.7,79.5833333333333,1.7,20.9041666666667,-56,-13,"V015","V015",-13.005,-55.965,2023-03-03,-47,29.8,79.5833333333333,1.7,1,0.993251773010283
2023-01-16,25.0208333333333,31,21,80.9166666666667,12.9,21.2583333333333,-56,-13,"V015","V015",-13.005,-55.965,2023-03-03,-46,31,80.9166666666667,12.9,1,2.63188884013665
2023-01-17,24.7,30.6,20.1,80.5,5.2,20.8333333333333,-56,-13,"V015","V015",-13.005,-55.965,2023-03-03,-45,30.6,80.5,5.2,1,1.82454929205105
2023-01-18,24.8125,29.8,21,79.4583333333333,12.8,20.7791666666667,-56,-13,"V015","V015",-13.005,-55.965,2023-03-03,-44,29.8,79.4583333333333,12.8,1,2.62466859216316
2023-01-19,24.6708333333333,29.7,20.7,78.5416666666667,1.6,20.3208333333333,-56,-13,"V015","V015",-13.005,-55.965,2023-03-03,-43,29.7,78.5416666666667,1.6,1,0.955511445027436
2023-01-20,25.4625,29.8,21.7,75.6666666666667,0.1,20.575,-56,-13,"V015","V015",-13.005,-55.965,2023-03-03,-42,29.8,75.6666666666667,0.1,0,0.0953101798043249
2023-01-21,25.1416666666667,29.8,22.3,79.0833333333333,1.4,21.1041666666667,-56,-13,"V015","V015",-13.005,-55.965,2023-03-03,-41,29.8,79.0833333333333,1.4,1,0.8754687373539
2023-01-22,24.9041666666667,29.9,21.4,82.3333333333333,8.7,21.4333333333333,-56,-13,"V015","V015",-13.005,-55.965,2023-03-03,-40,29.9,82.3333333333333,8.7,1,2.27212588550934
2023-01-23,24.8708333333333,29.3,22.1,84.5416666666667,4.7,21.9208333333333,-56,-13,"V015","V015",-13.005,-55.965,2023-03-03,-39,29.3,84.5416666666667,4.7,1,1.7404661748405
2023-01-24,23.9125,28.6,21.6,85.5416666666667,1.3,21.25,-56,-13,"V015","V015",-13.005,-55.965,2023-03-03,-38,28.6,85.5416666666667,1.3,1,0.832909122935104
2023-01-25,24.25,27.2,21.6,86.7083333333333,7.1,21.825,-56,-13,"V015","V015",-13.005,-55.965,2023-03-03,-37,27.2,86.7083333333333,7.1,1,2.09186406167839
2023-01-26,24.2083333333333,27.8,21.9,89.2916666666667,19.8,22.2875,-56,-13,"V015","V015",-13.005,-55.965,2023-03-03,-36,27.8,89.2916666666667,19.8,1,3.03495298670727
2023-01-27,23.0416666666667,25.5,21.3,91.5,15.5,21.575,-56,-13,"V015","V015",-13.005,-55.965,2023-03-03,-35,25.5,91.5,15.5,1,2.80336038090653
2023-01-28,22.6791666666667,26.4,21.4,90.8333333333333,11.4,21.0458333333333,-56,-13,"V015","V015",-13.005,-55.965,2023-03-03,-34,26.4,90.8333333333333,11.4,1,2.51769647261099
2023-01-29,24.0625,28.6,21.6,85.0416666666667,3.9,21.1958333333333,-56,-13,"V015","V015",-13.005,-55.965,2023-03-03,-33,28.6,85.0416666666667,3.9,1,1.58923520511658
2023-01-30,25.7833333333333,30.8,20.8,77.7083333333333,3.1,21.2791666666667,-56,-13,"V015","V015",-13.005,-55.965,2023-03-03,-32,30.8,77.7083333333333,3.1,1,1.41098697371026
2023-01-31,24.7833333333333,28.6,21.7,82.4583333333333,2.4,21.4458333333333,-56,-13,"V015","V015",-13.005,-55.965,2023-03-03,-31,28.6,82.4583333333333,2.4,1,1.22377543162212
2023-02-01,25.9083333333333,30.6,21.9,77.7916666666667,0.4,21.4791666666667,-56,-13,"V015","V015",-13.005,-55.965,2023-03-03,-30,30.6,77.7916666666667,0.4,0,0.336472236621213
2023-02-02,26.7666666666667,32.6,22.5,75.2916666666667,3.4,21.6208333333333,-56,-13,"V015","V015",-13.005,-55.965,2023-03-03,-29,32.6,75.2916666666667,3.4,1,1.48160454092422
2023-02-03,26.4666666666667,31.6,22.4,78.2916666666667,8.7,22.0708333333333,-56,-13,"V015","V015",-13.005,-55.965,2023-03-03,-28,31.6,78.2916666666667,8.7,1,2.27212588550934
2023-02-04,23.2291666666667,26.9,21.7,85,11,20.4416666666667,-56,-13,"V015","V015",-13.005,-55.965,2023-03-03,-27,26.9,85,11,1,2.484906649788
2023-02-05,25.5708333333333,31.2,21.4,77.0833333333333,3.7,20.9625,-56,-13,"V015","V015",-13.005,-55.965,2023-03-03,-26,31.2,77.0833333333333,3.7,1,1.54756250871601
2023-02-06,24.6041666666667,31,22,81.7083333333333,9.2,21.0916666666667,-56,-13,"V015","V015",-13.005,-55.965,2023-03-03,-25,31,81.7083333333333,9.2,1,2.32238772029023
2023-02-07,24.925,30.9,21.4,81.7916666666667,9.4,21.3916666666667,-56,-13,"V015","V015",-13.005,-55.965,2023-03-03,-24,30.9,81.7916666666667,9.4,1,2.34180580614733
2023-02-08,26.65,31.6,22.1,74.625,0.2,21.4041666666667,-56,-13,"V015","V015",-13.005,-55.965,2023-03-03,-23,31.6,74.625,0.2,0,0.182321556793955
2023-02-09,25.9875,31.5,22.4,78.125,1.6,21.5916666666667,-56,-13,"V015","V015",-13.005,-55.965,2023-03-03,-22,31.5,78.125,1.6,1,0.955511445027436
2023-02-10,26.1375,31.9,22.2,78.1666666666667,1.2,21.675,-56,-13,"V015","V015",-13.005,-55.965,2023-03-03,-21,31.9,78.1666666666667,1.2,1,0.78845736036427
2023-02-11,26.6458333333333,30.8,23,74.75,0.7,21.6083333333333,-56,-13,"V015","V015",-13.005,-55.965,2023-03-03,-20,30.8,74.75,0.7,0,0.53062825106217
2023-02-12,26.3791666666667,30.9,22.6,75.5,1.9,21.5666666666667,-56,-13,"V015","V015",-13.005,-55.965,2023-03-03,-19,30.9,75.5,1.9,1,1.06471073699243
2023-02-13,27.5083333333333,32.7,22.2,71.25,1.6,21.5166666666667,-56,-13,"V015","V015",-13.005,-55.965,2023-03-03,-18,32.7,71.25,1.6,1,0.955511445027436
2023-02-14,28.6041666666667,34.2,23,67.5,0.1,21.5916666666667,-56,-13,"V015","V015",-13.005,-55.965,2023-03-03,-17,34.2,67.5,0.1,0,0.0953101798043249
2023-02-15,26.1791666666667,31.1,24,77.5,3.3,21.8708333333333,-56,-13,"V015","V015",-13.005,-55.965,2023-03-03,-16,31.1,77.5,3.3,1,1.45861502269952
2023-02-16,26.1791666666667,31.8,22.8,77.9166666666667,2.8,21.8083333333333,-56,-13,"V015","V015",-13.005,-55.965,2023-03-03,-15,31.8,77.9166666666667,2.8,1,1.33500106673234
2023-02-17,24.6458333333333,28.7,22.1,85.5,18.7,21.95,-56,-13,"V015","V015",-13.005,-55.965,2023-03-03,-14,28.7,85.5,18.7,1,2.98061863574394
2023-02-18,23.6458333333333,27.7,21.2,86.5833333333333,8.2,21.1541666666667,-56,-13,"V015","V015",-13.005,-55.965,2023-03-03,-13,27.7,86.5833333333333,8.2,1,2.21920348405499
2023-02-19,24.4083333333333,29.8,21.4,83.7083333333333,25.1,21.3041666666667,-56,-13,"V015","V015",-13.005,-55.965,2023-03-03,-12,29.8,83.7083333333333,25.1,1,3.26193531432865
2023-02-20,23.5791666666667,26.3,22,87.2916666666667,25.2,21.2875,-56,-13,"V015","V015",-13.005,-55.965,2023-03-03,-11,26.3,87.2916666666667,25.2,1,3.26575941076705
2023-02-21,23.85,27.6,21.4,84.375,7.4,20.8791666666667,-56,-13,"V015","V015",-13.005,-55.965,2023-03-03,-10,27.6,84.375,7.4,1,2.12823170584927
2023-02-22,24.1208333333333,28.6,21.9,88.2916666666667,10.8,21.9625,-56,-13,"V015","V015",-13.005,-55.965,2023-03-03,-9,28.6,88.2916666666667,10.8,1,2.46809953147162
2023-02-23,25.6416666666667,31.1,21.4,79.2083333333333,5.5,21.4083333333333,-56,-13,"V015","V015",-13.005,-55.965,2023-03-03,-8,31.1,79.2083333333333,5.5,1,1.87180217690159
2023-02-24,26.7666666666667,30.9,23.6,76.75,1.8,22.1583333333333,-56,-13,"V015","V015",-13.005,-55.965,2023-03-03,-7,30.9,76.75,1.8,1,1.02961941718116
2023-02-25,24.8041666666667,28.9,22,82.2916666666667,8.2,21.4375,-56,-13,"V015","V015",-13.005,-55.965,2023-03-03,-6,28.9,82.2916666666667,8.2,1,2.21920348405499
2023-02-26,25.9958333333333,31.3,21.6,77.4166666666667,1.2,21.4291666666667,-56,-13,"V015","V015",-13.005,-55.965,2023-03-03,-5,31.3,77.4166666666667,1.2,1,0.78845736036427
2023-02-27,26.9208333333333,32.7,22.6,75.5833333333333,2.4,21.9208333333333,-56,-13,"V015","V015",-13.005,-55.965,2023-03-03,-4,32.7,75.5833333333333,2.4,1,1.22377543162212
2023-02-28,25.3416666666667,29.8,21.9,82.2083333333333,3.9,21.925,-56,-13,"V015","V015",-13.005,-55.965,2023-03-03,-3,29.8,82.2083333333333,3.9,1,1.58923520511658
2023-03-01,26.2958333333333,33.1,21.4,75.875,0.7,21.35,-56,-13,"V015","V015",-13.005,-55.965,2023-03-03,-2,33.1,75.875,0.7,0,0.53062825106217
2023-03-02,27.0291666666667,32.8,22.3,71.8333333333333,1.1,21.1708333333333,-56,-13,"V015","V015",-13.005,-55.965,2023-03-03,-1,32.8,71.8333333333333,1.1,1,0.741937344729377
2023-11-26,25.225,31.4,21.6,81.2083333333333,4.4,21.4625,-56,-12.5,"V016","V016",-12.440805555072,-55.88775,2024-02-14,-80,31.4,81.2083333333333,4.4,1,1.68639895357023
2023-11-27,25.6291666666667,31.7,20.5,77.9166666666667,0,21.0958333333333,-56,-12.5,"V016","V016",-12.440805555072,-55.88775,2024-02-14,-79,31.7,77.9166666666667,0,0,0
2023-11-28,27.3083333333333,34.1,22.4,71.375,0,21.0416666666667,-56,-12.5,"V016","V016",-12.440805555072,-55.88775,2024-02-14,-78,34.1,71.375,0,0,0
2023-11-29,28.1916666666667,33.5,22.5,69.6666666666667,0.1,21.5166666666667,-56,-12.5,"V016","V016",-12.440805555072,-55.88775,2024-02-14,-77,33.5,69.6666666666667,0.1,0,0.0953101798043249
2023-11-30,27.5375,33,22.3,73.0833333333333,0.4,21.7708333333333,-56,-12.5,"V016","V016",-12.440805555072,-55.88775,2024-02-14,-76,33,73.0833333333333,0.4,0,0.336472236621213
2023-12-01,26.3291666666667,31.1,23,77.25,1.4,21.7458333333333,-56,-12.5,"V016","V016",-12.440805555072,-55.88775,2024-02-14,-75,31.1,77.25,1.4,1,0.8754687373539
2023-12-02,26.5666666666667,32.9,21.9,78.375,1.3,22.0458333333333,-56,-12.5,"V016","V016",-12.440805555072,-55.88775,2024-02-14,-74,32.9,78.375,1.3,1,0.832909122935104
2023-12-03,25.4333333333333,30.6,22.3,82.5,3.8,22.0625,-56,-12.5,"V016","V016",-12.440805555072,-55.88775,2024-02-14,-73,30.6,82.5,3.8,1,1.56861591791385
2023-12-04,24.9125,31.1,21.6,82.875,2.8,21.4083333333333,-56,-12.5,"V016","V016",-12.440805555072,-55.88775,2024-02-14,-72,31.1,82.875,2.8,1,1.33500106673234
2023-12-05,25.5916666666667,30.9,21.4,79.125,0,21.375,-56,-12.5,"V016","V016",-12.440805555072,-55.88775,2024-02-14,-71,30.9,79.125,0,0,0
2023-12-06,28.2333333333333,34.4,22.1,69.4166666666667,0.1,21.4666666666667,-56,-12.5,"V016","V016",-12.440805555072,-55.88775,2024-02-14,-70,34.4,69.4166666666667,0.1,0,0.0953101798043249
2023-12-07,27.6583333333333,33.9,22.7,71,0.3,21.4083333333333,-56,-12.5,"V016","V016",-12.440805555072,-55.88775,2024-02-14,-69,33.9,71,0.3,0,0.262364264467491
2023-12-08,27.2583333333333,33.3,21.9,75.625,0.6,22.1541666666667,-56,-12.5,"V016","V016",-12.440805555072,-55.88775,2024-02-14,-68,33.3,75.625,0.6,0,0.470003629245736
2023-12-09,27.3958333333333,33.2,23,73.2083333333333,0.7,21.6625,-56,-12.5,"V016","V016",-12.440805555072,-55.88775,2024-02-14,-67,33.2,73.2083333333333,0.7,0,0.53062825106217
2023-12-10,27.9791666666667,33.6,23.2,71.2083333333333,0.2,21.775,-56,-12.5,"V016","V016",-12.440805555072,-55.88775,2024-02-14,-66,33.6,71.2083333333333,0.2,0,0.182321556793955
2023-12-11,26.3416666666667,31,23.2,74.5416666666667,0.2,21.325,-56,-12.5,"V016","V016",-12.440805555072,-55.88775,2024-02-14,-65,31,74.5416666666667,0.2,0,0.182321556793955
2023-12-12,26.9083333333333,31.4,23.1,75.0416666666667,0.9,21.7958333333333,-56,-12.5,"V016","V016",-12.440805555072,-55.88775,2024-02-14,-64,31.4,75.0416666666667,0.9,0,0.641853886172395
2023-12-13,28.4666666666667,34.6,22.8,68.8333333333333,0.1,21.5166666666667,-56,-12.5,"V016","V016",-12.440805555072,-55.88775,2024-02-14,-63,34.6,68.8333333333333,0.1,0,0.0953101798043249
2023-12-14,27.325,33.2,23.5,73.4583333333333,0.1,21.8791666666667,-56,-12.5,"V016","V016",-12.440805555072,-55.88775,2024-02-14,-62,33.2,73.4583333333333,0.1,0,0.0953101798043249
2023-12-15,27.6333333333333,34.1,22.2,70.25,0,21.025,-56,-12.5,"V016","V016",-12.440805555072,-55.88775,2024-02-14,-61,34.1,70.25,0,0,0
2023-12-16,29.1125,36,23.2,64.2916666666667,0.2,20.8916666666667,-56,-12.5,"V016","V016",-12.440805555072,-55.88775,2024-02-14,-60,36,64.2916666666667,0.2,0,0.182321556793955
2023-12-17,28.5958333333333,34.7,23.9,65.7083333333333,0.1,21.0625,-56,-12.5,"V016","V016",-12.440805555072,-55.88775,2024-02-14,-59,34.7,65.7083333333333,0.1,0,0.0953101798043249
2023-12-18,28.5291666666667,34.2,22.6,67.625,0,21.4875,-56,-12.5,"V016","V016",-12.440805555072,-55.88775,2024-02-14,-58,34.2,67.625,0,0,0
2023-12-19,26.2208333333333,32.2,23.3,79.2083333333333,7.2,22.0541666666667,-56,-12.5,"V016","V016",-12.440805555072,-55.88775,2024-02-14,-57,32.2,79.2083333333333,7.2,1,2.10413415427021
2023-12-20,26.2916666666667,31.1,22.1,81.8333333333333,5.1,22.6875,-56,-12.5,"V016","V016",-12.440805555072,-55.88775,2024-02-14,-56,31.1,81.8333333333333,5.1,1,1.80828877117927
2023-12-21,24.5375,28,23.2,92.5416666666667,34,23.2083333333333,-56,-12.5,"V016","V016",-12.440805555072,-55.88775,2024-02-14,-55,28,92.5416666666667,34,1,3.55534806148941
2023-12-22,24.2041666666667,29.1,22.6,90.7083333333333,20.8,22.5166666666667,-56,-12.5,"V016","V016",-12.440805555072,-55.88775,2024-02-14,-54,29.1,90.7083333333333,20.8,1,3.08190996979504
2023-12-23,24.7708333333333,28.4,22.2,87.7083333333333,11.6,22.4791666666667,-56,-12.5,"V016","V016",-12.440805555072,-55.88775,2024-02-14,-53,28.4,87.7083333333333,11.6,1,2.53369681395743
2023-12-24,27.125,32.1,22.4,78.625,0.3,22.7166666666667,-56,-12.5,"V016","V016",-12.440805555072,-55.88775,2024-02-14,-52,32.1,78.625,0.3,0,0.262364264467491
2023-12-25,27.6583333333333,34.3,23.2,79.75,3.7,23.4416666666667,-56,-12.5,"V016","V016",-12.440805555072,-55.88775,2024-02-14,-51,34.3,79.75,3.7,1,1.54756250871601
2023-12-26,25.3041666666667,31.2,22.6,82.8333333333333,0.8,21.925,-56,-12.5,"V016","V016",-12.440805555072,-55.88775,2024-02-14,-50,31.2,82.8333333333333,0.8,0,0.587786664902119
2023-12-27,27.0708333333333,33.5,20.7,77.125,0.3,22.2791666666667,-56,-12.5,"V016","V016",-12.440805555072,-55.88775,2024-02-14,-49,33.5,77.125,0.3,0,0.262364264467491
2023-12-28,28.2291666666667,34.1,22.6,74.2916666666667,0.2,22.6666666666667,-56,-12.5,"V016","V016",-12.440805555072,-55.88775,2024-02-14,-48,34.1,74.2916666666667,0.2,0,0.182321556793955
2023-12-29,25.5416666666667,28.9,23,86.4166666666667,4.3,23.0625,-56,-12.5,"V016","V016",-12.440805555072,-55.88775,2024-02-14,-47,28.9,86.4166666666667,4.3,1,1.66770682055808
2023-12-30,25.5791666666667,30,22.3,85.7916666666667,7.3,22.8541666666667,-56,-12.5,"V016","V016",-12.440805555072,-55.88775,2024-02-14,-46,30,85.7916666666667,7.3,1,2.11625551480255
2023-12-31,26.2,31.5,22.1,79.375,0,21.9916666666667,-56,-12.5,"V016","V016",-12.440805555072,-55.88775,2024-02-14,-45,31.5,79.375,0,0,0
2024-01-01,25.2,29,23,87.5833333333333,8.5,22.9166666666667,-56,-12.5,"V016","V016",-12.440805555072,-55.88775,2024-02-14,-44,29,87.5833333333333,8.5,1,2.2512917986065
2024-01-02,25.0083333333333,29.3,22.6,89.1666666666667,10.2,23.0125,-56,-12.5,"V016","V016",-12.440805555072,-55.88775,2024-02-14,-43,29.3,89.1666666666667,10.2,1,2.41591377830105
2024-01-03,24.175,27.4,22.7,91.5833333333333,23.3,22.7,-56,-12.5,"V016","V016",-12.440805555072,-55.88775,2024-02-14,-42,27.4,91.5833333333333,23.3,1,3.1904763503465
2024-01-04,24.8291666666667,28.1,22.4,90.9166666666667,23.3,23.1875,-56,-12.5,"V016","V016",-12.440805555072,-55.88775,2024-02-14,-41,28.1,90.9166666666667,23.3,1,3.1904763503465
2024-01-05,24.1416666666667,28.3,22.3,88.75,7.6,22.0416666666667,-56,-12.5,"V016","V016",-12.440805555072,-55.88775,2024-02-14,-40,28.3,88.75,7.6,1,2.15176220325946
2024-01-06,25.2208333333333,30.5,22.2,87.6666666666667,14.4,22.9,-56,-12.5,"V016","V016",-12.440805555072,-55.88775,2024-02-14,-39,30.5,87.6666666666667,14.4,1,2.73436750941958
2024-01-07,26.0166666666667,30.9,22.7,85.125,3.5,23.1916666666667,-56,-12.5,"V016","V016",-12.440805555072,-55.88775,2024-02-14,-38,30.9,85.125,3.5,1,1.50407739677627
2024-01-08,26.6791666666667,32.7,22.8,83.125,1.2,23.3083333333333,-56,-12.5,"V016","V016",-12.440805555072,-55.88775,2024-02-14,-37,32.7,83.125,1.2,1,0.78845736036427
2024-01-09,24.1833333333333,27.8,21.7,89.5,21,22.3,-56,-12.5,"V016","V016",-12.440805555072,-55.88775,2024-02-14,-36,27.8,89.5,21,1,3.09104245335832
2024-01-10,24.9125,29.4,22.7,89.5416666666667,24,23.0083333333333,-56,-12.5,"V016","V016",-12.440805555072,-55.88775,2024-02-14,-35,29.4,89.5416666666667,24,1,3.2188758248682
2024-01-11,23.5625,26.2,22.1,90.7916666666667,6.6,21.9375,-56,-12.5,"V016","V016",-12.440805555072,-55.88775,2024-02-14,-34,26.2,90.7916666666667,6.6,1,2.02814824729229
2024-01-12,25.075,29.9,22,85.0833333333333,6,22.2291666666667,-56,-12.5,"V016","V016",-12.440805555072,-55.88775,2024-02-14,-33,29.9,85.0833333333333,6,1,1.94591014905531
2024-01-13,25.4708333333333,29.2,22.5,88.0833333333333,6.7,23.2708333333333,-56,-12.5,"V016","V016",-12.440805555072,-55.88775,2024-02-14,-32,29.2,88.0833333333333,6.7,1,2.04122032885964
2024-01-14,26.0291666666667,32,22.5,83.2083333333333,1.8,22.7083333333333,-56,-12.5,"V016","V016",-12.440805555072,-55.88775,2024-02-14,-31,32,83.2083333333333,1.8,1,1.02961941718116
2024-01-15,26.6541666666667,31.6,22.2,78.0416666666667,0.2,22.1583333333333,-56,-12.5,"V016","V016",-12.440805555072,-55.88775,2024-02-14,-30,31.6,78.0416666666667,0.2,0,0.182321556793955
2024-01-16,27.3958333333333,33.5,22.8,76.2083333333333,0.6,22.4333333333333,-56,-12.5,"V016","V016",-12.440805555072,-55.88775,2024-02-14,-29,33.5,76.2083333333333,0.6,0,0.470003629245736
2024-01-17,27.1791666666667,33.2,23.3,76.5833333333333,0.3,22.4666666666667,-56,-12.5,"V016","V016",-12.440805555072,-55.88775,2024-02-14,-28,33.2,76.5833333333333,0.3,0,0.262364264467491
2024-01-18,26.8291666666667,32.8,22.1,77.9583333333333,1,22.3208333333333,-56,-12.5,"V016","V016",-12.440805555072,-55.88775,2024-02-14,-27,32.8,77.9583333333333,1,1,0.693147180559945
2024-01-19,25.4041666666667,29.3,22.3,84.75,9.2,22.55,-56,-12.5,"V016","V016",-12.440805555072,-55.88775,2024-02-14,-26,29.3,84.75,9.2,1,2.32238772029023
2024-01-20,26.7708333333333,32.4,22.8,81.2083333333333,1.6,22.975,-56,-12.5,"V016","V016",-12.440805555072,-55.88775,2024-02-14,-25,32.4,81.2083333333333,1.6,1,0.955511445027436
2024-01-21,26.3125,30.4,23,84.6666666666667,11,23.4333333333333,-56,-12.5,"V016","V016",-12.440805555072,-55.88775,2024-02-14,-24,30.4,84.6666666666667,11,1,2.484906649788
2024-01-22,26.9375,33,23.6,82.125,3.8,23.3875,-56,-12.5,"V016","V016",-12.440805555072,-55.88775,2024-02-14,-23,33,82.125,3.8,1,1.56861591791385
2024-01-23,25.9333333333333,33.1,23,87.9583333333333,14.8,23.6458333333333,-56,-12.5,"V016","V016",-12.440805555072,-55.88775,2024-02-14,-22,33.1,87.9583333333333,14.8,1,2.76000994003292
2024-01-24,25.6083333333333,29.6,23.2,88.1666666666667,13.1,23.375,-56,-12.5,"V016","V016",-12.440805555072,-55.88775,2024-02-14,-21,29.6,88.1666666666667,13.1,1,2.64617479738412
2024-01-25,25.5625,29.5,22.8,87.125,19.2,23.1458333333333,-56,-12.5,"V016","V016",-12.440805555072,-55.88775,2024-02-14,-20,29.5,87.125,19.2,1,3.00568260440716
2024-01-26,27.25,32.9,22.9,79.125,2.1,22.8625,-56,-12.5,"V016","V016",-12.440805555072,-55.88775,2024-02-14,-19,32.9,79.125,2.1,1,1.1314021114911
2024-01-27,26.9958333333333,32.9,22.8,74.75,0,21.4416666666667,-56,-12.5,"V016","V016",-12.440805555072,-55.88775,2024-02-14,-18,32.9,74.75,0,0,0
2024-01-28,26.5333333333333,32.3,22.6,76.5416666666667,0.2,21.7625,-56,-12.5,"V016","V016",-12.440805555072,-55.88775,2024-02-14,-17,32.3,76.5416666666667,0.2,0,0.182321556793955
2024-01-29,25.925,30.9,22.1,80.6666666666667,0.5,22.0583333333333,-56,-12.5,"V016","V016",-12.440805555072,-55.88775,2024-02-14,-16,30.9,80.6666666666667,0.5,0,0.405465108108164
2024-01-30,27.1958333333333,33.6,22.2,74.5,0.1,21.8083333333333,-56,-12.5,"V016","V016",-12.440805555072,-55.88775,2024-02-14,-15,33.6,74.5,0.1,0,0.0953101798043249
2024-01-31,25.4833333333333,29.3,22.8,83.8333333333333,5.1,22.4416666666667,-56,-12.5,"V016","V016",-12.440805555072,-55.88775,2024-02-14,-14,29.3,83.8333333333333,5.1,1,1.80828877117927
2024-02-01,26.9166666666667,33.6,21.5,76.9166666666667,3.2,22.0625,-56,-12.5,"V016","V016",-12.440805555072,-55.88775,2024-02-14,-13,33.6,76.9166666666667,3.2,1,1.43508452528932
2024-02-02,24.7958333333333,30.2,21.5,82.4583333333333,6.8,21.275,-56,-12.5,"V016","V016",-12.440805555072,-55.88775,2024-02-14,-12,30.2,82.4583333333333,6.8,1,2.05412373369555
2024-02-03,23.9583333333333,28.2,22.2,88.2916666666667,8.9,21.8291666666667,-56,-12.5,"V016","V016",-12.440805555072,-55.88775,2024-02-14,-11,28.2,88.2916666666667,8.9,1,2.29253475714054
2024-02-04,23.5291666666667,25.2,21.9,94.8333333333333,17.8,22.6208333333333,-56,-12.5,"V016","V016",-12.440805555072,-55.88775,2024-02-14,-10,25.2,94.8333333333333,17.8,1,2.9338568698359
2024-02-05,24.2458333333333,27.8,21.8,91.0833333333333,12.5,22.65,-56,-12.5,"V016","V016",-12.440805555072,-55.88775,2024-02-14,-9,27.8,91.0833333333333,12.5,1,2.60268968544438
2024-02-06,26.575,33,22.4,80.4166666666667,1.1,22.4916666666667,-56,-12.5,"V016","V016",-12.440805555072,-55.88775,2024-02-14,-8,33,80.4166666666667,1.1,1,0.741937344729377
2024-02-07,27.4916666666667,33.2,22.1,76.4583333333333,0.3,22.5416666666667,-56,-12.5,"V016","V016",-12.440805555072,-55.88775,2024-02-14,-7,33.2,76.4583333333333,0.3,0,0.262364264467491
2024-02-08,26.1208333333333,30.8,23.3,84.125,6.5,23.0458333333333,-56,-12.5,"V016","V016",-12.440805555072,-55.88775,2024-02-14,-6,30.8,84.125,6.5,1,2.01490302054226
2024-02-09,26.7208333333333,32.1,22.5,81.9583333333333,3.4,23.1083333333333,-56,-12.5,"V016","V016",-12.440805555072,-55.88775,2024-02-14,-5,32.1,81.9583333333333,3.4,1,1.48160454092422
2024-02-10,25.6875,30.1,23.5,86.125,17.8,23.0916666666667,-56,-12.5,"V016","V016",-12.440805555072,-55.88775,2024-02-14,-4,30.1,86.125,17.8,1,2.9338568698359
2024-02-11,24.8833333333333,28.8,22.6,87.9583333333333,4.9,22.6708333333333,-56,-12.5,"V016","V016",-12.440805555072,-55.88775,2024-02-14,-3,28.8,87.9583333333333,4.9,1,1.77495235091167
2024-02-12,24.7375,29.3,21.6,84.75,22.6,21.8041666666667,-56,-12.5,"V016","V016",-12.440805555072,-55.88775,2024-02-14,-2,29.3,84.75,22.6,1,3.16124671203156
2024-02-13,27.0958333333333,33.2,22.6,74.6666666666667,0,21.7666666666667,-56,-12.5,"V016","V016",-12.440805555072,-55.88775,2024-02-14,-1,33.2,74.6666666666667,0,0,0
2023-11-28,27.3083333333333,34.1,22.4,71.375,0,21.0416666666667,-56,-12.5,"V017","V017",-12.440805555072,-55.88775,2024-02-16,-80,34.1,71.375,0,0,0
2023-11-29,28.1916666666667,33.5,22.5,69.6666666666667,0.1,21.5166666666667,-56,-12.5,"V017","V017",-12.440805555072,-55.88775,2024-02-16,-79,33.5,69.6666666666667,0.1,0,0.0953101798043249
2023-11-30,27.5375,33,22.3,73.0833333333333,0.4,21.7708333333333,-56,-12.5,"V017","V017",-12.440805555072,-55.88775,2024-02-16,-78,33,73.0833333333333,0.4,0,0.336472236621213
2023-12-01,26.3291666666667,31.1,23,77.25,1.4,21.7458333333333,-56,-12.5,"V017","V017",-12.440805555072,-55.88775,2024-02-16,-77,31.1,77.25,1.4,1,0.8754687373539
2023-12-02,26.5666666666667,32.9,21.9,78.375,1.3,22.0458333333333,-56,-12.5,"V017","V017",-12.440805555072,-55.88775,2024-02-16,-76,32.9,78.375,1.3,1,0.832909122935104
2023-12-03,25.4333333333333,30.6,22.3,82.5,3.8,22.0625,-56,-12.5,"V017","V017",-12.440805555072,-55.88775,2024-02-16,-75,30.6,82.5,3.8,1,1.56861591791385
2023-12-04,24.9125,31.1,21.6,82.875,2.8,21.4083333333333,-56,-12.5,"V017","V017",-12.440805555072,-55.88775,2024-02-16,-74,31.1,82.875,2.8,1,1.33500106673234
2023-12-05,25.5916666666667,30.9,21.4,79.125,0,21.375,-56,-12.5,"V017","V017",-12.440805555072,-55.88775,2024-02-16,-73,30.9,79.125,0,0,0
2023-12-06,28.2333333333333,34.4,22.1,69.4166666666667,0.1,21.4666666666667,-56,-12.5,"V017","V017",-12.440805555072,-55.88775,2024-02-16,-72,34.4,69.4166666666667,0.1,0,0.0953101798043249
2023-12-07,27.6583333333333,33.9,22.7,71,0.3,21.4083333333333,-56,-12.5,"V017","V017",-12.440805555072,-55.88775,2024-02-16,-71,33.9,71,0.3,0,0.262364264467491
2023-12-08,27.2583333333333,33.3,21.9,75.625,0.6,22.1541666666667,-56,-12.5,"V017","V017",-12.440805555072,-55.88775,2024-02-16,-70,33.3,75.625,0.6,0,0.470003629245736
2023-12-09,27.3958333333333,33.2,23,73.2083333333333,0.7,21.6625,-56,-12.5,"V017","V017",-12.440805555072,-55.88775,2024-02-16,-69,33.2,73.2083333333333,0.7,0,0.53062825106217
2023-12-10,27.9791666666667,33.6,23.2,71.2083333333333,0.2,21.775,-56,-12.5,"V017","V017",-12.440805555072,-55.88775,2024-02-16,-68,33.6,71.2083333333333,0.2,0,0.182321556793955
2023-12-11,26.3416666666667,31,23.2,74.5416666666667,0.2,21.325,-56,-12.5,"V017","V017",-12.440805555072,-55.88775,2024-02-16,-67,31,74.5416666666667,0.2,0,0.182321556793955
2023-12-12,26.9083333333333,31.4,23.1,75.0416666666667,0.9,21.7958333333333,-56,-12.5,"V017","V017",-12.440805555072,-55.88775,2024-02-16,-66,31.4,75.0416666666667,0.9,0,0.641853886172395
2023-12-13,28.4666666666667,34.6,22.8,68.8333333333333,0.1,21.5166666666667,-56,-12.5,"V017","V017",-12.440805555072,-55.88775,2024-02-16,-65,34.6,68.8333333333333,0.1,0,0.0953101798043249
2023-12-14,27.325,33.2,23.5,73.4583333333333,0.1,21.8791666666667,-56,-12.5,"V017","V017",-12.440805555072,-55.88775,2024-02-16,-64,33.2,73.4583333333333,0.1,0,0.0953101798043249
2023-12-15,27.6333333333333,34.1,22.2,70.25,0,21.025,-56,-12.5,"V017","V017",-12.440805555072,-55.88775,2024-02-16,-63,34.1,70.25,0,0,0
2023-12-16,29.1125,36,23.2,64.2916666666667,0.2,20.8916666666667,-56,-12.5,"V017","V017",-12.440805555072,-55.88775,2024-02-16,-62,36,64.2916666666667,0.2,0,0.182321556793955
2023-12-17,28.5958333333333,34.7,23.9,65.7083333333333,0.1,21.0625,-56,-12.5,"V017","V017",-12.440805555072,-55.88775,2024-02-16,-61,34.7,65.7083333333333,0.1,0,0.0953101798043249
2023-12-18,28.5291666666667,34.2,22.6,67.625,0,21.4875,-56,-12.5,"V017","V017",-12.440805555072,-55.88775,2024-02-16,-60,34.2,67.625,0,0,0
2023-12-19,26.2208333333333,32.2,23.3,79.2083333333333,7.2,22.0541666666667,-56,-12.5,"V017","V017",-12.440805555072,-55.88775,2024-02-16,-59,32.2,79.2083333333333,7.2,1,2.10413415427021
2023-12-20,26.2916666666667,31.1,22.1,81.8333333333333,5.1,22.6875,-56,-12.5,"V017","V017",-12.440805555072,-55.88775,2024-02-16,-58,31.1,81.8333333333333,5.1,1,1.80828877117927
2023-12-21,24.5375,28,23.2,92.5416666666667,34,23.2083333333333,-56,-12.5,"V017","V017",-12.440805555072,-55.88775,2024-02-16,-57,28,92.5416666666667,34,1,3.55534806148941
2023-12-22,24.2041666666667,29.1,22.6,90.7083333333333,20.8,22.5166666666667,-56,-12.5,"V017","V017",-12.440805555072,-55.88775,2024-02-16,-56,29.1,90.7083333333333,20.8,1,3.08190996979504
2023-12-23,24.7708333333333,28.4,22.2,87.7083333333333,11.6,22.4791666666667,-56,-12.5,"V017","V017",-12.440805555072,-55.88775,2024-02-16,-55,28.4,87.7083333333333,11.6,1,2.53369681395743
2023-12-24,27.125,32.1,22.4,78.625,0.3,22.7166666666667,-56,-12.5,"V017","V017",-12.440805555072,-55.88775,2024-02-16,-54,32.1,78.625,0.3,0,0.262364264467491
2023-12-25,27.6583333333333,34.3,23.2,79.75,3.7,23.4416666666667,-56,-12.5,"V017","V017",-12.440805555072,-55.88775,2024-02-16,-53,34.3,79.75,3.7,1,1.54756250871601
2023-12-26,25.3041666666667,31.2,22.6,82.8333333333333,0.8,21.925,-56,-12.5,"V017","V017",-12.440805555072,-55.88775,2024-02-16,-52,31.2,82.8333333333333,0.8,0,0.587786664902119
2023-12-27,27.0708333333333,33.5,20.7,77.125,0.3,22.2791666666667,-56,-12.5,"V017","V017",-12.440805555072,-55.88775,2024-02-16,-51,33.5,77.125,0.3,0,0.262364264467491
2023-12-28,28.2291666666667,34.1,22.6,74.2916666666667,0.2,22.6666666666667,-56,-12.5,"V017","V017",-12.440805555072,-55.88775,2024-02-16,-50,34.1,74.2916666666667,0.2,0,0.182321556793955
2023-12-29,25.5416666666667,28.9,23,86.4166666666667,4.3,23.0625,-56,-12.5,"V017","V017",-12.440805555072,-55.88775,2024-02-16,-49,28.9,86.4166666666667,4.3,1,1.66770682055808
2023-12-30,25.5791666666667,30,22.3,85.7916666666667,7.3,22.8541666666667,-56,-12.5,"V017","V017",-12.440805555072,-55.88775,2024-02-16,-48,30,85.7916666666667,7.3,1,2.11625551480255
2023-12-31,26.2,31.5,22.1,79.375,0,21.9916666666667,-56,-12.5,"V017","V017",-12.440805555072,-55.88775,2024-02-16,-47,31.5,79.375,0,0,0
2024-01-01,25.2,29,23,87.5833333333333,8.5,22.9166666666667,-56,-12.5,"V017","V017",-12.440805555072,-55.88775,2024-02-16,-46,29,87.5833333333333,8.5,1,2.2512917986065
2024-01-02,25.0083333333333,29.3,22.6,89.1666666666667,10.2,23.0125,-56,-12.5,"V017","V017",-12.440805555072,-55.88775,2024-02-16,-45,29.3,89.1666666666667,10.2,1,2.41591377830105
2024-01-03,24.175,27.4,22.7,91.5833333333333,23.3,22.7,-56,-12.5,"V017","V017",-12.440805555072,-55.88775,2024-02-16,-44,27.4,91.5833333333333,23.3,1,3.1904763503465
2024-01-04,24.8291666666667,28.1,22.4,90.9166666666667,23.3,23.1875,-56,-12.5,"V017","V017",-12.440805555072,-55.88775,2024-02-16,-43,28.1,90.9166666666667,23.3,1,3.1904763503465
2024-01-05,24.1416666666667,28.3,22.3,88.75,7.6,22.0416666666667,-56,-12.5,"V017","V017",-12.440805555072,-55.88775,2024-02-16,-42,28.3,88.75,7.6,1,2.15176220325946
2024-01-06,25.2208333333333,30.5,22.2,87.6666666666667,14.4,22.9,-56,-12.5,"V017","V017",-12.440805555072,-55.88775,2024-02-16,-41,30.5,87.6666666666667,14.4,1,2.73436750941958
2024-01-07,26.0166666666667,30.9,22.7,85.125,3.5,23.1916666666667,-56,-12.5,"V017","V017",-12.440805555072,-55.88775,2024-02-16,-40,30.9,85.125,3.5,1,1.50407739677627
2024-01-08,26.6791666666667,32.7,22.8,83.125,1.2,23.3083333333333,-56,-12.5,"V017","V017",-12.440805555072,-55.88775,2024-02-16,-39,32.7,83.125,1.2,1,0.78845736036427
2024-01-09,24.1833333333333,27.8,21.7,89.5,21,22.3,-56,-12.5,"V017","V017",-12.440805555072,-55.88775,2024-02-16,-38,27.8,89.5,21,1,3.09104245335832
2024-01-10,24.9125,29.4,22.7,89.5416666666667,24,23.0083333333333,-56,-12.5,"V017","V017",-12.440805555072,-55.88775,2024-02-16,-37,29.4,89.5416666666667,24,1,3.2188758248682
2024-01-11,23.5625,26.2,22.1,90.7916666666667,6.6,21.9375,-56,-12.5,"V017","V017",-12.440805555072,-55.88775,2024-02-16,-36,26.2,90.7916666666667,6.6,1,2.02814824729229
2024-01-12,25.075,29.9,22,85.0833333333333,6,22.2291666666667,-56,-12.5,"V017","V017",-12.440805555072,-55.88775,2024-02-16,-35,29.9,85.0833333333333,6,1,1.94591014905531
2024-01-13,25.4708333333333,29.2,22.5,88.0833333333333,6.7,23.2708333333333,-56,-12.5,"V017","V017",-12.440805555072,-55.88775,2024-02-16,-34,29.2,88.0833333333333,6.7,1,2.04122032885964
2024-01-14,26.0291666666667,32,22.5,83.2083333333333,1.8,22.7083333333333,-56,-12.5,"V017","V017",-12.440805555072,-55.88775,2024-02-16,-33,32,83.2083333333333,1.8,1,1.02961941718116
2024-01-15,26.6541666666667,31.6,22.2,78.0416666666667,0.2,22.1583333333333,-56,-12.5,"V017","V017",-12.440805555072,-55.88775,2024-02-16,-32,31.6,78.0416666666667,0.2,0,0.182321556793955
2024-01-16,27.3958333333333,33.5,22.8,76.2083333333333,0.6,22.4333333333333,-56,-12.5,"V017","V017",-12.440805555072,-55.88775,2024-02-16,-31,33.5,76.2083333333333,0.6,0,0.470003629245736
2024-01-17,27.1791666666667,33.2,23.3,76.5833333333333,0.3,22.4666666666667,-56,-12.5,"V017","V017",-12.440805555072,-55.88775,2024-02-16,-30,33.2,76.5833333333333,0.3,0,0.262364264467491
2024-01-18,26.8291666666667,32.8,22.1,77.9583333333333,1,22.3208333333333,-56,-12.5,"V017","V017",-12.440805555072,-55.88775,2024-02-16,-29,32.8,77.9583333333333,1,1,0.693147180559945
2024-01-19,25.4041666666667,29.3,22.3,84.75,9.2,22.55,-56,-12.5,"V017","V017",-12.440805555072,-55.88775,2024-02-16,-28,29.3,84.75,9.2,1,2.32238772029023
2024-01-20,26.7708333333333,32.4,22.8,81.2083333333333,1.6,22.975,-56,-12.5,"V017","V017",-12.440805555072,-55.88775,2024-02-16,-27,32.4,81.2083333333333,1.6,1,0.955511445027436
2024-01-21,26.3125,30.4,23,84.6666666666667,11,23.4333333333333,-56,-12.5,"V017","V017",-12.440805555072,-55.88775,2024-02-16,-26,30.4,84.6666666666667,11,1,2.484906649788
2024-01-22,26.9375,33,23.6,82.125,3.8,23.3875,-56,-12.5,"V017","V017",-12.440805555072,-55.88775,2024-02-16,-25,33,82.125,3.8,1,1.56861591791385
2024-01-23,25.9333333333333,33.1,23,87.9583333333333,14.8,23.6458333333333,-56,-12.5,"V017","V017",-12.440805555072,-55.88775,2024-02-16,-24,33.1,87.9583333333333,14.8,1,2.76000994003292
2024-01-24,25.6083333333333,29.6,23.2,88.1666666666667,13.1,23.375,-56,-12.5,"V017","V017",-12.440805555072,-55.88775,2024-02-16,-23,29.6,88.1666666666667,13.1,1,2.64617479738412
2024-01-25,25.5625,29.5,22.8,87.125,19.2,23.1458333333333,-56,-12.5,"V017","V017",-12.440805555072,-55.88775,2024-02-16,-22,29.5,87.125,19.2,1,3.00568260440716
2024-01-26,27.25,32.9,22.9,79.125,2.1,22.8625,-56,-12.5,"V017","V017",-12.440805555072,-55.88775,2024-02-16,-21,32.9,79.125,2.1,1,1.1314021114911
2024-01-27,26.9958333333333,32.9,22.8,74.75,0,21.4416666666667,-56,-12.5,"V017","V017",-12.440805555072,-55.88775,2024-02-16,-20,32.9,74.75,0,0,0
2024-01-28,26.5333333333333,32.3,22.6,76.5416666666667,0.2,21.7625,-56,-12.5,"V017","V017",-12.440805555072,-55.88775,2024-02-16,-19,32.3,76.5416666666667,0.2,0,0.182321556793955
2024-01-29,25.925,30.9,22.1,80.6666666666667,0.5,22.0583333333333,-56,-12.5,"V017","V017",-12.440805555072,-55.88775,2024-02-16,-18,30.9,80.6666666666667,0.5,0,0.405465108108164
2024-01-30,27.1958333333333,33.6,22.2,74.5,0.1,21.8083333333333,-56,-12.5,"V017","V017",-12.440805555072,-55.88775,2024-02-16,-17,33.6,74.5,0.1,0,0.0953101798043249
2024-01-31,25.4833333333333,29.3,22.8,83.8333333333333,5.1,22.4416666666667,-56,-12.5,"V017","V017",-12.440805555072,-55.88775,2024-02-16,-16,29.3,83.8333333333333,5.1,1,1.80828877117927
2024-02-01,26.9166666666667,33.6,21.5,76.9166666666667,3.2,22.0625,-56,-12.5,"V017","V017",-12.440805555072,-55.88775,2024-02-16,-15,33.6,76.9166666666667,3.2,1,1.43508452528932
2024-02-02,24.7958333333333,30.2,21.5,82.4583333333333,6.8,21.275,-56,-12.5,"V017","V017",-12.440805555072,-55.88775,2024-02-16,-14,30.2,82.4583333333333,6.8,1,2.05412373369555
2024-02-03,23.9583333333333,28.2,22.2,88.2916666666667,8.9,21.8291666666667,-56,-12.5,"V017","V017",-12.440805555072,-55.88775,2024-02-16,-13,28.2,88.2916666666667,8.9,1,2.29253475714054
2024-02-04,23.5291666666667,25.2,21.9,94.8333333333333,17.8,22.6208333333333,-56,-12.5,"V017","V017",-12.440805555072,-55.88775,2024-02-16,-12,25.2,94.8333333333333,17.8,1,2.9338568698359
2024-02-05,24.2458333333333,27.8,21.8,91.0833333333333,12.5,22.65,-56,-12.5,"V017","V017",-12.440805555072,-55.88775,2024-02-16,-11,27.8,91.0833333333333,12.5,1,2.60268968544438
2024-02-06,26.575,33,22.4,80.4166666666667,1.1,22.4916666666667,-56,-12.5,"V017","V017",-12.440805555072,-55.88775,2024-02-16,-10,33,80.4166666666667,1.1,1,0.741937344729377
2024-02-07,27.4916666666667,33.2,22.1,76.4583333333333,0.3,22.5416666666667,-56,-12.5,"V017","V017",-12.440805555072,-55.88775,2024-02-16,-9,33.2,76.4583333333333,0.3,0,0.262364264467491
2024-02-08,26.1208333333333,30.8,23.3,84.125,6.5,23.0458333333333,-56,-12.5,"V017","V017",-12.440805555072,-55.88775,2024-02-16,-8,30.8,84.125,6.5,1,2.01490302054226
2024-02-09,26.7208333333333,32.1,22.5,81.9583333333333,3.4,23.1083333333333,-56,-12.5,"V017","V017",-12.440805555072,-55.88775,2024-02-16,-7,32.1,81.9583333333333,3.4,1,1.48160454092422
2024-02-10,25.6875,30.1,23.5,86.125,17.8,23.0916666666667,-56,-12.5,"V017","V017",-12.440805555072,-55.88775,2024-02-16,-6,30.1,86.125,17.8,1,2.9338568698359
2024-02-11,24.8833333333333,28.8,22.6,87.9583333333333,4.9,22.6708333333333,-56,-12.5,"V017","V017",-12.440805555072,-55.88775,2024-02-16,-5,28.8,87.9583333333333,4.9,1,1.77495235091167
2024-02-12,24.7375,29.3,21.6,84.75,22.6,21.8041666666667,-56,-12.5,"V017","V017",-12.440805555072,-55.88775,2024-02-16,-4,29.3,84.75,22.6,1,3.16124671203156
2024-02-13,27.0958333333333,33.2,22.6,74.6666666666667,0,21.7666666666667,-56,-12.5,"V017","V017",-12.440805555072,-55.88775,2024-02-16,-3,33.2,74.6666666666667,0,0,0
2024-02-14,27.9541666666667,33.8,22.4,73.2916666666667,0.2,22.3208333333333,-56,-12.5,"V017","V017",-12.440805555072,-55.88775,2024-02-16,-2,33.8,73.2916666666667,0.2,0,0.182321556793955
2024-02-15,28.8875,35.3,23.7,69.2083333333333,0,22.325,-56,-12.5,"V017","V017",-12.440805555072,-55.88775,2024-02-16,-1,35.3,69.2083333333333,0,0,0
2023-12-23,24.7708333333333,28.4,22.2,87.7083333333333,11.6,22.4791666666667,-56,-12.5,"V018","V018",-12.440805555072,-55.88775,2024-03-12,-80,28.4,87.7083333333333,11.6,1,2.53369681395743
2023-12-24,27.125,32.1,22.4,78.625,0.3,22.7166666666667,-56,-12.5,"V018","V018",-12.440805555072,-55.88775,2024-03-12,-79,32.1,78.625,0.3,0,0.262364264467491
2023-12-25,27.6583333333333,34.3,23.2,79.75,3.7,23.4416666666667,-56,-12.5,"V018","V018",-12.440805555072,-55.88775,2024-03-12,-78,34.3,79.75,3.7,1,1.54756250871601
2023-12-26,25.3041666666667,31.2,22.6,82.8333333333333,0.8,21.925,-56,-12.5,"V018","V018",-12.440805555072,-55.88775,2024-03-12,-77,31.2,82.8333333333333,0.8,0,0.587786664902119
2023-12-27,27.0708333333333,33.5,20.7,77.125,0.3,22.2791666666667,-56,-12.5,"V018","V018",-12.440805555072,-55.88775,2024-03-12,-76,33.5,77.125,0.3,0,0.262364264467491
2023-12-28,28.2291666666667,34.1,22.6,74.2916666666667,0.2,22.6666666666667,-56,-12.5,"V018","V018",-12.440805555072,-55.88775,2024-03-12,-75,34.1,74.2916666666667,0.2,0,0.182321556793955
2023-12-29,25.5416666666667,28.9,23,86.4166666666667,4.3,23.0625,-56,-12.5,"V018","V018",-12.440805555072,-55.88775,2024-03-12,-74,28.9,86.4166666666667,4.3,1,1.66770682055808
2023-12-30,25.5791666666667,30,22.3,85.7916666666667,7.3,22.8541666666667,-56,-12.5,"V018","V018",-12.440805555072,-55.88775,2024-03-12,-73,30,85.7916666666667,7.3,1,2.11625551480255
2023-12-31,26.2,31.5,22.1,79.375,0,21.9916666666667,-56,-12.5,"V018","V018",-12.440805555072,-55.88775,2024-03-12,-72,31.5,79.375,0,0,0
2024-01-01,25.2,29,23,87.5833333333333,8.5,22.9166666666667,-56,-12.5,"V018","V018",-12.440805555072,-55.88775,2024-03-12,-71,29,87.5833333333333,8.5,1,2.2512917986065
2024-01-02,25.0083333333333,29.3,22.6,89.1666666666667,10.2,23.0125,-56,-12.5,"V018","V018",-12.440805555072,-55.88775,2024-03-12,-70,29.3,89.1666666666667,10.2,1,2.41591377830105
2024-01-03,24.175,27.4,22.7,91.5833333333333,23.3,22.7,-56,-12.5,"V018","V018",-12.440805555072,-55.88775,2024-03-12,-69,27.4,91.5833333333333,23.3,1,3.1904763503465
2024-01-04,24.8291666666667,28.1,22.4,90.9166666666667,23.3,23.1875,-56,-12.5,"V018","V018",-12.440805555072,-55.88775,2024-03-12,-68,28.1,90.9166666666667,23.3,1,3.1904763503465
2024-01-05,24.1416666666667,28.3,22.3,88.75,7.6,22.0416666666667,-56,-12.5,"V018","V018",-12.440805555072,-55.88775,2024-03-12,-67,28.3,88.75,7.6,1,2.15176220325946
2024-01-06,25.2208333333333,30.5,22.2,87.6666666666667,14.4,22.9,-56,-12.5,"V018","V018",-12.440805555072,-55.88775,2024-03-12,-66,30.5,87.6666666666667,14.4,1,2.73436750941958
2024-01-07,26.0166666666667,30.9,22.7,85.125,3.5,23.1916666666667,-56,-12.5,"V018","V018",-12.440805555072,-55.88775,2024-03-12,-65,30.9,85.125,3.5,1,1.50407739677627
2024-01-08,26.6791666666667,32.7,22.8,83.125,1.2,23.3083333333333,-56,-12.5,"V018","V018",-12.440805555072,-55.88775,2024-03-12,-64,32.7,83.125,1.2,1,0.78845736036427
2024-01-09,24.1833333333333,27.8,21.7,89.5,21,22.3,-56,-12.5,"V018","V018",-12.440805555072,-55.88775,2024-03-12,-63,27.8,89.5,21,1,3.09104245335832
2024-01-10,24.9125,29.4,22.7,89.5416666666667,24,23.0083333333333,-56,-12.5,"V018","V018",-12.440805555072,-55.88775,2024-03-12,-62,29.4,89.5416666666667,24,1,3.2188758248682
2024-01-11,23.5625,26.2,22.1,90.7916666666667,6.6,21.9375,-56,-12.5,"V018","V018",-12.440805555072,-55.88775,2024-03-12,-61,26.2,90.7916666666667,6.6,1,2.02814824729229
2024-01-12,25.075,29.9,22,85.0833333333333,6,22.2291666666667,-56,-12.5,"V018","V018",-12.440805555072,-55.88775,2024-03-12,-60,29.9,85.0833333333333,6,1,1.94591014905531
2024-01-13,25.4708333333333,29.2,22.5,88.0833333333333,6.7,23.2708333333333,-56,-12.5,"V018","V018",-12.440805555072,-55.88775,2024-03-12,-59,29.2,88.0833333333333,6.7,1,2.04122032885964
2024-01-14,26.0291666666667,32,22.5,83.2083333333333,1.8,22.7083333333333,-56,-12.5,"V018","V018",-12.440805555072,-55.88775,2024-03-12,-58,32,83.2083333333333,1.8,1,1.02961941718116
2024-01-15,26.6541666666667,31.6,22.2,78.0416666666667,0.2,22.1583333333333,-56,-12.5,"V018","V018",-12.440805555072,-55.88775,2024-03-12,-57,31.6,78.0416666666667,0.2,0,0.182321556793955
2024-01-16,27.3958333333333,33.5,22.8,76.2083333333333,0.6,22.4333333333333,-56,-12.5,"V018","V018",-12.440805555072,-55.88775,2024-03-12,-56,33.5,76.2083333333333,0.6,0,0.470003629245736
2024-01-17,27.1791666666667,33.2,23.3,76.5833333333333,0.3,22.4666666666667,-56,-12.5,"V018","V018",-12.440805555072,-55.88775,2024-03-12,-55,33.2,76.5833333333333,0.3,0,0.262364264467491
2024-01-18,26.8291666666667,32.8,22.1,77.9583333333333,1,22.3208333333333,-56,-12.5,"V018","V018",-12.440805555072,-55.88775,2024-03-12,-54,32.8,77.9583333333333,1,1,0.693147180559945
2024-01-19,25.4041666666667,29.3,22.3,84.75,9.2,22.55,-56,-12.5,"V018","V018",-12.440805555072,-55.88775,2024-03-12,-53,29.3,84.75,9.2,1,2.32238772029023
2024-01-20,26.7708333333333,32.4,22.8,81.2083333333333,1.6,22.975,-56,-12.5,"V018","V018",-12.440805555072,-55.88775,2024-03-12,-52,32.4,81.2083333333333,1.6,1,0.955511445027436
2024-01-21,26.3125,30.4,23,84.6666666666667,11,23.4333333333333,-56,-12.5,"V018","V018",-12.440805555072,-55.88775,2024-03-12,-51,30.4,84.6666666666667,11,1,2.484906649788
2024-01-22,26.9375,33,23.6,82.125,3.8,23.3875,-56,-12.5,"V018","V018",-12.440805555072,-55.88775,2024-03-12,-50,33,82.125,3.8,1,1.56861591791385
2024-01-23,25.9333333333333,33.1,23,87.9583333333333,14.8,23.6458333333333,-56,-12.5,"V018","V018",-12.440805555072,-55.88775,2024-03-12,-49,33.1,87.9583333333333,14.8,1,2.76000994003292
2024-01-24,25.6083333333333,29.6,23.2,88.1666666666667,13.1,23.375,-56,-12.5,"V018","V018",-12.440805555072,-55.88775,2024-03-12,-48,29.6,88.1666666666667,13.1,1,2.64617479738412
2024-01-25,25.5625,29.5,22.8,87.125,19.2,23.1458333333333,-56,-12.5,"V018","V018",-12.440805555072,-55.88775,2024-03-12,-47,29.5,87.125,19.2,1,3.00568260440716
2024-01-26,27.25,32.9,22.9,79.125,2.1,22.8625,-56,-12.5,"V018","V018",-12.440805555072,-55.88775,2024-03-12,-46,32.9,79.125,2.1,1,1.1314021114911
2024-01-27,26.9958333333333,32.9,22.8,74.75,0,21.4416666666667,-56,-12.5,"V018","V018",-12.440805555072,-55.88775,2024-03-12,-45,32.9,74.75,0,0,0
2024-01-28,26.5333333333333,32.3,22.6,76.5416666666667,0.2,21.7625,-56,-12.5,"V018","V018",-12.440805555072,-55.88775,2024-03-12,-44,32.3,76.5416666666667,0.2,0,0.182321556793955
2024-01-29,25.925,30.9,22.1,80.6666666666667,0.5,22.0583333333333,-56,-12.5,"V018","V018",-12.440805555072,-55.88775,2024-03-12,-43,30.9,80.6666666666667,0.5,0,0.405465108108164
2024-01-30,27.1958333333333,33.6,22.2,74.5,0.1,21.8083333333333,-56,-12.5,"V018","V018",-12.440805555072,-55.88775,2024-03-12,-42,33.6,74.5,0.1,0,0.0953101798043249
2024-01-31,25.4833333333333,29.3,22.8,83.8333333333333,5.1,22.4416666666667,-56,-12.5,"V018","V018",-12.440805555072,-55.88775,2024-03-12,-41,29.3,83.8333333333333,5.1,1,1.80828877117927
2024-02-01,26.9166666666667,33.6,21.5,76.9166666666667,3.2,22.0625,-56,-12.5,"V018","V018",-12.440805555072,-55.88775,2024-03-12,-40,33.6,76.9166666666667,3.2,1,1.43508452528932
2024-02-02,24.7958333333333,30.2,21.5,82.4583333333333,6.8,21.275,-56,-12.5,"V018","V018",-12.440805555072,-55.88775,2024-03-12,-39,30.2,82.4583333333333,6.8,1,2.05412373369555
2024-02-03,23.9583333333333,28.2,22.2,88.2916666666667,8.9,21.8291666666667,-56,-12.5,"V018","V018",-12.440805555072,-55.88775,2024-03-12,-38,28.2,88.2916666666667,8.9,1,2.29253475714054
2024-02-04,23.5291666666667,25.2,21.9,94.8333333333333,17.8,22.6208333333333,-56,-12.5,"V018","V018",-12.440805555072,-55.88775,2024-03-12,-37,25.2,94.8333333333333,17.8,1,2.9338568698359
2024-02-05,24.2458333333333,27.8,21.8,91.0833333333333,12.5,22.65,-56,-12.5,"V018","V018",-12.440805555072,-55.88775,2024-03-12,-36,27.8,91.0833333333333,12.5,1,2.60268968544438
2024-02-06,26.575,33,22.4,80.4166666666667,1.1,22.4916666666667,-56,-12.5,"V018","V018",-12.440805555072,-55.88775,2024-03-12,-35,33,80.4166666666667,1.1,1,0.741937344729377
2024-02-07,27.4916666666667,33.2,22.1,76.4583333333333,0.3,22.5416666666667,-56,-12.5,"V018","V018",-12.440805555072,-55.88775,2024-03-12,-34,33.2,76.4583333333333,0.3,0,0.262364264467491
2024-02-08,26.1208333333333,30.8,23.3,84.125,6.5,23.0458333333333,-56,-12.5,"V018","V018",-12.440805555072,-55.88775,2024-03-12,-33,30.8,84.125,6.5,1,2.01490302054226
2024-02-09,26.7208333333333,32.1,22.5,81.9583333333333,3.4,23.1083333333333,-56,-12.5,"V018","V018",-12.440805555072,-55.88775,2024-03-12,-32,32.1,81.9583333333333,3.4,1,1.48160454092422
2024-02-10,25.6875,30.1,23.5,86.125,17.8,23.0916666666667,-56,-12.5,"V018","V018",-12.440805555072,-55.88775,2024-03-12,-31,30.1,86.125,17.8,1,2.9338568698359
2024-02-11,24.8833333333333,28.8,22.6,87.9583333333333,4.9,22.6708333333333,-56,-12.5,"V018","V018",-12.440805555072,-55.88775,2024-03-12,-30,28.8,87.9583333333333,4.9,1,1.77495235091167
2024-02-12,24.7375,29.3,21.6,84.75,22.6,21.8041666666667,-56,-12.5,"V018","V018",-12.440805555072,-55.88775,2024-03-12,-29,29.3,84.75,22.6,1,3.16124671203156
2024-02-13,27.0958333333333,33.2,22.6,74.6666666666667,0,21.7666666666667,-56,-12.5,"V018","V018",-12.440805555072,-55.88775,2024-03-12,-28,33.2,74.6666666666667,0,0,0
2024-02-14,27.9541666666667,33.8,22.4,73.2916666666667,0.2,22.3208333333333,-56,-12.5,"V018","V018",-12.440805555072,-55.88775,2024-03-12,-27,33.8,73.2916666666667,0.2,0,0.182321556793955
2024-02-15,28.8875,35.3,23.7,69.2083333333333,0,22.325,-56,-12.5,"V018","V018",-12.440805555072,-55.88775,2024-03-12,-26,35.3,69.2083333333333,0,0,0
2024-02-16,27.5666666666667,32.7,24,77.7916666666667,0.7,23.1166666666667,-56,-12.5,"V018","V018",-12.440805555072,-55.88775,2024-03-12,-25,32.7,77.7916666666667,0.7,0,0.53062825106217
2024-02-17,26.1041666666667,31.1,23.5,83.9166666666667,7.2,23.0291666666667,-56,-12.5,"V018","V018",-12.440805555072,-55.88775,2024-03-12,-24,31.1,83.9166666666667,7.2,1,2.10413415427021
2024-02-18,25.7833333333333,29.7,22.8,87.375,22.5,23.4416666666667,-56,-12.5,"V018","V018",-12.440805555072,-55.88775,2024-03-12,-23,29.7,87.375,22.5,1,3.15700042115011
2024-02-19,25.1375,30.6,22.7,89.8333333333333,12.9,23.2458333333333,-56,-12.5,"V018","V018",-12.440805555072,-55.88775,2024-03-12,-22,30.6,89.8333333333333,12.9,1,2.63188884013665
2024-02-20,24.4625,29.1,22.5,90.2916666666667,13.3,22.6916666666667,-56,-12.5,"V018","V018",-12.440805555072,-55.88775,2024-03-12,-21,29.1,90.2916666666667,13.3,1,2.66025953726586
2024-02-21,24.7583333333333,29.3,22.7,89.3333333333333,15.7,22.7666666666667,-56,-12.5,"V018","V018",-12.440805555072,-55.88775,2024-03-12,-20,29.3,89.3333333333333,15.7,1,2.81540871942271
2024-02-22,26.0791666666667,30.8,22.9,82.25,1.9,22.5916666666667,-56,-12.5,"V018","V018",-12.440805555072,-55.88775,2024-03-12,-19,30.8,82.25,1.9,1,1.06471073699243
2024-02-23,25.3,28.8,22.7,85.0416666666667,7.5,22.4916666666667,-56,-12.5,"V018","V018",-12.440805555072,-55.88775,2024-03-12,-18,28.8,85.0416666666667,7.5,1,2.14006616349627
2024-02-24,24.95,28.4,22.2,84.7083333333333,24.4,22.0833333333333,-56,-12.5,"V018","V018",-12.440805555072,-55.88775,2024-03-12,-17,28.4,84.7083333333333,24.4,1,3.23474917402449
2024-02-25,27.125,33.3,22.1,75.375,0.2,21.9708333333333,-56,-12.5,"V018","V018",-12.440805555072,-55.88775,2024-03-12,-16,33.3,75.375,0.2,0,0.182321556793955
2024-02-26,27.1666666666667,33,21.7,74.7083333333333,1.1,21.85,-56,-12.5,"V018","V018",-12.440805555072,-55.88775,2024-03-12,-15,33,74.7083333333333,1.1,1,0.741937344729377
2024-02-27,24.1708333333333,29.7,20.9,83.0833333333333,6.4,20.9208333333333,-56,-12.5,"V018","V018",-12.440805555072,-55.88775,2024-03-12,-14,29.7,83.0833333333333,6.4,1,2.00148000021012
2024-02-28,26.4625,33.5,20.4,75.25,0,21.1583333333333,-56,-12.5,"V018","V018",-12.440805555072,-55.88775,2024-03-12,-13,33.5,75.25,0,0,0
2024-02-29,27.8416666666667,33.4,23.2,75.9166666666667,0.1,22.8208333333333,-56,-12.5,"V018","V018",-12.440805555072,-55.88775,2024-03-12,-12,33.4,75.9166666666667,0.1,0,0.0953101798043249
2024-03-01,27.0541666666667,32.1,22.9,79.5833333333333,0.1,22.925,-56,-12.5,"V018","V018",-12.440805555072,-55.88775,2024-03-12,-11,32.1,79.5833333333333,0.1,0,0.0953101798043249
2024-03-02,27.3333333333333,33.2,22,76.7083333333333,0.7,22.4958333333333,-56,-12.5,"V018","V018",-12.440805555072,-55.88775,2024-03-12,-10,33.2,76.7083333333333,0.7,0,0.53062825106217
2024-03-03,23.9625,27.5,22.1,91.7083333333333,15.9,22.475,-56,-12.5,"V018","V018",-12.440805555072,-55.88775,2024-03-12,-9,27.5,91.7083333333333,15.9,1,2.82731362192903
2024-03-04,25.4958333333333,30.2,21.7,82.4583333333333,5.3,21.9791666666667,-56,-12.5,"V018","V018",-12.440805555072,-55.88775,2024-03-12,-8,30.2,82.4583333333333,5.3,1,1.84054963339749
2024-03-05,24.8125,29.6,22.5,88.5416666666667,16.4,22.6958333333333,-56,-12.5,"V018","V018",-12.440805555072,-55.88775,2024-03-12,-7,29.6,88.5416666666667,16.4,1,2.85647020622048
2024-03-06,26.225,31.5,22.4,83.8333333333333,4.8,23.0583333333333,-56,-12.5,"V018","V018",-12.440805555072,-55.88775,2024-03-12,-6,31.5,83.8333333333333,4.8,1,1.75785791755237
2024-03-07,26.8625,32.3,23.4,82.3333333333333,3.3,23.4083333333333,-56,-12.5,"V018","V018",-12.440805555072,-55.88775,2024-03-12,-5,32.3,82.3333333333333,3.3,1,1.45861502269952
2024-03-08,26.9916666666667,31.9,23.3,80.0833333333333,0.2,23.0375,-56,-12.5,"V018","V018",-12.440805555072,-55.88775,2024-03-12,-4,31.9,80.0833333333333,0.2,0,0.182321556793955
2024-03-09,26.7416666666667,32.1,22.8,81.4583333333333,0.7,23.0125,-56,-12.5,"V018","V018",-12.440805555072,-55.88775,2024-03-12,-3,32.1,81.4583333333333,0.7,0,0.53062825106217
2024-03-10,27.8416666666667,34.2,22.6,78.1666666666667,0,23.2833333333333,-56,-12.5,"V018","V018",-12.440805555072,-55.88775,2024-03-12,-2,34.2,78.1666666666667,0,0,0
2024-03-11,27.6625,33,23.4,79.25,1.6,23.4083333333333,-56,-12.5,"V018","V018",-12.440805555072,-55.88775,2024-03-12,-1,33,79.25,1.6,1,0.955511445027436
2023-11-11,28.7625,33.6,24.4,66.25,0.2,21.6333333333333,-56,-13,"V019","V019",-13.005,-55.965,2024-01-30,-80,33.6,66.25,0.2,0,0.182321556793955
2023-11-12,28.3166666666667,33.5,23.6,70.5416666666667,0.4,22.1416666666667,-56,-13,"V019","V019",-13.005,-55.965,2024-01-30,-79,33.5,70.5416666666667,0.4,0,0.336472236621213
2023-11-13,28.1583333333333,33.6,23.4,70.2916666666667,0.3,21.95,-56,-13,"V019","V019",-13.005,-55.965,2024-01-30,-78,33.6,70.2916666666667,0.3,0,0.262364264467491
2023-11-14,28.7916666666667,34.2,23.9,66.125,0.4,21.3791666666667,-56,-13,"V019","V019",-13.005,-55.965,2024-01-30,-77,34.2,66.125,0.4,0,0.336472236621213
2023-11-15,30.3625,36.6,23.9,60.2916666666667,0,21.0333333333333,-56,-13,"V019","V019",-13.005,-55.965,2024-01-30,-76,36.6,60.2916666666667,0,0,0
2023-11-16,27.0791666666667,30.1,24.3,75.1666666666667,1.2,22.2166666666667,-56,-13,"V019","V019",-13.005,-55.965,2024-01-30,-75,30.1,75.1666666666667,1.2,1,0.78845736036427
2023-11-17,26.1583333333333,30.4,23.4,80.0833333333333,1.9,22.3791666666667,-56,-13,"V019","V019",-13.005,-55.965,2024-01-30,-74,30.4,80.0833333333333,1.9,1,1.06471073699243
2023-11-18,27.6791666666667,33.1,22.9,72.7083333333333,0.1,21.8875,-56,-13,"V019","V019",-13.005,-55.965,2024-01-30,-73,33.1,72.7083333333333,0.1,0,0.0953101798043249
2023-11-19,26.7583333333333,31.8,24.1,77.4166666666667,12.5,22.375,-56,-13,"V019","V019",-13.005,-55.965,2024-01-30,-72,31.8,77.4166666666667,12.5,1,2.60268968544438
2023-11-20,25.8833333333333,30.6,23.1,77.875,0.4,21.475,-56,-13,"V019","V019",-13.005,-55.965,2024-01-30,-71,30.6,77.875,0.4,0,0.336472236621213
2023-11-21,25.925,31.2,22.9,80.4583333333333,5.3,22.0791666666667,-56,-13,"V019","V019",-13.005,-55.965,2024-01-30,-70,31.2,80.4583333333333,5.3,1,1.84054963339749
2023-11-22,26.7291666666667,32.3,22.9,77.4166666666667,4.5,22.1916666666667,-56,-13,"V019","V019",-13.005,-55.965,2024-01-30,-69,32.3,77.4166666666667,4.5,1,1.70474809223843
2023-11-23,25.7708333333333,29.4,23.2,80.5833333333333,6,22.0333333333333,-56,-13,"V019","V019",-13.005,-55.965,2024-01-30,-68,29.4,80.5833333333333,6,1,1.94591014905531
2023-11-24,26.3333333333333,31.4,22.3,77.5,3.5,21.8083333333333,-56,-13,"V019","V019",-13.005,-55.965,2024-01-30,-67,31.4,77.5,3.5,1,1.50407739677627
2023-11-25,27.6416666666667,32.3,23.4,72.3333333333333,2.8,21.9291666666667,-56,-13,"V019","V019",-13.005,-55.965,2024-01-30,-66,32.3,72.3333333333333,2.8,1,1.33500106673234
2023-11-26,25.8416666666667,32.4,22.1,78.3333333333333,2.4,21.4125,-56,-13,"V019","V019",-13.005,-55.965,2024-01-30,-65,32.4,78.3333333333333,2.4,1,1.22377543162212
2023-11-27,26.2791666666667,32.6,21.7,76.0833333333333,0,21.4208333333333,-56,-13,"V019","V019",-13.005,-55.965,2024-01-30,-64,32.6,76.0833333333333,0,0,0
2023-11-28,27.7125,34.2,22.8,69.0416666666667,0.1,21.0541666666667,-56,-13,"V019","V019",-13.005,-55.965,2024-01-30,-63,34.2,69.0416666666667,0.1,0,0.0953101798043249
2023-11-29,28.2875,33.5,22.9,67.4166666666667,0.2,21.2666666666667,-56,-13,"V019","V019",-13.005,-55.965,2024-01-30,-62,33.5,67.4166666666667,0.2,0,0.182321556793955
2023-11-30,28.4458333333333,33,23.8,65.625,0.1,21.0666666666667,-56,-13,"V019","V019",-13.005,-55.965,2024-01-30,-61,33,65.625,0.1,0,0.0953101798043249
2023-12-01,26.6,31.5,23.4,73.9166666666667,2.2,21.3375,-56,-13,"V019","V019",-13.005,-55.965,2024-01-30,-60,31.5,73.9166666666667,2.2,1,1.16315080980568
2023-12-02,27.2333333333333,33.4,22.6,73.9583333333333,0.8,21.8,-56,-13,"V019","V019",-13.005,-55.965,2024-01-30,-59,33.4,73.9583333333333,0.8,0,0.587786664902119
2023-12-03,26.2875,30.9,23.5,76.5833333333333,0.4,21.6791666666667,-56,-13,"V019","V019",-13.005,-55.965,2024-01-30,-58,30.9,76.5833333333333,0.4,0,0.336472236621213
2023-12-04,25.8,31.4,22.5,77.1666666666667,1.3,21.1875,-56,-13,"V019","V019",-13.005,-55.965,2024-01-30,-57,31.4,77.1666666666667,1.3,1,0.832909122935104
2023-12-05,26.0416666666667,30.8,22,75.7083333333333,0.6,21.0666666666667,-56,-13,"V019","V019",-13.005,-55.965,2024-01-30,-56,30.8,75.7083333333333,0.6,0,0.470003629245736
2023-12-06,28.3375,34.3,22.6,67.9166666666667,0.2,21.2458333333333,-56,-13,"V019","V019",-13.005,-55.965,2024-01-30,-55,34.3,67.9166666666667,0.2,0,0.182321556793955
2023-12-07,27.9416666666667,33.8,23.3,69.3333333333333,3.5,21.3458333333333,-56,-13,"V019","V019",-13.005,-55.965,2024-01-30,-54,33.8,69.3333333333333,3.5,1,1.50407739677627
2023-12-08,27.8,33.7,22.6,71.5833333333333,0.4,21.8166666666667,-56,-13,"V019","V019",-13.005,-55.965,2024-01-30,-53,33.7,71.5833333333333,0.4,0,0.336472236621213
2023-12-09,27.8083333333333,33.5,23.2,69.6666666666667,0.2,21.4541666666667,-56,-13,"V019","V019",-13.005,-55.965,2024-01-30,-52,33.5,69.6666666666667,0.2,0,0.182321556793955
2023-12-10,28.5208333333333,33.2,23.7,70.4166666666667,2.5,22.2583333333333,-56,-13,"V019","V019",-13.005,-55.965,2024-01-30,-51,33.2,70.4166666666667,2.5,1,1.25276296849537
2023-12-11,26.2375,30.8,23,77.25,0.6,21.8625,-56,-13,"V019","V019",-13.005,-55.965,2024-01-30,-50,30.8,77.25,0.6,0,0.470003629245736
2023-12-12,27.3916666666667,31.9,23.8,72.7083333333333,1.7,21.7833333333333,-56,-13,"V019","V019",-13.005,-55.965,2024-01-30,-49,31.9,72.7083333333333,1.7,1,0.993251773010283
2023-12-13,28.975,34.5,23.1,65.25,0,21.1041666666667,-56,-13,"V019","V019",-13.005,-55.965,2024-01-30,-48,34.5,65.25,0,0,0
2023-12-14,27.9,32.8,24.4,72.5416666666667,2.8,22.3208333333333,-56,-13,"V019","V019",-13.005,-55.965,2024-01-30,-47,32.8,72.5416666666667,2.8,1,1.33500106673234
2023-12-15,28.2833333333333,34.4,22.5,66.7916666666667,0,20.7958333333333,-56,-13,"V019","V019",-13.005,-55.965,2024-01-30,-46,34.4,66.7916666666667,0,0,0
2023-12-16,29.7166666666667,36,24.4,62.5,0,21.1416666666667,-56,-13,"V019","V019",-13.005,-55.965,2024-01-30,-45,36,62.5,0,0,0
2023-12-17,29.1,34.6,24.8,62.5,0.1,20.8625,-56,-13,"V019","V019",-13.005,-55.965,2024-01-30,-44,34.6,62.5,0.1,0,0.0953101798043249
2023-12-18,29.3583333333333,34.7,23.9,62.8333333333333,0,21.1375,-56,-13,"V019","V019",-13.005,-55.965,2024-01-30,-43,34.7,62.8333333333333,0,0,0
2023-12-19,26.6666666666667,31.6,24,74.25,5.3,21.5166666666667,-56,-13,"V019","V019",-13.005,-55.965,2024-01-30,-42,31.6,74.25,5.3,1,1.84054963339749
2023-12-20,27.275,31.7,23.3,75.0833333333333,4.2,22.2375,-56,-13,"V019","V019",-13.005,-55.965,2024-01-30,-41,31.7,75.0833333333333,4.2,1,1.64865862558738
2023-12-21,25.1875,28.4,23.7,86.5416666666667,29.6,22.7208333333333,-56,-13,"V019","V019",-13.005,-55.965,2024-01-30,-40,28.4,86.5416666666667,29.6,1,3.42100000895834
2023-12-22,24.7041666666667,29.6,22.5,86.625,18.6,22.25,-56,-13,"V019","V019",-13.005,-55.965,2024-01-30,-39,29.6,86.625,18.6,1,2.97552956623647
2023-12-23,25.1916666666667,29.1,22.4,82.5833333333333,7.1,21.875,-56,-13,"V019","V019",-13.005,-55.965,2024-01-30,-38,29.1,82.5833333333333,7.1,1,2.09186406167839
2023-12-24,27.375,32.3,22.6,76.3333333333333,0.2,22.5416666666667,-56,-13,"V019","V019",-13.005,-55.965,2024-01-30,-37,32.3,76.3333333333333,0.2,0,0.182321556793955
2023-12-25,27.9958333333333,34.4,23.3,74.4583333333333,4.3,22.7291666666667,-56,-13,"V019","V019",-13.005,-55.965,2024-01-30,-36,34.4,74.4583333333333,4.3,1,1.66770682055808
2023-12-26,25.5125,29.8,23.2,80.125,1.6,21.7625,-56,-13,"V019","V019",-13.005,-55.965,2024-01-30,-35,29.8,80.125,1.6,1,0.955511445027436
2023-12-27,27.5791666666667,33.4,21.4,70.9583333333333,0.3,21.2708333333333,-56,-13,"V019","V019",-13.005,-55.965,2024-01-30,-34,33.4,70.9583333333333,0.3,0,0.262364264467491
2023-12-28,28.8791666666667,34.3,23,69.375,0,22.1833333333333,-56,-13,"V019","V019",-13.005,-55.965,2024-01-30,-33,34.3,69.375,0,0,0
2023-12-29,25.7833333333333,28.7,23.5,82.4583333333333,3.7,22.5166666666667,-56,-13,"V019","V019",-13.005,-55.965,2024-01-30,-32,28.7,82.4583333333333,3.7,1,1.54756250871601
2023-12-30,26.0791666666667,30.9,22.6,81.75,1.2,22.5583333333333,-56,-13,"V019","V019",-13.005,-55.965,2024-01-30,-31,30.9,81.75,1.2,1,0.78845736036427
2023-12-31,26.4791666666667,31.2,22.9,76.625,0,21.7666666666667,-56,-13,"V019","V019",-13.005,-55.965,2024-01-30,-30,31.2,76.625,0,0,0
2024-01-01,25.2,29.3,23.1,86.7083333333333,15,22.7458333333333,-56,-13,"V019","V019",-13.005,-55.965,2024-01-30,-29,29.3,86.7083333333333,15,1,2.77258872223978
2024-01-02,24.9416666666667,27.8,22.9,89.0833333333333,24.6,22.9791666666667,-56,-13,"V019","V019",-13.005,-55.965,2024-01-30,-28,27.8,89.0833333333333,24.6,1,3.24259235148552
2024-01-03,24.3708333333333,28,22.7,90.5,16.5,22.6458333333333,-56,-13,"V019","V019",-13.005,-55.965,2024-01-30,-27,28,90.5,16.5,1,2.86220088092947
2024-01-04,25.375,29,22.7,85.3333333333333,11.3,22.6458333333333,-56,-13,"V019","V019",-13.005,-55.965,2024-01-30,-26,29,85.3333333333333,11.3,1,2.50959926237837
2024-01-05,24.6458333333333,29,22.6,85.0833333333333,5.2,21.7875,-56,-13,"V019","V019",-13.005,-55.965,2024-01-30,-25,29,85.0833333333333,5.2,1,1.82454929205105
2024-01-06,25.7083333333333,30.6,22.6,83.5416666666667,2.6,22.5416666666667,-56,-13,"V019","V019",-13.005,-55.965,2024-01-30,-24,30.6,83.5416666666667,2.6,1,1.28093384546206
2024-01-07,26.4291666666667,30.8,22.9,82.5,7.5,23.0708333333333,-56,-13,"V019","V019",-13.005,-55.965,2024-01-30,-23,30.8,82.5,7.5,1,2.14006616349627
2024-01-08,26.6791666666667,31.7,23.6,81.9166666666667,2.6,23.1875,-56,-13,"V019","V019",-13.005,-55.965,2024-01-30,-22,31.7,81.9166666666667,2.6,1,1.28093384546206
2024-01-09,24.8333333333333,28.8,22.1,85.6666666666667,19.2,22.2,-56,-13,"V019","V019",-13.005,-55.965,2024-01-30,-21,28.8,85.6666666666667,19.2,1,3.00568260440716
2024-01-10,25.1,29.6,23.1,86.5,56.9,22.5833333333333,-56,-13,"V019","V019",-13.005,-55.965,2024-01-30,-20,29.6,86.5,56.9,1,4.05871738457895
2024-01-11,23.5458333333333,25.8,22.2,90.0833333333333,18,21.7708333333333,-56,-13,"V019","V019",-13.005,-55.965,2024-01-30,-19,25.8,90.0833333333333,18,1,2.94443897916644
2024-01-12,24.8666666666667,29.2,22.2,87,10.2,22.4875,-56,-13,"V019","V019",-13.005,-55.965,2024-01-30,-18,29.2,87,10.2,1,2.41591377830105
2024-01-13,25.7333333333333,29.5,22.4,85.0833333333333,6.4,22.8916666666667,-56,-13,"V019","V019",-13.005,-55.965,2024-01-30,-17,29.5,85.0833333333333,6.4,1,2.00148000021012
2024-01-14,26.5041666666667,31.8,22.9,80.8333333333333,1.3,22.6875,-56,-13,"V019","V019",-13.005,-55.965,2024-01-30,-16,31.8,80.8333333333333,1.3,1,0.832909122935104
2024-01-15,26.8,31.8,22.6,76.875,0,22.1083333333333,-56,-13,"V019","V019",-13.005,-55.965,2024-01-30,-15,31.8,76.875,0,0,0
2024-01-16,27.4916666666667,32.6,23.1,74.9583333333333,0.5,22.35,-56,-13,"V019","V019",-13.005,-55.965,2024-01-30,-14,32.6,74.9583333333333,0.5,0,0.405465108108164
2024-01-17,27.4,32.3,23.7,74.25,1.4,22.1833333333333,-56,-13,"V019","V019",-13.005,-55.965,2024-01-30,-13,32.3,74.25,1.4,1,0.8754687373539
2024-01-18,27.1083333333333,33,22.5,75.5416666666667,0.4,22.1166666666667,-56,-13,"V019","V019",-13.005,-55.965,2024-01-30,-12,33,75.5416666666667,0.4,0,0.336472236621213
2024-01-19,25.9958333333333,30.3,23,81.6666666666667,5.7,22.5125,-56,-13,"V019","V019",-13.005,-55.965,2024-01-30,-11,30.3,81.6666666666667,5.7,1,1.90210752639692
2024-01-20,27.125,32.4,22.8,78.7916666666667,0.6,22.7958333333333,-56,-13,"V019","V019",-13.005,-55.965,2024-01-30,-10,32.4,78.7916666666667,0.6,0,0.470003629245736
2024-01-21,26.875,31.5,23.3,80.9166666666667,3.4,23.1625,-56,-13,"V019","V019",-13.005,-55.965,2024-01-30,-9,31.5,80.9166666666667,3.4,1,1.48160454092422
2024-01-22,26.6625,30.2,23.8,83.625,25,23.5375,-56,-13,"V019","V019",-13.005,-55.965,2024-01-30,-8,30.2,83.625,25,1,3.25809653802148
2024-01-23,26.4375,32,23,82.4583333333333,15.1,22.9833333333333,-56,-13,"V019","V019",-13.005,-55.965,2024-01-30,-7,32,82.4583333333333,15.1,1,2.77881927199042
2024-01-24,26.1708333333333,30.6,23.7,84.7083333333333,11.1,23.2791666666667,-56,-13,"V019","V019",-13.005,-55.965,2024-01-30,-6,30.6,84.7083333333333,11.1,1,2.4932054526027
2024-01-25,25.8708333333333,30,23.3,85.4583333333333,16,23.1375,-56,-13,"V019","V019",-13.005,-55.965,2024-01-30,-5,30,85.4583333333333,16,1,2.83321334405622
2024-01-26,27.7291666666667,33.5,23.2,73.0416666666667,0,21.7708333333333,-56,-13,"V019","V019",-13.005,-55.965,2024-01-30,-4,33.5,73.0416666666667,0,0,0
2024-01-27,27.1083333333333,33,22.6,70.8333333333333,0,20.375,-56,-13,"V019","V019",-13.005,-55.965,2024-01-30,-3,33,70.8333333333333,0,0,0
2024-01-28,27.0625,32.8,23,73.2916666666667,0.2,21.4291666666667,-56,-13,"V019","V019",-13.005,-55.965,2024-01-30,-2,32.8,73.2916666666667,0.2,0,0.182321556793955
2024-01-29,26.25,31.2,22.8,79.25,0.4,22.1708333333333,-56,-13,"V019","V019",-13.005,-55.965,2024-01-30,-1,31.2,79.25,0.4,0,0.336472236621213
2023-11-26,25.8416666666667,32.4,22.1,78.3333333333333,2.4,21.4125,-56,-13,"V020","V020",-13.005,-55.965,2024-02-14,-80,32.4,78.3333333333333,2.4,1,1.22377543162212
2023-11-27,26.2791666666667,32.6,21.7,76.0833333333333,0,21.4208333333333,-56,-13,"V020","V020",-13.005,-55.965,2024-02-14,-79,32.6,76.0833333333333,0,0,0
2023-11-28,27.7125,34.2,22.8,69.0416666666667,0.1,21.0541666666667,-56,-13,"V020","V020",-13.005,-55.965,2024-02-14,-78,34.2,69.0416666666667,0.1,0,0.0953101798043249
2023-11-29,28.2875,33.5,22.9,67.4166666666667,0.2,21.2666666666667,-56,-13,"V020","V020",-13.005,-55.965,2024-02-14,-77,33.5,67.4166666666667,0.2,0,0.182321556793955
2023-11-30,28.4458333333333,33,23.8,65.625,0.1,21.0666666666667,-56,-13,"V020","V020",-13.005,-55.965,2024-02-14,-76,33,65.625,0.1,0,0.0953101798043249
2023-12-01,26.6,31.5,23.4,73.9166666666667,2.2,21.3375,-56,-13,"V020","V020",-13.005,-55.965,2024-02-14,-75,31.5,73.9166666666667,2.2,1,1.16315080980568
2023-12-02,27.2333333333333,33.4,22.6,73.9583333333333,0.8,21.8,-56,-13,"V020","V020",-13.005,-55.965,2024-02-14,-74,33.4,73.9583333333333,0.8,0,0.587786664902119
2023-12-03,26.2875,30.9,23.5,76.5833333333333,0.4,21.6791666666667,-56,-13,"V020","V020",-13.005,-55.965,2024-02-14,-73,30.9,76.5833333333333,0.4,0,0.336472236621213
2023-12-04,25.8,31.4,22.5,77.1666666666667,1.3,21.1875,-56,-13,"V020","V020",-13.005,-55.965,2024-02-14,-72,31.4,77.1666666666667,1.3,1,0.832909122935104
2023-12-05,26.0416666666667,30.8,22,75.7083333333333,0.6,21.0666666666667,-56,-13,"V020","V020",-13.005,-55.965,2024-02-14,-71,30.8,75.7083333333333,0.6,0,0.470003629245736
2023-12-06,28.3375,34.3,22.6,67.9166666666667,0.2,21.2458333333333,-56,-13,"V020","V020",-13.005,-55.965,2024-02-14,-70,34.3,67.9166666666667,0.2,0,0.182321556793955
2023-12-07,27.9416666666667,33.8,23.3,69.3333333333333,3.5,21.3458333333333,-56,-13,"V020","V020",-13.005,-55.965,2024-02-14,-69,33.8,69.3333333333333,3.5,1,1.50407739677627
2023-12-08,27.8,33.7,22.6,71.5833333333333,0.4,21.8166666666667,-56,-13,"V020","V020",-13.005,-55.965,2024-02-14,-68,33.7,71.5833333333333,0.4,0,0.336472236621213
2023-12-09,27.8083333333333,33.5,23.2,69.6666666666667,0.2,21.4541666666667,-56,-13,"V020","V020",-13.005,-55.965,2024-02-14,-67,33.5,69.6666666666667,0.2,0,0.182321556793955
2023-12-10,28.5208333333333,33.2,23.7,70.4166666666667,2.5,22.2583333333333,-56,-13,"V020","V020",-13.005,-55.965,2024-02-14,-66,33.2,70.4166666666667,2.5,1,1.25276296849537
2023-12-11,26.2375,30.8,23,77.25,0.6,21.8625,-56,-13,"V020","V020",-13.005,-55.965,2024-02-14,-65,30.8,77.25,0.6,0,0.470003629245736
2023-12-12,27.3916666666667,31.9,23.8,72.7083333333333,1.7,21.7833333333333,-56,-13,"V020","V020",-13.005,-55.965,2024-02-14,-64,31.9,72.7083333333333,1.7,1,0.993251773010283
2023-12-13,28.975,34.5,23.1,65.25,0,21.1041666666667,-56,-13,"V020","V020",-13.005,-55.965,2024-02-14,-63,34.5,65.25,0,0,0
2023-12-14,27.9,32.8,24.4,72.5416666666667,2.8,22.3208333333333,-56,-13,"V020","V020",-13.005,-55.965,2024-02-14,-62,32.8,72.5416666666667,2.8,1,1.33500106673234
2023-12-15,28.2833333333333,34.4,22.5,66.7916666666667,0,20.7958333333333,-56,-13,"V020","V020",-13.005,-55.965,2024-02-14,-61,34.4,66.7916666666667,0,0,0
2023-12-16,29.7166666666667,36,24.4,62.5,0,21.1416666666667,-56,-13,"V020","V020",-13.005,-55.965,2024-02-14,-60,36,62.5,0,0,0
2023-12-17,29.1,34.6,24.8,62.5,0.1,20.8625,-56,-13,"V020","V020",-13.005,-55.965,2024-02-14,-59,34.6,62.5,0.1,0,0.0953101798043249
2023-12-18,29.3583333333333,34.7,23.9,62.8333333333333,0,21.1375,-56,-13,"V020","V020",-13.005,-55.965,2024-02-14,-58,34.7,62.8333333333333,0,0,0
2023-12-19,26.6666666666667,31.6,24,74.25,5.3,21.5166666666667,-56,-13,"V020","V020",-13.005,-55.965,2024-02-14,-57,31.6,74.25,5.3,1,1.84054963339749
2023-12-20,27.275,31.7,23.3,75.0833333333333,4.2,22.2375,-56,-13,"V020","V020",-13.005,-55.965,2024-02-14,-56,31.7,75.0833333333333,4.2,1,1.64865862558738
2023-12-21,25.1875,28.4,23.7,86.5416666666667,29.6,22.7208333333333,-56,-13,"V020","V020",-13.005,-55.965,2024-02-14,-55,28.4,86.5416666666667,29.6,1,3.42100000895834
2023-12-22,24.7041666666667,29.6,22.5,86.625,18.6,22.25,-56,-13,"V020","V020",-13.005,-55.965,2024-02-14,-54,29.6,86.625,18.6,1,2.97552956623647
2023-12-23,25.1916666666667,29.1,22.4,82.5833333333333,7.1,21.875,-56,-13,"V020","V020",-13.005,-55.965,2024-02-14,-53,29.1,82.5833333333333,7.1,1,2.09186406167839
2023-12-24,27.375,32.3,22.6,76.3333333333333,0.2,22.5416666666667,-56,-13,"V020","V020",-13.005,-55.965,2024-02-14,-52,32.3,76.3333333333333,0.2,0,0.182321556793955
2023-12-25,27.9958333333333,34.4,23.3,74.4583333333333,4.3,22.7291666666667,-56,-13,"V020","V020",-13.005,-55.965,2024-02-14,-51,34.4,74.4583333333333,4.3,1,1.66770682055808
2023-12-26,25.5125,29.8,23.2,80.125,1.6,21.7625,-56,-13,"V020","V020",-13.005,-55.965,2024-02-14,-50,29.8,80.125,1.6,1,0.955511445027436
2023-12-27,27.5791666666667,33.4,21.4,70.9583333333333,0.3,21.2708333333333,-56,-13,"V020","V020",-13.005,-55.965,2024-02-14,-49,33.4,70.9583333333333,0.3,0,0.262364264467491
2023-12-28,28.8791666666667,34.3,23,69.375,0,22.1833333333333,-56,-13,"V020","V020",-13.005,-55.965,2024-02-14,-48,34.3,69.375,0,0,0
2023-12-29,25.7833333333333,28.7,23.5,82.4583333333333,3.7,22.5166666666667,-56,-13,"V020","V020",-13.005,-55.965,2024-02-14,-47,28.7,82.4583333333333,3.7,1,1.54756250871601
2023-12-30,26.0791666666667,30.9,22.6,81.75,1.2,22.5583333333333,-56,-13,"V020","V020",-13.005,-55.965,2024-02-14,-46,30.9,81.75,1.2,1,0.78845736036427
2023-12-31,26.4791666666667,31.2,22.9,76.625,0,21.7666666666667,-56,-13,"V020","V020",-13.005,-55.965,2024-02-14,-45,31.2,76.625,0,0,0
2024-01-01,25.2,29.3,23.1,86.7083333333333,15,22.7458333333333,-56,-13,"V020","V020",-13.005,-55.965,2024-02-14,-44,29.3,86.7083333333333,15,1,2.77258872223978
2024-01-02,24.9416666666667,27.8,22.9,89.0833333333333,24.6,22.9791666666667,-56,-13,"V020","V020",-13.005,-55.965,2024-02-14,-43,27.8,89.0833333333333,24.6,1,3.24259235148552
2024-01-03,24.3708333333333,28,22.7,90.5,16.5,22.6458333333333,-56,-13,"V020","V020",-13.005,-55.965,2024-02-14,-42,28,90.5,16.5,1,2.86220088092947
2024-01-04,25.375,29,22.7,85.3333333333333,11.3,22.6458333333333,-56,-13,"V020","V020",-13.005,-55.965,2024-02-14,-41,29,85.3333333333333,11.3,1,2.50959926237837
2024-01-05,24.6458333333333,29,22.6,85.0833333333333,5.2,21.7875,-56,-13,"V020","V020",-13.005,-55.965,2024-02-14,-40,29,85.0833333333333,5.2,1,1.82454929205105
2024-01-06,25.7083333333333,30.6,22.6,83.5416666666667,2.6,22.5416666666667,-56,-13,"V020","V020",-13.005,-55.965,2024-02-14,-39,30.6,83.5416666666667,2.6,1,1.28093384546206
2024-01-07,26.4291666666667,30.8,22.9,82.5,7.5,23.0708333333333,-56,-13,"V020","V020",-13.005,-55.965,2024-02-14,-38,30.8,82.5,7.5,1,2.14006616349627
2024-01-08,26.6791666666667,31.7,23.6,81.9166666666667,2.6,23.1875,-56,-13,"V020","V020",-13.005,-55.965,2024-02-14,-37,31.7,81.9166666666667,2.6,1,1.28093384546206
2024-01-09,24.8333333333333,28.8,22.1,85.6666666666667,19.2,22.2,-56,-13,"V020","V020",-13.005,-55.965,2024-02-14,-36,28.8,85.6666666666667,19.2,1,3.00568260440716
2024-01-10,25.1,29.6,23.1,86.5,56.9,22.5833333333333,-56,-13,"V020","V020",-13.005,-55.965,2024-02-14,-35,29.6,86.5,56.9,1,4.05871738457895
2024-01-11,23.5458333333333,25.8,22.2,90.0833333333333,18,21.7708333333333,-56,-13,"V020","V020",-13.005,-55.965,2024-02-14,-34,25.8,90.0833333333333,18,1,2.94443897916644
2024-01-12,24.8666666666667,29.2,22.2,87,10.2,22.4875,-56,-13,"V020","V020",-13.005,-55.965,2024-02-14,-33,29.2,87,10.2,1,2.41591377830105
2024-01-13,25.7333333333333,29.5,22.4,85.0833333333333,6.4,22.8916666666667,-56,-13,"V020","V020",-13.005,-55.965,2024-02-14,-32,29.5,85.0833333333333,6.4,1,2.00148000021012
2024-01-14,26.5041666666667,31.8,22.9,80.8333333333333,1.3,22.6875,-56,-13,"V020","V020",-13.005,-55.965,2024-02-14,-31,31.8,80.8333333333333,1.3,1,0.832909122935104
2024-01-15,26.8,31.8,22.6,76.875,0,22.1083333333333,-56,-13,"V020","V020",-13.005,-55.965,2024-02-14,-30,31.8,76.875,0,0,0
2024-01-16,27.4916666666667,32.6,23.1,74.9583333333333,0.5,22.35,-56,-13,"V020","V020",-13.005,-55.965,2024-02-14,-29,32.6,74.9583333333333,0.5,0,0.405465108108164
2024-01-17,27.4,32.3,23.7,74.25,1.4,22.1833333333333,-56,-13,"V020","V020",-13.005,-55.965,2024-02-14,-28,32.3,74.25,1.4,1,0.8754687373539
2024-01-18,27.1083333333333,33,22.5,75.5416666666667,0.4,22.1166666666667,-56,-13,"V020","V020",-13.005,-55.965,2024-02-14,-27,33,75.5416666666667,0.4,0,0.336472236621213
2024-01-19,25.9958333333333,30.3,23,81.6666666666667,5.7,22.5125,-56,-13,"V020","V020",-13.005,-55.965,2024-02-14,-26,30.3,81.6666666666667,5.7,1,1.90210752639692
2024-01-20,27.125,32.4,22.8,78.7916666666667,0.6,22.7958333333333,-56,-13,"V020","V020",-13.005,-55.965,2024-02-14,-25,32.4,78.7916666666667,0.6,0,0.470003629245736
2024-01-21,26.875,31.5,23.3,80.9166666666667,3.4,23.1625,-56,-13,"V020","V020",-13.005,-55.965,2024-02-14,-24,31.5,80.9166666666667,3.4,1,1.48160454092422
2024-01-22,26.6625,30.2,23.8,83.625,25,23.5375,-56,-13,"V020","V020",-13.005,-55.965,2024-02-14,-23,30.2,83.625,25,1,3.25809653802148
2024-01-23,26.4375,32,23,82.4583333333333,15.1,22.9833333333333,-56,-13,"V020","V020",-13.005,-55.965,2024-02-14,-22,32,82.4583333333333,15.1,1,2.77881927199042
2024-01-24,26.1708333333333,30.6,23.7,84.7083333333333,11.1,23.2791666666667,-56,-13,"V020","V020",-13.005,-55.965,2024-02-14,-21,30.6,84.7083333333333,11.1,1,2.4932054526027
2024-01-25,25.8708333333333,30,23.3,85.4583333333333,16,23.1375,-56,-13,"V020","V020",-13.005,-55.965,2024-02-14,-20,30,85.4583333333333,16,1,2.83321334405622
2024-01-26,27.7291666666667,33.5,23.2,73.0416666666667,0,21.7708333333333,-56,-13,"V020","V020",-13.005,-55.965,2024-02-14,-19,33.5,73.0416666666667,0,0,0
2024-01-27,27.1083333333333,33,22.6,70.8333333333333,0,20.375,-56,-13,"V020","V020",-13.005,-55.965,2024-02-14,-18,33,70.8333333333333,0,0,0
2024-01-28,27.0625,32.8,23,73.2916666666667,0.2,21.4291666666667,-56,-13,"V020","V020",-13.005,-55.965,2024-02-14,-17,32.8,73.2916666666667,0.2,0,0.182321556793955
2024-01-29,26.25,31.2,22.8,79.25,0.4,22.1708333333333,-56,-13,"V020","V020",-13.005,-55.965,2024-02-14,-16,31.2,79.25,0.4,0,0.336472236621213
2024-01-30,27.3375,33,22.4,75.0416666666667,0.3,22.2083333333333,-56,-13,"V020","V020",-13.005,-55.965,2024-02-14,-15,33,75.0416666666667,0.3,0,0.262364264467491
2024-01-31,26.2541666666667,29.8,23.7,79.0416666666667,1,22.225,-56,-13,"V020","V020",-13.005,-55.965,2024-02-14,-14,29.8,79.0416666666667,1,1,0.693147180559945
2024-02-01,27.2458333333333,33.1,22.3,72.9583333333333,2.7,21.5833333333333,-56,-13,"V020","V020",-13.005,-55.965,2024-02-14,-13,33.1,72.9583333333333,2.7,1,1.30833281965018
2024-02-02,25.5833333333333,30.8,22.3,77.625,6.1,21.0958333333333,-56,-13,"V020","V020",-13.005,-55.965,2024-02-14,-12,30.8,77.625,6.1,1,1.96009478404727
2024-02-03,24.1541666666667,27.2,22.4,86.625,8.4,21.7166666666667,-56,-13,"V020","V020",-13.005,-55.965,2024-02-14,-11,27.2,86.625,8.4,1,2.24070968927596
2024-02-04,23.9208333333333,26.4,21.7,90.9583333333333,15,22.35,-56,-13,"V020","V020",-13.005,-55.965,2024-02-14,-10,26.4,90.9583333333333,15,1,2.77258872223978
2024-02-05,24.8875,28.5,22.3,85.7083333333333,6.2,22.2166666666667,-56,-13,"V020","V020",-13.005,-55.965,2024-02-14,-9,28.5,85.7083333333333,6.2,1,1.97408102602201
2024-02-06,27.1,33,22.6,75.4583333333333,0.3,21.9458333333333,-56,-13,"V020","V020",-13.005,-55.965,2024-02-14,-8,33,75.4583333333333,0.3,0,0.262364264467491
2024-02-07,27.9583333333333,33.3,22.2,72.125,0.1,22.0958333333333,-56,-13,"V020","V020",-13.005,-55.965,2024-02-14,-7,33.3,72.125,0.1,0,0.0953101798043249
2024-02-08,26.775,31.2,24.4,80,1.9,22.9041666666667,-56,-13,"V020","V020",-13.005,-55.965,2024-02-14,-6,31.2,80,1.9,1,1.06471073699243
2024-02-09,26.9208333333333,31.7,23.2,81.75,8.6,23.3583333333333,-56,-13,"V020","V020",-13.005,-55.965,2024-02-14,-5,31.7,81.75,8.6,1,2.26176309847379
2024-02-10,25.8875,29.5,23.6,84.5,15.3,22.95,-56,-13,"V020","V020",-13.005,-55.965,2024-02-14,-4,29.5,84.5,15.3,1,2.79116510781272
2024-02-11,25.0125,28.5,22.7,86,4.8,22.4208333333333,-56,-13,"V020","V020",-13.005,-55.965,2024-02-14,-3,28.5,86,4.8,1,1.75785791755237
2024-02-12,25.2083333333333,29.5,22,80.7916666666667,13,21.4458333333333,-56,-13,"V020","V020",-13.005,-55.965,2024-02-14,-2,29.5,80.7916666666667,13,1,2.63905732961526
2024-02-13,27.4708333333333,32.7,22.8,72.9583333333333,0,21.9208333333333,-56,-13,"V020","V020",-13.005,-55.965,2024-02-14,-1,32.7,72.9583333333333,0,0,0
2023-12-09,27.8083333333333,33.5,23.2,69.6666666666667,0.2,21.4541666666667,-56,-13,"V021","V021",-13.005,-55.965,2024-02-27,-80,33.5,69.6666666666667,0.2,0,0.182321556793955
2023-12-10,28.5208333333333,33.2,23.7,70.4166666666667,2.5,22.2583333333333,-56,-13,"V021","V021",-13.005,-55.965,2024-02-27,-79,33.2,70.4166666666667,2.5,1,1.25276296849537
2023-12-11,26.2375,30.8,23,77.25,0.6,21.8625,-56,-13,"V021","V021",-13.005,-55.965,2024-02-27,-78,30.8,77.25,0.6,0,0.470003629245736
2023-12-12,27.3916666666667,31.9,23.8,72.7083333333333,1.7,21.7833333333333,-56,-13,"V021","V021",-13.005,-55.965,2024-02-27,-77,31.9,72.7083333333333,1.7,1,0.993251773010283
2023-12-13,28.975,34.5,23.1,65.25,0,21.1041666666667,-56,-13,"V021","V021",-13.005,-55.965,2024-02-27,-76,34.5,65.25,0,0,0
2023-12-14,27.9,32.8,24.4,72.5416666666667,2.8,22.3208333333333,-56,-13,"V021","V021",-13.005,-55.965,2024-02-27,-75,32.8,72.5416666666667,2.8,1,1.33500106673234
2023-12-15,28.2833333333333,34.4,22.5,66.7916666666667,0,20.7958333333333,-56,-13,"V021","V021",-13.005,-55.965,2024-02-27,-74,34.4,66.7916666666667,0,0,0
2023-12-16,29.7166666666667,36,24.4,62.5,0,21.1416666666667,-56,-13,"V021","V021",-13.005,-55.965,2024-02-27,-73,36,62.5,0,0,0
2023-12-17,29.1,34.6,24.8,62.5,0.1,20.8625,-56,-13,"V021","V021",-13.005,-55.965,2024-02-27,-72,34.6,62.5,0.1,0,0.0953101798043249
2023-12-18,29.3583333333333,34.7,23.9,62.8333333333333,0,21.1375,-56,-13,"V021","V021",-13.005,-55.965,2024-02-27,-71,34.7,62.8333333333333,0,0,0
2023-12-19,26.6666666666667,31.6,24,74.25,5.3,21.5166666666667,-56,-13,"V021","V021",-13.005,-55.965,2024-02-27,-70,31.6,74.25,5.3,1,1.84054963339749
2023-12-20,27.275,31.7,23.3,75.0833333333333,4.2,22.2375,-56,-13,"V021","V021",-13.005,-55.965,2024-02-27,-69,31.7,75.0833333333333,4.2,1,1.64865862558738
2023-12-21,25.1875,28.4,23.7,86.5416666666667,29.6,22.7208333333333,-56,-13,"V021","V021",-13.005,-55.965,2024-02-27,-68,28.4,86.5416666666667,29.6,1,3.42100000895834
2023-12-22,24.7041666666667,29.6,22.5,86.625,18.6,22.25,-56,-13,"V021","V021",-13.005,-55.965,2024-02-27,-67,29.6,86.625,18.6,1,2.97552956623647
2023-12-23,25.1916666666667,29.1,22.4,82.5833333333333,7.1,21.875,-56,-13,"V021","V021",-13.005,-55.965,2024-02-27,-66,29.1,82.5833333333333,7.1,1,2.09186406167839
2023-12-24,27.375,32.3,22.6,76.3333333333333,0.2,22.5416666666667,-56,-13,"V021","V021",-13.005,-55.965,2024-02-27,-65,32.3,76.3333333333333,0.2,0,0.182321556793955
2023-12-25,27.9958333333333,34.4,23.3,74.4583333333333,4.3,22.7291666666667,-56,-13,"V021","V021",-13.005,-55.965,2024-02-27,-64,34.4,74.4583333333333,4.3,1,1.66770682055808
2023-12-26,25.5125,29.8,23.2,80.125,1.6,21.7625,-56,-13,"V021","V021",-13.005,-55.965,2024-02-27,-63,29.8,80.125,1.6,1,0.955511445027436
2023-12-27,27.5791666666667,33.4,21.4,70.9583333333333,0.3,21.2708333333333,-56,-13,"V021","V021",-13.005,-55.965,2024-02-27,-62,33.4,70.9583333333333,0.3,0,0.262364264467491
2023-12-28,28.8791666666667,34.3,23,69.375,0,22.1833333333333,-56,-13,"V021","V021",-13.005,-55.965,2024-02-27,-61,34.3,69.375,0,0,0
2023-12-29,25.7833333333333,28.7,23.5,82.4583333333333,3.7,22.5166666666667,-56,-13,"V021","V021",-13.005,-55.965,2024-02-27,-60,28.7,82.4583333333333,3.7,1,1.54756250871601
2023-12-30,26.0791666666667,30.9,22.6,81.75,1.2,22.5583333333333,-56,-13,"V021","V021",-13.005,-55.965,2024-02-27,-59,30.9,81.75,1.2,1,0.78845736036427
2023-12-31,26.4791666666667,31.2,22.9,76.625,0,21.7666666666667,-56,-13,"V021","V021",-13.005,-55.965,2024-02-27,-58,31.2,76.625,0,0,0
2024-01-01,25.2,29.3,23.1,86.7083333333333,15,22.7458333333333,-56,-13,"V021","V021",-13.005,-55.965,2024-02-27,-57,29.3,86.7083333333333,15,1,2.77258872223978
2024-01-02,24.9416666666667,27.8,22.9,89.0833333333333,24.6,22.9791666666667,-56,-13,"V021","V021",-13.005,-55.965,2024-02-27,-56,27.8,89.0833333333333,24.6,1,3.24259235148552
2024-01-03,24.3708333333333,28,22.7,90.5,16.5,22.6458333333333,-56,-13,"V021","V021",-13.005,-55.965,2024-02-27,-55,28,90.5,16.5,1,2.86220088092947
2024-01-04,25.375,29,22.7,85.3333333333333,11.3,22.6458333333333,-56,-13,"V021","V021",-13.005,-55.965,2024-02-27,-54,29,85.3333333333333,11.3,1,2.50959926237837
2024-01-05,24.6458333333333,29,22.6,85.0833333333333,5.2,21.7875,-56,-13,"V021","V021",-13.005,-55.965,2024-02-27,-53,29,85.0833333333333,5.2,1,1.82454929205105
2024-01-06,25.7083333333333,30.6,22.6,83.5416666666667,2.6,22.5416666666667,-56,-13,"V021","V021",-13.005,-55.965,2024-02-27,-52,30.6,83.5416666666667,2.6,1,1.28093384546206
2024-01-07,26.4291666666667,30.8,22.9,82.5,7.5,23.0708333333333,-56,-13,"V021","V021",-13.005,-55.965,2024-02-27,-51,30.8,82.5,7.5,1,2.14006616349627
2024-01-08,26.6791666666667,31.7,23.6,81.9166666666667,2.6,23.1875,-56,-13,"V021","V021",-13.005,-55.965,2024-02-27,-50,31.7,81.9166666666667,2.6,1,1.28093384546206
2024-01-09,24.8333333333333,28.8,22.1,85.6666666666667,19.2,22.2,-56,-13,"V021","V021",-13.005,-55.965,2024-02-27,-49,28.8,85.6666666666667,19.2,1,3.00568260440716
2024-01-10,25.1,29.6,23.1,86.5,56.9,22.5833333333333,-56,-13,"V021","V021",-13.005,-55.965,2024-02-27,-48,29.6,86.5,56.9,1,4.05871738457895
2024-01-11,23.5458333333333,25.8,22.2,90.0833333333333,18,21.7708333333333,-56,-13,"V021","V021",-13.005,-55.965,2024-02-27,-47,25.8,90.0833333333333,18,1,2.94443897916644
2024-01-12,24.8666666666667,29.2,22.2,87,10.2,22.4875,-56,-13,"V021","V021",-13.005,-55.965,2024-02-27,-46,29.2,87,10.2,1,2.41591377830105
2024-01-13,25.7333333333333,29.5,22.4,85.0833333333333,6.4,22.8916666666667,-56,-13,"V021","V021",-13.005,-55.965,2024-02-27,-45,29.5,85.0833333333333,6.4,1,2.00148000021012
2024-01-14,26.5041666666667,31.8,22.9,80.8333333333333,1.3,22.6875,-56,-13,"V021","V021",-13.005,-55.965,2024-02-27,-44,31.8,80.8333333333333,1.3,1,0.832909122935104
2024-01-15,26.8,31.8,22.6,76.875,0,22.1083333333333,-56,-13,"V021","V021",-13.005,-55.965,2024-02-27,-43,31.8,76.875,0,0,0
2024-01-16,27.4916666666667,32.6,23.1,74.9583333333333,0.5,22.35,-56,-13,"V021","V021",-13.005,-55.965,2024-02-27,-42,32.6,74.9583333333333,0.5,0,0.405465108108164
2024-01-17,27.4,32.3,23.7,74.25,1.4,22.1833333333333,-56,-13,"V021","V021",-13.005,-55.965,2024-02-27,-41,32.3,74.25,1.4,1,0.8754687373539
2024-01-18,27.1083333333333,33,22.5,75.5416666666667,0.4,22.1166666666667,-56,-13,"V021","V021",-13.005,-55.965,2024-02-27,-40,33,75.5416666666667,0.4,0,0.336472236621213
2024-01-19,25.9958333333333,30.3,23,81.6666666666667,5.7,22.5125,-56,-13,"V021","V021",-13.005,-55.965,2024-02-27,-39,30.3,81.6666666666667,5.7,1,1.90210752639692
2024-01-20,27.125,32.4,22.8,78.7916666666667,0.6,22.7958333333333,-56,-13,"V021","V021",-13.005,-55.965,2024-02-27,-38,32.4,78.7916666666667,0.6,0,0.470003629245736
2024-01-21,26.875,31.5,23.3,80.9166666666667,3.4,23.1625,-56,-13,"V021","V021",-13.005,-55.965,2024-02-27,-37,31.5,80.9166666666667,3.4,1,1.48160454092422
2024-01-22,26.6625,30.2,23.8,83.625,25,23.5375,-56,-13,"V021","V021",-13.005,-55.965,2024-02-27,-36,30.2,83.625,25,1,3.25809653802148
2024-01-23,26.4375,32,23,82.4583333333333,15.1,22.9833333333333,-56,-13,"V021","V021",-13.005,-55.965,2024-02-27,-35,32,82.4583333333333,15.1,1,2.77881927199042
2024-01-24,26.1708333333333,30.6,23.7,84.7083333333333,11.1,23.2791666666667,-56,-13,"V021","V021",-13.005,-55.965,2024-02-27,-34,30.6,84.7083333333333,11.1,1,2.4932054526027
2024-01-25,25.8708333333333,30,23.3,85.4583333333333,16,23.1375,-56,-13,"V021","V021",-13.005,-55.965,2024-02-27,-33,30,85.4583333333333,16,1,2.83321334405622
2024-01-26,27.7291666666667,33.5,23.2,73.0416666666667,0,21.7708333333333,-56,-13,"V021","V021",-13.005,-55.965,2024-02-27,-32,33.5,73.0416666666667,0,0,0
2024-01-27,27.1083333333333,33,22.6,70.8333333333333,0,20.375,-56,-13,"V021","V021",-13.005,-55.965,2024-02-27,-31,33,70.8333333333333,0,0,0
2024-01-28,27.0625,32.8,23,73.2916666666667,0.2,21.4291666666667,-56,-13,"V021","V021",-13.005,-55.965,2024-02-27,-30,32.8,73.2916666666667,0.2,0,0.182321556793955
2024-01-29,26.25,31.2,22.8,79.25,0.4,22.1708333333333,-56,-13,"V021","V021",-13.005,-55.965,2024-02-27,-29,31.2,79.25,0.4,0,0.336472236621213
2024-01-30,27.3375,33,22.4,75.0416666666667,0.3,22.2083333333333,-56,-13,"V021","V021",-13.005,-55.965,2024-02-27,-28,33,75.0416666666667,0.3,0,0.262364264467491
2024-01-31,26.2541666666667,29.8,23.7,79.0416666666667,1,22.225,-56,-13,"V021","V021",-13.005,-55.965,2024-02-27,-27,29.8,79.0416666666667,1,1,0.693147180559945
2024-02-01,27.2458333333333,33.1,22.3,72.9583333333333,2.7,21.5833333333333,-56,-13,"V021","V021",-13.005,-55.965,2024-02-27,-26,33.1,72.9583333333333,2.7,1,1.30833281965018
2024-02-02,25.5833333333333,30.8,22.3,77.625,6.1,21.0958333333333,-56,-13,"V021","V021",-13.005,-55.965,2024-02-27,-25,30.8,77.625,6.1,1,1.96009478404727
2024-02-03,24.1541666666667,27.2,22.4,86.625,8.4,21.7166666666667,-56,-13,"V021","V021",-13.005,-55.965,2024-02-27,-24,27.2,86.625,8.4,1,2.24070968927596
2024-02-04,23.9208333333333,26.4,21.7,90.9583333333333,15,22.35,-56,-13,"V021","V021",-13.005,-55.965,2024-02-27,-23,26.4,90.9583333333333,15,1,2.77258872223978
2024-02-05,24.8875,28.5,22.3,85.7083333333333,6.2,22.2166666666667,-56,-13,"V021","V021",-13.005,-55.965,2024-02-27,-22,28.5,85.7083333333333,6.2,1,1.97408102602201
2024-02-06,27.1,33,22.6,75.4583333333333,0.3,21.9458333333333,-56,-13,"V021","V021",-13.005,-55.965,2024-02-27,-21,33,75.4583333333333,0.3,0,0.262364264467491
2024-02-07,27.9583333333333,33.3,22.2,72.125,0.1,22.0958333333333,-56,-13,"V021","V021",-13.005,-55.965,2024-02-27,-20,33.3,72.125,0.1,0,0.0953101798043249
2024-02-08,26.775,31.2,24.4,80,1.9,22.9041666666667,-56,-13,"V021","V021",-13.005,-55.965,2024-02-27,-19,31.2,80,1.9,1,1.06471073699243
2024-02-09,26.9208333333333,31.7,23.2,81.75,8.6,23.3583333333333,-56,-13,"V021","V021",-13.005,-55.965,2024-02-27,-18,31.7,81.75,8.6,1,2.26176309847379
2024-02-10,25.8875,29.5,23.6,84.5,15.3,22.95,-56,-13,"V021","V021",-13.005,-55.965,2024-02-27,-17,29.5,84.5,15.3,1,2.79116510781272
2024-02-11,25.0125,28.5,22.7,86,4.8,22.4208333333333,-56,-13,"V021","V021",-13.005,-55.965,2024-02-27,-16,28.5,86,4.8,1,1.75785791755237
2024-02-12,25.2083333333333,29.5,22,80.7916666666667,13,21.4458333333333,-56,-13,"V021","V021",-13.005,-55.965,2024-02-27,-15,29.5,80.7916666666667,13,1,2.63905732961526
2024-02-13,27.4708333333333,32.7,22.8,72.9583333333333,0,21.9208333333333,-56,-13,"V021","V021",-13.005,-55.965,2024-02-27,-14,32.7,72.9583333333333,0,0,0
2024-02-14,28.1583333333333,33.6,23.8,74,0.5,22.7,-56,-13,"V021","V021",-13.005,-55.965,2024-02-27,-13,33.6,74,0.5,0,0.405465108108164
2024-02-15,28.5541666666667,34.7,23,70.375,0,22.2541666666667,-56,-13,"V021","V021",-13.005,-55.965,2024-02-27,-12,34.7,70.375,0,0,0
2024-02-16,27.85,32.4,24.4,74.7083333333333,0.5,22.7625,-56,-13,"V021","V021",-13.005,-55.965,2024-02-27,-11,32.4,74.7083333333333,0.5,0,0.405465108108164
2024-02-17,26.4958333333333,30.6,24,81.5,5.3,22.9625,-56,-13,"V021","V021",-13.005,-55.965,2024-02-27,-10,30.6,81.5,5.3,1,1.84054963339749
2024-02-18,26.7833333333333,31.9,23.4,82.1666666666667,3.9,23.3208333333333,-56,-13,"V021","V021",-13.005,-55.965,2024-02-27,-9,31.9,82.1666666666667,3.9,1,1.58923520511658
2024-02-19,25.3958333333333,30.3,23.1,87.2916666666667,16.7,23.0166666666667,-56,-13,"V021","V021",-13.005,-55.965,2024-02-27,-8,30.3,87.2916666666667,16.7,1,2.87356463957978
2024-02-20,24.6625,30,22.5,88.125,18.3,22.4625,-56,-13,"V021","V021",-13.005,-55.965,2024-02-27,-7,30,88.125,18.3,1,2.96010509591084
2024-02-21,25.4,30.2,23.4,84.8333333333333,7.7,22.5375,-56,-13,"V021","V021",-13.005,-55.965,2024-02-27,-6,30.2,84.8333333333333,7.7,1,2.16332302566054
2024-02-22,26.1125,30.3,23.2,79.0833333333333,1.1,22.0041666666667,-56,-13,"V021","V021",-13.005,-55.965,2024-02-27,-5,30.3,79.0833333333333,1.1,1,0.741937344729377
2024-02-23,25.35,28.9,23.2,83.375,4.8,22.2291666666667,-56,-13,"V021","V021",-13.005,-55.965,2024-02-27,-4,28.9,83.375,4.8,1,1.75785791755237
2024-02-24,25.1916666666667,29.7,22.4,83.9166666666667,18.5,22.175,-56,-13,"V021","V021",-13.005,-55.965,2024-02-27,-3,29.7,83.9166666666667,18.5,1,2.9704144655697
2024-02-25,27.3458333333333,32.9,22.2,75.1666666666667,0.1,22.1791666666667,-56,-13,"V021","V021",-13.005,-55.965,2024-02-27,-2,32.9,75.1666666666667,0.1,0,0.0953101798043249
2024-02-26,27.5583333333333,33.1,22.2,71.2916666666667,0.6,21.4958333333333,-56,-13,"V021","V021",-13.005,-55.965,2024-02-27,-1,33.1,71.2916666666667,0.6,0,0.470003629245736
2024-11-16,24.9916666666667,28.7,22.9,83.125,2.7,21.8208333333333,-56,-13,"V022","V022",-13.005,-55.965,2025-02-04,-80,28.7,83.125,2.7,1,1.30833281965018
2024-11-17,26.6875,31.8,22.2,75.7916666666667,0,21.7375,-56,-13,"V022","V022",-13.005,-55.965,2025-02-04,-79,31.8,75.7916666666667,0,0,0
2024-11-18,26.4791666666667,31.8,22.3,77.125,0.1,21.9166666666667,-56,-13,"V022","V022",-13.005,-55.965,2025-02-04,-78,31.8,77.125,0.1,0,0.0953101798043249
2024-11-19,27.075,32.7,22.8,75.875,0.1,22.1541666666667,-56,-13,"V022","V022",-13.005,-55.965,2025-02-04,-77,32.7,75.875,0.1,0,0.0953101798043249
2024-11-20,26.2083333333333,32,23,80.2916666666667,2.6,22.3458333333333,-56,-13,"V022","V022",-13.005,-55.965,2025-02-04,-76,32,80.2916666666667,2.6,1,1.28093384546206
2024-11-21,26.9583333333333,32.9,22.2,78.9583333333333,2.4,22.7333333333333,-56,-13,"V022","V022",-13.005,-55.965,2025-02-04,-75,32.9,78.9583333333333,2.4,1,1.22377543162212
2024-11-22,24.3833333333333,27.5,22.6,83.9583333333333,0.9,21.4083333333333,-56,-13,"V022","V022",-13.005,-55.965,2025-02-04,-74,27.5,83.9583333333333,0.9,0,0.641853886172395
2024-11-23,25.4583333333333,30.2,22.1,78.5,0.1,21.2583333333333,-56,-13,"V022","V022",-13.005,-55.965,2025-02-04,-73,30.2,78.5,0.1,0,0.0953101798043249
2024-11-24,24.7291666666667,27.8,22.9,85.1666666666667,19.9,22.0208333333333,-56,-13,"V022","V022",-13.005,-55.965,2025-02-04,-72,27.8,85.1666666666667,19.9,1,3.03974915897077
2024-11-25,24.3291666666667,27.8,22.2,82.1666666666667,3.8,21.025,-56,-13,"V022","V022",-13.005,-55.965,2025-02-04,-71,27.8,82.1666666666667,3.8,1,1.56861591791385
2024-11-26,25.0458333333333,29.7,21.7,83.9583333333333,6,22.0291666666667,-56,-13,"V022","V022",-13.005,-55.965,2025-02-04,-70,29.7,83.9583333333333,6,1,1.94591014905531
2024-11-27,25.9458333333333,30.7,22.3,84.5833333333333,0.9,23.0083333333333,-56,-13,"V022","V022",-13.005,-55.965,2025-02-04,-69,30.7,84.5833333333333,0.9,0,0.641853886172395
2024-11-28,26.475,31.9,22.6,81.875,1.5,22.9416666666667,-56,-13,"V022","V022",-13.005,-55.965,2025-02-04,-68,31.9,81.875,1.5,1,0.916290731874155
2024-11-29,26.0583333333333,30.1,22.9,83.625,0.7,22.95,-56,-13,"V022","V022",-13.005,-55.965,2025-02-04,-67,30.1,83.625,0.7,0,0.53062825106217
2024-11-30,25.375,29.9,22.7,81.75,1.8,21.8333333333333,-56,-13,"V022","V022",-13.005,-55.965,2025-02-04,-66,29.9,81.75,1.8,1,1.02961941718116
2024-12-01,25.5833333333333,30.1,22,80.7916666666667,1.8,21.9,-56,-13,"V022","V022",-13.005,-55.965,2025-02-04,-65,30.1,80.7916666666667,1.8,1,1.02961941718116
2024-12-02,24.9708333333333,28.2,22,87.7083333333333,4.4,22.7375,-56,-13,"V022","V022",-13.005,-55.965,2025-02-04,-64,28.2,87.7083333333333,4.4,1,1.68639895357023
2024-12-03,24.9541666666667,29.3,22.9,88.2083333333333,11.5,22.7625,-56,-13,"V022","V022",-13.005,-55.965,2025-02-04,-63,29.3,88.2083333333333,11.5,1,2.52572864430826
2024-12-04,25.3708333333333,30,21.8,80.875,7.5,21.7291666666667,-56,-13,"V022","V022",-13.005,-55.965,2025-02-04,-62,30,80.875,7.5,1,2.14006616349627
2024-12-05,24.575,27,22.8,87.375,20.2,22.3041666666667,-56,-13,"V022","V022",-13.005,-55.965,2025-02-04,-61,27,87.375,20.2,1,3.05400118167797
2024-12-06,25.35,29,22.7,84.1666666666667,3.3,22.3833333333333,-56,-13,"V022","V022",-13.005,-55.965,2025-02-04,-60,29,84.1666666666667,3.3,1,1.45861502269952
2024-12-07,25.9916666666667,30.6,21.7,82.1666666666667,0.3,22.4708333333333,-56,-13,"V022","V022",-13.005,-55.965,2025-02-04,-59,30.6,82.1666666666667,0.3,0,0.262364264467491
2024-12-08,26.725,32,22.6,73.5833333333333,0.6,21.3,-56,-13,"V022","V022",-13.005,-55.965,2025-02-04,-58,32,73.5833333333333,0.6,0,0.470003629245736
2024-12-09,27.5083333333333,32.2,22,69.875,0.2,21.1291666666667,-56,-13,"V022","V022",-13.005,-55.965,2025-02-04,-57,32.2,69.875,0.2,0,0.182321556793955
2024-12-10,26.5125,30.6,22.4,75.7083333333333,0.2,21.6541666666667,-56,-13,"V022","V022",-13.005,-55.965,2025-02-04,-56,30.6,75.7083333333333,0.2,0,0.182321556793955
2024-12-11,26.1916666666667,30.6,23.3,80.4583333333333,3,22.3833333333333,-56,-13,"V022","V022",-13.005,-55.965,2025-02-04,-55,30.6,80.4583333333333,3,1,1.38629436111989
2024-12-12,26.9333333333333,31.6,22.6,76.5416666666667,0.7,22.1166666666667,-56,-13,"V022","V022",-13.005,-55.965,2025-02-04,-54,31.6,76.5416666666667,0.7,0,0.53062825106217
2024-12-13,26.9583333333333,31.1,22.8,76.3333333333333,0.5,22.2083333333333,-56,-13,"V022","V022",-13.005,-55.965,2025-02-04,-53,31.1,76.3333333333333,0.5,0,0.405465108108164
2024-12-14,25.2791666666667,29.1,22.6,82.2083333333333,3.6,21.8958333333333,-56,-13,"V022","V022",-13.005,-55.965,2025-02-04,-52,29.1,82.2083333333333,3.6,1,1.52605630349505
2024-12-15,25.0958333333333,28.3,22.2,79.6666666666667,0.7,21.1916666666667,-56,-13,"V022","V022",-13.005,-55.965,2025-02-04,-51,28.3,79.6666666666667,0.7,0,0.53062825106217
2024-12-16,24.8958333333333,28.6,23,83.125,2.9,21.7375,-56,-13,"V022","V022",-13.005,-55.965,2025-02-04,-50,28.6,83.125,2.9,1,1.3609765531356
2024-12-17,24.65,27.7,22.1,84.7083333333333,1.4,21.8625,-56,-13,"V022","V022",-13.005,-55.965,2025-02-04,-49,27.7,84.7083333333333,1.4,1,0.8754687373539
2024-12-18,25.9625,30.9,21.9,79.0416666666667,0.6,21.8958333333333,-56,-13,"V022","V022",-13.005,-55.965,2025-02-04,-48,30.9,79.0416666666667,0.6,0,0.470003629245736
2024-12-19,26.5583333333333,30.3,22.5,77.7083333333333,0.7,22.1625,-56,-13,"V022","V022",-13.005,-55.965,2025-02-04,-47,30.3,77.7083333333333,0.7,0,0.53062825106217
2024-12-20,27.0666666666667,31.9,23.2,75.7916666666667,0.7,22.2125,-56,-13,"V022","V022",-13.005,-55.965,2025-02-04,-46,31.9,75.7916666666667,0.7,0,0.53062825106217
2024-12-21,24.4208333333333,28.8,22.6,85.25,14.9,21.7208333333333,-56,-13,"V022","V022",-13.005,-55.965,2025-02-04,-45,28.8,85.25,14.9,1,2.76631910922619
2024-12-22,24.6291666666667,28.4,21.8,85.8333333333333,11.7,21.95,-56,-13,"V022","V022",-13.005,-55.965,2025-02-04,-44,28.4,85.8333333333333,11.7,1,2.54160199346455
2024-12-23,25.4916666666667,30.5,22.1,82.2916666666667,2.2,22.075,-56,-13,"V022","V022",-13.005,-55.965,2025-02-04,-43,30.5,82.2916666666667,2.2,1,1.16315080980568
2024-12-24,24.9833333333333,28.6,23,83.1666666666667,13.5,21.9,-56,-13,"V022","V022",-13.005,-55.965,2025-02-04,-42,28.6,83.1666666666667,13.5,1,2.67414864942653
2024-12-25,24,25.8,22.7,89.8333333333333,21.7,22.2,-56,-13,"V022","V022",-13.005,-55.965,2025-02-04,-41,25.8,89.8333333333333,21.7,1,3.12236492448736
2024-12-26,23.9083333333333,26.6,22.2,89.2916666666667,9.2,21.9875,-56,-13,"V022","V022",-13.005,-55.965,2025-02-04,-40,26.6,89.2916666666667,9.2,1,2.32238772029023
2024-12-27,23.8041666666667,26.7,22.4,91.5833333333333,18.9,22.3416666666667,-56,-13,"V022","V022",-13.005,-55.965,2025-02-04,-39,26.7,91.5833333333333,18.9,1,2.99071973173045
2024-12-28,24.6958333333333,28.5,22.2,83.875,9.1,21.65,-56,-13,"V022","V022",-13.005,-55.965,2025-02-04,-38,28.5,83.875,9.1,1,2.31253542384721
2024-12-29,25.2041666666667,29.3,22.6,84.125,2.5,22.2,-56,-13,"V022","V022",-13.005,-55.965,2025-02-04,-37,29.3,84.125,2.5,1,1.25276296849537
2024-12-30,24.0375,27.3,21.7,87.875,3.5,21.8375,-56,-13,"V022","V022",-13.005,-55.965,2025-02-04,-36,27.3,87.875,3.5,1,1.50407739677627
2024-12-31,25.6583333333333,30.5,21.4,80.5833333333333,0.2,21.825,-56,-13,"V022","V022",-13.005,-55.965,2025-02-04,-35,30.5,80.5833333333333,0.2,0,0.182321556793955
2025-01-01,25.45,28.4,23.2,84.1666666666667,8.7,22.525,-56,-13,"V022","V022",-13.005,-55.965,2025-02-04,-34,28.4,84.1666666666667,8.7,1,2.27212588550934
2025-01-02,24.3125,27.1,22.8,87.4583333333333,2.4,22.0541666666667,-56,-13,"V022","V022",-13.005,-55.965,2025-02-04,-33,27.1,87.4583333333333,2.4,1,1.22377543162212
2025-01-03,26.0125,30.7,22.1,79.9166666666667,0.4,22.0791666666667,-56,-13,"V022","V022",-13.005,-55.965,2025-02-04,-32,30.7,79.9166666666667,0.4,0,0.336472236621213
2025-01-04,26.0291666666667,30.5,22.3,78.9166666666667,2.3,21.85,-56,-13,"V022","V022",-13.005,-55.965,2025-02-04,-31,30.5,78.9166666666667,2.3,1,1.19392246847243
2025-01-05,25.5541666666667,31.2,22.6,81.75,3.6,22.0041666666667,-56,-13,"V022","V022",-13.005,-55.965,2025-02-04,-30,31.2,81.75,3.6,1,1.52605630349505
2025-01-06,25.4708333333333,29.5,22.7,83.9166666666667,0.6,22.4416666666667,-56,-13,"V022","V022",-13.005,-55.965,2025-02-04,-29,29.5,83.9166666666667,0.6,0,0.470003629245736
2025-01-07,24.9583333333333,27.4,23,84.6666666666667,3.1,22.1416666666667,-56,-13,"V022","V022",-13.005,-55.965,2025-02-04,-28,27.4,84.6666666666667,3.1,1,1.41098697371026
2025-01-08,24.3375,27.1,22.6,88.6666666666667,13.8,22.3083333333333,-56,-13,"V022","V022",-13.005,-55.965,2025-02-04,-27,27.1,88.6666666666667,13.8,1,2.69462718077007
2025-01-09,24.1125,26.7,22.2,87.2916666666667,17,21.8083333333333,-56,-13,"V022","V022",-13.005,-55.965,2025-02-04,-26,26.7,87.2916666666667,17,1,2.89037175789616
2025-01-10,23.3916666666667,25.6,22,90.2916666666667,8.8,21.6791666666667,-56,-13,"V022","V022",-13.005,-55.965,2025-02-04,-25,25.6,90.2916666666667,8.8,1,2.28238238567653
2025-01-11,24.1,27.1,22.4,88.7916666666667,11.1,22.0958333333333,-56,-13,"V022","V022",-13.005,-55.965,2025-02-04,-24,27.1,88.7916666666667,11.1,1,2.4932054526027
2025-01-12,24.7041666666667,28.2,22.5,86.75,16.5,22.2333333333333,-56,-13,"V022","V022",-13.005,-55.965,2025-02-04,-23,28.2,86.75,16.5,1,2.86220088092947
2025-01-13,24.5125,29.9,21.9,86.25,14.2,21.9541666666667,-56,-13,"V022","V022",-13.005,-55.965,2025-02-04,-22,29.9,86.25,14.2,1,2.72129542785223
2025-01-14,23.5083333333333,25.7,22.5,87.375,4.3,21.2666666666667,-56,-13,"V022","V022",-13.005,-55.965,2025-02-04,-21,25.7,87.375,4.3,1,1.66770682055808
2025-01-15,24.1708333333333,28,21.8,85.3333333333333,5.9,21.4916666666667,-56,-13,"V022","V022",-13.005,-55.965,2025-02-04,-20,28,85.3333333333333,5.9,1,1.93152141160321
2025-01-16,24.2375,28,22.2,87.625,12.1,22.0291666666667,-56,-13,"V022","V022",-13.005,-55.965,2025-02-04,-19,28,87.625,12.1,1,2.57261223020711
2025-01-17,24.375,28.8,21.7,87.1666666666667,7,22.0208333333333,-56,-13,"V022","V022",-13.005,-55.965,2025-02-04,-18,28.8,87.1666666666667,7,1,2.07944154167984
2025-01-18,24.0458333333333,26.7,22.2,88.0833333333333,7.8,21.9041666666667,-56,-13,"V022","V022",-13.005,-55.965,2025-02-04,-17,26.7,88.0833333333333,7.8,1,2.17475172148416
2025-01-19,24.275,27.2,22,85.9166666666667,17.2,21.6583333333333,-56,-13,"V022","V022",-13.005,-55.965,2025-02-04,-16,27.2,85.9166666666667,17.2,1,2.90142159408275
2025-01-20,23.8875,29.5,21.3,85.7083333333333,12.9,21.2,-56,-13,"V022","V022",-13.005,-55.965,2025-02-04,-15,29.5,85.7083333333333,12.9,1,2.63188884013665
2025-01-21,24.3291666666667,28.3,21.3,82.0416666666667,1.1,20.8166666666667,-56,-13,"V022","V022",-13.005,-55.965,2025-02-04,-14,28.3,82.0416666666667,1.1,1,0.741937344729377
2025-01-22,25.2958333333333,30.2,21.6,79.5,2.6,21.2541666666667,-56,-13,"V022","V022",-13.005,-55.965,2025-02-04,-13,30.2,79.5,2.6,1,1.28093384546206
2025-01-23,25.4375,31.2,20.5,78.7916666666667,3,21.1583333333333,-56,-13,"V022","V022",-13.005,-55.965,2025-02-04,-12,31.2,78.7916666666667,3,1,1.38629436111989
2025-01-24,26.925,33,22,73.4166666666667,0.1,21.4958333333333,-56,-13,"V022","V022",-13.005,-55.965,2025-02-04,-11,33,73.4166666666667,0.1,0,0.0953101798043249
2025-01-25,26.2833333333333,32.8,21.7,76.125,5.6,21.4333333333333,-56,-13,"V022","V022",-13.005,-55.965,2025-02-04,-10,32.8,76.125,5.6,1,1.88706964903238
2025-01-26,26.8791666666667,31.6,22,73.5833333333333,0,21.4375,-56,-13,"V022","V022",-13.005,-55.965,2025-02-04,-9,31.6,73.5833333333333,0,0,0
2025-01-27,25.5375,31.1,22.7,79.9166666666667,5.5,21.6583333333333,-56,-13,"V022","V022",-13.005,-55.965,2025-02-04,-8,31.1,79.9166666666667,5.5,1,1.87180217690159
2025-01-28,26.65,32.3,21.3,73.4166666666667,0,21.025,-56,-13,"V022","V022",-13.005,-55.965,2025-02-04,-7,32.3,73.4166666666667,0,0,0
2025-01-29,27.0958333333333,31.6,22.9,74.4583333333333,0.9,21.9875,-56,-13,"V022","V022",-13.005,-55.965,2025-02-04,-6,31.6,74.4583333333333,0.9,0,0.641853886172395
2025-01-30,25.7,30.2,22.4,82.0833333333333,5.6,22.2375,-56,-13,"V022","V022",-13.005,-55.965,2025-02-04,-5,30.2,82.0833333333333,5.6,1,1.88706964903238
2025-01-31,25.6208333333333,31,22.8,81.625,7.7,22.0916666666667,-56,-13,"V022","V022",-13.005,-55.965,2025-02-04,-4,31,81.625,7.7,1,2.16332302566054
2025-02-01,23.6333333333333,25.8,22.2,88.4166666666667,6.1,21.6,-56,-13,"V022","V022",-13.005,-55.965,2025-02-04,-3,25.8,88.4166666666667,6.1,1,1.96009478404727
2025-02-02,23.9791666666667,27.1,21.8,88.875,15.4,21.975,-56,-13,"V022","V022",-13.005,-55.965,2025-02-04,-2,27.1,88.875,15.4,1,2.79728133483015
2025-02-03,24.5208333333333,28.5,22,84.8333333333333,3.1,21.7291666666667,-56,-13,"V022","V022",-13.005,-55.965,2025-02-04,-1,28.5,84.8333333333333,3.1,1,1.41098697371026
2024-11-21,26.9583333333333,32.9,22.2,78.9583333333333,2.4,22.7333333333333,-56,-13,"V023","V023",-13.005,-55.965,2025-02-09,-80,32.9,78.9583333333333,2.4,1,1.22377543162212
2024-11-22,24.3833333333333,27.5,22.6,83.9583333333333,0.9,21.4083333333333,-56,-13,"V023","V023",-13.005,-55.965,2025-02-09,-79,27.5,83.9583333333333,0.9,0,0.641853886172395
2024-11-23,25.4583333333333,30.2,22.1,78.5,0.1,21.2583333333333,-56,-13,"V023","V023",-13.005,-55.965,2025-02-09,-78,30.2,78.5,0.1,0,0.0953101798043249
2024-11-24,24.7291666666667,27.8,22.9,85.1666666666667,19.9,22.0208333333333,-56,-13,"V023","V023",-13.005,-55.965,2025-02-09,-77,27.8,85.1666666666667,19.9,1,3.03974915897077
2024-11-25,24.3291666666667,27.8,22.2,82.1666666666667,3.8,21.025,-56,-13,"V023","V023",-13.005,-55.965,2025-02-09,-76,27.8,82.1666666666667,3.8,1,1.56861591791385
2024-11-26,25.0458333333333,29.7,21.7,83.9583333333333,6,22.0291666666667,-56,-13,"V023","V023",-13.005,-55.965,2025-02-09,-75,29.7,83.9583333333333,6,1,1.94591014905531
2024-11-27,25.9458333333333,30.7,22.3,84.5833333333333,0.9,23.0083333333333,-56,-13,"V023","V023",-13.005,-55.965,2025-02-09,-74,30.7,84.5833333333333,0.9,0,0.641853886172395
2024-11-28,26.475,31.9,22.6,81.875,1.5,22.9416666666667,-56,-13,"V023","V023",-13.005,-55.965,2025-02-09,-73,31.9,81.875,1.5,1,0.916290731874155
2024-11-29,26.0583333333333,30.1,22.9,83.625,0.7,22.95,-56,-13,"V023","V023",-13.005,-55.965,2025-02-09,-72,30.1,83.625,0.7,0,0.53062825106217
2024-11-30,25.375,29.9,22.7,81.75,1.8,21.8333333333333,-56,-13,"V023","V023",-13.005,-55.965,2025-02-09,-71,29.9,81.75,1.8,1,1.02961941718116
2024-12-01,25.5833333333333,30.1,22,80.7916666666667,1.8,21.9,-56,-13,"V023","V023",-13.005,-55.965,2025-02-09,-70,30.1,80.7916666666667,1.8,1,1.02961941718116
2024-12-02,24.9708333333333,28.2,22,87.7083333333333,4.4,22.7375,-56,-13,"V023","V023",-13.005,-55.965,2025-02-09,-69,28.2,87.7083333333333,4.4,1,1.68639895357023
2024-12-03,24.9541666666667,29.3,22.9,88.2083333333333,11.5,22.7625,-56,-13,"V023","V023",-13.005,-55.965,2025-02-09,-68,29.3,88.2083333333333,11.5,1,2.52572864430826
2024-12-04,25.3708333333333,30,21.8,80.875,7.5,21.7291666666667,-56,-13,"V023","V023",-13.005,-55.965,2025-02-09,-67,30,80.875,7.5,1,2.14006616349627
2024-12-05,24.575,27,22.8,87.375,20.2,22.3041666666667,-56,-13,"V023","V023",-13.005,-55.965,2025-02-09,-66,27,87.375,20.2,1,3.05400118167797
2024-12-06,25.35,29,22.7,84.1666666666667,3.3,22.3833333333333,-56,-13,"V023","V023",-13.005,-55.965,2025-02-09,-65,29,84.1666666666667,3.3,1,1.45861502269952
2024-12-07,25.9916666666667,30.6,21.7,82.1666666666667,0.3,22.4708333333333,-56,-13,"V023","V023",-13.005,-55.965,2025-02-09,-64,30.6,82.1666666666667,0.3,0,0.262364264467491
2024-12-08,26.725,32,22.6,73.5833333333333,0.6,21.3,-56,-13,"V023","V023",-13.005,-55.965,2025-02-09,-63,32,73.5833333333333,0.6,0,0.470003629245736
2024-12-09,27.5083333333333,32.2,22,69.875,0.2,21.1291666666667,-56,-13,"V023","V023",-13.005,-55.965,2025-02-09,-62,32.2,69.875,0.2,0,0.182321556793955
2024-12-10,26.5125,30.6,22.4,75.7083333333333,0.2,21.6541666666667,-56,-13,"V023","V023",-13.005,-55.965,2025-02-09,-61,30.6,75.7083333333333,0.2,0,0.182321556793955
2024-12-11,26.1916666666667,30.6,23.3,80.4583333333333,3,22.3833333333333,-56,-13,"V023","V023",-13.005,-55.965,2025-02-09,-60,30.6,80.4583333333333,3,1,1.38629436111989
2024-12-12,26.9333333333333,31.6,22.6,76.5416666666667,0.7,22.1166666666667,-56,-13,"V023","V023",-13.005,-55.965,2025-02-09,-59,31.6,76.5416666666667,0.7,0,0.53062825106217
2024-12-13,26.9583333333333,31.1,22.8,76.3333333333333,0.5,22.2083333333333,-56,-13,"V023","V023",-13.005,-55.965,2025-02-09,-58,31.1,76.3333333333333,0.5,0,0.405465108108164
2024-12-14,25.2791666666667,29.1,22.6,82.2083333333333,3.6,21.8958333333333,-56,-13,"V023","V023",-13.005,-55.965,2025-02-09,-57,29.1,82.2083333333333,3.6,1,1.52605630349505
2024-12-15,25.0958333333333,28.3,22.2,79.6666666666667,0.7,21.1916666666667,-56,-13,"V023","V023",-13.005,-55.965,2025-02-09,-56,28.3,79.6666666666667,0.7,0,0.53062825106217
2024-12-16,24.8958333333333,28.6,23,83.125,2.9,21.7375,-56,-13,"V023","V023",-13.005,-55.965,2025-02-09,-55,28.6,83.125,2.9,1,1.3609765531356
2024-12-17,24.65,27.7,22.1,84.7083333333333,1.4,21.8625,-56,-13,"V023","V023",-13.005,-55.965,2025-02-09,-54,27.7,84.7083333333333,1.4,1,0.8754687373539
2024-12-18,25.9625,30.9,21.9,79.0416666666667,0.6,21.8958333333333,-56,-13,"V023","V023",-13.005,-55.965,2025-02-09,-53,30.9,79.0416666666667,0.6,0,0.470003629245736
2024-12-19,26.5583333333333,30.3,22.5,77.7083333333333,0.7,22.1625,-56,-13,"V023","V023",-13.005,-55.965,2025-02-09,-52,30.3,77.7083333333333,0.7,0,0.53062825106217
2024-12-20,27.0666666666667,31.9,23.2,75.7916666666667,0.7,22.2125,-56,-13,"V023","V023",-13.005,-55.965,2025-02-09,-51,31.9,75.7916666666667,0.7,0,0.53062825106217
2024-12-21,24.4208333333333,28.8,22.6,85.25,14.9,21.7208333333333,-56,-13,"V023","V023",-13.005,-55.965,2025-02-09,-50,28.8,85.25,14.9,1,2.76631910922619
2024-12-22,24.6291666666667,28.4,21.8,85.8333333333333,11.7,21.95,-56,-13,"V023","V023",-13.005,-55.965,2025-02-09,-49,28.4,85.8333333333333,11.7,1,2.54160199346455
2024-12-23,25.4916666666667,30.5,22.1,82.2916666666667,2.2,22.075,-56,-13,"V023","V023",-13.005,-55.965,2025-02-09,-48,30.5,82.2916666666667,2.2,1,1.16315080980568
2024-12-24,24.9833333333333,28.6,23,83.1666666666667,13.5,21.9,-56,-13,"V023","V023",-13.005,-55.965,2025-02-09,-47,28.6,83.1666666666667,13.5,1,2.67414864942653
2024-12-25,24,25.8,22.7,89.8333333333333,21.7,22.2,-56,-13,"V023","V023",-13.005,-55.965,2025-02-09,-46,25.8,89.8333333333333,21.7,1,3.12236492448736
2024-12-26,23.9083333333333,26.6,22.2,89.2916666666667,9.2,21.9875,-56,-13,"V023","V023",-13.005,-55.965,2025-02-09,-45,26.6,89.2916666666667,9.2,1,2.32238772029023
2024-12-27,23.8041666666667,26.7,22.4,91.5833333333333,18.9,22.3416666666667,-56,-13,"V023","V023",-13.005,-55.965,2025-02-09,-44,26.7,91.5833333333333,18.9,1,2.99071973173045
2024-12-28,24.6958333333333,28.5,22.2,83.875,9.1,21.65,-56,-13,"V023","V023",-13.005,-55.965,2025-02-09,-43,28.5,83.875,9.1,1,2.31253542384721
2024-12-29,25.2041666666667,29.3,22.6,84.125,2.5,22.2,-56,-13,"V023","V023",-13.005,-55.965,2025-02-09,-42,29.3,84.125,2.5,1,1.25276296849537
2024-12-30,24.0375,27.3,21.7,87.875,3.5,21.8375,-56,-13,"V023","V023",-13.005,-55.965,2025-02-09,-41,27.3,87.875,3.5,1,1.50407739677627
2024-12-31,25.6583333333333,30.5,21.4,80.5833333333333,0.2,21.825,-56,-13,"V023","V023",-13.005,-55.965,2025-02-09,-40,30.5,80.5833333333333,0.2,0,0.182321556793955
2025-01-01,25.45,28.4,23.2,84.1666666666667,8.7,22.525,-56,-13,"V023","V023",-13.005,-55.965,2025-02-09,-39,28.4,84.1666666666667,8.7,1,2.27212588550934
2025-01-02,24.3125,27.1,22.8,87.4583333333333,2.4,22.0541666666667,-56,-13,"V023","V023",-13.005,-55.965,2025-02-09,-38,27.1,87.4583333333333,2.4,1,1.22377543162212
2025-01-03,26.0125,30.7,22.1,79.9166666666667,0.4,22.0791666666667,-56,-13,"V023","V023",-13.005,-55.965,2025-02-09,-37,30.7,79.9166666666667,0.4,0,0.336472236621213
2025-01-04,26.0291666666667,30.5,22.3,78.9166666666667,2.3,21.85,-56,-13,"V023","V023",-13.005,-55.965,2025-02-09,-36,30.5,78.9166666666667,2.3,1,1.19392246847243
2025-01-05,25.5541666666667,31.2,22.6,81.75,3.6,22.0041666666667,-56,-13,"V023","V023",-13.005,-55.965,2025-02-09,-35,31.2,81.75,3.6,1,1.52605630349505
2025-01-06,25.4708333333333,29.5,22.7,83.9166666666667,0.6,22.4416666666667,-56,-13,"V023","V023",-13.005,-55.965,2025-02-09,-34,29.5,83.9166666666667,0.6,0,0.470003629245736
2025-01-07,24.9583333333333,27.4,23,84.6666666666667,3.1,22.1416666666667,-56,-13,"V023","V023",-13.005,-55.965,2025-02-09,-33,27.4,84.6666666666667,3.1,1,1.41098697371026
2025-01-08,24.3375,27.1,22.6,88.6666666666667,13.8,22.3083333333333,-56,-13,"V023","V023",-13.005,-55.965,2025-02-09,-32,27.1,88.6666666666667,13.8,1,2.69462718077007
2025-01-09,24.1125,26.7,22.2,87.2916666666667,17,21.8083333333333,-56,-13,"V023","V023",-13.005,-55.965,2025-02-09,-31,26.7,87.2916666666667,17,1,2.89037175789616
2025-01-10,23.3916666666667,25.6,22,90.2916666666667,8.8,21.6791666666667,-56,-13,"V023","V023",-13.005,-55.965,2025-02-09,-30,25.6,90.2916666666667,8.8,1,2.28238238567653
2025-01-11,24.1,27.1,22.4,88.7916666666667,11.1,22.0958333333333,-56,-13,"V023","V023",-13.005,-55.965,2025-02-09,-29,27.1,88.7916666666667,11.1,1,2.4932054526027
2025-01-12,24.7041666666667,28.2,22.5,86.75,16.5,22.2333333333333,-56,-13,"V023","V023",-13.005,-55.965,2025-02-09,-28,28.2,86.75,16.5,1,2.86220088092947
2025-01-13,24.5125,29.9,21.9,86.25,14.2,21.9541666666667,-56,-13,"V023","V023",-13.005,-55.965,2025-02-09,-27,29.9,86.25,14.2,1,2.72129542785223
2025-01-14,23.5083333333333,25.7,22.5,87.375,4.3,21.2666666666667,-56,-13,"V023","V023",-13.005,-55.965,2025-02-09,-26,25.7,87.375,4.3,1,1.66770682055808
2025-01-15,24.1708333333333,28,21.8,85.3333333333333,5.9,21.4916666666667,-56,-13,"V023","V023",-13.005,-55.965,2025-02-09,-25,28,85.3333333333333,5.9,1,1.93152141160321
2025-01-16,24.2375,28,22.2,87.625,12.1,22.0291666666667,-56,-13,"V023","V023",-13.005,-55.965,2025-02-09,-24,28,87.625,12.1,1,2.57261223020711
2025-01-17,24.375,28.8,21.7,87.1666666666667,7,22.0208333333333,-56,-13,"V023","V023",-13.005,-55.965,2025-02-09,-23,28.8,87.1666666666667,7,1,2.07944154167984
2025-01-18,24.0458333333333,26.7,22.2,88.0833333333333,7.8,21.9041666666667,-56,-13,"V023","V023",-13.005,-55.965,2025-02-09,-22,26.7,88.0833333333333,7.8,1,2.17475172148416
2025-01-19,24.275,27.2,22,85.9166666666667,17.2,21.6583333333333,-56,-13,"V023","V023",-13.005,-55.965,2025-02-09,-21,27.2,85.9166666666667,17.2,1,2.90142159408275
2025-01-20,23.8875,29.5,21.3,85.7083333333333,12.9,21.2,-56,-13,"V023","V023",-13.005,-55.965,2025-02-09,-20,29.5,85.7083333333333,12.9,1,2.63188884013665
2025-01-21,24.3291666666667,28.3,21.3,82.0416666666667,1.1,20.8166666666667,-56,-13,"V023","V023",-13.005,-55.965,2025-02-09,-19,28.3,82.0416666666667,1.1,1,0.741937344729377
2025-01-22,25.2958333333333,30.2,21.6,79.5,2.6,21.2541666666667,-56,-13,"V023","V023",-13.005,-55.965,2025-02-09,-18,30.2,79.5,2.6,1,1.28093384546206
2025-01-23,25.4375,31.2,20.5,78.7916666666667,3,21.1583333333333,-56,-13,"V023","V023",-13.005,-55.965,2025-02-09,-17,31.2,78.7916666666667,3,1,1.38629436111989
2025-01-24,26.925,33,22,73.4166666666667,0.1,21.4958333333333,-56,-13,"V023","V023",-13.005,-55.965,2025-02-09,-16,33,73.4166666666667,0.1,0,0.0953101798043249
2025-01-25,26.2833333333333,32.8,21.7,76.125,5.6,21.4333333333333,-56,-13,"V023","V023",-13.005,-55.965,2025-02-09,-15,32.8,76.125,5.6,1,1.88706964903238
2025-01-26,26.8791666666667,31.6,22,73.5833333333333,0,21.4375,-56,-13,"V023","V023",-13.005,-55.965,2025-02-09,-14,31.6,73.5833333333333,0,0,0
2025-01-27,25.5375,31.1,22.7,79.9166666666667,5.5,21.6583333333333,-56,-13,"V023","V023",-13.005,-55.965,2025-02-09,-13,31.1,79.9166666666667,5.5,1,1.87180217690159
2025-01-28,26.65,32.3,21.3,73.4166666666667,0,21.025,-56,-13,"V023","V023",-13.005,-55.965,2025-02-09,-12,32.3,73.4166666666667,0,0,0
2025-01-29,27.0958333333333,31.6,22.9,74.4583333333333,0.9,21.9875,-56,-13,"V023","V023",-13.005,-55.965,2025-02-09,-11,31.6,74.4583333333333,0.9,0,0.641853886172395
2025-01-30,25.7,30.2,22.4,82.0833333333333,5.6,22.2375,-56,-13,"V023","V023",-13.005,-55.965,2025-02-09,-10,30.2,82.0833333333333,5.6,1,1.88706964903238
2025-01-31,25.6208333333333,31,22.8,81.625,7.7,22.0916666666667,-56,-13,"V023","V023",-13.005,-55.965,2025-02-09,-9,31,81.625,7.7,1,2.16332302566054
2025-02-01,23.6333333333333,25.8,22.2,88.4166666666667,6.1,21.6,-56,-13,"V023","V023",-13.005,-55.965,2025-02-09,-8,25.8,88.4166666666667,6.1,1,1.96009478404727
2025-02-02,23.9791666666667,27.1,21.8,88.875,15.4,21.975,-56,-13,"V023","V023",-13.005,-55.965,2025-02-09,-7,27.1,88.875,15.4,1,2.79728133483015
2025-02-03,24.5208333333333,28.5,22,84.8333333333333,3.1,21.7291666666667,-56,-13,"V023","V023",-13.005,-55.965,2025-02-09,-6,28.5,84.8333333333333,3.1,1,1.41098697371026
2025-02-04,25.525,29.2,22.5,82.3333333333333,9.7,22.2125,-56,-13,"V023","V023",-13.005,-55.965,2025-02-09,-5,29.2,82.3333333333333,9.7,1,2.37024374146786
2025-02-05,25.0125,30,21.8,81.7916666666667,23.1,21.4833333333333,-56,-13,"V023","V023",-13.005,-55.965,2025-02-09,-4,30,81.7916666666667,23.1,1,3.18221184049661
2025-02-06,25.3208333333333,29,22.8,80.0833333333333,1.8,21.5083333333333,-56,-13,"V023","V023",-13.005,-55.965,2025-02-09,-3,29,80.0833333333333,1.8,1,1.02961941718116
2025-02-07,26.8625,32.6,21.8,73.375,0.3,21.2708333333333,-56,-13,"V023","V023",-13.005,-55.965,2025-02-09,-2,32.6,73.375,0.3,0,0.262364264467491
2025-02-08,26.6416666666667,31.8,22.9,73.0833333333333,0,21.1125,-56,-13,"V023","V023",-13.005,-55.965,2025-02-09,-1,31.8,73.0833333333333,0,0,0
2024-11-25,24.3291666666667,27.8,22.2,82.1666666666667,3.8,21.025,-56,-13,"V024","V024",-13.005,-55.965,2025-02-13,-80,27.8,82.1666666666667,3.8,1,1.56861591791385
2024-11-26,25.0458333333333,29.7,21.7,83.9583333333333,6,22.0291666666667,-56,-13,"V024","V024",-13.005,-55.965,2025-02-13,-79,29.7,83.9583333333333,6,1,1.94591014905531
2024-11-27,25.9458333333333,30.7,22.3,84.5833333333333,0.9,23.0083333333333,-56,-13,"V024","V024",-13.005,-55.965,2025-02-13,-78,30.7,84.5833333333333,0.9,0,0.641853886172395
2024-11-28,26.475,31.9,22.6,81.875,1.5,22.9416666666667,-56,-13,"V024","V024",-13.005,-55.965,2025-02-13,-77,31.9,81.875,1.5,1,0.916290731874155
2024-11-29,26.0583333333333,30.1,22.9,83.625,0.7,22.95,-56,-13,"V024","V024",-13.005,-55.965,2025-02-13,-76,30.1,83.625,0.7,0,0.53062825106217
2024-11-30,25.375,29.9,22.7,81.75,1.8,21.8333333333333,-56,-13,"V024","V024",-13.005,-55.965,2025-02-13,-75,29.9,81.75,1.8,1,1.02961941718116
2024-12-01,25.5833333333333,30.1,22,80.7916666666667,1.8,21.9,-56,-13,"V024","V024",-13.005,-55.965,2025-02-13,-74,30.1,80.7916666666667,1.8,1,1.02961941718116
2024-12-02,24.9708333333333,28.2,22,87.7083333333333,4.4,22.7375,-56,-13,"V024","V024",-13.005,-55.965,2025-02-13,-73,28.2,87.7083333333333,4.4,1,1.68639895357023
2024-12-03,24.9541666666667,29.3,22.9,88.2083333333333,11.5,22.7625,-56,-13,"V024","V024",-13.005,-55.965,2025-02-13,-72,29.3,88.2083333333333,11.5,1,2.52572864430826
2024-12-04,25.3708333333333,30,21.8,80.875,7.5,21.7291666666667,-56,-13,"V024","V024",-13.005,-55.965,2025-02-13,-71,30,80.875,7.5,1,2.14006616349627
2024-12-05,24.575,27,22.8,87.375,20.2,22.3041666666667,-56,-13,"V024","V024",-13.005,-55.965,2025-02-13,-70,27,87.375,20.2,1,3.05400118167797
2024-12-06,25.35,29,22.7,84.1666666666667,3.3,22.3833333333333,-56,-13,"V024","V024",-13.005,-55.965,2025-02-13,-69,29,84.1666666666667,3.3,1,1.45861502269952
2024-12-07,25.9916666666667,30.6,21.7,82.1666666666667,0.3,22.4708333333333,-56,-13,"V024","V024",-13.005,-55.965,2025-02-13,-68,30.6,82.1666666666667,0.3,0,0.262364264467491
2024-12-08,26.725,32,22.6,73.5833333333333,0.6,21.3,-56,-13,"V024","V024",-13.005,-55.965,2025-02-13,-67,32,73.5833333333333,0.6,0,0.470003629245736
2024-12-09,27.5083333333333,32.2,22,69.875,0.2,21.1291666666667,-56,-13,"V024","V024",-13.005,-55.965,2025-02-13,-66,32.2,69.875,0.2,0,0.182321556793955
2024-12-10,26.5125,30.6,22.4,75.7083333333333,0.2,21.6541666666667,-56,-13,"V024","V024",-13.005,-55.965,2025-02-13,-65,30.6,75.7083333333333,0.2,0,0.182321556793955
2024-12-11,26.1916666666667,30.6,23.3,80.4583333333333,3,22.3833333333333,-56,-13,"V024","V024",-13.005,-55.965,2025-02-13,-64,30.6,80.4583333333333,3,1,1.38629436111989
2024-12-12,26.9333333333333,31.6,22.6,76.5416666666667,0.7,22.1166666666667,-56,-13,"V024","V024",-13.005,-55.965,2025-02-13,-63,31.6,76.5416666666667,0.7,0,0.53062825106217
2024-12-13,26.9583333333333,31.1,22.8,76.3333333333333,0.5,22.2083333333333,-56,-13,"V024","V024",-13.005,-55.965,2025-02-13,-62,31.1,76.3333333333333,0.5,0,0.405465108108164
2024-12-14,25.2791666666667,29.1,22.6,82.2083333333333,3.6,21.8958333333333,-56,-13,"V024","V024",-13.005,-55.965,2025-02-13,-61,29.1,82.2083333333333,3.6,1,1.52605630349505
2024-12-15,25.0958333333333,28.3,22.2,79.6666666666667,0.7,21.1916666666667,-56,-13,"V024","V024",-13.005,-55.965,2025-02-13,-60,28.3,79.6666666666667,0.7,0,0.53062825106217
2024-12-16,24.8958333333333,28.6,23,83.125,2.9,21.7375,-56,-13,"V024","V024",-13.005,-55.965,2025-02-13,-59,28.6,83.125,2.9,1,1.3609765531356
2024-12-17,24.65,27.7,22.1,84.7083333333333,1.4,21.8625,-56,-13,"V024","V024",-13.005,-55.965,2025-02-13,-58,27.7,84.7083333333333,1.4,1,0.8754687373539
2024-12-18,25.9625,30.9,21.9,79.0416666666667,0.6,21.8958333333333,-56,-13,"V024","V024",-13.005,-55.965,2025-02-13,-57,30.9,79.0416666666667,0.6,0,0.470003629245736
2024-12-19,26.5583333333333,30.3,22.5,77.7083333333333,0.7,22.1625,-56,-13,"V024","V024",-13.005,-55.965,2025-02-13,-56,30.3,77.7083333333333,0.7,0,0.53062825106217
2024-12-20,27.0666666666667,31.9,23.2,75.7916666666667,0.7,22.2125,-56,-13,"V024","V024",-13.005,-55.965,2025-02-13,-55,31.9,75.7916666666667,0.7,0,0.53062825106217
2024-12-21,24.4208333333333,28.8,22.6,85.25,14.9,21.7208333333333,-56,-13,"V024","V024",-13.005,-55.965,2025-02-13,-54,28.8,85.25,14.9,1,2.76631910922619
2024-12-22,24.6291666666667,28.4,21.8,85.8333333333333,11.7,21.95,-56,-13,"V024","V024",-13.005,-55.965,2025-02-13,-53,28.4,85.8333333333333,11.7,1,2.54160199346455
2024-12-23,25.4916666666667,30.5,22.1,82.2916666666667,2.2,22.075,-56,-13,"V024","V024",-13.005,-55.965,2025-02-13,-52,30.5,82.2916666666667,2.2,1,1.16315080980568
2024-12-24,24.9833333333333,28.6,23,83.1666666666667,13.5,21.9,-56,-13,"V024","V024",-13.005,-55.965,2025-02-13,-51,28.6,83.1666666666667,13.5,1,2.67414864942653
2024-12-25,24,25.8,22.7,89.8333333333333,21.7,22.2,-56,-13,"V024","V024",-13.005,-55.965,2025-02-13,-50,25.8,89.8333333333333,21.7,1,3.12236492448736
2024-12-26,23.9083333333333,26.6,22.2,89.2916666666667,9.2,21.9875,-56,-13,"V024","V024",-13.005,-55.965,2025-02-13,-49,26.6,89.2916666666667,9.2,1,2.32238772029023
2024-12-27,23.8041666666667,26.7,22.4,91.5833333333333,18.9,22.3416666666667,-56,-13,"V024","V024",-13.005,-55.965,2025-02-13,-48,26.7,91.5833333333333,18.9,1,2.99071973173045
2024-12-28,24.6958333333333,28.5,22.2,83.875,9.1,21.65,-56,-13,"V024","V024",-13.005,-55.965,2025-02-13,-47,28.5,83.875,9.1,1,2.31253542384721
2024-12-29,25.2041666666667,29.3,22.6,84.125,2.5,22.2,-56,-13,"V024","V024",-13.005,-55.965,2025-02-13,-46,29.3,84.125,2.5,1,1.25276296849537
2024-12-30,24.0375,27.3,21.7,87.875,3.5,21.8375,-56,-13,"V024","V024",-13.005,-55.965,2025-02-13,-45,27.3,87.875,3.5,1,1.50407739677627
2024-12-31,25.6583333333333,30.5,21.4,80.5833333333333,0.2,21.825,-56,-13,"V024","V024",-13.005,-55.965,2025-02-13,-44,30.5,80.5833333333333,0.2,0,0.182321556793955
2025-01-01,25.45,28.4,23.2,84.1666666666667,8.7,22.525,-56,-13,"V024","V024",-13.005,-55.965,2025-02-13,-43,28.4,84.1666666666667,8.7,1,2.27212588550934
2025-01-02,24.3125,27.1,22.8,87.4583333333333,2.4,22.0541666666667,-56,-13,"V024","V024",-13.005,-55.965,2025-02-13,-42,27.1,87.4583333333333,2.4,1,1.22377543162212
2025-01-03,26.0125,30.7,22.1,79.9166666666667,0.4,22.0791666666667,-56,-13,"V024","V024",-13.005,-55.965,2025-02-13,-41,30.7,79.9166666666667,0.4,0,0.336472236621213
2025-01-04,26.0291666666667,30.5,22.3,78.9166666666667,2.3,21.85,-56,-13,"V024","V024",-13.005,-55.965,2025-02-13,-40,30.5,78.9166666666667,2.3,1,1.19392246847243
2025-01-05,25.5541666666667,31.2,22.6,81.75,3.6,22.0041666666667,-56,-13,"V024","V024",-13.005,-55.965,2025-02-13,-39,31.2,81.75,3.6,1,1.52605630349505
2025-01-06,25.4708333333333,29.5,22.7,83.9166666666667,0.6,22.4416666666667,-56,-13,"V024","V024",-13.005,-55.965,2025-02-13,-38,29.5,83.9166666666667,0.6,0,0.470003629245736
2025-01-07,24.9583333333333,27.4,23,84.6666666666667,3.1,22.1416666666667,-56,-13,"V024","V024",-13.005,-55.965,2025-02-13,-37,27.4,84.6666666666667,3.1,1,1.41098697371026
2025-01-08,24.3375,27.1,22.6,88.6666666666667,13.8,22.3083333333333,-56,-13,"V024","V024",-13.005,-55.965,2025-02-13,-36,27.1,88.6666666666667,13.8,1,2.69462718077007
2025-01-09,24.1125,26.7,22.2,87.2916666666667,17,21.8083333333333,-56,-13,"V024","V024",-13.005,-55.965,2025-02-13,-35,26.7,87.2916666666667,17,1,2.89037175789616
2025-01-10,23.3916666666667,25.6,22,90.2916666666667,8.8,21.6791666666667,-56,-13,"V024","V024",-13.005,-55.965,2025-02-13,-34,25.6,90.2916666666667,8.8,1,2.28238238567653
2025-01-11,24.1,27.1,22.4,88.7916666666667,11.1,22.0958333333333,-56,-13,"V024","V024",-13.005,-55.965,2025-02-13,-33,27.1,88.7916666666667,11.1,1,2.4932054526027
2025-01-12,24.7041666666667,28.2,22.5,86.75,16.5,22.2333333333333,-56,-13,"V024","V024",-13.005,-55.965,2025-02-13,-32,28.2,86.75,16.5,1,2.86220088092947
2025-01-13,24.5125,29.9,21.9,86.25,14.2,21.9541666666667,-56,-13,"V024","V024",-13.005,-55.965,2025-02-13,-31,29.9,86.25,14.2,1,2.72129542785223
2025-01-14,23.5083333333333,25.7,22.5,87.375,4.3,21.2666666666667,-56,-13,"V024","V024",-13.005,-55.965,2025-02-13,-30,25.7,87.375,4.3,1,1.66770682055808
2025-01-15,24.1708333333333,28,21.8,85.3333333333333,5.9,21.4916666666667,-56,-13,"V024","V024",-13.005,-55.965,2025-02-13,-29,28,85.3333333333333,5.9,1,1.93152141160321
2025-01-16,24.2375,28,22.2,87.625,12.1,22.0291666666667,-56,-13,"V024","V024",-13.005,-55.965,2025-02-13,-28,28,87.625,12.1,1,2.57261223020711
2025-01-17,24.375,28.8,21.7,87.1666666666667,7,22.0208333333333,-56,-13,"V024","V024",-13.005,-55.965,2025-02-13,-27,28.8,87.1666666666667,7,1,2.07944154167984
2025-01-18,24.0458333333333,26.7,22.2,88.0833333333333,7.8,21.9041666666667,-56,-13,"V024","V024",-13.005,-55.965,2025-02-13,-26,26.7,88.0833333333333,7.8,1,2.17475172148416
2025-01-19,24.275,27.2,22,85.9166666666667,17.2,21.6583333333333,-56,-13,"V024","V024",-13.005,-55.965,2025-02-13,-25,27.2,85.9166666666667,17.2,1,2.90142159408275
2025-01-20,23.8875,29.5,21.3,85.7083333333333,12.9,21.2,-56,-13,"V024","V024",-13.005,-55.965,2025-02-13,-24,29.5,85.7083333333333,12.9,1,2.63188884013665
2025-01-21,24.3291666666667,28.3,21.3,82.0416666666667,1.1,20.8166666666667,-56,-13,"V024","V024",-13.005,-55.965,2025-02-13,-23,28.3,82.0416666666667,1.1,1,0.741937344729377
2025-01-22,25.2958333333333,30.2,21.6,79.5,2.6,21.2541666666667,-56,-13,"V024","V024",-13.005,-55.965,2025-02-13,-22,30.2,79.5,2.6,1,1.28093384546206
2025-01-23,25.4375,31.2,20.5,78.7916666666667,3,21.1583333333333,-56,-13,"V024","V024",-13.005,-55.965,2025-02-13,-21,31.2,78.7916666666667,3,1,1.38629436111989
2025-01-24,26.925,33,22,73.4166666666667,0.1,21.4958333333333,-56,-13,"V024","V024",-13.005,-55.965,2025-02-13,-20,33,73.4166666666667,0.1,0,0.0953101798043249
2025-01-25,26.2833333333333,32.8,21.7,76.125,5.6,21.4333333333333,-56,-13,"V024","V024",-13.005,-55.965,2025-02-13,-19,32.8,76.125,5.6,1,1.88706964903238
2025-01-26,26.8791666666667,31.6,22,73.5833333333333,0,21.4375,-56,-13,"V024","V024",-13.005,-55.965,2025-02-13,-18,31.6,73.5833333333333,0,0,0
2025-01-27,25.5375,31.1,22.7,79.9166666666667,5.5,21.6583333333333,-56,-13,"V024","V024",-13.005,-55.965,2025-02-13,-17,31.1,79.9166666666667,5.5,1,1.87180217690159
2025-01-28,26.65,32.3,21.3,73.4166666666667,0,21.025,-56,-13,"V024","V024",-13.005,-55.965,2025-02-13,-16,32.3,73.4166666666667,0,0,0
2025-01-29,27.0958333333333,31.6,22.9,74.4583333333333,0.9,21.9875,-56,-13,"V024","V024",-13.005,-55.965,2025-02-13,-15,31.6,74.4583333333333,0.9,0,0.641853886172395
2025-01-30,25.7,30.2,22.4,82.0833333333333,5.6,22.2375,-56,-13,"V024","V024",-13.005,-55.965,2025-02-13,-14,30.2,82.0833333333333,5.6,1,1.88706964903238
2025-01-31,25.6208333333333,31,22.8,81.625,7.7,22.0916666666667,-56,-13,"V024","V024",-13.005,-55.965,2025-02-13,-13,31,81.625,7.7,1,2.16332302566054
2025-02-01,23.6333333333333,25.8,22.2,88.4166666666667,6.1,21.6,-56,-13,"V024","V024",-13.005,-55.965,2025-02-13,-12,25.8,88.4166666666667,6.1,1,1.96009478404727
2025-02-02,23.9791666666667,27.1,21.8,88.875,15.4,21.975,-56,-13,"V024","V024",-13.005,-55.965,2025-02-13,-11,27.1,88.875,15.4,1,2.79728133483015
2025-02-03,24.5208333333333,28.5,22,84.8333333333333,3.1,21.7291666666667,-56,-13,"V024","V024",-13.005,-55.965,2025-02-13,-10,28.5,84.8333333333333,3.1,1,1.41098697371026
2025-02-04,25.525,29.2,22.5,82.3333333333333,9.7,22.2125,-56,-13,"V024","V024",-13.005,-55.965,2025-02-13,-9,29.2,82.3333333333333,9.7,1,2.37024374146786
2025-02-05,25.0125,30,21.8,81.7916666666667,23.1,21.4833333333333,-56,-13,"V024","V024",-13.005,-55.965,2025-02-13,-8,30,81.7916666666667,23.1,1,3.18221184049661
2025-02-06,25.3208333333333,29,22.8,80.0833333333333,1.8,21.5083333333333,-56,-13,"V024","V024",-13.005,-55.965,2025-02-13,-7,29,80.0833333333333,1.8,1,1.02961941718116
2025-02-07,26.8625,32.6,21.8,73.375,0.3,21.2708333333333,-56,-13,"V024","V024",-13.005,-55.965,2025-02-13,-6,32.6,73.375,0.3,0,0.262364264467491
2025-02-08,26.6416666666667,31.8,22.9,73.0833333333333,0,21.1125,-56,-13,"V024","V024",-13.005,-55.965,2025-02-13,-5,31.8,73.0833333333333,0,0,0
2025-02-09,25.975,30.7,22.7,73.875,1,20.6958333333333,-56,-13,"V024","V024",-13.005,-55.965,2025-02-13,-4,30.7,73.875,1,1,0.693147180559945
2025-02-10,25.0375,29.6,21.5,80.8333333333333,3.3,21.3708333333333,-56,-13,"V024","V024",-13.005,-55.965,2025-02-13,-3,29.6,80.8333333333333,3.3,1,1.45861502269952
2025-02-11,23.9291666666667,28.5,22.4,85.375,8.1,21.2083333333333,-56,-13,"V024","V024",-13.005,-55.965,2025-02-13,-2,28.5,85.375,8.1,1,2.2082744135228
2025-02-12,24.3541666666667,27.7,22.1,84.2916666666667,3,21.45,-56,-13,"V024","V024",-13.005,-55.965,2025-02-13,-1,27.7,84.2916666666667,3,1,1.38629436111989
2024-11-30,25.375,29.9,22.7,81.75,1.8,21.8333333333333,-56,-13,"V025","V025",-13.005,-55.965,2025-02-18,-80,29.9,81.75,1.8,1,1.02961941718116
2024-12-01,25.5833333333333,30.1,22,80.7916666666667,1.8,21.9,-56,-13,"V025","V025",-13.005,-55.965,2025-02-18,-79,30.1,80.7916666666667,1.8,1,1.02961941718116
2024-12-02,24.9708333333333,28.2,22,87.7083333333333,4.4,22.7375,-56,-13,"V025","V025",-13.005,-55.965,2025-02-18,-78,28.2,87.7083333333333,4.4,1,1.68639895357023
2024-12-03,24.9541666666667,29.3,22.9,88.2083333333333,11.5,22.7625,-56,-13,"V025","V025",-13.005,-55.965,2025-02-18,-77,29.3,88.2083333333333,11.5,1,2.52572864430826
2024-12-04,25.3708333333333,30,21.8,80.875,7.5,21.7291666666667,-56,-13,"V025","V025",-13.005,-55.965,2025-02-18,-76,30,80.875,7.5,1,2.14006616349627
2024-12-05,24.575,27,22.8,87.375,20.2,22.3041666666667,-56,-13,"V025","V025",-13.005,-55.965,2025-02-18,-75,27,87.375,20.2,1,3.05400118167797
2024-12-06,25.35,29,22.7,84.1666666666667,3.3,22.3833333333333,-56,-13,"V025","V025",-13.005,-55.965,2025-02-18,-74,29,84.1666666666667,3.3,1,1.45861502269952
2024-12-07,25.9916666666667,30.6,21.7,82.1666666666667,0.3,22.4708333333333,-56,-13,"V025","V025",-13.005,-55.965,2025-02-18,-73,30.6,82.1666666666667,0.3,0,0.262364264467491
2024-12-08,26.725,32,22.6,73.5833333333333,0.6,21.3,-56,-13,"V025","V025",-13.005,-55.965,2025-02-18,-72,32,73.5833333333333,0.6,0,0.470003629245736
2024-12-09,27.5083333333333,32.2,22,69.875,0.2,21.1291666666667,-56,-13,"V025","V025",-13.005,-55.965,2025-02-18,-71,32.2,69.875,0.2,0,0.182321556793955
2024-12-10,26.5125,30.6,22.4,75.7083333333333,0.2,21.6541666666667,-56,-13,"V025","V025",-13.005,-55.965,2025-02-18,-70,30.6,75.7083333333333,0.2,0,0.182321556793955
2024-12-11,26.1916666666667,30.6,23.3,80.4583333333333,3,22.3833333333333,-56,-13,"V025","V025",-13.005,-55.965,2025-02-18,-69,30.6,80.4583333333333,3,1,1.38629436111989
2024-12-12,26.9333333333333,31.6,22.6,76.5416666666667,0.7,22.1166666666667,-56,-13,"V025","V025",-13.005,-55.965,2025-02-18,-68,31.6,76.5416666666667,0.7,0,0.53062825106217
2024-12-13,26.9583333333333,31.1,22.8,76.3333333333333,0.5,22.2083333333333,-56,-13,"V025","V025",-13.005,-55.965,2025-02-18,-67,31.1,76.3333333333333,0.5,0,0.405465108108164
2024-12-14,25.2791666666667,29.1,22.6,82.2083333333333,3.6,21.8958333333333,-56,-13,"V025","V025",-13.005,-55.965,2025-02-18,-66,29.1,82.2083333333333,3.6,1,1.52605630349505
2024-12-15,25.0958333333333,28.3,22.2,79.6666666666667,0.7,21.1916666666667,-56,-13,"V025","V025",-13.005,-55.965,2025-02-18,-65,28.3,79.6666666666667,0.7,0,0.53062825106217
2024-12-16,24.8958333333333,28.6,23,83.125,2.9,21.7375,-56,-13,"V025","V025",-13.005,-55.965,2025-02-18,-64,28.6,83.125,2.9,1,1.3609765531356
2024-12-17,24.65,27.7,22.1,84.7083333333333,1.4,21.8625,-56,-13,"V025","V025",-13.005,-55.965,2025-02-18,-63,27.7,84.7083333333333,1.4,1,0.8754687373539
2024-12-18,25.9625,30.9,21.9,79.0416666666667,0.6,21.8958333333333,-56,-13,"V025","V025",-13.005,-55.965,2025-02-18,-62,30.9,79.0416666666667,0.6,0,0.470003629245736
2024-12-19,26.5583333333333,30.3,22.5,77.7083333333333,0.7,22.1625,-56,-13,"V025","V025",-13.005,-55.965,2025-02-18,-61,30.3,77.7083333333333,0.7,0,0.53062825106217
2024-12-20,27.0666666666667,31.9,23.2,75.7916666666667,0.7,22.2125,-56,-13,"V025","V025",-13.005,-55.965,2025-02-18,-60,31.9,75.7916666666667,0.7,0,0.53062825106217
2024-12-21,24.4208333333333,28.8,22.6,85.25,14.9,21.7208333333333,-56,-13,"V025","V025",-13.005,-55.965,2025-02-18,-59,28.8,85.25,14.9,1,2.76631910922619
2024-12-22,24.6291666666667,28.4,21.8,85.8333333333333,11.7,21.95,-56,-13,"V025","V025",-13.005,-55.965,2025-02-18,-58,28.4,85.8333333333333,11.7,1,2.54160199346455
2024-12-23,25.4916666666667,30.5,22.1,82.2916666666667,2.2,22.075,-56,-13,"V025","V025",-13.005,-55.965,2025-02-18,-57,30.5,82.2916666666667,2.2,1,1.16315080980568
2024-12-24,24.9833333333333,28.6,23,83.1666666666667,13.5,21.9,-56,-13,"V025","V025",-13.005,-55.965,2025-02-18,-56,28.6,83.1666666666667,13.5,1,2.67414864942653
2024-12-25,24,25.8,22.7,89.8333333333333,21.7,22.2,-56,-13,"V025","V025",-13.005,-55.965,2025-02-18,-55,25.8,89.8333333333333,21.7,1,3.12236492448736
2024-12-26,23.9083333333333,26.6,22.2,89.2916666666667,9.2,21.9875,-56,-13,"V025","V025",-13.005,-55.965,2025-02-18,-54,26.6,89.2916666666667,9.2,1,2.32238772029023
2024-12-27,23.8041666666667,26.7,22.4,91.5833333333333,18.9,22.3416666666667,-56,-13,"V025","V025",-13.005,-55.965,2025-02-18,-53,26.7,91.5833333333333,18.9,1,2.99071973173045
2024-12-28,24.6958333333333,28.5,22.2,83.875,9.1,21.65,-56,-13,"V025","V025",-13.005,-55.965,2025-02-18,-52,28.5,83.875,9.1,1,2.31253542384721
2024-12-29,25.2041666666667,29.3,22.6,84.125,2.5,22.2,-56,-13,"V025","V025",-13.005,-55.965,2025-02-18,-51,29.3,84.125,2.5,1,1.25276296849537
2024-12-30,24.0375,27.3,21.7,87.875,3.5,21.8375,-56,-13,"V025","V025",-13.005,-55.965,2025-02-18,-50,27.3,87.875,3.5,1,1.50407739677627
2024-12-31,25.6583333333333,30.5,21.4,80.5833333333333,0.2,21.825,-56,-13,"V025","V025",-13.005,-55.965,2025-02-18,-49,30.5,80.5833333333333,0.2,0,0.182321556793955
2025-01-01,25.45,28.4,23.2,84.1666666666667,8.7,22.525,-56,-13,"V025","V025",-13.005,-55.965,2025-02-18,-48,28.4,84.1666666666667,8.7,1,2.27212588550934
2025-01-02,24.3125,27.1,22.8,87.4583333333333,2.4,22.0541666666667,-56,-13,"V025","V025",-13.005,-55.965,2025-02-18,-47,27.1,87.4583333333333,2.4,1,1.22377543162212
2025-01-03,26.0125,30.7,22.1,79.9166666666667,0.4,22.0791666666667,-56,-13,"V025","V025",-13.005,-55.965,2025-02-18,-46,30.7,79.9166666666667,0.4,0,0.336472236621213
2025-01-04,26.0291666666667,30.5,22.3,78.9166666666667,2.3,21.85,-56,-13,"V025","V025",-13.005,-55.965,2025-02-18,-45,30.5,78.9166666666667,2.3,1,1.19392246847243
2025-01-05,25.5541666666667,31.2,22.6,81.75,3.6,22.0041666666667,-56,-13,"V025","V025",-13.005,-55.965,2025-02-18,-44,31.2,81.75,3.6,1,1.52605630349505
2025-01-06,25.4708333333333,29.5,22.7,83.9166666666667,0.6,22.4416666666667,-56,-13,"V025","V025",-13.005,-55.965,2025-02-18,-43,29.5,83.9166666666667,0.6,0,0.470003629245736
2025-01-07,24.9583333333333,27.4,23,84.6666666666667,3.1,22.1416666666667,-56,-13,"V025","V025",-13.005,-55.965,2025-02-18,-42,27.4,84.6666666666667,3.1,1,1.41098697371026
2025-01-08,24.3375,27.1,22.6,88.6666666666667,13.8,22.3083333333333,-56,-13,"V025","V025",-13.005,-55.965,2025-02-18,-41,27.1,88.6666666666667,13.8,1,2.69462718077007
2025-01-09,24.1125,26.7,22.2,87.2916666666667,17,21.8083333333333,-56,-13,"V025","V025",-13.005,-55.965,2025-02-18,-40,26.7,87.2916666666667,17,1,2.89037175789616
2025-01-10,23.3916666666667,25.6,22,90.2916666666667,8.8,21.6791666666667,-56,-13,"V025","V025",-13.005,-55.965,2025-02-18,-39,25.6,90.2916666666667,8.8,1,2.28238238567653
2025-01-11,24.1,27.1,22.4,88.7916666666667,11.1,22.0958333333333,-56,-13,"V025","V025",-13.005,-55.965,2025-02-18,-38,27.1,88.7916666666667,11.1,1,2.4932054526027
2025-01-12,24.7041666666667,28.2,22.5,86.75,16.5,22.2333333333333,-56,-13,"V025","V025",-13.005,-55.965,2025-02-18,-37,28.2,86.75,16.5,1,2.86220088092947
2025-01-13,24.5125,29.9,21.9,86.25,14.2,21.9541666666667,-56,-13,"V025","V025",-13.005,-55.965,2025-02-18,-36,29.9,86.25,14.2,1,2.72129542785223
2025-01-14,23.5083333333333,25.7,22.5,87.375,4.3,21.2666666666667,-56,-13,"V025","V025",-13.005,-55.965,2025-02-18,-35,25.7,87.375,4.3,1,1.66770682055808
2025-01-15,24.1708333333333,28,21.8,85.3333333333333,5.9,21.4916666666667,-56,-13,"V025","V025",-13.005,-55.965,2025-02-18,-34,28,85.3333333333333,5.9,1,1.93152141160321
2025-01-16,24.2375,28,22.2,87.625,12.1,22.0291666666667,-56,-13,"V025","V025",-13.005,-55.965,2025-02-18,-33,28,87.625,12.1,1,2.57261223020711
2025-01-17,24.375,28.8,21.7,87.1666666666667,7,22.0208333333333,-56,-13,"V025","V025",-13.005,-55.965,2025-02-18,-32,28.8,87.1666666666667,7,1,2.07944154167984
2025-01-18,24.0458333333333,26.7,22.2,88.0833333333333,7.8,21.9041666666667,-56,-13,"V025","V025",-13.005,-55.965,2025-02-18,-31,26.7,88.0833333333333,7.8,1,2.17475172148416
2025-01-19,24.275,27.2,22,85.9166666666667,17.2,21.6583333333333,-56,-13,"V025","V025",-13.005,-55.965,2025-02-18,-30,27.2,85.9166666666667,17.2,1,2.90142159408275
2025-01-20,23.8875,29.5,21.3,85.7083333333333,12.9,21.2,-56,-13,"V025","V025",-13.005,-55.965,2025-02-18,-29,29.5,85.7083333333333,12.9,1,2.63188884013665
2025-01-21,24.3291666666667,28.3,21.3,82.0416666666667,1.1,20.8166666666667,-56,-13,"V025","V025",-13.005,-55.965,2025-02-18,-28,28.3,82.0416666666667,1.1,1,0.741937344729377
2025-01-22,25.2958333333333,30.2,21.6,79.5,2.6,21.2541666666667,-56,-13,"V025","V025",-13.005,-55.965,2025-02-18,-27,30.2,79.5,2.6,1,1.28093384546206
2025-01-23,25.4375,31.2,20.5,78.7916666666667,3,21.1583333333333,-56,-13,"V025","V025",-13.005,-55.965,2025-02-18,-26,31.2,78.7916666666667,3,1,1.38629436111989
2025-01-24,26.925,33,22,73.4166666666667,0.1,21.4958333333333,-56,-13,"V025","V025",-13.005,-55.965,2025-02-18,-25,33,73.4166666666667,0.1,0,0.0953101798043249
2025-01-25,26.2833333333333,32.8,21.7,76.125,5.6,21.4333333333333,-56,-13,"V025","V025",-13.005,-55.965,2025-02-18,-24,32.8,76.125,5.6,1,1.88706964903238
2025-01-26,26.8791666666667,31.6,22,73.5833333333333,0,21.4375,-56,-13,"V025","V025",-13.005,-55.965,2025-02-18,-23,31.6,73.5833333333333,0,0,0
2025-01-27,25.5375,31.1,22.7,79.9166666666667,5.5,21.6583333333333,-56,-13,"V025","V025",-13.005,-55.965,2025-02-18,-22,31.1,79.9166666666667,5.5,1,1.87180217690159
2025-01-28,26.65,32.3,21.3,73.4166666666667,0,21.025,-56,-13,"V025","V025",-13.005,-55.965,2025-02-18,-21,32.3,73.4166666666667,0,0,0
2025-01-29,27.0958333333333,31.6,22.9,74.4583333333333,0.9,21.9875,-56,-13,"V025","V025",-13.005,-55.965,2025-02-18,-20,31.6,74.4583333333333,0.9,0,0.641853886172395
2025-01-30,25.7,30.2,22.4,82.0833333333333,5.6,22.2375,-56,-13,"V025","V025",-13.005,-55.965,2025-02-18,-19,30.2,82.0833333333333,5.6,1,1.88706964903238
2025-01-31,25.6208333333333,31,22.8,81.625,7.7,22.0916666666667,-56,-13,"V025","V025",-13.005,-55.965,2025-02-18,-18,31,81.625,7.7,1,2.16332302566054
2025-02-01,23.6333333333333,25.8,22.2,88.4166666666667,6.1,21.6,-56,-13,"V025","V025",-13.005,-55.965,2025-02-18,-17,25.8,88.4166666666667,6.1,1,1.96009478404727
2025-02-02,23.9791666666667,27.1,21.8,88.875,15.4,21.975,-56,-13,"V025","V025",-13.005,-55.965,2025-02-18,-16,27.1,88.875,15.4,1,2.79728133483015
2025-02-03,24.5208333333333,28.5,22,84.8333333333333,3.1,21.7291666666667,-56,-13,"V025","V025",-13.005,-55.965,2025-02-18,-15,28.5,84.8333333333333,3.1,1,1.41098697371026
2025-02-04,25.525,29.2,22.5,82.3333333333333,9.7,22.2125,-56,-13,"V025","V025",-13.005,-55.965,2025-02-18,-14,29.2,82.3333333333333,9.7,1,2.37024374146786
2025-02-05,25.0125,30,21.8,81.7916666666667,23.1,21.4833333333333,-56,-13,"V025","V025",-13.005,-55.965,2025-02-18,-13,30,81.7916666666667,23.1,1,3.18221184049661
2025-02-06,25.3208333333333,29,22.8,80.0833333333333,1.8,21.5083333333333,-56,-13,"V025","V025",-13.005,-55.965,2025-02-18,-12,29,80.0833333333333,1.8,1,1.02961941718116
2025-02-07,26.8625,32.6,21.8,73.375,0.3,21.2708333333333,-56,-13,"V025","V025",-13.005,-55.965,2025-02-18,-11,32.6,73.375,0.3,0,0.262364264467491
2025-02-08,26.6416666666667,31.8,22.9,73.0833333333333,0,21.1125,-56,-13,"V025","V025",-13.005,-55.965,2025-02-18,-10,31.8,73.0833333333333,0,0,0
2025-02-09,25.975,30.7,22.7,73.875,1,20.6958333333333,-56,-13,"V025","V025",-13.005,-55.965,2025-02-18,-9,30.7,73.875,1,1,0.693147180559945
2025-02-10,25.0375,29.6,21.5,80.8333333333333,3.3,21.3708333333333,-56,-13,"V025","V025",-13.005,-55.965,2025-02-18,-8,29.6,80.8333333333333,3.3,1,1.45861502269952
2025-02-11,23.9291666666667,28.5,22.4,85.375,8.1,21.2083333333333,-56,-13,"V025","V025",-13.005,-55.965,2025-02-18,-7,28.5,85.375,8.1,1,2.2082744135228
2025-02-12,24.3541666666667,27.7,22.1,84.2916666666667,3,21.45,-56,-13,"V025","V025",-13.005,-55.965,2025-02-18,-6,27.7,84.2916666666667,3,1,1.38629436111989
2025-02-13,25.0166666666667,27.9,22.4,82.8333333333333,2.3,21.825,-56,-13,"V025","V025",-13.005,-55.965,2025-02-18,-5,27.9,82.8333333333333,2.3,1,1.19392246847243
2025-02-14,24.9625,29.3,22.2,83.375,15.8,21.6833333333333,-56,-13,"V025","V025",-13.005,-55.965,2025-02-18,-4,29.3,83.375,15.8,1,2.82137888640921
2025-02-15,25.7541666666667,30.6,22.2,80.4166666666667,2.3,21.8916666666667,-56,-13,"V025","V025",-13.005,-55.965,2025-02-18,-3,30.6,80.4166666666667,2.3,1,1.19392246847243
2025-02-16,24.85,29.2,22.4,81.875,2.1,21.3416666666667,-56,-13,"V025","V025",-13.005,-55.965,2025-02-18,-2,29.2,81.875,2.1,1,1.1314021114911
2025-02-17,25.725,30.2,22.6,79.9583333333333,5.8,21.7833333333333,-56,-13,"V025","V025",-13.005,-55.965,2025-02-18,-1,30.2,79.9583333333333,5.8,1,1.91692261218206
2024-12-17,24.65,27.7,22.1,84.7083333333333,1.4,21.8625,-56,-13,"V026","V026",-13.005,-55.965,2025-03-07,-80,27.7,84.7083333333333,1.4,1,0.8754687373539
2024-12-18,25.9625,30.9,21.9,79.0416666666667,0.6,21.8958333333333,-56,-13,"V026","V026",-13.005,-55.965,2025-03-07,-79,30.9,79.0416666666667,0.6,0,0.470003629245736
2024-12-19,26.5583333333333,30.3,22.5,77.7083333333333,0.7,22.1625,-56,-13,"V026","V026",-13.005,-55.965,2025-03-07,-78,30.3,77.7083333333333,0.7,0,0.53062825106217
2024-12-20,27.0666666666667,31.9,23.2,75.7916666666667,0.7,22.2125,-56,-13,"V026","V026",-13.005,-55.965,2025-03-07,-77,31.9,75.7916666666667,0.7,0,0.53062825106217
2024-12-21,24.4208333333333,28.8,22.6,85.25,14.9,21.7208333333333,-56,-13,"V026","V026",-13.005,-55.965,2025-03-07,-76,28.8,85.25,14.9,1,2.76631910922619
2024-12-22,24.6291666666667,28.4,21.8,85.8333333333333,11.7,21.95,-56,-13,"V026","V026",-13.005,-55.965,2025-03-07,-75,28.4,85.8333333333333,11.7,1,2.54160199346455
2024-12-23,25.4916666666667,30.5,22.1,82.2916666666667,2.2,22.075,-56,-13,"V026","V026",-13.005,-55.965,2025-03-07,-74,30.5,82.2916666666667,2.2,1,1.16315080980568
2024-12-24,24.9833333333333,28.6,23,83.1666666666667,13.5,21.9,-56,-13,"V026","V026",-13.005,-55.965,2025-03-07,-73,28.6,83.1666666666667,13.5,1,2.67414864942653
2024-12-25,24,25.8,22.7,89.8333333333333,21.7,22.2,-56,-13,"V026","V026",-13.005,-55.965,2025-03-07,-72,25.8,89.8333333333333,21.7,1,3.12236492448736
2024-12-26,23.9083333333333,26.6,22.2,89.2916666666667,9.2,21.9875,-56,-13,"V026","V026",-13.005,-55.965,2025-03-07,-71,26.6,89.2916666666667,9.2,1,2.32238772029023
2024-12-27,23.8041666666667,26.7,22.4,91.5833333333333,18.9,22.3416666666667,-56,-13,"V026","V026",-13.005,-55.965,2025-03-07,-70,26.7,91.5833333333333,18.9,1,2.99071973173045
2024-12-28,24.6958333333333,28.5,22.2,83.875,9.1,21.65,-56,-13,"V026","V026",-13.005,-55.965,2025-03-07,-69,28.5,83.875,9.1,1,2.31253542384721
2024-12-29,25.2041666666667,29.3,22.6,84.125,2.5,22.2,-56,-13,"V026","V026",-13.005,-55.965,2025-03-07,-68,29.3,84.125,2.5,1,1.25276296849537
2024-12-30,24.0375,27.3,21.7,87.875,3.5,21.8375,-56,-13,"V026","V026",-13.005,-55.965,2025-03-07,-67,27.3,87.875,3.5,1,1.50407739677627
2024-12-31,25.6583333333333,30.5,21.4,80.5833333333333,0.2,21.825,-56,-13,"V026","V026",-13.005,-55.965,2025-03-07,-66,30.5,80.5833333333333,0.2,0,0.182321556793955
2025-01-01,25.45,28.4,23.2,84.1666666666667,8.7,22.525,-56,-13,"V026","V026",-13.005,-55.965,2025-03-07,-65,28.4,84.1666666666667,8.7,1,2.27212588550934
2025-01-02,24.3125,27.1,22.8,87.4583333333333,2.4,22.0541666666667,-56,-13,"V026","V026",-13.005,-55.965,2025-03-07,-64,27.1,87.4583333333333,2.4,1,1.22377543162212
2025-01-03,26.0125,30.7,22.1,79.9166666666667,0.4,22.0791666666667,-56,-13,"V026","V026",-13.005,-55.965,2025-03-07,-63,30.7,79.9166666666667,0.4,0,0.336472236621213
2025-01-04,26.0291666666667,30.5,22.3,78.9166666666667,2.3,21.85,-56,-13,"V026","V026",-13.005,-55.965,2025-03-07,-62,30.5,78.9166666666667,2.3,1,1.19392246847243
2025-01-05,25.5541666666667,31.2,22.6,81.75,3.6,22.0041666666667,-56,-13,"V026","V026",-13.005,-55.965,2025-03-07,-61,31.2,81.75,3.6,1,1.52605630349505
2025-01-06,25.4708333333333,29.5,22.7,83.9166666666667,0.6,22.4416666666667,-56,-13,"V026","V026",-13.005,-55.965,2025-03-07,-60,29.5,83.9166666666667,0.6,0,0.470003629245736
2025-01-07,24.9583333333333,27.4,23,84.6666666666667,3.1,22.1416666666667,-56,-13,"V026","V026",-13.005,-55.965,2025-03-07,-59,27.4,84.6666666666667,3.1,1,1.41098697371026
2025-01-08,24.3375,27.1,22.6,88.6666666666667,13.8,22.3083333333333,-56,-13,"V026","V026",-13.005,-55.965,2025-03-07,-58,27.1,88.6666666666667,13.8,1,2.69462718077007
2025-01-09,24.1125,26.7,22.2,87.2916666666667,17,21.8083333333333,-56,-13,"V026","V026",-13.005,-55.965,2025-03-07,-57,26.7,87.2916666666667,17,1,2.89037175789616
2025-01-10,23.3916666666667,25.6,22,90.2916666666667,8.8,21.6791666666667,-56,-13,"V026","V026",-13.005,-55.965,2025-03-07,-56,25.6,90.2916666666667,8.8,1,2.28238238567653
2025-01-11,24.1,27.1,22.4,88.7916666666667,11.1,22.0958333333333,-56,-13,"V026","V026",-13.005,-55.965,2025-03-07,-55,27.1,88.7916666666667,11.1,1,2.4932054526027
2025-01-12,24.7041666666667,28.2,22.5,86.75,16.5,22.2333333333333,-56,-13,"V026","V026",-13.005,-55.965,2025-03-07,-54,28.2,86.75,16.5,1,2.86220088092947
2025-01-13,24.5125,29.9,21.9,86.25,14.2,21.9541666666667,-56,-13,"V026","V026",-13.005,-55.965,2025-03-07,-53,29.9,86.25,14.2,1,2.72129542785223
2025-01-14,23.5083333333333,25.7,22.5,87.375,4.3,21.2666666666667,-56,-13,"V026","V026",-13.005,-55.965,2025-03-07,-52,25.7,87.375,4.3,1,1.66770682055808
2025-01-15,24.1708333333333,28,21.8,85.3333333333333,5.9,21.4916666666667,-56,-13,"V026","V026",-13.005,-55.965,2025-03-07,-51,28,85.3333333333333,5.9,1,1.93152141160321
2025-01-16,24.2375,28,22.2,87.625,12.1,22.0291666666667,-56,-13,"V026","V026",-13.005,-55.965,2025-03-07,-50,28,87.625,12.1,1,2.57261223020711
2025-01-17,24.375,28.8,21.7,87.1666666666667,7,22.0208333333333,-56,-13,"V026","V026",-13.005,-55.965,2025-03-07,-49,28.8,87.1666666666667,7,1,2.07944154167984
2025-01-18,24.0458333333333,26.7,22.2,88.0833333333333,7.8,21.9041666666667,-56,-13,"V026","V026",-13.005,-55.965,2025-03-07,-48,26.7,88.0833333333333,7.8,1,2.17475172148416
2025-01-19,24.275,27.2,22,85.9166666666667,17.2,21.6583333333333,-56,-13,"V026","V026",-13.005,-55.965,2025-03-07,-47,27.2,85.9166666666667,17.2,1,2.90142159408275
2025-01-20,23.8875,29.5,21.3,85.7083333333333,12.9,21.2,-56,-13,"V026","V026",-13.005,-55.965,2025-03-07,-46,29.5,85.7083333333333,12.9,1,2.63188884013665
2025-01-21,24.3291666666667,28.3,21.3,82.0416666666667,1.1,20.8166666666667,-56,-13,"V026","V026",-13.005,-55.965,2025-03-07,-45,28.3,82.0416666666667,1.1,1,0.741937344729377
2025-01-22,25.2958333333333,30.2,21.6,79.5,2.6,21.2541666666667,-56,-13,"V026","V026",-13.005,-55.965,2025-03-07,-44,30.2,79.5,2.6,1,1.28093384546206
2025-01-23,25.4375,31.2,20.5,78.7916666666667,3,21.1583333333333,-56,-13,"V026","V026",-13.005,-55.965,2025-03-07,-43,31.2,78.7916666666667,3,1,1.38629436111989
2025-01-24,26.925,33,22,73.4166666666667,0.1,21.4958333333333,-56,-13,"V026","V026",-13.005,-55.965,2025-03-07,-42,33,73.4166666666667,0.1,0,0.0953101798043249
2025-01-25,26.2833333333333,32.8,21.7,76.125,5.6,21.4333333333333,-56,-13,"V026","V026",-13.005,-55.965,2025-03-07,-41,32.8,76.125,5.6,1,1.88706964903238
2025-01-26,26.8791666666667,31.6,22,73.5833333333333,0,21.4375,-56,-13,"V026","V026",-13.005,-55.965,2025-03-07,-40,31.6,73.5833333333333,0,0,0
2025-01-27,25.5375,31.1,22.7,79.9166666666667,5.5,21.6583333333333,-56,-13,"V026","V026",-13.005,-55.965,2025-03-07,-39,31.1,79.9166666666667,5.5,1,1.87180217690159
2025-01-28,26.65,32.3,21.3,73.4166666666667,0,21.025,-56,-13,"V026","V026",-13.005,-55.965,2025-03-07,-38,32.3,73.4166666666667,0,0,0
2025-01-29,27.0958333333333,31.6,22.9,74.4583333333333,0.9,21.9875,-56,-13,"V026","V026",-13.005,-55.965,2025-03-07,-37,31.6,74.4583333333333,0.9,0,0.641853886172395
2025-01-30,25.7,30.2,22.4,82.0833333333333,5.6,22.2375,-56,-13,"V026","V026",-13.005,-55.965,2025-03-07,-36,30.2,82.0833333333333,5.6,1,1.88706964903238
2025-01-31,25.6208333333333,31,22.8,81.625,7.7,22.0916666666667,-56,-13,"V026","V026",-13.005,-55.965,2025-03-07,-35,31,81.625,7.7,1,2.16332302566054
2025-02-01,23.6333333333333,25.8,22.2,88.4166666666667,6.1,21.6,-56,-13,"V026","V026",-13.005,-55.965,2025-03-07,-34,25.8,88.4166666666667,6.1,1,1.96009478404727
2025-02-02,23.9791666666667,27.1,21.8,88.875,15.4,21.975,-56,-13,"V026","V026",-13.005,-55.965,2025-03-07,-33,27.1,88.875,15.4,1,2.79728133483015
2025-02-03,24.5208333333333,28.5,22,84.8333333333333,3.1,21.7291666666667,-56,-13,"V026","V026",-13.005,-55.965,2025-03-07,-32,28.5,84.8333333333333,3.1,1,1.41098697371026
2025-02-04,25.525,29.2,22.5,82.3333333333333,9.7,22.2125,-56,-13,"V026","V026",-13.005,-55.965,2025-03-07,-31,29.2,82.3333333333333,9.7,1,2.37024374146786
2025-02-05,25.0125,30,21.8,81.7916666666667,23.1,21.4833333333333,-56,-13,"V026","V026",-13.005,-55.965,2025-03-07,-30,30,81.7916666666667,23.1,1,3.18221184049661
2025-02-06,25.3208333333333,29,22.8,80.0833333333333,1.8,21.5083333333333,-56,-13,"V026","V026",-13.005,-55.965,2025-03-07,-29,29,80.0833333333333,1.8,1,1.02961941718116
2025-02-07,26.8625,32.6,21.8,73.375,0.3,21.2708333333333,-56,-13,"V026","V026",-13.005,-55.965,2025-03-07,-28,32.6,73.375,0.3,0,0.262364264467491
2025-02-08,26.6416666666667,31.8,22.9,73.0833333333333,0,21.1125,-56,-13,"V026","V026",-13.005,-55.965,2025-03-07,-27,31.8,73.0833333333333,0,0,0
2025-02-09,25.975,30.7,22.7,73.875,1,20.6958333333333,-56,-13,"V026","V026",-13.005,-55.965,2025-03-07,-26,30.7,73.875,1,1,0.693147180559945
2025-02-10,25.0375,29.6,21.5,80.8333333333333,3.3,21.3708333333333,-56,-13,"V026","V026",-13.005,-55.965,2025-03-07,-25,29.6,80.8333333333333,3.3,1,1.45861502269952
2025-02-11,23.9291666666667,28.5,22.4,85.375,8.1,21.2083333333333,-56,-13,"V026","V026",-13.005,-55.965,2025-03-07,-24,28.5,85.375,8.1,1,2.2082744135228
2025-02-12,24.3541666666667,27.7,22.1,84.2916666666667,3,21.45,-56,-13,"V026","V026",-13.005,-55.965,2025-03-07,-23,27.7,84.2916666666667,3,1,1.38629436111989
2025-02-13,25.0166666666667,27.9,22.4,82.8333333333333,2.3,21.825,-56,-13,"V026","V026",-13.005,-55.965,2025-03-07,-22,27.9,82.8333333333333,2.3,1,1.19392246847243
2025-02-14,24.9625,29.3,22.2,83.375,15.8,21.6833333333333,-56,-13,"V026","V026",-13.005,-55.965,2025-03-07,-21,29.3,83.375,15.8,1,2.82137888640921
2025-02-15,25.7541666666667,30.6,22.2,80.4166666666667,2.3,21.8916666666667,-56,-13,"V026","V026",-13.005,-55.965,2025-03-07,-20,30.6,80.4166666666667,2.3,1,1.19392246847243
2025-02-16,24.85,29.2,22.4,81.875,2.1,21.3416666666667,-56,-13,"V026","V026",-13.005,-55.965,2025-03-07,-19,29.2,81.875,2.1,1,1.1314021114911
2025-02-17,25.725,30.2,22.6,79.9583333333333,5.8,21.7833333333333,-56,-13,"V026","V026",-13.005,-55.965,2025-03-07,-18,30.2,79.9583333333333,5.8,1,1.91692261218206
2025-02-18,26.4583333333333,32.4,21.7,75.7083333333333,1,21.3458333333333,-56,-13,"V026","V026",-13.005,-55.965,2025-03-07,-17,32.4,75.7083333333333,1,1,0.693147180559945
2025-02-19,25.8375,31.2,21.6,77,3.3,21.2666666666667,-56,-13,"V026","V026",-13.005,-55.965,2025-03-07,-16,31.2,77,3.3,1,1.45861502269952
2025-02-20,26.2833333333333,31.9,22.9,78.75,12.8,22.0875,-56,-13,"V026","V026",-13.005,-55.965,2025-03-07,-15,31.9,78.75,12.8,1,2.62466859216316
2025-02-21,26.5041666666667,31.2,22.6,78.9166666666667,2,22.3458333333333,-56,-13,"V026","V026",-13.005,-55.965,2025-03-07,-14,31.2,78.9166666666667,2,1,1.09861228866811
2025-02-22,27.2583333333333,33,22.3,70.5833333333333,0,20.9083333333333,-56,-13,"V026","V026",-13.005,-55.965,2025-03-07,-13,33,70.5833333333333,0,0,0
2025-02-23,27.35,32.6,22.8,71.0833333333333,2.2,21.3291666666667,-56,-13,"V026","V026",-13.005,-55.965,2025-03-07,-12,32.6,71.0833333333333,2.2,1,1.16315080980568
2025-02-24,25.85,30.7,22.4,80.1666666666667,2.6,21.9875,-56,-13,"V026","V026",-13.005,-55.965,2025-03-07,-11,30.7,80.1666666666667,2.6,1,1.28093384546206
2025-02-25,25.0666666666667,28.1,23,84.8333333333333,3.7,22.275,-56,-13,"V026","V026",-13.005,-55.965,2025-03-07,-10,28.1,84.8333333333333,3.7,1,1.54756250871601
2025-02-26,24.225,26.9,21.9,87.8333333333333,10,22.0583333333333,-56,-13,"V026","V026",-13.005,-55.965,2025-03-07,-9,26.9,87.8333333333333,10,1,2.39789527279837
2025-02-27,24.9083333333333,28.8,22.2,80.25,0.7,21.1208333333333,-56,-13,"V026","V026",-13.005,-55.965,2025-03-07,-8,28.8,80.25,0.7,0,0.53062825106217
2025-02-28,25.1791666666667,30.1,22,81.2916666666667,0.3,21.5916666666667,-56,-13,"V026","V026",-13.005,-55.965,2025-03-07,-7,30.1,81.2916666666667,0.3,0,0.262364264467491
2025-03-01,25.3666666666667,30.8,22.6,82.6666666666667,8.7,21.9625,-56,-13,"V026","V026",-13.005,-55.965,2025-03-07,-6,30.8,82.6666666666667,8.7,1,2.27212588550934
2025-03-02,24.9958333333333,29.2,22.6,84.1666666666667,9.9,22.0375,-56,-13,"V026","V026",-13.005,-55.965,2025-03-07,-5,29.2,84.1666666666667,9.9,1,2.3887627892351
2025-03-03,25.35,29.1,22.2,78.375,3.9,21.1375,-56,-13,"V026","V026",-13.005,-55.965,2025-03-07,-4,29.1,78.375,3.9,1,1.58923520511658
2025-03-04,24.8458333333333,29.5,22,82.3333333333333,13.3,21.5458333333333,-56,-13,"V026","V026",-13.005,-55.965,2025-03-07,-3,29.5,82.3333333333333,13.3,1,2.66025953726586
2025-03-05,24.575,30.1,20.8,82.25,16.4,21.1583333333333,-56,-13,"V026","V026",-13.005,-55.965,2025-03-07,-2,30.1,82.25,16.4,1,2.85647020622048
2025-03-06,24.6666666666667,30.2,21.5,82.5833333333333,3.4,21.3,-56,-13,"V026","V026",-13.005,-55.965,2025-03-07,-1,30.2,82.5833333333333,3.4,1,1.48160454092422
2024-12-22,24.6291666666667,28.4,21.8,85.8333333333333,11.7,21.95,-56,-13,"V027","V027",-13.005,-55.965,2025-03-12,-80,28.4,85.8333333333333,11.7,1,2.54160199346455
2024-12-23,25.4916666666667,30.5,22.1,82.2916666666667,2.2,22.075,-56,-13,"V027","V027",-13.005,-55.965,2025-03-12,-79,30.5,82.2916666666667,2.2,1,1.16315080980568
2024-12-24,24.9833333333333,28.6,23,83.1666666666667,13.5,21.9,-56,-13,"V027","V027",-13.005,-55.965,2025-03-12,-78,28.6,83.1666666666667,13.5,1,2.67414864942653
2024-12-25,24,25.8,22.7,89.8333333333333,21.7,22.2,-56,-13,"V027","V027",-13.005,-55.965,2025-03-12,-77,25.8,89.8333333333333,21.7,1,3.12236492448736
2024-12-26,23.9083333333333,26.6,22.2,89.2916666666667,9.2,21.9875,-56,-13,"V027","V027",-13.005,-55.965,2025-03-12,-76,26.6,89.2916666666667,9.2,1,2.32238772029023
2024-12-27,23.8041666666667,26.7,22.4,91.5833333333333,18.9,22.3416666666667,-56,-13,"V027","V027",-13.005,-55.965,2025-03-12,-75,26.7,91.5833333333333,18.9,1,2.99071973173045
2024-12-28,24.6958333333333,28.5,22.2,83.875,9.1,21.65,-56,-13,"V027","V027",-13.005,-55.965,2025-03-12,-74,28.5,83.875,9.1,1,2.31253542384721
2024-12-29,25.2041666666667,29.3,22.6,84.125,2.5,22.2,-56,-13,"V027","V027",-13.005,-55.965,2025-03-12,-73,29.3,84.125,2.5,1,1.25276296849537
2024-12-30,24.0375,27.3,21.7,87.875,3.5,21.8375,-56,-13,"V027","V027",-13.005,-55.965,2025-03-12,-72,27.3,87.875,3.5,1,1.50407739677627
2024-12-31,25.6583333333333,30.5,21.4,80.5833333333333,0.2,21.825,-56,-13,"V027","V027",-13.005,-55.965,2025-03-12,-71,30.5,80.5833333333333,0.2,0,0.182321556793955
2025-01-01,25.45,28.4,23.2,84.1666666666667,8.7,22.525,-56,-13,"V027","V027",-13.005,-55.965,2025-03-12,-70,28.4,84.1666666666667,8.7,1,2.27212588550934
2025-01-02,24.3125,27.1,22.8,87.4583333333333,2.4,22.0541666666667,-56,-13,"V027","V027",-13.005,-55.965,2025-03-12,-69,27.1,87.4583333333333,2.4,1,1.22377543162212
2025-01-03,26.0125,30.7,22.1,79.9166666666667,0.4,22.0791666666667,-56,-13,"V027","V027",-13.005,-55.965,2025-03-12,-68,30.7,79.9166666666667,0.4,0,0.336472236621213
2025-01-04,26.0291666666667,30.5,22.3,78.9166666666667,2.3,21.85,-56,-13,"V027","V027",-13.005,-55.965,2025-03-12,-67,30.5,78.9166666666667,2.3,1,1.19392246847243
2025-01-05,25.5541666666667,31.2,22.6,81.75,3.6,22.0041666666667,-56,-13,"V027","V027",-13.005,-55.965,2025-03-12,-66,31.2,81.75,3.6,1,1.52605630349505
2025-01-06,25.4708333333333,29.5,22.7,83.9166666666667,0.6,22.4416666666667,-56,-13,"V027","V027",-13.005,-55.965,2025-03-12,-65,29.5,83.9166666666667,0.6,0,0.470003629245736
2025-01-07,24.9583333333333,27.4,23,84.6666666666667,3.1,22.1416666666667,-56,-13,"V027","V027",-13.005,-55.965,2025-03-12,-64,27.4,84.6666666666667,3.1,1,1.41098697371026
2025-01-08,24.3375,27.1,22.6,88.6666666666667,13.8,22.3083333333333,-56,-13,"V027","V027",-13.005,-55.965,2025-03-12,-63,27.1,88.6666666666667,13.8,1,2.69462718077007
2025-01-09,24.1125,26.7,22.2,87.2916666666667,17,21.8083333333333,-56,-13,"V027","V027",-13.005,-55.965,2025-03-12,-62,26.7,87.2916666666667,17,1,2.89037175789616
2025-01-10,23.3916666666667,25.6,22,90.2916666666667,8.8,21.6791666666667,-56,-13,"V027","V027",-13.005,-55.965,2025-03-12,-61,25.6,90.2916666666667,8.8,1,2.28238238567653
2025-01-11,24.1,27.1,22.4,88.7916666666667,11.1,22.0958333333333,-56,-13,"V027","V027",-13.005,-55.965,2025-03-12,-60,27.1,88.7916666666667,11.1,1,2.4932054526027
2025-01-12,24.7041666666667,28.2,22.5,86.75,16.5,22.2333333333333,-56,-13,"V027","V027",-13.005,-55.965,2025-03-12,-59,28.2,86.75,16.5,1,2.86220088092947
2025-01-13,24.5125,29.9,21.9,86.25,14.2,21.9541666666667,-56,-13,"V027","V027",-13.005,-55.965,2025-03-12,-58,29.9,86.25,14.2,1,2.72129542785223
2025-01-14,23.5083333333333,25.7,22.5,87.375,4.3,21.2666666666667,-56,-13,"V027","V027",-13.005,-55.965,2025-03-12,-57,25.7,87.375,4.3,1,1.66770682055808
2025-01-15,24.1708333333333,28,21.8,85.3333333333333,5.9,21.4916666666667,-56,-13,"V027","V027",-13.005,-55.965,2025-03-12,-56,28,85.3333333333333,5.9,1,1.93152141160321
2025-01-16,24.2375,28,22.2,87.625,12.1,22.0291666666667,-56,-13,"V027","V027",-13.005,-55.965,2025-03-12,-55,28,87.625,12.1,1,2.57261223020711
2025-01-17,24.375,28.8,21.7,87.1666666666667,7,22.0208333333333,-56,-13,"V027","V027",-13.005,-55.965,2025-03-12,-54,28.8,87.1666666666667,7,1,2.07944154167984
2025-01-18,24.0458333333333,26.7,22.2,88.0833333333333,7.8,21.9041666666667,-56,-13,"V027","V027",-13.005,-55.965,2025-03-12,-53,26.7,88.0833333333333,7.8,1,2.17475172148416
2025-01-19,24.275,27.2,22,85.9166666666667,17.2,21.6583333333333,-56,-13,"V027","V027",-13.005,-55.965,2025-03-12,-52,27.2,85.9166666666667,17.2,1,2.90142159408275
2025-01-20,23.8875,29.5,21.3,85.7083333333333,12.9,21.2,-56,-13,"V027","V027",-13.005,-55.965,2025-03-12,-51,29.5,85.7083333333333,12.9,1,2.63188884013665
2025-01-21,24.3291666666667,28.3,21.3,82.0416666666667,1.1,20.8166666666667,-56,-13,"V027","V027",-13.005,-55.965,2025-03-12,-50,28.3,82.0416666666667,1.1,1,0.741937344729377
2025-01-22,25.2958333333333,30.2,21.6,79.5,2.6,21.2541666666667,-56,-13,"V027","V027",-13.005,-55.965,2025-03-12,-49,30.2,79.5,2.6,1,1.28093384546206
2025-01-23,25.4375,31.2,20.5,78.7916666666667,3,21.1583333333333,-56,-13,"V027","V027",-13.005,-55.965,2025-03-12,-48,31.2,78.7916666666667,3,1,1.38629436111989
2025-01-24,26.925,33,22,73.4166666666667,0.1,21.4958333333333,-56,-13,"V027","V027",-13.005,-55.965,2025-03-12,-47,33,73.4166666666667,0.1,0,0.0953101798043249
2025-01-25,26.2833333333333,32.8,21.7,76.125,5.6,21.4333333333333,-56,-13,"V027","V027",-13.005,-55.965,2025-03-12,-46,32.8,76.125,5.6,1,1.88706964903238
2025-01-26,26.8791666666667,31.6,22,73.5833333333333,0,21.4375,-56,-13,"V027","V027",-13.005,-55.965,2025-03-12,-45,31.6,73.5833333333333,0,0,0
2025-01-27,25.5375,31.1,22.7,79.9166666666667,5.5,21.6583333333333,-56,-13,"V027","V027",-13.005,-55.965,2025-03-12,-44,31.1,79.9166666666667,5.5,1,1.87180217690159
2025-01-28,26.65,32.3,21.3,73.4166666666667,0,21.025,-56,-13,"V027","V027",-13.005,-55.965,2025-03-12,-43,32.3,73.4166666666667,0,0,0
2025-01-29,27.0958333333333,31.6,22.9,74.4583333333333,0.9,21.9875,-56,-13,"V027","V027",-13.005,-55.965,2025-03-12,-42,31.6,74.4583333333333,0.9,0,0.641853886172395
2025-01-30,25.7,30.2,22.4,82.0833333333333,5.6,22.2375,-56,-13,"V027","V027",-13.005,-55.965,2025-03-12,-41,30.2,82.0833333333333,5.6,1,1.88706964903238
2025-01-31,25.6208333333333,31,22.8,81.625,7.7,22.0916666666667,-56,-13,"V027","V027",-13.005,-55.965,2025-03-12,-40,31,81.625,7.7,1,2.16332302566054
2025-02-01,23.6333333333333,25.8,22.2,88.4166666666667,6.1,21.6,-56,-13,"V027","V027",-13.005,-55.965,2025-03-12,-39,25.8,88.4166666666667,6.1,1,1.96009478404727
2025-02-02,23.9791666666667,27.1,21.8,88.875,15.4,21.975,-56,-13,"V027","V027",-13.005,-55.965,2025-03-12,-38,27.1,88.875,15.4,1,2.79728133483015
2025-02-03,24.5208333333333,28.5,22,84.8333333333333,3.1,21.7291666666667,-56,-13,"V027","V027",-13.005,-55.965,2025-03-12,-37,28.5,84.8333333333333,3.1,1,1.41098697371026
2025-02-04,25.525,29.2,22.5,82.3333333333333,9.7,22.2125,-56,-13,"V027","V027",-13.005,-55.965,2025-03-12,-36,29.2,82.3333333333333,9.7,1,2.37024374146786
2025-02-05,25.0125,30,21.8,81.7916666666667,23.1,21.4833333333333,-56,-13,"V027","V027",-13.005,-55.965,2025-03-12,-35,30,81.7916666666667,23.1,1,3.18221184049661
2025-02-06,25.3208333333333,29,22.8,80.0833333333333,1.8,21.5083333333333,-56,-13,"V027","V027",-13.005,-55.965,2025-03-12,-34,29,80.0833333333333,1.8,1,1.02961941718116
2025-02-07,26.8625,32.6,21.8,73.375,0.3,21.2708333333333,-56,-13,"V027","V027",-13.005,-55.965,2025-03-12,-33,32.6,73.375,0.3,0,0.262364264467491
2025-02-08,26.6416666666667,31.8,22.9,73.0833333333333,0,21.1125,-56,-13,"V027","V027",-13.005,-55.965,2025-03-12,-32,31.8,73.0833333333333,0,0,0
2025-02-09,25.975,30.7,22.7,73.875,1,20.6958333333333,-56,-13,"V027","V027",-13.005,-55.965,2025-03-12,-31,30.7,73.875,1,1,0.693147180559945
2025-02-10,25.0375,29.6,21.5,80.8333333333333,3.3,21.3708333333333,-56,-13,"V027","V027",-13.005,-55.965,2025-03-12,-30,29.6,80.8333333333333,3.3,1,1.45861502269952
2025-02-11,23.9291666666667,28.5,22.4,85.375,8.1,21.2083333333333,-56,-13,"V027","V027",-13.005,-55.965,2025-03-12,-29,28.5,85.375,8.1,1,2.2082744135228
2025-02-12,24.3541666666667,27.7,22.1,84.2916666666667,3,21.45,-56,-13,"V027","V027",-13.005,-55.965,2025-03-12,-28,27.7,84.2916666666667,3,1,1.38629436111989
2025-02-13,25.0166666666667,27.9,22.4,82.8333333333333,2.3,21.825,-56,-13,"V027","V027",-13.005,-55.965,2025-03-12,-27,27.9,82.8333333333333,2.3,1,1.19392246847243
2025-02-14,24.9625,29.3,22.2,83.375,15.8,21.6833333333333,-56,-13,"V027","V027",-13.005,-55.965,2025-03-12,-26,29.3,83.375,15.8,1,2.82137888640921
2025-02-15,25.7541666666667,30.6,22.2,80.4166666666667,2.3,21.8916666666667,-56,-13,"V027","V027",-13.005,-55.965,2025-03-12,-25,30.6,80.4166666666667,2.3,1,1.19392246847243
2025-02-16,24.85,29.2,22.4,81.875,2.1,21.3416666666667,-56,-13,"V027","V027",-13.005,-55.965,2025-03-12,-24,29.2,81.875,2.1,1,1.1314021114911
2025-02-17,25.725,30.2,22.6,79.9583333333333,5.8,21.7833333333333,-56,-13,"V027","V027",-13.005,-55.965,2025-03-12,-23,30.2,79.9583333333333,5.8,1,1.91692261218206
2025-02-18,26.4583333333333,32.4,21.7,75.7083333333333,1,21.3458333333333,-56,-13,"V027","V027",-13.005,-55.965,2025-03-12,-22,32.4,75.7083333333333,1,1,0.693147180559945
2025-02-19,25.8375,31.2,21.6,77,3.3,21.2666666666667,-56,-13,"V027","V027",-13.005,-55.965,2025-03-12,-21,31.2,77,3.3,1,1.45861502269952
2025-02-20,26.2833333333333,31.9,22.9,78.75,12.8,22.0875,-56,-13,"V027","V027",-13.005,-55.965,2025-03-12,-20,31.9,78.75,12.8,1,2.62466859216316
2025-02-21,26.5041666666667,31.2,22.6,78.9166666666667,2,22.3458333333333,-56,-13,"V027","V027",-13.005,-55.965,2025-03-12,-19,31.2,78.9166666666667,2,1,1.09861228866811
2025-02-22,27.2583333333333,33,22.3,70.5833333333333,0,20.9083333333333,-56,-13,"V027","V027",-13.005,-55.965,2025-03-12,-18,33,70.5833333333333,0,0,0
2025-02-23,27.35,32.6,22.8,71.0833333333333,2.2,21.3291666666667,-56,-13,"V027","V027",-13.005,-55.965,2025-03-12,-17,32.6,71.0833333333333,2.2,1,1.16315080980568
2025-02-24,25.85,30.7,22.4,80.1666666666667,2.6,21.9875,-56,-13,"V027","V027",-13.005,-55.965,2025-03-12,-16,30.7,80.1666666666667,2.6,1,1.28093384546206
2025-02-25,25.0666666666667,28.1,23,84.8333333333333,3.7,22.275,-56,-13,"V027","V027",-13.005,-55.965,2025-03-12,-15,28.1,84.8333333333333,3.7,1,1.54756250871601
2025-02-26,24.225,26.9,21.9,87.8333333333333,10,22.0583333333333,-56,-13,"V027","V027",-13.005,-55.965,2025-03-12,-14,26.9,87.8333333333333,10,1,2.39789527279837
2025-02-27,24.9083333333333,28.8,22.2,80.25,0.7,21.1208333333333,-56,-13,"V027","V027",-13.005,-55.965,2025-03-12,-13,28.8,80.25,0.7,0,0.53062825106217
2025-02-28,25.1791666666667,30.1,22,81.2916666666667,0.3,21.5916666666667,-56,-13,"V027","V027",-13.005,-55.965,2025-03-12,-12,30.1,81.2916666666667,0.3,0,0.262364264467491
2025-03-01,25.3666666666667,30.8,22.6,82.6666666666667,8.7,21.9625,-56,-13,"V027","V027",-13.005,-55.965,2025-03-12,-11,30.8,82.6666666666667,8.7,1,2.27212588550934
2025-03-02,24.9958333333333,29.2,22.6,84.1666666666667,9.9,22.0375,-56,-13,"V027","V027",-13.005,-55.965,2025-03-12,-10,29.2,84.1666666666667,9.9,1,2.3887627892351
2025-03-03,25.35,29.1,22.2,78.375,3.9,21.1375,-56,-13,"V027","V027",-13.005,-55.965,2025-03-12,-9,29.1,78.375,3.9,1,1.58923520511658
2025-03-04,24.8458333333333,29.5,22,82.3333333333333,13.3,21.5458333333333,-56,-13,"V027","V027",-13.005,-55.965,2025-03-12,-8,29.5,82.3333333333333,13.3,1,2.66025953726586
2025-03-05,24.575,30.1,20.8,82.25,16.4,21.1583333333333,-56,-13,"V027","V027",-13.005,-55.965,2025-03-12,-7,30.1,82.25,16.4,1,2.85647020622048
2025-03-06,24.6666666666667,30.2,21.5,82.5833333333333,3.4,21.3,-56,-13,"V027","V027",-13.005,-55.965,2025-03-12,-6,30.2,82.5833333333333,3.4,1,1.48160454092422
2025-03-07,26.3916666666667,31,22.9,75.9583333333333,1,21.4958333333333,-56,-13,"V027","V027",-13.005,-55.965,2025-03-12,-5,31,75.9583333333333,1,1,0.693147180559945
2025-03-08,23.65,26.4,21.1,86.7083333333333,8.2,21.2125,-56,-13,"V027","V027",-13.005,-55.965,2025-03-12,-4,26.4,86.7083333333333,8.2,1,2.21920348405499
2025-03-09,25.6166666666667,31.1,20,77.0833333333333,0,20.9041666666667,-56,-13,"V027","V027",-13.005,-55.965,2025-03-12,-3,31.1,77.0833333333333,0,0,0
2025-03-10,27.0541666666667,32.4,22.3,74.625,0.5,21.85,-56,-13,"V027","V027",-13.005,-55.965,2025-03-12,-2,32.4,74.625,0.5,0,0.405465108108164
2025-03-11,25.9916666666667,30.6,22.7,79.4583333333333,2.8,22.0291666666667,-56,-13,"V027","V027",-13.005,-55.965,2025-03-12,-1,30.6,79.4583333333333,2.8,1,1.33500106673234
2025-11-26,25.3375,28.8,22.2,81.3333333333333,0.6,21.7708333333333,-56,-13,"V028","V028",-13.005,-55.965,2026-02-14,-80,28.8,81.3333333333333,0.6,0,0.470003629245736
2025-11-27,26.7416666666667,31.7,22.3,75.25,1.1,21.7208333333333,-56,-13,"V028","V028",-13.005,-55.965,2026-02-14,-79,31.7,75.25,1.1,1,0.741937344729377
2025-11-28,25.9875,30.8,22.5,75,2.6,21.0958333333333,-56,-13,"V028","V028",-13.005,-55.965,2026-02-14,-78,30.8,75,2.6,1,1.28093384546206
2025-11-29,26.6666666666667,32.3,22.1,72.9583333333333,0.6,21.0458333333333,-56,-13,"V028","V028",-13.005,-55.965,2026-02-14,-77,32.3,72.9583333333333,0.6,0,0.470003629245736
2025-11-30,25.5208333333333,29.3,22.9,80.2083333333333,1.4,21.6833333333333,-56,-13,"V028","V028",-13.005,-55.965,2026-02-14,-76,29.3,80.2083333333333,1.4,1,0.8754687373539
2025-12-01,25.7166666666667,30.7,21.3,79.1666666666667,1.5,21.5666666666667,-56,-13,"V028","V028",-13.005,-55.965,2026-02-14,-75,30.7,79.1666666666667,1.5,1,0.916290731874155
2025-12-02,26.2333333333333,31.3,22.1,77.75,7.7,21.7958333333333,-56,-13,"V028","V028",-13.005,-55.965,2026-02-14,-74,31.3,77.75,7.7,1,2.16332302566054
2025-12-03,24.05,26.5,22.6,87.0833333333333,22.2,21.7041666666667,-56,-13,"V028","V028",-13.005,-55.965,2026-02-14,-73,26.5,87.0833333333333,22.2,1,3.14415227867226
2025-12-04,25.2458333333333,30.4,22.3,81.8333333333333,3.4,21.6708333333333,-56,-13,"V028","V028",-13.005,-55.965,2026-02-14,-72,30.4,81.8333333333333,3.4,1,1.48160454092422
2025-12-05,23.6958333333333,25.9,22.1,89.875,21.8,21.9125,-56,-13,"V028","V028",-13.005,-55.965,2026-02-14,-71,25.9,89.875,21.8,1,3.1267605359604
2025-12-06,23.5416666666667,25.6,21.9,91.4166666666667,25.8,22.0416666666667,-56,-13,"V028","V028",-13.005,-55.965,2026-02-14,-70,25.6,91.4166666666667,25.8,1,3.28840188751681
2025-12-07,23.9541666666667,27.2,22.1,88.6666666666667,12.6,21.8958333333333,-56,-13,"V028","V028",-13.005,-55.965,2026-02-14,-69,27.2,88.6666666666667,12.6,1,2.61006979274201
2025-12-08,23.6791666666667,28.5,21.1,89.4166666666667,15.8,21.7875,-56,-13,"V028","V028",-13.005,-55.965,2026-02-14,-68,28.5,89.4166666666667,15.8,1,2.82137888640921
2025-12-09,24.0833333333333,27.7,22.3,87.8333333333333,6,21.8666666666667,-56,-13,"V028","V028",-13.005,-55.965,2026-02-14,-67,27.7,87.8333333333333,6,1,1.94591014905531
2025-12-10,25.0125,28.6,21.7,83.875,3.3,21.9125,-56,-13,"V028","V028",-13.005,-55.965,2026-02-14,-66,28.6,83.875,3.3,1,1.45861502269952
2025-12-11,26.0708333333333,30.2,21.8,79.6666666666667,1.9,22.0166666666667,-56,-13,"V028","V028",-13.005,-55.965,2026-02-14,-65,30.2,79.6666666666667,1.9,1,1.06471073699243
2025-12-12,25.7625,30.7,22.4,82.2916666666667,4.4,22.3625,-56,-13,"V028","V028",-13.005,-55.965,2026-02-14,-64,30.7,82.2916666666667,4.4,1,1.68639895357023
2025-12-13,25.4083333333333,28.4,22.7,85.125,9.1,22.6541666666667,-56,-13,"V028","V028",-13.005,-55.965,2026-02-14,-63,28.4,85.125,9.1,1,2.31253542384721
2025-12-14,26.0791666666667,31.3,22.3,82.0416666666667,3,22.5791666666667,-56,-13,"V028","V028",-13.005,-55.965,2026-02-14,-62,31.3,82.0416666666667,3,1,1.38629436111989
2025-12-15,26.0708333333333,30.1,23.2,82.75,9.5,22.8041666666667,-56,-13,"V028","V028",-13.005,-55.965,2026-02-14,-61,30.1,82.75,9.5,1,2.35137525716348
2025-12-16,25.5583333333333,30.4,22.5,85.375,30.5,22.7958333333333,-56,-13,"V028","V028",-13.005,-55.965,2026-02-14,-60,30.4,85.375,30.5,1,3.44998754583159
2025-12-17,25.25,30,21.8,84.25,9.2,22.275,-56,-13,"V028","V028",-13.005,-55.965,2026-02-14,-59,30,84.25,9.2,1,2.32238772029023
2025-12-18,24.3583333333333,26.8,22.7,90.5,10,22.6833333333333,-56,-13,"V028","V028",-13.005,-55.965,2026-02-14,-58,26.8,90.5,10,1,2.39789527279837
2025-12-19,24.5416666666667,27.1,22.8,86.6666666666667,14,22.1041666666667,-56,-13,"V028","V028",-13.005,-55.965,2026-02-14,-57,27.1,86.6666666666667,14,1,2.70805020110221
2025-12-20,24.0333333333333,25.9,22.4,89.8333333333333,19.8,22.2166666666667,-56,-13,"V028","V028",-13.005,-55.965,2026-02-14,-56,25.9,89.8333333333333,19.8,1,3.03495298670727
2025-12-21,24.775,28.3,23,87.3333333333333,14.4,22.4541666666667,-56,-13,"V028","V028",-13.005,-55.965,2026-02-14,-55,28.3,87.3333333333333,14.4,1,2.73436750941958
2025-12-22,23.3,25.5,22.4,92.5416666666667,15.9,22.025,-56,-13,"V028","V028",-13.005,-55.965,2026-02-14,-54,25.5,92.5416666666667,15.9,1,2.82731362192903
2025-12-23,24.1708333333333,28.2,22.1,86.6666666666667,14.1,21.7041666666667,-56,-13,"V028","V028",-13.005,-55.965,2026-02-14,-53,28.2,86.6666666666667,14.1,1,2.71469474382088
2025-12-24,25.3166666666667,30.3,21.2,78.5833333333333,1.9,20.9666666666667,-56,-13,"V028","V028",-13.005,-55.965,2026-02-14,-52,30.3,78.5833333333333,1.9,1,1.06471073699243
2025-12-25,24.1958333333333,29.1,21,83.6666666666667,9.9,21.1041666666667,-56,-13,"V028","V028",-13.005,-55.965,2026-02-14,-51,29.1,83.6666666666667,9.9,1,2.3887627892351
2025-12-26,24.1583333333333,27.9,20.6,83.125,1.8,20.9708333333333,-56,-13,"V028","V028",-13.005,-55.965,2026-02-14,-50,27.9,83.125,1.8,1,1.02961941718116
2025-12-27,25.7375,30.6,21.3,79.0416666666667,2.8,21.5833333333333,-56,-13,"V028","V028",-13.005,-55.965,2026-02-14,-49,30.6,79.0416666666667,2.8,1,1.33500106673234
2025-12-28,25.7666666666667,31.5,21.8,79.4166666666667,3.5,21.6666666666667,-56,-13,"V028","V028",-13.005,-55.965,2026-02-14,-48,31.5,79.4166666666667,3.5,1,1.50407739677627
2025-12-29,26.025,31.8,22.1,79.4583333333333,2.8,22.0125,-56,-13,"V028","V028",-13.005,-55.965,2026-02-14,-47,31.8,79.4583333333333,2.8,1,1.33500106673234
2025-12-30,24.0875,28.9,21.6,81.2916666666667,7.9,20.4791666666667,-56,-13,"V028","V028",-13.005,-55.965,2026-02-14,-46,28.9,81.2916666666667,7.9,1,2.18605127673809
2025-12-31,26.1875,31.4,20.7,74.4583333333333,0,20.9208333333333,-56,-13,"V028","V028",-13.005,-55.965,2026-02-14,-45,31.4,74.4583333333333,0,0,0
2026-01-01,27.1666666666667,32.3,22.8,74.3333333333333,0,21.9458333333333,-56,-13,"V028","V028",-13.005,-55.965,2026-02-14,-44,32.3,74.3333333333333,0,0,0
2026-01-02,25.7958333333333,30.1,23.6,82.375,4.6,22.4166666666667,-56,-13,"V028","V028",-13.005,-55.965,2026-02-14,-43,30.1,82.375,4.6,1,1.7227665977411
2026-01-03,25.7083333333333,30.1,22.1,83.25,14.7,22.4708333333333,-56,-13,"V028","V028",-13.005,-55.965,2026-02-14,-42,30.1,83.25,14.7,1,2.75366071235426
2026-01-04,24.3791666666667,27.3,22.5,89.3333333333333,19.2,22.45,-56,-13,"V028","V028",-13.005,-55.965,2026-02-14,-41,27.3,89.3333333333333,19.2,1,3.00568260440716
2026-01-05,24.3708333333333,29,22.1,86,8.7,21.7375,-56,-13,"V028","V028",-13.005,-55.965,2026-02-14,-40,29,86,8.7,1,2.27212588550934
2026-01-06,24.3458333333333,28.7,21.3,87.0416666666667,8.2,21.9666666666667,-56,-13,"V028","V028",-13.005,-55.965,2026-02-14,-39,28.7,87.0416666666667,8.2,1,2.21920348405499
2026-01-07,24.05,28.2,21.7,87.5,11.1,21.75,-56,-13,"V028","V028",-13.005,-55.965,2026-02-14,-38,28.2,87.5,11.1,1,2.4932054526027
2026-01-08,24.875,29,21.7,81.7083333333333,5.3,21.3291666666667,-56,-13,"V028","V028",-13.005,-55.965,2026-02-14,-37,29,81.7083333333333,5.3,1,1.84054963339749
2026-01-09,25.9833333333333,31.8,20.9,76.5416666666667,0.5,21.1666666666667,-56,-13,"V028","V028",-13.005,-55.965,2026-02-14,-36,31.8,76.5416666666667,0.5,0,0.405465108108164
2026-01-10,27.0125,32.8,21.4,72.5,0.8,21.275,-56,-13,"V028","V028",-13.005,-55.965,2026-02-14,-35,32.8,72.5,0.8,0,0.587786664902119
2026-01-11,25.0458333333333,31,21.6,82.9166666666667,8.9,21.7875,-56,-13,"V028","V028",-13.005,-55.965,2026-02-14,-34,31,82.9166666666667,8.9,1,2.29253475714054
2026-01-12,24.6458333333333,29.7,21.6,81.125,0.3,20.9666666666667,-56,-13,"V028","V028",-13.005,-55.965,2026-02-14,-33,29.7,81.125,0.3,0,0.262364264467491
2026-01-13,24.9833333333333,30.6,21.6,79.7083333333333,1,21.0291666666667,-56,-13,"V028","V028",-13.005,-55.965,2026-02-14,-32,30.6,79.7083333333333,1,1,0.693147180559945
2026-01-14,24.7208333333333,28.9,21.2,81.5416666666667,6.9,21.2,-56,-13,"V028","V028",-13.005,-55.965,2026-02-14,-31,28.9,81.5416666666667,6.9,1,2.06686275947298
2026-01-15,25.6875,31.7,20.9,79.0833333333333,2.9,21.5208333333333,-56,-13,"V028","V028",-13.005,-55.965,2026-02-14,-30,31.7,79.0833333333333,2.9,1,1.3609765531356
2026-01-16,26.1625,32.1,22.2,77.0833333333333,0.7,21.4875,-56,-13,"V028","V028",-13.005,-55.965,2026-02-14,-29,32.1,77.0833333333333,0.7,0,0.53062825106217
2026-01-17,25.675,30.9,21.5,77.4583333333333,0.9,21.3,-56,-13,"V028","V028",-13.005,-55.965,2026-02-14,-28,30.9,77.4583333333333,0.9,0,0.641853886172395
2026-01-18,26.2333333333333,32,22.6,79.7083333333333,1.4,22.1291666666667,-56,-13,"V028","V028",-13.005,-55.965,2026-02-14,-27,32,79.7083333333333,1.4,1,0.8754687373539
2026-01-19,26.1541666666667,31.5,22.6,80.5833333333333,7.1,22.3,-56,-13,"V028","V028",-13.005,-55.965,2026-02-14,-26,31.5,80.5833333333333,7.1,1,2.09186406167839
2026-01-20,24.9666666666667,30.2,22.3,85.5,9.3,22.2541666666667,-56,-13,"V028","V028",-13.005,-55.965,2026-02-14,-25,30.2,85.5,9.3,1,2.33214389523559
2026-01-21,23.475,25.9,21.6,90.5416666666667,25.9,21.7833333333333,-56,-13,"V028","V028",-13.005,-55.965,2026-02-14,-24,25.9,90.5416666666667,25.9,1,3.29212628660779
2026-01-22,24.5708333333333,29,22.1,86.0833333333333,3.1,21.975,-56,-13,"V028","V028",-13.005,-55.965,2026-02-14,-23,29,86.0833333333333,3.1,1,1.41098697371026
2026-01-23,25.2166666666667,29.8,21.5,83,1.4,21.9375,-56,-13,"V028","V028",-13.005,-55.965,2026-02-14,-22,29.8,83,1.4,1,0.8754687373539
2026-01-24,25.1875,29.8,22.4,82.1666666666667,2,21.7791666666667,-56,-13,"V028","V028",-13.005,-55.965,2026-02-14,-21,29.8,82.1666666666667,2,1,1.09861228866811
2026-01-25,24.1,27.9,22.1,88.7916666666667,7.2,22.0458333333333,-56,-13,"V028","V028",-13.005,-55.965,2026-02-14,-20,27.9,88.7916666666667,7.2,1,2.10413415427021
2026-01-26,25.6916666666667,30.5,21.6,82.9166666666667,1.6,22.3708333333333,-56,-13,"V028","V028",-13.005,-55.965,2026-02-14,-19,30.5,82.9166666666667,1.6,1,0.955511445027436
2026-01-27,26.0041666666667,30,22.9,79.7916666666667,1.2,22.0708333333333,-56,-13,"V028","V028",-13.005,-55.965,2026-02-14,-18,30,79.7916666666667,1.2,1,0.78845736036427
2026-01-28,24.2041666666667,27.8,21,85.4583333333333,17.1,21.5375,-56,-13,"V028","V028",-13.005,-55.965,2026-02-14,-17,27.8,85.4583333333333,17.1,1,2.89591193827178
2026-01-29,26.7,31.6,21.4,74.0833333333333,0,21.3125,-56,-13,"V028","V028",-13.005,-55.965,2026-02-14,-16,31.6,74.0833333333333,0,0,0
2026-01-30,26.5916666666667,31.9,22.8,77.2916666666667,0.7,22.0916666666667,-56,-13,"V028","V028",-13.005,-55.965,2026-02-14,-15,31.9,77.2916666666667,0.7,0,0.53062825106217
2026-01-31,26.4625,31.5,23.1,79.8333333333333,0.8,22.475,-56,-13,"V028","V028",-13.005,-55.965,2026-02-14,-14,31.5,79.8333333333333,0.8,0,0.587786664902119
2026-02-01,25.8541666666667,31.3,22.5,83.25,7.7,22.6083333333333,-56,-13,"V028","V028",-13.005,-55.965,2026-02-14,-13,31.3,83.25,7.7,1,2.16332302566054
2026-02-02,24.6416666666667,29.5,22.8,86.375,7.3,22.0916666666667,-56,-13,"V028","V028",-13.005,-55.965,2026-02-14,-12,29.5,86.375,7.3,1,2.11625551480255
2026-02-03,24.6291666666667,27.9,22.4,83.9166666666667,1.3,21.6125,-56,-13,"V028","V028",-13.005,-55.965,2026-02-14,-11,27.9,83.9166666666667,1.3,1,0.832909122935104
2026-02-04,24.9791666666667,30.1,21.8,76.4166666666667,0,20.3458333333333,-56,-13,"V028","V028",-13.005,-55.965,2026-02-14,-10,30.1,76.4166666666667,0,0,0
2026-02-05,25.8916666666667,31.5,21.4,74.9166666666667,0.5,20.8458333333333,-56,-13,"V028","V028",-13.005,-55.965,2026-02-14,-9,31.5,74.9166666666667,0.5,0,0.405465108108164
2026-02-06,26.05,30,23,77.4166666666667,12.9,21.6083333333333,-56,-13,"V028","V028",-13.005,-55.965,2026-02-14,-8,30,77.4166666666667,12.9,1,2.63188884013665
2026-02-07,24.4166666666667,29.3,21.9,83.875,5.6,21.3416666666667,-56,-13,"V028","V028",-13.005,-55.965,2026-02-14,-7,29.3,83.875,5.6,1,1.88706964903238
2026-02-08,24.0041666666667,28.4,22.4,88.375,14.6,21.8916666666667,-56,-13,"V028","V028",-13.005,-55.965,2026-02-14,-6,28.4,88.375,14.6,1,2.74727091425549
2026-02-09,22.7916666666667,25.3,21.6,93.4166666666667,25,21.6541666666667,-56,-13,"V028","V028",-13.005,-55.965,2026-02-14,-5,25.3,93.4166666666667,25,1,3.25809653802148
2026-02-10,23.15,26.3,21.4,90.7916666666667,15.7,21.5208333333333,-56,-13,"V028","V028",-13.005,-55.965,2026-02-14,-4,26.3,90.7916666666667,15.7,1,2.81540871942271
2026-02-11,24.0125,28.3,21.2,87.875,10.7,21.7833333333333,-56,-13,"V028","V028",-13.005,-55.965,2026-02-14,-3,28.3,87.875,10.7,1,2.45958884180371
2026-02-12,23.775,27.1,22.2,91.125,12.2,22.2041666666667,-56,-13,"V028","V028",-13.005,-55.965,2026-02-14,-2,27.1,91.125,12.2,1,2.58021682959233
2026-02-13,24.1666666666667,27.2,21.6,85.875,14.7,21.5291666666667,-56,-13,"V028","V028",-13.005,-55.965,2026-02-14,-1,27.2,85.875,14.7,1,2.75366071235426
2025-11-19,27.2916666666667,32.4,22.3,70.2083333333333,0.2,20.875,-56,-13,"V029","V029",-13.005,-55.965,2026-02-07,-80,32.4,70.2083333333333,0.2,0,0.182321556793955
2025-11-20,27.7041666666667,33,22.4,64,0,19.6083333333333,-56,-13,"V029","V029",-13.005,-55.965,2026-02-07,-79,33,64,0,0,0
2025-11-21,25.6666666666667,31,23,79.75,8.6,21.7958333333333,-56,-13,"V029","V029",-13.005,-55.965,2026-02-07,-78,31,79.75,8.6,1,2.26176309847379
2025-11-22,24.5208333333333,28.7,22,86.7916666666667,13.4,22.0958333333333,-56,-13,"V029","V029",-13.005,-55.965,2026-02-07,-77,28.7,86.7916666666667,13.4,1,2.66722820658195
2025-11-23,25.4375,29.8,21.8,78.3333333333333,0.3,21.2125,-56,-13,"V029","V029",-13.005,-55.965,2026-02-07,-76,29.8,78.3333333333333,0.3,0,0.262364264467491
2025-11-24,27.1375,32.4,22,75.375,1,22.0583333333333,-56,-13,"V029","V029",-13.005,-55.965,2026-02-07,-75,32.4,75.375,1,1,0.693147180559945
2025-11-25,24.9958333333333,28.9,22.7,82,0.9,21.6291666666667,-56,-13,"V029","V029",-13.005,-55.965,2026-02-07,-74,28.9,82,0.9,0,0.641853886172395
2025-11-26,25.3375,28.8,22.2,81.3333333333333,0.6,21.7708333333333,-56,-13,"V029","V029",-13.005,-55.965,2026-02-07,-73,28.8,81.3333333333333,0.6,0,0.470003629245736
2025-11-27,26.7416666666667,31.7,22.3,75.25,1.1,21.7208333333333,-56,-13,"V029","V029",-13.005,-55.965,2026-02-07,-72,31.7,75.25,1.1,1,0.741937344729377
2025-11-28,25.9875,30.8,22.5,75,2.6,21.0958333333333,-56,-13,"V029","V029",-13.005,-55.965,2026-02-07,-71,30.8,75,2.6,1,1.28093384546206
2025-11-29,26.6666666666667,32.3,22.1,72.9583333333333,0.6,21.0458333333333,-56,-13,"V029","V029",-13.005,-55.965,2026-02-07,-70,32.3,72.9583333333333,0.6,0,0.470003629245736
2025-11-30,25.5208333333333,29.3,22.9,80.2083333333333,1.4,21.6833333333333,-56,-13,"V029","V029",-13.005,-55.965,2026-02-07,-69,29.3,80.2083333333333,1.4,1,0.8754687373539
2025-12-01,25.7166666666667,30.7,21.3,79.1666666666667,1.5,21.5666666666667,-56,-13,"V029","V029",-13.005,-55.965,2026-02-07,-68,30.7,79.1666666666667,1.5,1,0.916290731874155
2025-12-02,26.2333333333333,31.3,22.1,77.75,7.7,21.7958333333333,-56,-13,"V029","V029",-13.005,-55.965,2026-02-07,-67,31.3,77.75,7.7,1,2.16332302566054
2025-12-03,24.05,26.5,22.6,87.0833333333333,22.2,21.7041666666667,-56,-13,"V029","V029",-13.005,-55.965,2026-02-07,-66,26.5,87.0833333333333,22.2,1,3.14415227867226
2025-12-04,25.2458333333333,30.4,22.3,81.8333333333333,3.4,21.6708333333333,-56,-13,"V029","V029",-13.005,-55.965,2026-02-07,-65,30.4,81.8333333333333,3.4,1,1.48160454092422
2025-12-05,23.6958333333333,25.9,22.1,89.875,21.8,21.9125,-56,-13,"V029","V029",-13.005,-55.965,2026-02-07,-64,25.9,89.875,21.8,1,3.1267605359604
2025-12-06,23.5416666666667,25.6,21.9,91.4166666666667,25.8,22.0416666666667,-56,-13,"V029","V029",-13.005,-55.965,2026-02-07,-63,25.6,91.4166666666667,25.8,1,3.28840188751681
2025-12-07,23.9541666666667,27.2,22.1,88.6666666666667,12.6,21.8958333333333,-56,-13,"V029","V029",-13.005,-55.965,2026-02-07,-62,27.2,88.6666666666667,12.6,1,2.61006979274201
2025-12-08,23.6791666666667,28.5,21.1,89.4166666666667,15.8,21.7875,-56,-13,"V029","V029",-13.005,-55.965,2026-02-07,-61,28.5,89.4166666666667,15.8,1,2.82137888640921
2025-12-09,24.0833333333333,27.7,22.3,87.8333333333333,6,21.8666666666667,-56,-13,"V029","V029",-13.005,-55.965,2026-02-07,-60,27.7,87.8333333333333,6,1,1.94591014905531
2025-12-10,25.0125,28.6,21.7,83.875,3.3,21.9125,-56,-13,"V029","V029",-13.005,-55.965,2026-02-07,-59,28.6,83.875,3.3,1,1.45861502269952
2025-12-11,26.0708333333333,30.2,21.8,79.6666666666667,1.9,22.0166666666667,-56,-13,"V029","V029",-13.005,-55.965,2026-02-07,-58,30.2,79.6666666666667,1.9,1,1.06471073699243
2025-12-12,25.7625,30.7,22.4,82.2916666666667,4.4,22.3625,-56,-13,"V029","V029",-13.005,-55.965,2026-02-07,-57,30.7,82.2916666666667,4.4,1,1.68639895357023
2025-12-13,25.4083333333333,28.4,22.7,85.125,9.1,22.6541666666667,-56,-13,"V029","V029",-13.005,-55.965,2026-02-07,-56,28.4,85.125,9.1,1,2.31253542384721
2025-12-14,26.0791666666667,31.3,22.3,82.0416666666667,3,22.5791666666667,-56,-13,"V029","V029",-13.005,-55.965,2026-02-07,-55,31.3,82.0416666666667,3,1,1.38629436111989
2025-12-15,26.0708333333333,30.1,23.2,82.75,9.5,22.8041666666667,-56,-13,"V029","V029",-13.005,-55.965,2026-02-07,-54,30.1,82.75,9.5,1,2.35137525716348
2025-12-16,25.5583333333333,30.4,22.5,85.375,30.5,22.7958333333333,-56,-13,"V029","V029",-13.005,-55.965,2026-02-07,-53,30.4,85.375,30.5,1,3.44998754583159
2025-12-17,25.25,30,21.8,84.25,9.2,22.275,-56,-13,"V029","V029",-13.005,-55.965,2026-02-07,-52,30,84.25,9.2,1,2.32238772029023
2025-12-18,24.3583333333333,26.8,22.7,90.5,10,22.6833333333333,-56,-13,"V029","V029",-13.005,-55.965,2026-02-07,-51,26.8,90.5,10,1,2.39789527279837
2025-12-19,24.5416666666667,27.1,22.8,86.6666666666667,14,22.1041666666667,-56,-13,"V029","V029",-13.005,-55.965,2026-02-07,-50,27.1,86.6666666666667,14,1,2.70805020110221
2025-12-20,24.0333333333333,25.9,22.4,89.8333333333333,19.8,22.2166666666667,-56,-13,"V029","V029",-13.005,-55.965,2026-02-07,-49,25.9,89.8333333333333,19.8,1,3.03495298670727
2025-12-21,24.775,28.3,23,87.3333333333333,14.4,22.4541666666667,-56,-13,"V029","V029",-13.005,-55.965,2026-02-07,-48,28.3,87.3333333333333,14.4,1,2.73436750941958
2025-12-22,23.3,25.5,22.4,92.5416666666667,15.9,22.025,-56,-13,"V029","V029",-13.005,-55.965,2026-02-07,-47,25.5,92.5416666666667,15.9,1,2.82731362192903
2025-12-23,24.1708333333333,28.2,22.1,86.6666666666667,14.1,21.7041666666667,-56,-13,"V029","V029",-13.005,-55.965,2026-02-07,-46,28.2,86.6666666666667,14.1,1,2.71469474382088
2025-12-24,25.3166666666667,30.3,21.2,78.5833333333333,1.9,20.9666666666667,-56,-13,"V029","V029",-13.005,-55.965,2026-02-07,-45,30.3,78.5833333333333,1.9,1,1.06471073699243
2025-12-25,24.1958333333333,29.1,21,83.6666666666667,9.9,21.1041666666667,-56,-13,"V029","V029",-13.005,-55.965,2026-02-07,-44,29.1,83.6666666666667,9.9,1,2.3887627892351
2025-12-26,24.1583333333333,27.9,20.6,83.125,1.8,20.9708333333333,-56,-13,"V029","V029",-13.005,-55.965,2026-02-07,-43,27.9,83.125,1.8,1,1.02961941718116
2025-12-27,25.7375,30.6,21.3,79.0416666666667,2.8,21.5833333333333,-56,-13,"V029","V029",-13.005,-55.965,2026-02-07,-42,30.6,79.0416666666667,2.8,1,1.33500106673234
2025-12-28,25.7666666666667,31.5,21.8,79.4166666666667,3.5,21.6666666666667,-56,-13,"V029","V029",-13.005,-55.965,2026-02-07,-41,31.5,79.4166666666667,3.5,1,1.50407739677627
2025-12-29,26.025,31.8,22.1,79.4583333333333,2.8,22.0125,-56,-13,"V029","V029",-13.005,-55.965,2026-02-07,-40,31.8,79.4583333333333,2.8,1,1.33500106673234
2025-12-30,24.0875,28.9,21.6,81.2916666666667,7.9,20.4791666666667,-56,-13,"V029","V029",-13.005,-55.965,2026-02-07,-39,28.9,81.2916666666667,7.9,1,2.18605127673809
2025-12-31,26.1875,31.4,20.7,74.4583333333333,0,20.9208333333333,-56,-13,"V029","V029",-13.005,-55.965,2026-02-07,-38,31.4,74.4583333333333,0,0,0
2026-01-01,27.1666666666667,32.3,22.8,74.3333333333333,0,21.9458333333333,-56,-13,"V029","V029",-13.005,-55.965,2026-02-07,-37,32.3,74.3333333333333,0,0,0
2026-01-02,25.7958333333333,30.1,23.6,82.375,4.6,22.4166666666667,-56,-13,"V029","V029",-13.005,-55.965,2026-02-07,-36,30.1,82.375,4.6,1,1.7227665977411
2026-01-03,25.7083333333333,30.1,22.1,83.25,14.7,22.4708333333333,-56,-13,"V029","V029",-13.005,-55.965,2026-02-07,-35,30.1,83.25,14.7,1,2.75366071235426
2026-01-04,24.3791666666667,27.3,22.5,89.3333333333333,19.2,22.45,-56,-13,"V029","V029",-13.005,-55.965,2026-02-07,-34,27.3,89.3333333333333,19.2,1,3.00568260440716
2026-01-05,24.3708333333333,29,22.1,86,8.7,21.7375,-56,-13,"V029","V029",-13.005,-55.965,2026-02-07,-33,29,86,8.7,1,2.27212588550934
2026-01-06,24.3458333333333,28.7,21.3,87.0416666666667,8.2,21.9666666666667,-56,-13,"V029","V029",-13.005,-55.965,2026-02-07,-32,28.7,87.0416666666667,8.2,1,2.21920348405499
2026-01-07,24.05,28.2,21.7,87.5,11.1,21.75,-56,-13,"V029","V029",-13.005,-55.965,2026-02-07,-31,28.2,87.5,11.1,1,2.4932054526027
2026-01-08,24.875,29,21.7,81.7083333333333,5.3,21.3291666666667,-56,-13,"V029","V029",-13.005,-55.965,2026-02-07,-30,29,81.7083333333333,5.3,1,1.84054963339749
2026-01-09,25.9833333333333,31.8,20.9,76.5416666666667,0.5,21.1666666666667,-56,-13,"V029","V029",-13.005,-55.965,2026-02-07,-29,31.8,76.5416666666667,0.5,0,0.405465108108164
2026-01-10,27.0125,32.8,21.4,72.5,0.8,21.275,-56,-13,"V029","V029",-13.005,-55.965,2026-02-07,-28,32.8,72.5,0.8,0,0.587786664902119
2026-01-11,25.0458333333333,31,21.6,82.9166666666667,8.9,21.7875,-56,-13,"V029","V029",-13.005,-55.965,2026-02-07,-27,31,82.9166666666667,8.9,1,2.29253475714054
2026-01-12,24.6458333333333,29.7,21.6,81.125,0.3,20.9666666666667,-56,-13,"V029","V029",-13.005,-55.965,2026-02-07,-26,29.7,81.125,0.3,0,0.262364264467491
2026-01-13,24.9833333333333,30.6,21.6,79.7083333333333,1,21.0291666666667,-56,-13,"V029","V029",-13.005,-55.965,2026-02-07,-25,30.6,79.7083333333333,1,1,0.693147180559945
2026-01-14,24.7208333333333,28.9,21.2,81.5416666666667,6.9,21.2,-56,-13,"V029","V029",-13.005,-55.965,2026-02-07,-24,28.9,81.5416666666667,6.9,1,2.06686275947298
2026-01-15,25.6875,31.7,20.9,79.0833333333333,2.9,21.5208333333333,-56,-13,"V029","V029",-13.005,-55.965,2026-02-07,-23,31.7,79.0833333333333,2.9,1,1.3609765531356
2026-01-16,26.1625,32.1,22.2,77.0833333333333,0.7,21.4875,-56,-13,"V029","V029",-13.005,-55.965,2026-02-07,-22,32.1,77.0833333333333,0.7,0,0.53062825106217
2026-01-17,25.675,30.9,21.5,77.4583333333333,0.9,21.3,-56,-13,"V029","V029",-13.005,-55.965,2026-02-07,-21,30.9,77.4583333333333,0.9,0,0.641853886172395
2026-01-18,26.2333333333333,32,22.6,79.7083333333333,1.4,22.1291666666667,-56,-13,"V029","V029",-13.005,-55.965,2026-02-07,-20,32,79.7083333333333,1.4,1,0.8754687373539
2026-01-19,26.1541666666667,31.5,22.6,80.5833333333333,7.1,22.3,-56,-13,"V029","V029",-13.005,-55.965,2026-02-07,-19,31.5,80.5833333333333,7.1,1,2.09186406167839
2026-01-20,24.9666666666667,30.2,22.3,85.5,9.3,22.2541666666667,-56,-13,"V029","V029",-13.005,-55.965,2026-02-07,-18,30.2,85.5,9.3,1,2.33214389523559
2026-01-21,23.475,25.9,21.6,90.5416666666667,25.9,21.7833333333333,-56,-13,"V029","V029",-13.005,-55.965,2026-02-07,-17,25.9,90.5416666666667,25.9,1,3.29212628660779
2026-01-22,24.5708333333333,29,22.1,86.0833333333333,3.1,21.975,-56,-13,"V029","V029",-13.005,-55.965,2026-02-07,-16,29,86.0833333333333,3.1,1,1.41098697371026
2026-01-23,25.2166666666667,29.8,21.5,83,1.4,21.9375,-56,-13,"V029","V029",-13.005,-55.965,2026-02-07,-15,29.8,83,1.4,1,0.8754687373539
2026-01-24,25.1875,29.8,22.4,82.1666666666667,2,21.7791666666667,-56,-13,"V029","V029",-13.005,-55.965,2026-02-07,-14,29.8,82.1666666666667,2,1,1.09861228866811
2026-01-25,24.1,27.9,22.1,88.7916666666667,7.2,22.0458333333333,-56,-13,"V029","V029",-13.005,-55.965,2026-02-07,-13,27.9,88.7916666666667,7.2,1,2.10413415427021
2026-01-26,25.6916666666667,30.5,21.6,82.9166666666667,1.6,22.3708333333333,-56,-13,"V029","V029",-13.005,-55.965,2026-02-07,-12,30.5,82.9166666666667,1.6,1,0.955511445027436
2026-01-27,26.0041666666667,30,22.9,79.7916666666667,1.2,22.0708333333333,-56,-13,"V029","V029",-13.005,-55.965,2026-02-07,-11,30,79.7916666666667,1.2,1,0.78845736036427
2026-01-28,24.2041666666667,27.8,21,85.4583333333333,17.1,21.5375,-56,-13,"V029","V029",-13.005,-55.965,2026-02-07,-10,27.8,85.4583333333333,17.1,1,2.89591193827178
2026-01-29,26.7,31.6,21.4,74.0833333333333,0,21.3125,-56,-13,"V029","V029",-13.005,-55.965,2026-02-07,-9,31.6,74.0833333333333,0,0,0
2026-01-30,26.5916666666667,31.9,22.8,77.2916666666667,0.7,22.0916666666667,-56,-13,"V029","V029",-13.005,-55.965,2026-02-07,-8,31.9,77.2916666666667,0.7,0,0.53062825106217
2026-01-31,26.4625,31.5,23.1,79.8333333333333,0.8,22.475,-56,-13,"V029","V029",-13.005,-55.965,2026-02-07,-7,31.5,79.8333333333333,0.8,0,0.587786664902119
2026-02-01,25.8541666666667,31.3,22.5,83.25,7.7,22.6083333333333,-56,-13,"V029","V029",-13.005,-55.965,2026-02-07,-6,31.3,83.25,7.7,1,2.16332302566054
2026-02-02,24.6416666666667,29.5,22.8,86.375,7.3,22.0916666666667,-56,-13,"V029","V029",-13.005,-55.965,2026-02-07,-5,29.5,86.375,7.3,1,2.11625551480255
2026-02-03,24.6291666666667,27.9,22.4,83.9166666666667,1.3,21.6125,-56,-13,"V029","V029",-13.005,-55.965,2026-02-07,-4,27.9,83.9166666666667,1.3,1,0.832909122935104
2026-02-04,24.9791666666667,30.1,21.8,76.4166666666667,0,20.3458333333333,-56,-13,"V029","V029",-13.005,-55.965,2026-02-07,-3,30.1,76.4166666666667,0,0,0
2026-02-05,25.8916666666667,31.5,21.4,74.9166666666667,0.5,20.8458333333333,-56,-13,"V029","V029",-13.005,-55.965,2026-02-07,-2,31.5,74.9166666666667,0.5,0,0.405465108108164
2026-02-06,26.05,30,23,77.4166666666667,12.9,21.6083333333333,-56,-13,"V029","V029",-13.005,-55.965,2026-02-07,-1,30,77.4166666666667,12.9,1,2.63188884013665
2025-12-08,23.6791666666667,28.5,21.1,89.4166666666667,15.8,21.7875,-56,-13,"V030","V030",-13.005,-55.965,2026-02-26,-80,28.5,89.4166666666667,15.8,1,2.82137888640921
2025-12-09,24.0833333333333,27.7,22.3,87.8333333333333,6,21.8666666666667,-56,-13,"V030","V030",-13.005,-55.965,2026-02-26,-79,27.7,87.8333333333333,6,1,1.94591014905531
2025-12-10,25.0125,28.6,21.7,83.875,3.3,21.9125,-56,-13,"V030","V030",-13.005,-55.965,2026-02-26,-78,28.6,83.875,3.3,1,1.45861502269952
2025-12-11,26.0708333333333,30.2,21.8,79.6666666666667,1.9,22.0166666666667,-56,-13,"V030","V030",-13.005,-55.965,2026-02-26,-77,30.2,79.6666666666667,1.9,1,1.06471073699243
2025-12-12,25.7625,30.7,22.4,82.2916666666667,4.4,22.3625,-56,-13,"V030","V030",-13.005,-55.965,2026-02-26,-76,30.7,82.2916666666667,4.4,1,1.68639895357023
2025-12-13,25.4083333333333,28.4,22.7,85.125,9.1,22.6541666666667,-56,-13,"V030","V030",-13.005,-55.965,2026-02-26,-75,28.4,85.125,9.1,1,2.31253542384721
2025-12-14,26.0791666666667,31.3,22.3,82.0416666666667,3,22.5791666666667,-56,-13,"V030","V030",-13.005,-55.965,2026-02-26,-74,31.3,82.0416666666667,3,1,1.38629436111989
2025-12-15,26.0708333333333,30.1,23.2,82.75,9.5,22.8041666666667,-56,-13,"V030","V030",-13.005,-55.965,2026-02-26,-73,30.1,82.75,9.5,1,2.35137525716348
2025-12-16,25.5583333333333,30.4,22.5,85.375,30.5,22.7958333333333,-56,-13,"V030","V030",-13.005,-55.965,2026-02-26,-72,30.4,85.375,30.5,1,3.44998754583159
2025-12-17,25.25,30,21.8,84.25,9.2,22.275,-56,-13,"V030","V030",-13.005,-55.965,2026-02-26,-71,30,84.25,9.2,1,2.32238772029023
2025-12-18,24.3583333333333,26.8,22.7,90.5,10,22.6833333333333,-56,-13,"V030","V030",-13.005,-55.965,2026-02-26,-70,26.8,90.5,10,1,2.39789527279837
2025-12-19,24.5416666666667,27.1,22.8,86.6666666666667,14,22.1041666666667,-56,-13,"V030","V030",-13.005,-55.965,2026-02-26,-69,27.1,86.6666666666667,14,1,2.70805020110221
2025-12-20,24.0333333333333,25.9,22.4,89.8333333333333,19.8,22.2166666666667,-56,-13,"V030","V030",-13.005,-55.965,2026-02-26,-68,25.9,89.8333333333333,19.8,1,3.03495298670727
2025-12-21,24.775,28.3,23,87.3333333333333,14.4,22.4541666666667,-56,-13,"V030","V030",-13.005,-55.965,2026-02-26,-67,28.3,87.3333333333333,14.4,1,2.73436750941958
2025-12-22,23.3,25.5,22.4,92.5416666666667,15.9,22.025,-56,-13,"V030","V030",-13.005,-55.965,2026-02-26,-66,25.5,92.5416666666667,15.9,1,2.82731362192903
2025-12-23,24.1708333333333,28.2,22.1,86.6666666666667,14.1,21.7041666666667,-56,-13,"V030","V030",-13.005,-55.965,2026-02-26,-65,28.2,86.6666666666667,14.1,1,2.71469474382088
2025-12-24,25.3166666666667,30.3,21.2,78.5833333333333,1.9,20.9666666666667,-56,-13,"V030","V030",-13.005,-55.965,2026-02-26,-64,30.3,78.5833333333333,1.9,1,1.06471073699243
2025-12-25,24.1958333333333,29.1,21,83.6666666666667,9.9,21.1041666666667,-56,-13,"V030","V030",-13.005,-55.965,2026-02-26,-63,29.1,83.6666666666667,9.9,1,2.3887627892351
2025-12-26,24.1583333333333,27.9,20.6,83.125,1.8,20.9708333333333,-56,-13,"V030","V030",-13.005,-55.965,2026-02-26,-62,27.9,83.125,1.8,1,1.02961941718116
2025-12-27,25.7375,30.6,21.3,79.0416666666667,2.8,21.5833333333333,-56,-13,"V030","V030",-13.005,-55.965,2026-02-26,-61,30.6,79.0416666666667,2.8,1,1.33500106673234
2025-12-28,25.7666666666667,31.5,21.8,79.4166666666667,3.5,21.6666666666667,-56,-13,"V030","V030",-13.005,-55.965,2026-02-26,-60,31.5,79.4166666666667,3.5,1,1.50407739677627
2025-12-29,26.025,31.8,22.1,79.4583333333333,2.8,22.0125,-56,-13,"V030","V030",-13.005,-55.965,2026-02-26,-59,31.8,79.4583333333333,2.8,1,1.33500106673234
2025-12-30,24.0875,28.9,21.6,81.2916666666667,7.9,20.4791666666667,-56,-13,"V030","V030",-13.005,-55.965,2026-02-26,-58,28.9,81.2916666666667,7.9,1,2.18605127673809
2025-12-31,26.1875,31.4,20.7,74.4583333333333,0,20.9208333333333,-56,-13,"V030","V030",-13.005,-55.965,2026-02-26,-57,31.4,74.4583333333333,0,0,0
2026-01-01,27.1666666666667,32.3,22.8,74.3333333333333,0,21.9458333333333,-56,-13,"V030","V030",-13.005,-55.965,2026-02-26,-56,32.3,74.3333333333333,0,0,0
2026-01-02,25.7958333333333,30.1,23.6,82.375,4.6,22.4166666666667,-56,-13,"V030","V030",-13.005,-55.965,2026-02-26,-55,30.1,82.375,4.6,1,1.7227665977411
2026-01-03,25.7083333333333,30.1,22.1,83.25,14.7,22.4708333333333,-56,-13,"V030","V030",-13.005,-55.965,2026-02-26,-54,30.1,83.25,14.7,1,2.75366071235426
2026-01-04,24.3791666666667,27.3,22.5,89.3333333333333,19.2,22.45,-56,-13,"V030","V030",-13.005,-55.965,2026-02-26,-53,27.3,89.3333333333333,19.2,1,3.00568260440716
2026-01-05,24.3708333333333,29,22.1,86,8.7,21.7375,-56,-13,"V030","V030",-13.005,-55.965,2026-02-26,-52,29,86,8.7,1,2.27212588550934
2026-01-06,24.3458333333333,28.7,21.3,87.0416666666667,8.2,21.9666666666667,-56,-13,"V030","V030",-13.005,-55.965,2026-02-26,-51,28.7,87.0416666666667,8.2,1,2.21920348405499
2026-01-07,24.05,28.2,21.7,87.5,11.1,21.75,-56,-13,"V030","V030",-13.005,-55.965,2026-02-26,-50,28.2,87.5,11.1,1,2.4932054526027
2026-01-08,24.875,29,21.7,81.7083333333333,5.3,21.3291666666667,-56,-13,"V030","V030",-13.005,-55.965,2026-02-26,-49,29,81.7083333333333,5.3,1,1.84054963339749
2026-01-09,25.9833333333333,31.8,20.9,76.5416666666667,0.5,21.1666666666667,-56,-13,"V030","V030",-13.005,-55.965,2026-02-26,-48,31.8,76.5416666666667,0.5,0,0.405465108108164
2026-01-10,27.0125,32.8,21.4,72.5,0.8,21.275,-56,-13,"V030","V030",-13.005,-55.965,2026-02-26,-47,32.8,72.5,0.8,0,0.587786664902119
2026-01-11,25.0458333333333,31,21.6,82.9166666666667,8.9,21.7875,-56,-13,"V030","V030",-13.005,-55.965,2026-02-26,-46,31,82.9166666666667,8.9,1,2.29253475714054
2026-01-12,24.6458333333333,29.7,21.6,81.125,0.3,20.9666666666667,-56,-13,"V030","V030",-13.005,-55.965,2026-02-26,-45,29.7,81.125,0.3,0,0.262364264467491
2026-01-13,24.9833333333333,30.6,21.6,79.7083333333333,1,21.0291666666667,-56,-13,"V030","V030",-13.005,-55.965,2026-02-26,-44,30.6,79.7083333333333,1,1,0.693147180559945
2026-01-14,24.7208333333333,28.9,21.2,81.5416666666667,6.9,21.2,-56,-13,"V030","V030",-13.005,-55.965,2026-02-26,-43,28.9,81.5416666666667,6.9,1,2.06686275947298
2026-01-15,25.6875,31.7,20.9,79.0833333333333,2.9,21.5208333333333,-56,-13,"V030","V030",-13.005,-55.965,2026-02-26,-42,31.7,79.0833333333333,2.9,1,1.3609765531356
2026-01-16,26.1625,32.1,22.2,77.0833333333333,0.7,21.4875,-56,-13,"V030","V030",-13.005,-55.965,2026-02-26,-41,32.1,77.0833333333333,0.7,0,0.53062825106217
2026-01-17,25.675,30.9,21.5,77.4583333333333,0.9,21.3,-56,-13,"V030","V030",-13.005,-55.965,2026-02-26,-40,30.9,77.4583333333333,0.9,0,0.641853886172395
2026-01-18,26.2333333333333,32,22.6,79.7083333333333,1.4,22.1291666666667,-56,-13,"V030","V030",-13.005,-55.965,2026-02-26,-39,32,79.7083333333333,1.4,1,0.8754687373539
2026-01-19,26.1541666666667,31.5,22.6,80.5833333333333,7.1,22.3,-56,-13,"V030","V030",-13.005,-55.965,2026-02-26,-38,31.5,80.5833333333333,7.1,1,2.09186406167839
2026-01-20,24.9666666666667,30.2,22.3,85.5,9.3,22.2541666666667,-56,-13,"V030","V030",-13.005,-55.965,2026-02-26,-37,30.2,85.5,9.3,1,2.33214389523559
2026-01-21,23.475,25.9,21.6,90.5416666666667,25.9,21.7833333333333,-56,-13,"V030","V030",-13.005,-55.965,2026-02-26,-36,25.9,90.5416666666667,25.9,1,3.29212628660779
2026-01-22,24.5708333333333,29,22.1,86.0833333333333,3.1,21.975,-56,-13,"V030","V030",-13.005,-55.965,2026-02-26,-35,29,86.0833333333333,3.1,1,1.41098697371026
2026-01-23,25.2166666666667,29.8,21.5,83,1.4,21.9375,-56,-13,"V030","V030",-13.005,-55.965,2026-02-26,-34,29.8,83,1.4,1,0.8754687373539
2026-01-24,25.1875,29.8,22.4,82.1666666666667,2,21.7791666666667,-56,-13,"V030","V030",-13.005,-55.965,2026-02-26,-33,29.8,82.1666666666667,2,1,1.09861228866811
2026-01-25,24.1,27.9,22.1,88.7916666666667,7.2,22.0458333333333,-56,-13,"V030","V030",-13.005,-55.965,2026-02-26,-32,27.9,88.7916666666667,7.2,1,2.10413415427021
2026-01-26,25.6916666666667,30.5,21.6,82.9166666666667,1.6,22.3708333333333,-56,-13,"V030","V030",-13.005,-55.965,2026-02-26,-31,30.5,82.9166666666667,1.6,1,0.955511445027436
2026-01-27,26.0041666666667,30,22.9,79.7916666666667,1.2,22.0708333333333,-56,-13,"V030","V030",-13.005,-55.965,2026-02-26,-30,30,79.7916666666667,1.2,1,0.78845736036427
2026-01-28,24.2041666666667,27.8,21,85.4583333333333,17.1,21.5375,-56,-13,"V030","V030",-13.005,-55.965,2026-02-26,-29,27.8,85.4583333333333,17.1,1,2.89591193827178
2026-01-29,26.7,31.6,21.4,74.0833333333333,0,21.3125,-56,-13,"V030","V030",-13.005,-55.965,2026-02-26,-28,31.6,74.0833333333333,0,0,0
2026-01-30,26.5916666666667,31.9,22.8,77.2916666666667,0.7,22.0916666666667,-56,-13,"V030","V030",-13.005,-55.965,2026-02-26,-27,31.9,77.2916666666667,0.7,0,0.53062825106217
2026-01-31,26.4625,31.5,23.1,79.8333333333333,0.8,22.475,-56,-13,"V030","V030",-13.005,-55.965,2026-02-26,-26,31.5,79.8333333333333,0.8,0,0.587786664902119
2026-02-01,25.8541666666667,31.3,22.5,83.25,7.7,22.6083333333333,-56,-13,"V030","V030",-13.005,-55.965,2026-02-26,-25,31.3,83.25,7.7,1,2.16332302566054
2026-02-02,24.6416666666667,29.5,22.8,86.375,7.3,22.0916666666667,-56,-13,"V030","V030",-13.005,-55.965,2026-02-26,-24,29.5,86.375,7.3,1,2.11625551480255
2026-02-03,24.6291666666667,27.9,22.4,83.9166666666667,1.3,21.6125,-56,-13,"V030","V030",-13.005,-55.965,2026-02-26,-23,27.9,83.9166666666667,1.3,1,0.832909122935104
2026-02-04,24.9791666666667,30.1,21.8,76.4166666666667,0,20.3458333333333,-56,-13,"V030","V030",-13.005,-55.965,2026-02-26,-22,30.1,76.4166666666667,0,0,0
2026-02-05,25.8916666666667,31.5,21.4,74.9166666666667,0.5,20.8458333333333,-56,-13,"V030","V030",-13.005,-55.965,2026-02-26,-21,31.5,74.9166666666667,0.5,0,0.405465108108164
2026-02-06,26.05,30,23,77.4166666666667,12.9,21.6083333333333,-56,-13,"V030","V030",-13.005,-55.965,2026-02-26,-20,30,77.4166666666667,12.9,1,2.63188884013665
2026-02-07,24.4166666666667,29.3,21.9,83.875,5.6,21.3416666666667,-56,-13,"V030","V030",-13.005,-55.965,2026-02-26,-19,29.3,83.875,5.6,1,1.88706964903238
2026-02-08,24.0041666666667,28.4,22.4,88.375,14.6,21.8916666666667,-56,-13,"V030","V030",-13.005,-55.965,2026-02-26,-18,28.4,88.375,14.6,1,2.74727091425549
2026-02-09,22.7916666666667,25.3,21.6,93.4166666666667,25,21.6541666666667,-56,-13,"V030","V030",-13.005,-55.965,2026-02-26,-17,25.3,93.4166666666667,25,1,3.25809653802148
2026-02-10,23.15,26.3,21.4,90.7916666666667,15.7,21.5208333333333,-56,-13,"V030","V030",-13.005,-55.965,2026-02-26,-16,26.3,90.7916666666667,15.7,1,2.81540871942271
2026-02-11,24.0125,28.3,21.2,87.875,10.7,21.7833333333333,-56,-13,"V030","V030",-13.005,-55.965,2026-02-26,-15,28.3,87.875,10.7,1,2.45958884180371
2026-02-12,23.775,27.1,22.2,91.125,12.2,22.2041666666667,-56,-13,"V030","V030",-13.005,-55.965,2026-02-26,-14,27.1,91.125,12.2,1,2.58021682959233
2026-02-13,24.1666666666667,27.2,21.6,85.875,14.7,21.5291666666667,-56,-13,"V030","V030",-13.005,-55.965,2026-02-26,-13,27.2,85.875,14.7,1,2.75366071235426
2026-02-14,25.7041666666667,30.6,21.2,77.7916666666667,0.3,21.2708333333333,-56,-13,"V030","V030",-13.005,-55.965,2026-02-26,-12,30.6,77.7916666666667,0.3,0,0.262364264467491
2026-02-15,26.4958333333333,31.1,21.4,73.1666666666667,0.3,21.0291666666667,-56,-13,"V030","V030",-13.005,-55.965,2026-02-26,-11,31.1,73.1666666666667,0.3,0,0.262364264467491
2026-02-16,25.3708333333333,30.3,21.4,78.75,6,21.2,-56,-13,"V030","V030",-13.005,-55.965,2026-02-26,-10,30.3,78.75,6,1,1.94591014905531
2026-02-17,26.75,32.2,21.4,73.25,0.4,21.1166666666667,-56,-13,"V030","V030",-13.005,-55.965,2026-02-26,-9,32.2,73.25,0.4,0,0.336472236621213
2026-02-18,26.9458333333333,31.7,22.2,69.5,0,20.4666666666667,-56,-13,"V030","V030",-13.005,-55.965,2026-02-26,-8,31.7,69.5,0,0,0
2026-02-19,27.0291666666667,31.4,23,72.125,0.3,21.3833333333333,-56,-13,"V030","V030",-13.005,-55.965,2026-02-26,-7,31.4,72.125,0.3,0,0.262364264467491
2026-02-20,25.325,29.1,22,79.75,5.9,21.475,-56,-13,"V030","V030",-13.005,-55.965,2026-02-26,-6,29.1,79.75,5.9,1,1.93152141160321
2026-02-21,25.15,30.1,21.7,81.5,32.4,21.6041666666667,-56,-13,"V030","V030",-13.005,-55.965,2026-02-26,-5,30.1,81.5,32.4,1,3.50855589998265
2026-02-22,24.7208333333333,28.9,22.3,86.9583333333333,16.1,22.3125,-56,-13,"V030","V030",-13.005,-55.965,2026-02-26,-4,28.9,86.9583333333333,16.1,1,2.83907846350861
2026-02-23,24.8666666666667,30.1,22.4,85.0416666666667,6.6,22.0291666666667,-56,-13,"V030","V030",-13.005,-55.965,2026-02-26,-3,30.1,85.0416666666667,6.6,1,2.02814824729229
2026-02-24,24.2041666666667,27.4,22,87.3333333333333,3.3,21.9,-56,-13,"V030","V030",-13.005,-55.965,2026-02-26,-2,27.4,87.3333333333333,3.3,1,1.45861502269952
2026-02-25,24.7,30.1,21.3,83.25,5.2,21.5375,-56,-13,"V030","V030",-13.005,-55.965,2026-02-26,-1,30.1,83.25,5.2,1,1.82454929205105
2025-12-01,25.7166666666667,30.7,21.3,79.1666666666667,1.5,21.5666666666667,-56,-13,"V031","V031",-13.005,-55.965,2026-02-19,-80,30.7,79.1666666666667,1.5,1,0.916290731874155
2025-12-02,26.2333333333333,31.3,22.1,77.75,7.7,21.7958333333333,-56,-13,"V031","V031",-13.005,-55.965,2026-02-19,-79,31.3,77.75,7.7,1,2.16332302566054
2025-12-03,24.05,26.5,22.6,87.0833333333333,22.2,21.7041666666667,-56,-13,"V031","V031",-13.005,-55.965,2026-02-19,-78,26.5,87.0833333333333,22.2,1,3.14415227867226
2025-12-04,25.2458333333333,30.4,22.3,81.8333333333333,3.4,21.6708333333333,-56,-13,"V031","V031",-13.005,-55.965,2026-02-19,-77,30.4,81.8333333333333,3.4,1,1.48160454092422
2025-12-05,23.6958333333333,25.9,22.1,89.875,21.8,21.9125,-56,-13,"V031","V031",-13.005,-55.965,2026-02-19,-76,25.9,89.875,21.8,1,3.1267605359604
2025-12-06,23.5416666666667,25.6,21.9,91.4166666666667,25.8,22.0416666666667,-56,-13,"V031","V031",-13.005,-55.965,2026-02-19,-75,25.6,91.4166666666667,25.8,1,3.28840188751681
2025-12-07,23.9541666666667,27.2,22.1,88.6666666666667,12.6,21.8958333333333,-56,-13,"V031","V031",-13.005,-55.965,2026-02-19,-74,27.2,88.6666666666667,12.6,1,2.61006979274201
2025-12-08,23.6791666666667,28.5,21.1,89.4166666666667,15.8,21.7875,-56,-13,"V031","V031",-13.005,-55.965,2026-02-19,-73,28.5,89.4166666666667,15.8,1,2.82137888640921
2025-12-09,24.0833333333333,27.7,22.3,87.8333333333333,6,21.8666666666667,-56,-13,"V031","V031",-13.005,-55.965,2026-02-19,-72,27.7,87.8333333333333,6,1,1.94591014905531
2025-12-10,25.0125,28.6,21.7,83.875,3.3,21.9125,-56,-13,"V031","V031",-13.005,-55.965,2026-02-19,-71,28.6,83.875,3.3,1,1.45861502269952
2025-12-11,26.0708333333333,30.2,21.8,79.6666666666667,1.9,22.0166666666667,-56,-13,"V031","V031",-13.005,-55.965,2026-02-19,-70,30.2,79.6666666666667,1.9,1,1.06471073699243
2025-12-12,25.7625,30.7,22.4,82.2916666666667,4.4,22.3625,-56,-13,"V031","V031",-13.005,-55.965,2026-02-19,-69,30.7,82.2916666666667,4.4,1,1.68639895357023
2025-12-13,25.4083333333333,28.4,22.7,85.125,9.1,22.6541666666667,-56,-13,"V031","V031",-13.005,-55.965,2026-02-19,-68,28.4,85.125,9.1,1,2.31253542384721
2025-12-14,26.0791666666667,31.3,22.3,82.0416666666667,3,22.5791666666667,-56,-13,"V031","V031",-13.005,-55.965,2026-02-19,-67,31.3,82.0416666666667,3,1,1.38629436111989
2025-12-15,26.0708333333333,30.1,23.2,82.75,9.5,22.8041666666667,-56,-13,"V031","V031",-13.005,-55.965,2026-02-19,-66,30.1,82.75,9.5,1,2.35137525716348
2025-12-16,25.5583333333333,30.4,22.5,85.375,30.5,22.7958333333333,-56,-13,"V031","V031",-13.005,-55.965,2026-02-19,-65,30.4,85.375,30.5,1,3.44998754583159
2025-12-17,25.25,30,21.8,84.25,9.2,22.275,-56,-13,"V031","V031",-13.005,-55.965,2026-02-19,-64,30,84.25,9.2,1,2.32238772029023
2025-12-18,24.3583333333333,26.8,22.7,90.5,10,22.6833333333333,-56,-13,"V031","V031",-13.005,-55.965,2026-02-19,-63,26.8,90.5,10,1,2.39789527279837
2025-12-19,24.5416666666667,27.1,22.8,86.6666666666667,14,22.1041666666667,-56,-13,"V031","V031",-13.005,-55.965,2026-02-19,-62,27.1,86.6666666666667,14,1,2.70805020110221
2025-12-20,24.0333333333333,25.9,22.4,89.8333333333333,19.8,22.2166666666667,-56,-13,"V031","V031",-13.005,-55.965,2026-02-19,-61,25.9,89.8333333333333,19.8,1,3.03495298670727
2025-12-21,24.775,28.3,23,87.3333333333333,14.4,22.4541666666667,-56,-13,"V031","V031",-13.005,-55.965,2026-02-19,-60,28.3,87.3333333333333,14.4,1,2.73436750941958
2025-12-22,23.3,25.5,22.4,92.5416666666667,15.9,22.025,-56,-13,"V031","V031",-13.005,-55.965,2026-02-19,-59,25.5,92.5416666666667,15.9,1,2.82731362192903
2025-12-23,24.1708333333333,28.2,22.1,86.6666666666667,14.1,21.7041666666667,-56,-13,"V031","V031",-13.005,-55.965,2026-02-19,-58,28.2,86.6666666666667,14.1,1,2.71469474382088
2025-12-24,25.3166666666667,30.3,21.2,78.5833333333333,1.9,20.9666666666667,-56,-13,"V031","V031",-13.005,-55.965,2026-02-19,-57,30.3,78.5833333333333,1.9,1,1.06471073699243
2025-12-25,24.1958333333333,29.1,21,83.6666666666667,9.9,21.1041666666667,-56,-13,"V031","V031",-13.005,-55.965,2026-02-19,-56,29.1,83.6666666666667,9.9,1,2.3887627892351
2025-12-26,24.1583333333333,27.9,20.6,83.125,1.8,20.9708333333333,-56,-13,"V031","V031",-13.005,-55.965,2026-02-19,-55,27.9,83.125,1.8,1,1.02961941718116
2025-12-27,25.7375,30.6,21.3,79.0416666666667,2.8,21.5833333333333,-56,-13,"V031","V031",-13.005,-55.965,2026-02-19,-54,30.6,79.0416666666667,2.8,1,1.33500106673234
2025-12-28,25.7666666666667,31.5,21.8,79.4166666666667,3.5,21.6666666666667,-56,-13,"V031","V031",-13.005,-55.965,2026-02-19,-53,31.5,79.4166666666667,3.5,1,1.50407739677627
2025-12-29,26.025,31.8,22.1,79.4583333333333,2.8,22.0125,-56,-13,"V031","V031",-13.005,-55.965,2026-02-19,-52,31.8,79.4583333333333,2.8,1,1.33500106673234
2025-12-30,24.0875,28.9,21.6,81.2916666666667,7.9,20.4791666666667,-56,-13,"V031","V031",-13.005,-55.965,2026-02-19,-51,28.9,81.2916666666667,7.9,1,2.18605127673809
2025-12-31,26.1875,31.4,20.7,74.4583333333333,0,20.9208333333333,-56,-13,"V031","V031",-13.005,-55.965,2026-02-19,-50,31.4,74.4583333333333,0,0,0
2026-01-01,27.1666666666667,32.3,22.8,74.3333333333333,0,21.9458333333333,-56,-13,"V031","V031",-13.005,-55.965,2026-02-19,-49,32.3,74.3333333333333,0,0,0
2026-01-02,25.7958333333333,30.1,23.6,82.375,4.6,22.4166666666667,-56,-13,"V031","V031",-13.005,-55.965,2026-02-19,-48,30.1,82.375,4.6,1,1.7227665977411
2026-01-03,25.7083333333333,30.1,22.1,83.25,14.7,22.4708333333333,-56,-13,"V031","V031",-13.005,-55.965,2026-02-19,-47,30.1,83.25,14.7,1,2.75366071235426
2026-01-04,24.3791666666667,27.3,22.5,89.3333333333333,19.2,22.45,-56,-13,"V031","V031",-13.005,-55.965,2026-02-19,-46,27.3,89.3333333333333,19.2,1,3.00568260440716
2026-01-05,24.3708333333333,29,22.1,86,8.7,21.7375,-56,-13,"V031","V031",-13.005,-55.965,2026-02-19,-45,29,86,8.7,1,2.27212588550934
2026-01-06,24.3458333333333,28.7,21.3,87.0416666666667,8.2,21.9666666666667,-56,-13,"V031","V031",-13.005,-55.965,2026-02-19,-44,28.7,87.0416666666667,8.2,1,2.21920348405499
2026-01-07,24.05,28.2,21.7,87.5,11.1,21.75,-56,-13,"V031","V031",-13.005,-55.965,2026-02-19,-43,28.2,87.5,11.1,1,2.4932054526027
2026-01-08,24.875,29,21.7,81.7083333333333,5.3,21.3291666666667,-56,-13,"V031","V031",-13.005,-55.965,2026-02-19,-42,29,81.7083333333333,5.3,1,1.84054963339749
2026-01-09,25.9833333333333,31.8,20.9,76.5416666666667,0.5,21.1666666666667,-56,-13,"V031","V031",-13.005,-55.965,2026-02-19,-41,31.8,76.5416666666667,0.5,0,0.405465108108164
2026-01-10,27.0125,32.8,21.4,72.5,0.8,21.275,-56,-13,"V031","V031",-13.005,-55.965,2026-02-19,-40,32.8,72.5,0.8,0,0.587786664902119
2026-01-11,25.0458333333333,31,21.6,82.9166666666667,8.9,21.7875,-56,-13,"V031","V031",-13.005,-55.965,2026-02-19,-39,31,82.9166666666667,8.9,1,2.29253475714054
2026-01-12,24.6458333333333,29.7,21.6,81.125,0.3,20.9666666666667,-56,-13,"V031","V031",-13.005,-55.965,2026-02-19,-38,29.7,81.125,0.3,0,0.262364264467491
2026-01-13,24.9833333333333,30.6,21.6,79.7083333333333,1,21.0291666666667,-56,-13,"V031","V031",-13.005,-55.965,2026-02-19,-37,30.6,79.7083333333333,1,1,0.693147180559945
2026-01-14,24.7208333333333,28.9,21.2,81.5416666666667,6.9,21.2,-56,-13,"V031","V031",-13.005,-55.965,2026-02-19,-36,28.9,81.5416666666667,6.9,1,2.06686275947298
2026-01-15,25.6875,31.7,20.9,79.0833333333333,2.9,21.5208333333333,-56,-13,"V031","V031",-13.005,-55.965,2026-02-19,-35,31.7,79.0833333333333,2.9,1,1.3609765531356
2026-01-16,26.1625,32.1,22.2,77.0833333333333,0.7,21.4875,-56,-13,"V031","V031",-13.005,-55.965,2026-02-19,-34,32.1,77.0833333333333,0.7,0,0.53062825106217
2026-01-17,25.675,30.9,21.5,77.4583333333333,0.9,21.3,-56,-13,"V031","V031",-13.005,-55.965,2026-02-19,-33,30.9,77.4583333333333,0.9,0,0.641853886172395
2026-01-18,26.2333333333333,32,22.6,79.7083333333333,1.4,22.1291666666667,-56,-13,"V031","V031",-13.005,-55.965,2026-02-19,-32,32,79.7083333333333,1.4,1,0.8754687373539
2026-01-19,26.1541666666667,31.5,22.6,80.5833333333333,7.1,22.3,-56,-13,"V031","V031",-13.005,-55.965,2026-02-19,-31,31.5,80.5833333333333,7.1,1,2.09186406167839
2026-01-20,24.9666666666667,30.2,22.3,85.5,9.3,22.2541666666667,-56,-13,"V031","V031",-13.005,-55.965,2026-02-19,-30,30.2,85.5,9.3,1,2.33214389523559
2026-01-21,23.475,25.9,21.6,90.5416666666667,25.9,21.7833333333333,-56,-13,"V031","V031",-13.005,-55.965,2026-02-19,-29,25.9,90.5416666666667,25.9,1,3.29212628660779
2026-01-22,24.5708333333333,29,22.1,86.0833333333333,3.1,21.975,-56,-13,"V031","V031",-13.005,-55.965,2026-02-19,-28,29,86.0833333333333,3.1,1,1.41098697371026
2026-01-23,25.2166666666667,29.8,21.5,83,1.4,21.9375,-56,-13,"V031","V031",-13.005,-55.965,2026-02-19,-27,29.8,83,1.4,1,0.8754687373539
2026-01-24,25.1875,29.8,22.4,82.1666666666667,2,21.7791666666667,-56,-13,"V031","V031",-13.005,-55.965,2026-02-19,-26,29.8,82.1666666666667,2,1,1.09861228866811
2026-01-25,24.1,27.9,22.1,88.7916666666667,7.2,22.0458333333333,-56,-13,"V031","V031",-13.005,-55.965,2026-02-19,-25,27.9,88.7916666666667,7.2,1,2.10413415427021
2026-01-26,25.6916666666667,30.5,21.6,82.9166666666667,1.6,22.3708333333333,-56,-13,"V031","V031",-13.005,-55.965,2026-02-19,-24,30.5,82.9166666666667,1.6,1,0.955511445027436
2026-01-27,26.0041666666667,30,22.9,79.7916666666667,1.2,22.0708333333333,-56,-13,"V031","V031",-13.005,-55.965,2026-02-19,-23,30,79.7916666666667,1.2,1,0.78845736036427
2026-01-28,24.2041666666667,27.8,21,85.4583333333333,17.1,21.5375,-56,-13,"V031","V031",-13.005,-55.965,2026-02-19,-22,27.8,85.4583333333333,17.1,1,2.89591193827178
2026-01-29,26.7,31.6,21.4,74.0833333333333,0,21.3125,-56,-13,"V031","V031",-13.005,-55.965,2026-02-19,-21,31.6,74.0833333333333,0,0,0
2026-01-30,26.5916666666667,31.9,22.8,77.2916666666667,0.7,22.0916666666667,-56,-13,"V031","V031",-13.005,-55.965,2026-02-19,-20,31.9,77.2916666666667,0.7,0,0.53062825106217
2026-01-31,26.4625,31.5,23.1,79.8333333333333,0.8,22.475,-56,-13,"V031","V031",-13.005,-55.965,2026-02-19,-19,31.5,79.8333333333333,0.8,0,0.587786664902119
2026-02-01,25.8541666666667,31.3,22.5,83.25,7.7,22.6083333333333,-56,-13,"V031","V031",-13.005,-55.965,2026-02-19,-18,31.3,83.25,7.7,1,2.16332302566054
2026-02-02,24.6416666666667,29.5,22.8,86.375,7.3,22.0916666666667,-56,-13,"V031","V031",-13.005,-55.965,2026-02-19,-17,29.5,86.375,7.3,1,2.11625551480255
2026-02-03,24.6291666666667,27.9,22.4,83.9166666666667,1.3,21.6125,-56,-13,"V031","V031",-13.005,-55.965,2026-02-19,-16,27.9,83.9166666666667,1.3,1,0.832909122935104
2026-02-04,24.9791666666667,30.1,21.8,76.4166666666667,0,20.3458333333333,-56,-13,"V031","V031",-13.005,-55.965,2026-02-19,-15,30.1,76.4166666666667,0,0,0
2026-02-05,25.8916666666667,31.5,21.4,74.9166666666667,0.5,20.8458333333333,-56,-13,"V031","V031",-13.005,-55.965,2026-02-19,-14,31.5,74.9166666666667,0.5,0,0.405465108108164
2026-02-06,26.05,30,23,77.4166666666667,12.9,21.6083333333333,-56,-13,"V031","V031",-13.005,-55.965,2026-02-19,-13,30,77.4166666666667,12.9,1,2.63188884013665
2026-02-07,24.4166666666667,29.3,21.9,83.875,5.6,21.3416666666667,-56,-13,"V031","V031",-13.005,-55.965,2026-02-19,-12,29.3,83.875,5.6,1,1.88706964903238
2026-02-08,24.0041666666667,28.4,22.4,88.375,14.6,21.8916666666667,-56,-13,"V031","V031",-13.005,-55.965,2026-02-19,-11,28.4,88.375,14.6,1,2.74727091425549
2026-02-09,22.7916666666667,25.3,21.6,93.4166666666667,25,21.6541666666667,-56,-13,"V031","V031",-13.005,-55.965,2026-02-19,-10,25.3,93.4166666666667,25,1,3.25809653802148
2026-02-10,23.15,26.3,21.4,90.7916666666667,15.7,21.5208333333333,-56,-13,"V031","V031",-13.005,-55.965,2026-02-19,-9,26.3,90.7916666666667,15.7,1,2.81540871942271
2026-02-11,24.0125,28.3,21.2,87.875,10.7,21.7833333333333,-56,-13,"V031","V031",-13.005,-55.965,2026-02-19,-8,28.3,87.875,10.7,1,2.45958884180371
2026-02-12,23.775,27.1,22.2,91.125,12.2,22.2041666666667,-56,-13,"V031","V031",-13.005,-55.965,2026-02-19,-7,27.1,91.125,12.2,1,2.58021682959233
2026-02-13,24.1666666666667,27.2,21.6,85.875,14.7,21.5291666666667,-56,-13,"V031","V031",-13.005,-55.965,2026-02-19,-6,27.2,85.875,14.7,1,2.75366071235426
2026-02-14,25.7041666666667,30.6,21.2,77.7916666666667,0.3,21.2708333333333,-56,-13,"V031","V031",-13.005,-55.965,2026-02-19,-5,30.6,77.7916666666667,0.3,0,0.262364264467491
2026-02-15,26.4958333333333,31.1,21.4,73.1666666666667,0.3,21.0291666666667,-56,-13,"V031","V031",-13.005,-55.965,2026-02-19,-4,31.1,73.1666666666667,0.3,0,0.262364264467491
2026-02-16,25.3708333333333,30.3,21.4,78.75,6,21.2,-56,-13,"V031","V031",-13.005,-55.965,2026-02-19,-3,30.3,78.75,6,1,1.94591014905531
2026-02-17,26.75,32.2,21.4,73.25,0.4,21.1166666666667,-56,-13,"V031","V031",-13.005,-55.965,2026-02-19,-2,32.2,73.25,0.4,0,0.336472236621213
2026-02-18,26.9458333333333,31.7,22.2,69.5,0,20.4666666666667,-56,-13,"V031","V031",-13.005,-55.965,2026-02-19,-1,31.7,69.5,0,0,0
2025-12-24,25.3166666666667,30.3,21.2,78.5833333333333,1.9,20.9666666666667,-56,-13,"V032","V032",-13.005,-55.965,2026-03-14,-80,30.3,78.5833333333333,1.9,1,1.06471073699243
2025-12-25,24.1958333333333,29.1,21,83.6666666666667,9.9,21.1041666666667,-56,-13,"V032","V032",-13.005,-55.965,2026-03-14,-79,29.1,83.6666666666667,9.9,1,2.3887627892351
2025-12-26,24.1583333333333,27.9,20.6,83.125,1.8,20.9708333333333,-56,-13,"V032","V032",-13.005,-55.965,2026-03-14,-78,27.9,83.125,1.8,1,1.02961941718116
2025-12-27,25.7375,30.6,21.3,79.0416666666667,2.8,21.5833333333333,-56,-13,"V032","V032",-13.005,-55.965,2026-03-14,-77,30.6,79.0416666666667,2.8,1,1.33500106673234
2025-12-28,25.7666666666667,31.5,21.8,79.4166666666667,3.5,21.6666666666667,-56,-13,"V032","V032",-13.005,-55.965,2026-03-14,-76,31.5,79.4166666666667,3.5,1,1.50407739677627
2025-12-29,26.025,31.8,22.1,79.4583333333333,2.8,22.0125,-56,-13,"V032","V032",-13.005,-55.965,2026-03-14,-75,31.8,79.4583333333333,2.8,1,1.33500106673234
2025-12-30,24.0875,28.9,21.6,81.2916666666667,7.9,20.4791666666667,-56,-13,"V032","V032",-13.005,-55.965,2026-03-14,-74,28.9,81.2916666666667,7.9,1,2.18605127673809
2025-12-31,26.1875,31.4,20.7,74.4583333333333,0,20.9208333333333,-56,-13,"V032","V032",-13.005,-55.965,2026-03-14,-73,31.4,74.4583333333333,0,0,0
2026-01-01,27.1666666666667,32.3,22.8,74.3333333333333,0,21.9458333333333,-56,-13,"V032","V032",-13.005,-55.965,2026-03-14,-72,32.3,74.3333333333333,0,0,0
2026-01-02,25.7958333333333,30.1,23.6,82.375,4.6,22.4166666666667,-56,-13,"V032","V032",-13.005,-55.965,2026-03-14,-71,30.1,82.375,4.6,1,1.7227665977411
2026-01-03,25.7083333333333,30.1,22.1,83.25,14.7,22.4708333333333,-56,-13,"V032","V032",-13.005,-55.965,2026-03-14,-70,30.1,83.25,14.7,1,2.75366071235426
2026-01-04,24.3791666666667,27.3,22.5,89.3333333333333,19.2,22.45,-56,-13,"V032","V032",-13.005,-55.965,2026-03-14,-69,27.3,89.3333333333333,19.2,1,3.00568260440716
2026-01-05,24.3708333333333,29,22.1,86,8.7,21.7375,-56,-13,"V032","V032",-13.005,-55.965,2026-03-14,-68,29,86,8.7,1,2.27212588550934
2026-01-06,24.3458333333333,28.7,21.3,87.0416666666667,8.2,21.9666666666667,-56,-13,"V032","V032",-13.005,-55.965,2026-03-14,-67,28.7,87.0416666666667,8.2,1,2.21920348405499
2026-01-07,24.05,28.2,21.7,87.5,11.1,21.75,-56,-13,"V032","V032",-13.005,-55.965,2026-03-14,-66,28.2,87.5,11.1,1,2.4932054526027
2026-01-08,24.875,29,21.7,81.7083333333333,5.3,21.3291666666667,-56,-13,"V032","V032",-13.005,-55.965,2026-03-14,-65,29,81.7083333333333,5.3,1,1.84054963339749
2026-01-09,25.9833333333333,31.8,20.9,76.5416666666667,0.5,21.1666666666667,-56,-13,"V032","V032",-13.005,-55.965,2026-03-14,-64,31.8,76.5416666666667,0.5,0,0.405465108108164
2026-01-10,27.0125,32.8,21.4,72.5,0.8,21.275,-56,-13,"V032","V032",-13.005,-55.965,2026-03-14,-63,32.8,72.5,0.8,0,0.587786664902119
2026-01-11,25.0458333333333,31,21.6,82.9166666666667,8.9,21.7875,-56,-13,"V032","V032",-13.005,-55.965,2026-03-14,-62,31,82.9166666666667,8.9,1,2.29253475714054
2026-01-12,24.6458333333333,29.7,21.6,81.125,0.3,20.9666666666667,-56,-13,"V032","V032",-13.005,-55.965,2026-03-14,-61,29.7,81.125,0.3,0,0.262364264467491
2026-01-13,24.9833333333333,30.6,21.6,79.7083333333333,1,21.0291666666667,-56,-13,"V032","V032",-13.005,-55.965,2026-03-14,-60,30.6,79.7083333333333,1,1,0.693147180559945
2026-01-14,24.7208333333333,28.9,21.2,81.5416666666667,6.9,21.2,-56,-13,"V032","V032",-13.005,-55.965,2026-03-14,-59,28.9,81.5416666666667,6.9,1,2.06686275947298
2026-01-15,25.6875,31.7,20.9,79.0833333333333,2.9,21.5208333333333,-56,-13,"V032","V032",-13.005,-55.965,2026-03-14,-58,31.7,79.0833333333333,2.9,1,1.3609765531356
2026-01-16,26.1625,32.1,22.2,77.0833333333333,0.7,21.4875,-56,-13,"V032","V032",-13.005,-55.965,2026-03-14,-57,32.1,77.0833333333333,0.7,0,0.53062825106217
2026-01-17,25.675,30.9,21.5,77.4583333333333,0.9,21.3,-56,-13,"V032","V032",-13.005,-55.965,2026-03-14,-56,30.9,77.4583333333333,0.9,0,0.641853886172395
2026-01-18,26.2333333333333,32,22.6,79.7083333333333,1.4,22.1291666666667,-56,-13,"V032","V032",-13.005,-55.965,2026-03-14,-55,32,79.7083333333333,1.4,1,0.8754687373539
2026-01-19,26.1541666666667,31.5,22.6,80.5833333333333,7.1,22.3,-56,-13,"V032","V032",-13.005,-55.965,2026-03-14,-54,31.5,80.5833333333333,7.1,1,2.09186406167839
2026-01-20,24.9666666666667,30.2,22.3,85.5,9.3,22.2541666666667,-56,-13,"V032","V032",-13.005,-55.965,2026-03-14,-53,30.2,85.5,9.3,1,2.33214389523559
2026-01-21,23.475,25.9,21.6,90.5416666666667,25.9,21.7833333333333,-56,-13,"V032","V032",-13.005,-55.965,2026-03-14,-52,25.9,90.5416666666667,25.9,1,3.29212628660779
2026-01-22,24.5708333333333,29,22.1,86.0833333333333,3.1,21.975,-56,-13,"V032","V032",-13.005,-55.965,2026-03-14,-51,29,86.0833333333333,3.1,1,1.41098697371026
2026-01-23,25.2166666666667,29.8,21.5,83,1.4,21.9375,-56,-13,"V032","V032",-13.005,-55.965,2026-03-14,-50,29.8,83,1.4,1,0.8754687373539
2026-01-24,25.1875,29.8,22.4,82.1666666666667,2,21.7791666666667,-56,-13,"V032","V032",-13.005,-55.965,2026-03-14,-49,29.8,82.1666666666667,2,1,1.09861228866811
2026-01-25,24.1,27.9,22.1,88.7916666666667,7.2,22.0458333333333,-56,-13,"V032","V032",-13.005,-55.965,2026-03-14,-48,27.9,88.7916666666667,7.2,1,2.10413415427021
2026-01-26,25.6916666666667,30.5,21.6,82.9166666666667,1.6,22.3708333333333,-56,-13,"V032","V032",-13.005,-55.965,2026-03-14,-47,30.5,82.9166666666667,1.6,1,0.955511445027436
2026-01-27,26.0041666666667,30,22.9,79.7916666666667,1.2,22.0708333333333,-56,-13,"V032","V032",-13.005,-55.965,2026-03-14,-46,30,79.7916666666667,1.2,1,0.78845736036427
2026-01-28,24.2041666666667,27.8,21,85.4583333333333,17.1,21.5375,-56,-13,"V032","V032",-13.005,-55.965,2026-03-14,-45,27.8,85.4583333333333,17.1,1,2.89591193827178
2026-01-29,26.7,31.6,21.4,74.0833333333333,0,21.3125,-56,-13,"V032","V032",-13.005,-55.965,2026-03-14,-44,31.6,74.0833333333333,0,0,0
2026-01-30,26.5916666666667,31.9,22.8,77.2916666666667,0.7,22.0916666666667,-56,-13,"V032","V032",-13.005,-55.965,2026-03-14,-43,31.9,77.2916666666667,0.7,0,0.53062825106217
2026-01-31,26.4625,31.5,23.1,79.8333333333333,0.8,22.475,-56,-13,"V032","V032",-13.005,-55.965,2026-03-14,-42,31.5,79.8333333333333,0.8,0,0.587786664902119
2026-02-01,25.8541666666667,31.3,22.5,83.25,7.7,22.6083333333333,-56,-13,"V032","V032",-13.005,-55.965,2026-03-14,-41,31.3,83.25,7.7,1,2.16332302566054
2026-02-02,24.6416666666667,29.5,22.8,86.375,7.3,22.0916666666667,-56,-13,"V032","V032",-13.005,-55.965,2026-03-14,-40,29.5,86.375,7.3,1,2.11625551480255
2026-02-03,24.6291666666667,27.9,22.4,83.9166666666667,1.3,21.6125,-56,-13,"V032","V032",-13.005,-55.965,2026-03-14,-39,27.9,83.9166666666667,1.3,1,0.832909122935104
2026-02-04,24.9791666666667,30.1,21.8,76.4166666666667,0,20.3458333333333,-56,-13,"V032","V032",-13.005,-55.965,2026-03-14,-38,30.1,76.4166666666667,0,0,0
2026-02-05,25.8916666666667,31.5,21.4,74.9166666666667,0.5,20.8458333333333,-56,-13,"V032","V032",-13.005,-55.965,2026-03-14,-37,31.5,74.9166666666667,0.5,0,0.405465108108164
2026-02-06,26.05,30,23,77.4166666666667,12.9,21.6083333333333,-56,-13,"V032","V032",-13.005,-55.965,2026-03-14,-36,30,77.4166666666667,12.9,1,2.63188884013665
2026-02-07,24.4166666666667,29.3,21.9,83.875,5.6,21.3416666666667,-56,-13,"V032","V032",-13.005,-55.965,2026-03-14,-35,29.3,83.875,5.6,1,1.88706964903238
2026-02-08,24.0041666666667,28.4,22.4,88.375,14.6,21.8916666666667,-56,-13,"V032","V032",-13.005,-55.965,2026-03-14,-34,28.4,88.375,14.6,1,2.74727091425549
2026-02-09,22.7916666666667,25.3,21.6,93.4166666666667,25,21.6541666666667,-56,-13,"V032","V032",-13.005,-55.965,2026-03-14,-33,25.3,93.4166666666667,25,1,3.25809653802148
2026-02-10,23.15,26.3,21.4,90.7916666666667,15.7,21.5208333333333,-56,-13,"V032","V032",-13.005,-55.965,2026-03-14,-32,26.3,90.7916666666667,15.7,1,2.81540871942271
2026-02-11,24.0125,28.3,21.2,87.875,10.7,21.7833333333333,-56,-13,"V032","V032",-13.005,-55.965,2026-03-14,-31,28.3,87.875,10.7,1,2.45958884180371
2026-02-12,23.775,27.1,22.2,91.125,12.2,22.2041666666667,-56,-13,"V032","V032",-13.005,-55.965,2026-03-14,-30,27.1,91.125,12.2,1,2.58021682959233
2026-02-13,24.1666666666667,27.2,21.6,85.875,14.7,21.5291666666667,-56,-13,"V032","V032",-13.005,-55.965,2026-03-14,-29,27.2,85.875,14.7,1,2.75366071235426
2026-02-14,25.7041666666667,30.6,21.2,77.7916666666667,0.3,21.2708333333333,-56,-13,"V032","V032",-13.005,-55.965,2026-03-14,-28,30.6,77.7916666666667,0.3,0,0.262364264467491
2026-02-15,26.4958333333333,31.1,21.4,73.1666666666667,0.3,21.0291666666667,-56,-13,"V032","V032",-13.005,-55.965,2026-03-14,-27,31.1,73.1666666666667,0.3,0,0.262364264467491
2026-02-16,25.3708333333333,30.3,21.4,78.75,6,21.2,-56,-13,"V032","V032",-13.005,-55.965,2026-03-14,-26,30.3,78.75,6,1,1.94591014905531
2026-02-17,26.75,32.2,21.4,73.25,0.4,21.1166666666667,-56,-13,"V032","V032",-13.005,-55.965,2026-03-14,-25,32.2,73.25,0.4,0,0.336472236621213
2026-02-18,26.9458333333333,31.7,22.2,69.5,0,20.4666666666667,-56,-13,"V032","V032",-13.005,-55.965,2026-03-14,-24,31.7,69.5,0,0,0
2026-02-19,27.0291666666667,31.4,23,72.125,0.3,21.3833333333333,-56,-13,"V032","V032",-13.005,-55.965,2026-03-14,-23,31.4,72.125,0.3,0,0.262364264467491
2026-02-20,25.325,29.1,22,79.75,5.9,21.475,-56,-13,"V032","V032",-13.005,-55.965,2026-03-14,-22,29.1,79.75,5.9,1,1.93152141160321
2026-02-21,25.15,30.1,21.7,81.5,32.4,21.6041666666667,-56,-13,"V032","V032",-13.005,-55.965,2026-03-14,-21,30.1,81.5,32.4,1,3.50855589998265
2026-02-22,24.7208333333333,28.9,22.3,86.9583333333333,16.1,22.3125,-56,-13,"V032","V032",-13.005,-55.965,2026-03-14,-20,28.9,86.9583333333333,16.1,1,2.83907846350861
2026-02-23,24.8666666666667,30.1,22.4,85.0416666666667,6.6,22.0291666666667,-56,-13,"V032","V032",-13.005,-55.965,2026-03-14,-19,30.1,85.0416666666667,6.6,1,2.02814824729229
2026-02-24,24.2041666666667,27.4,22,87.3333333333333,3.3,21.9,-56,-13,"V032","V032",-13.005,-55.965,2026-03-14,-18,27.4,87.3333333333333,3.3,1,1.45861502269952
2026-02-25,24.7,30.1,21.3,83.25,5.2,21.5375,-56,-13,"V032","V032",-13.005,-55.965,2026-03-14,-17,30.1,83.25,5.2,1,1.82454929205105
2026-02-26,25.1833333333333,29.9,22.3,84.2916666666667,4.8,22.2208333333333,-56,-13,"V032","V032",-13.005,-55.965,2026-03-14,-16,29.9,84.2916666666667,4.8,1,1.75785791755237
2026-02-27,25.2041666666667,28.6,23,86.0833333333333,8.2,22.6791666666667,-56,-13,"V032","V032",-13.005,-55.965,2026-03-14,-15,28.6,86.0833333333333,8.2,1,2.21920348405499
2026-02-28,24.9916666666667,29.5,22.7,87.375,6.8,22.6291666666667,-56,-13,"V032","V032",-13.005,-55.965,2026-03-14,-14,29.5,87.375,6.8,1,2.05412373369555
2026-03-01,25.5041666666667,30.2,22.1,83.5833333333333,3.8,22.3083333333333,-56,-13,"V032","V032",-13.005,-55.965,2026-03-14,-13,30.2,83.5833333333333,3.8,1,1.56861591791385
2026-03-02,25.0791666666667,30.1,21.3,81.875,5.2,21.6,-56,-13,"V032","V032",-13.005,-55.965,2026-03-14,-12,30.1,81.875,5.2,1,1.82454929205105
2026-03-03,24.9666666666667,29.2,22.1,86.4166666666667,6.5,22.4291666666667,-56,-13,"V032","V032",-13.005,-55.965,2026-03-14,-11,29.2,86.4166666666667,6.5,1,2.01490302054226
2026-03-04,24.55,27.9,22.9,86,6.3,21.9875,-56,-13,"V032","V032",-13.005,-55.965,2026-03-14,-10,27.9,86,6.3,1,1.98787434815435
2026-03-05,25.875,30.8,21.9,79.4583333333333,0.7,21.7833333333333,-56,-13,"V032","V032",-13.005,-55.965,2026-03-14,-9,30.8,79.4583333333333,0.7,0,0.53062825106217
2026-03-06,25.2875,29.2,22.6,83.2083333333333,2.6,22.0791666666667,-56,-13,"V032","V032",-13.005,-55.965,2026-03-14,-8,29.2,83.2083333333333,2.6,1,1.28093384546206
2026-03-07,24.2791666666667,28.1,22.1,83.6666666666667,8.1,21.2583333333333,-56,-13,"V032","V032",-13.005,-55.965,2026-03-14,-7,28.1,83.6666666666667,8.1,1,2.2082744135228
2026-03-08,25.0291666666667,28.5,22.7,81.2916666666667,9.1,21.45,-56,-13,"V032","V032",-13.005,-55.965,2026-03-14,-6,28.5,81.2916666666667,9.1,1,2.31253542384721
2026-03-09,24.0625,28.2,22.1,84.5,24.1,21.2,-56,-13,"V032","V032",-13.005,-55.965,2026-03-14,-5,28.2,84.5,24.1,1,3.22286784613774
2026-03-10,26.775,31.6,22.3,76.0416666666667,0.2,21.875,-56,-13,"V032","V032",-13.005,-55.965,2026-03-14,-4,31.6,76.0416666666667,0.2,0,0.182321556793955
2026-03-11,26.7833333333333,31.5,22.5,76.7916666666667,0.6,22.1166666666667,-56,-13,"V032","V032",-13.005,-55.965,2026-03-14,-3,31.5,76.7916666666667,0.6,0,0.470003629245736
2026-03-12,26.6291666666667,32,23.2,79.0416666666667,3.3,22.4791666666667,-56,-13,"V032","V032",-13.005,-55.965,2026-03-14,-2,32,79.0416666666667,3.3,1,1.45861502269952
2026-03-13,25,29.2,22.3,84.5416666666667,7.7,22.05,-56,-13,"V032","V032",-13.005,-55.965,2026-03-14,-1,29.2,84.5416666666667,7.7,1,2.16332302566054
2025-12-17,25.25,30,21.8,84.25,9.2,22.275,-56,-13,"V033","V033",-13.005,-55.965,2026-03-07,-80,30,84.25,9.2,1,2.32238772029023
2025-12-18,24.3583333333333,26.8,22.7,90.5,10,22.6833333333333,-56,-13,"V033","V033",-13.005,-55.965,2026-03-07,-79,26.8,90.5,10,1,2.39789527279837
2025-12-19,24.5416666666667,27.1,22.8,86.6666666666667,14,22.1041666666667,-56,-13,"V033","V033",-13.005,-55.965,2026-03-07,-78,27.1,86.6666666666667,14,1,2.70805020110221
2025-12-20,24.0333333333333,25.9,22.4,89.8333333333333,19.8,22.2166666666667,-56,-13,"V033","V033",-13.005,-55.965,2026-03-07,-77,25.9,89.8333333333333,19.8,1,3.03495298670727
2025-12-21,24.775,28.3,23,87.3333333333333,14.4,22.4541666666667,-56,-13,"V033","V033",-13.005,-55.965,2026-03-07,-76,28.3,87.3333333333333,14.4,1,2.73436750941958
2025-12-22,23.3,25.5,22.4,92.5416666666667,15.9,22.025,-56,-13,"V033","V033",-13.005,-55.965,2026-03-07,-75,25.5,92.5416666666667,15.9,1,2.82731362192903
2025-12-23,24.1708333333333,28.2,22.1,86.6666666666667,14.1,21.7041666666667,-56,-13,"V033","V033",-13.005,-55.965,2026-03-07,-74,28.2,86.6666666666667,14.1,1,2.71469474382088
2025-12-24,25.3166666666667,30.3,21.2,78.5833333333333,1.9,20.9666666666667,-56,-13,"V033","V033",-13.005,-55.965,2026-03-07,-73,30.3,78.5833333333333,1.9,1,1.06471073699243
2025-12-25,24.1958333333333,29.1,21,83.6666666666667,9.9,21.1041666666667,-56,-13,"V033","V033",-13.005,-55.965,2026-03-07,-72,29.1,83.6666666666667,9.9,1,2.3887627892351
2025-12-26,24.1583333333333,27.9,20.6,83.125,1.8,20.9708333333333,-56,-13,"V033","V033",-13.005,-55.965,2026-03-07,-71,27.9,83.125,1.8,1,1.02961941718116
2025-12-27,25.7375,30.6,21.3,79.0416666666667,2.8,21.5833333333333,-56,-13,"V033","V033",-13.005,-55.965,2026-03-07,-70,30.6,79.0416666666667,2.8,1,1.33500106673234
2025-12-28,25.7666666666667,31.5,21.8,79.4166666666667,3.5,21.6666666666667,-56,-13,"V033","V033",-13.005,-55.965,2026-03-07,-69,31.5,79.4166666666667,3.5,1,1.50407739677627
2025-12-29,26.025,31.8,22.1,79.4583333333333,2.8,22.0125,-56,-13,"V033","V033",-13.005,-55.965,2026-03-07,-68,31.8,79.4583333333333,2.8,1,1.33500106673234
2025-12-30,24.0875,28.9,21.6,81.2916666666667,7.9,20.4791666666667,-56,-13,"V033","V033",-13.005,-55.965,2026-03-07,-67,28.9,81.2916666666667,7.9,1,2.18605127673809
2025-12-31,26.1875,31.4,20.7,74.4583333333333,0,20.9208333333333,-56,-13,"V033","V033",-13.005,-55.965,2026-03-07,-66,31.4,74.4583333333333,0,0,0
2026-01-01,27.1666666666667,32.3,22.8,74.3333333333333,0,21.9458333333333,-56,-13,"V033","V033",-13.005,-55.965,2026-03-07,-65,32.3,74.3333333333333,0,0,0
2026-01-02,25.7958333333333,30.1,23.6,82.375,4.6,22.4166666666667,-56,-13,"V033","V033",-13.005,-55.965,2026-03-07,-64,30.1,82.375,4.6,1,1.7227665977411
2026-01-03,25.7083333333333,30.1,22.1,83.25,14.7,22.4708333333333,-56,-13,"V033","V033",-13.005,-55.965,2026-03-07,-63,30.1,83.25,14.7,1,2.75366071235426
2026-01-04,24.3791666666667,27.3,22.5,89.3333333333333,19.2,22.45,-56,-13,"V033","V033",-13.005,-55.965,2026-03-07,-62,27.3,89.3333333333333,19.2,1,3.00568260440716
2026-01-05,24.3708333333333,29,22.1,86,8.7,21.7375,-56,-13,"V033","V033",-13.005,-55.965,2026-03-07,-61,29,86,8.7,1,2.27212588550934
2026-01-06,24.3458333333333,28.7,21.3,87.0416666666667,8.2,21.9666666666667,-56,-13,"V033","V033",-13.005,-55.965,2026-03-07,-60,28.7,87.0416666666667,8.2,1,2.21920348405499
2026-01-07,24.05,28.2,21.7,87.5,11.1,21.75,-56,-13,"V033","V033",-13.005,-55.965,2026-03-07,-59,28.2,87.5,11.1,1,2.4932054526027
2026-01-08,24.875,29,21.7,81.7083333333333,5.3,21.3291666666667,-56,-13,"V033","V033",-13.005,-55.965,2026-03-07,-58,29,81.7083333333333,5.3,1,1.84054963339749
2026-01-09,25.9833333333333,31.8,20.9,76.5416666666667,0.5,21.1666666666667,-56,-13,"V033","V033",-13.005,-55.965,2026-03-07,-57,31.8,76.5416666666667,0.5,0,0.405465108108164
2026-01-10,27.0125,32.8,21.4,72.5,0.8,21.275,-56,-13,"V033","V033",-13.005,-55.965,2026-03-07,-56,32.8,72.5,0.8,0,0.587786664902119
2026-01-11,25.0458333333333,31,21.6,82.9166666666667,8.9,21.7875,-56,-13,"V033","V033",-13.005,-55.965,2026-03-07,-55,31,82.9166666666667,8.9,1,2.29253475714054
2026-01-12,24.6458333333333,29.7,21.6,81.125,0.3,20.9666666666667,-56,-13,"V033","V033",-13.005,-55.965,2026-03-07,-54,29.7,81.125,0.3,0,0.262364264467491
2026-01-13,24.9833333333333,30.6,21.6,79.7083333333333,1,21.0291666666667,-56,-13,"V033","V033",-13.005,-55.965,2026-03-07,-53,30.6,79.7083333333333,1,1,0.693147180559945
2026-01-14,24.7208333333333,28.9,21.2,81.5416666666667,6.9,21.2,-56,-13,"V033","V033",-13.005,-55.965,2026-03-07,-52,28.9,81.5416666666667,6.9,1,2.06686275947298
2026-01-15,25.6875,31.7,20.9,79.0833333333333,2.9,21.5208333333333,-56,-13,"V033","V033",-13.005,-55.965,2026-03-07,-51,31.7,79.0833333333333,2.9,1,1.3609765531356
2026-01-16,26.1625,32.1,22.2,77.0833333333333,0.7,21.4875,-56,-13,"V033","V033",-13.005,-55.965,2026-03-07,-50,32.1,77.0833333333333,0.7,0,0.53062825106217
2026-01-17,25.675,30.9,21.5,77.4583333333333,0.9,21.3,-56,-13,"V033","V033",-13.005,-55.965,2026-03-07,-49,30.9,77.4583333333333,0.9,0,0.641853886172395
2026-01-18,26.2333333333333,32,22.6,79.7083333333333,1.4,22.1291666666667,-56,-13,"V033","V033",-13.005,-55.965,2026-03-07,-48,32,79.7083333333333,1.4,1,0.8754687373539
2026-01-19,26.1541666666667,31.5,22.6,80.5833333333333,7.1,22.3,-56,-13,"V033","V033",-13.005,-55.965,2026-03-07,-47,31.5,80.5833333333333,7.1,1,2.09186406167839
2026-01-20,24.9666666666667,30.2,22.3,85.5,9.3,22.2541666666667,-56,-13,"V033","V033",-13.005,-55.965,2026-03-07,-46,30.2,85.5,9.3,1,2.33214389523559
2026-01-21,23.475,25.9,21.6,90.5416666666667,25.9,21.7833333333333,-56,-13,"V033","V033",-13.005,-55.965,2026-03-07,-45,25.9,90.5416666666667,25.9,1,3.29212628660779
2026-01-22,24.5708333333333,29,22.1,86.0833333333333,3.1,21.975,-56,-13,"V033","V033",-13.005,-55.965,2026-03-07,-44,29,86.0833333333333,3.1,1,1.41098697371026
2026-01-23,25.2166666666667,29.8,21.5,83,1.4,21.9375,-56,-13,"V033","V033",-13.005,-55.965,2026-03-07,-43,29.8,83,1.4,1,0.8754687373539
2026-01-24,25.1875,29.8,22.4,82.1666666666667,2,21.7791666666667,-56,-13,"V033","V033",-13.005,-55.965,2026-03-07,-42,29.8,82.1666666666667,2,1,1.09861228866811
2026-01-25,24.1,27.9,22.1,88.7916666666667,7.2,22.0458333333333,-56,-13,"V033","V033",-13.005,-55.965,2026-03-07,-41,27.9,88.7916666666667,7.2,1,2.10413415427021
2026-01-26,25.6916666666667,30.5,21.6,82.9166666666667,1.6,22.3708333333333,-56,-13,"V033","V033",-13.005,-55.965,2026-03-07,-40,30.5,82.9166666666667,1.6,1,0.955511445027436
2026-01-27,26.0041666666667,30,22.9,79.7916666666667,1.2,22.0708333333333,-56,-13,"V033","V033",-13.005,-55.965,2026-03-07,-39,30,79.7916666666667,1.2,1,0.78845736036427
2026-01-28,24.2041666666667,27.8,21,85.4583333333333,17.1,21.5375,-56,-13,"V033","V033",-13.005,-55.965,2026-03-07,-38,27.8,85.4583333333333,17.1,1,2.89591193827178
2026-01-29,26.7,31.6,21.4,74.0833333333333,0,21.3125,-56,-13,"V033","V033",-13.005,-55.965,2026-03-07,-37,31.6,74.0833333333333,0,0,0
2026-01-30,26.5916666666667,31.9,22.8,77.2916666666667,0.7,22.0916666666667,-56,-13,"V033","V033",-13.005,-55.965,2026-03-07,-36,31.9,77.2916666666667,0.7,0,0.53062825106217
2026-01-31,26.4625,31.5,23.1,79.8333333333333,0.8,22.475,-56,-13,"V033","V033",-13.005,-55.965,2026-03-07,-35,31.5,79.8333333333333,0.8,0,0.587786664902119
2026-02-01,25.8541666666667,31.3,22.5,83.25,7.7,22.6083333333333,-56,-13,"V033","V033",-13.005,-55.965,2026-03-07,-34,31.3,83.25,7.7,1,2.16332302566054
2026-02-02,24.6416666666667,29.5,22.8,86.375,7.3,22.0916666666667,-56,-13,"V033","V033",-13.005,-55.965,2026-03-07,-33,29.5,86.375,7.3,1,2.11625551480255
2026-02-03,24.6291666666667,27.9,22.4,83.9166666666667,1.3,21.6125,-56,-13,"V033","V033",-13.005,-55.965,2026-03-07,-32,27.9,83.9166666666667,1.3,1,0.832909122935104
2026-02-04,24.9791666666667,30.1,21.8,76.4166666666667,0,20.3458333333333,-56,-13,"V033","V033",-13.005,-55.965,2026-03-07,-31,30.1,76.4166666666667,0,0,0
2026-02-05,25.8916666666667,31.5,21.4,74.9166666666667,0.5,20.8458333333333,-56,-13,"V033","V033",-13.005,-55.965,2026-03-07,-30,31.5,74.9166666666667,0.5,0,0.405465108108164
2026-02-06,26.05,30,23,77.4166666666667,12.9,21.6083333333333,-56,-13,"V033","V033",-13.005,-55.965,2026-03-07,-29,30,77.4166666666667,12.9,1,2.63188884013665
2026-02-07,24.4166666666667,29.3,21.9,83.875,5.6,21.3416666666667,-56,-13,"V033","V033",-13.005,-55.965,2026-03-07,-28,29.3,83.875,5.6,1,1.88706964903238
2026-02-08,24.0041666666667,28.4,22.4,88.375,14.6,21.8916666666667,-56,-13,"V033","V033",-13.005,-55.965,2026-03-07,-27,28.4,88.375,14.6,1,2.74727091425549
2026-02-09,22.7916666666667,25.3,21.6,93.4166666666667,25,21.6541666666667,-56,-13,"V033","V033",-13.005,-55.965,2026-03-07,-26,25.3,93.4166666666667,25,1,3.25809653802148
2026-02-10,23.15,26.3,21.4,90.7916666666667,15.7,21.5208333333333,-56,-13,"V033","V033",-13.005,-55.965,2026-03-07,-25,26.3,90.7916666666667,15.7,1,2.81540871942271
2026-02-11,24.0125,28.3,21.2,87.875,10.7,21.7833333333333,-56,-13,"V033","V033",-13.005,-55.965,2026-03-07,-24,28.3,87.875,10.7,1,2.45958884180371
2026-02-12,23.775,27.1,22.2,91.125,12.2,22.2041666666667,-56,-13,"V033","V033",-13.005,-55.965,2026-03-07,-23,27.1,91.125,12.2,1,2.58021682959233
2026-02-13,24.1666666666667,27.2,21.6,85.875,14.7,21.5291666666667,-56,-13,"V033","V033",-13.005,-55.965,2026-03-07,-22,27.2,85.875,14.7,1,2.75366071235426
2026-02-14,25.7041666666667,30.6,21.2,77.7916666666667,0.3,21.2708333333333,-56,-13,"V033","V033",-13.005,-55.965,2026-03-07,-21,30.6,77.7916666666667,0.3,0,0.262364264467491
2026-02-15,26.4958333333333,31.1,21.4,73.1666666666667,0.3,21.0291666666667,-56,-13,"V033","V033",-13.005,-55.965,2026-03-07,-20,31.1,73.1666666666667,0.3,0,0.262364264467491
2026-02-16,25.3708333333333,30.3,21.4,78.75,6,21.2,-56,-13,"V033","V033",-13.005,-55.965,2026-03-07,-19,30.3,78.75,6,1,1.94591014905531
2026-02-17,26.75,32.2,21.4,73.25,0.4,21.1166666666667,-56,-13,"V033","V033",-13.005,-55.965,2026-03-07,-18,32.2,73.25,0.4,0,0.336472236621213
2026-02-18,26.9458333333333,31.7,22.2,69.5,0,20.4666666666667,-56,-13,"V033","V033",-13.005,-55.965,2026-03-07,-17,31.7,69.5,0,0,0
2026-02-19,27.0291666666667,31.4,23,72.125,0.3,21.3833333333333,-56,-13,"V033","V033",-13.005,-55.965,2026-03-07,-16,31.4,72.125,0.3,0,0.262364264467491
2026-02-20,25.325,29.1,22,79.75,5.9,21.475,-56,-13,"V033","V033",-13.005,-55.965,2026-03-07,-15,29.1,79.75,5.9,1,1.93152141160321
2026-02-21,25.15,30.1,21.7,81.5,32.4,21.6041666666667,-56,-13,"V033","V033",-13.005,-55.965,2026-03-07,-14,30.1,81.5,32.4,1,3.50855589998265
2026-02-22,24.7208333333333,28.9,22.3,86.9583333333333,16.1,22.3125,-56,-13,"V033","V033",-13.005,-55.965,2026-03-07,-13,28.9,86.9583333333333,16.1,1,2.83907846350861
2026-02-23,24.8666666666667,30.1,22.4,85.0416666666667,6.6,22.0291666666667,-56,-13,"V033","V033",-13.005,-55.965,2026-03-07,-12,30.1,85.0416666666667,6.6,1,2.02814824729229
2026-02-24,24.2041666666667,27.4,22,87.3333333333333,3.3,21.9,-56,-13,"V033","V033",-13.005,-55.965,2026-03-07,-11,27.4,87.3333333333333,3.3,1,1.45861502269952
2026-02-25,24.7,30.1,21.3,83.25,5.2,21.5375,-56,-13,"V033","V033",-13.005,-55.965,2026-03-07,-10,30.1,83.25,5.2,1,1.82454929205105
2026-02-26,25.1833333333333,29.9,22.3,84.2916666666667,4.8,22.2208333333333,-56,-13,"V033","V033",-13.005,-55.965,2026-03-07,-9,29.9,84.2916666666667,4.8,1,1.75785791755237
2026-02-27,25.2041666666667,28.6,23,86.0833333333333,8.2,22.6791666666667,-56,-13,"V033","V033",-13.005,-55.965,2026-03-07,-8,28.6,86.0833333333333,8.2,1,2.21920348405499
2026-02-28,24.9916666666667,29.5,22.7,87.375,6.8,22.6291666666667,-56,-13,"V033","V033",-13.005,-55.965,2026-03-07,-7,29.5,87.375,6.8,1,2.05412373369555
2026-03-01,25.5041666666667,30.2,22.1,83.5833333333333,3.8,22.3083333333333,-56,-13,"V033","V033",-13.005,-55.965,2026-03-07,-6,30.2,83.5833333333333,3.8,1,1.56861591791385
2026-03-02,25.0791666666667,30.1,21.3,81.875,5.2,21.6,-56,-13,"V033","V033",-13.005,-55.965,2026-03-07,-5,30.1,81.875,5.2,1,1.82454929205105
2026-03-03,24.9666666666667,29.2,22.1,86.4166666666667,6.5,22.4291666666667,-56,-13,"V033","V033",-13.005,-55.965,2026-03-07,-4,29.2,86.4166666666667,6.5,1,2.01490302054226
2026-03-04,24.55,27.9,22.9,86,6.3,21.9875,-56,-13,"V033","V033",-13.005,-55.965,2026-03-07,-3,27.9,86,6.3,1,1.98787434815435
2026-03-05,25.875,30.8,21.9,79.4583333333333,0.7,21.7833333333333,-56,-13,"V033","V033",-13.005,-55.965,2026-03-07,-2,30.8,79.4583333333333,0.7,0,0.53062825106217
2026-03-06,25.2875,29.2,22.6,83.2083333333333,2.6,22.0791666666667,-56,-13,"V033","V033",-13.005,-55.965,2026-03-07,-1,29.2,83.2083333333333,2.6,1,1.28093384546206
