"process","process_label","omitted_season","lag_day","beta","beta_per_process_sd"
"Tmin","Minimum temperature","2022/2023",-80,0.0221680136911652,0.0182237204244992
"Tmin","Minimum temperature","2022/2023",-79,0.091816169477587,0.0754795727898176
"Tmin","Minimum temperature","2022/2023",-78,0.154421591804279,0.126945785750252
"Tmin","Minimum temperature","2022/2023",-77,0.210211220371146,0.172808920253567
"Tmin","Minimum temperature","2022/2023",-76,0.259411994878086,0.213255537247521
"Tmin","Minimum temperature","2022/2023",-75,0.302250855025001,0.248472197679878
"Tmin","Minimum temperature","2022/2023",-74,0.338954740511789,0.278645462498396
"Tmin","Minimum temperature","2022/2023",-73,0.369750591038352,0.303961892650837
"Tmin","Minimum temperature","2022/2023",-72,0.394865346304587,0.32460804908496
"Tmin","Minimum temperature","2022/2023",-71,0.414525946010397,0.340770492748529
"Tmin","Minimum temperature","2022/2023",-70,0.42895932985568,0.352635784589302
"Tmin","Minimum temperature","2022/2023",-69,0.438392437540336,0.36039048555504
"Tmin","Minimum temperature","2022/2023",-68,0.443052208764267,0.364221156593505
"Tmin","Minimum temperature","2022/2023",-67,0.443165583227373,0.364314358652458
"Tmin","Minimum temperature","2022/2023",-66,0.438959500629552,0.360856652679658
"Tmin","Minimum temperature","2022/2023",-65,0.430660900670705,0.354034599622867
"Tmin","Minimum temperature","2022/2023",-64,0.418496723050732,0.344034760429847
"Tmin","Minimum temperature","2022/2023",-63,0.402693907469532,0.331043696048356
"Tmin","Minimum temperature","2022/2023",-62,0.383479393627009,0.315247967426158
"Tmin","Minimum temperature","2022/2023",-61,0.361080121223058,0.296834135511011
"Tmin","Minimum temperature","2022/2023",-60,0.335723029957582,0.275988761250677
"Tmin","Minimum temperature","2022/2023",-59,0.307635059530481,0.252898405592917
"Tmin","Minimum temperature","2022/2023",-58,0.277043149641652,0.22774962948549
"Tmin","Minimum temperature","2022/2023",-57,0.244174239991,0.20072899387616
"Tmin","Minimum temperature","2022/2023",-56,0.20925527027842,0.172023059712685
"Tmin","Minimum temperature","2022/2023",-55,0.172513180203817,0.141818387942829
"Tmin","Minimum temperature","2022/2023",-54,0.134174909467086,0.110301539514348
"Tmin","Minimum temperature","2022/2023",-53,0.0944673977681311,0.0776590753750065
"Tmin","Minimum temperature","2022/2023",-52,0.0536175848068508,0.0440775564725647
"Tmin","Minimum temperature","2022/2023",-51,0.0118524102831445,0.00974354375478246
"Tmin","Minimum temperature","2022/2023",-50,-0.0306011861030871,-0.025156401830579
"Tmin","Minimum temperature","2022/2023",-49,-0.0735162646519428,-0.0604357193357577
"Tmin","Minimum temperature","2022/2023",-48,-0.116665885663525,-0.0959078478129952
"Tmin","Minimum temperature","2022/2023",-47,-0.159823109437932,-0.131386226314529
"Tmin","Minimum temperature","2022/2023",-46,-0.202760996275265,-0.166684293892599
"Tmin","Minimum temperature","2022/2023",-45,-0.245252606475622,-0.201615489599444
"Tmin","Minimum temperature","2022/2023",-44,-0.287071000339106,-0.235993252487304
"Tmin","Minimum temperature","2022/2023",-43,-0.327989238165812,-0.269631021608416
"Tmin","Minimum temperature","2022/2023",-42,-0.367780380255846,-0.302342236015023
"Tmin","Minimum temperature","2022/2023",-41,-0.406217486909304,-0.33394033475936
"Tmin","Minimum temperature","2022/2023",-40,-0.443073618426286,-0.364238756893669
"Tmin","Minimum temperature","2022/2023",-39,-0.478121835106893,-0.393050941470188
"Tmin","Minimum temperature","2022/2023",-38,-0.511135197251226,-0.420190327541157
"Tmin","Minimum temperature","2022/2023",-37,-0.541886765159383,-0.445470354158815
"Tmin","Minimum temperature","2022/2023",-36,-0.570149599131465,-0.468704460375401
"Tmin","Minimum temperature","2022/2023",-35,-0.595696759467573,-0.489706085243154
"Tmin","Minimum temperature","2022/2023",-34,-0.618301306467804,-0.508288667814314
"Tmin","Minimum temperature","2022/2023",-33,-0.63773630043226,-0.524265647141118
"Tmin","Minimum temperature","2022/2023",-32,-0.653774801661041,-0.537450462275808
"Tmin","Minimum temperature","2022/2023",-31,-0.666189870454245,-0.547656552270621
"Tmin","Minimum temperature","2022/2023",-30,-0.674754567111976,-0.554697356177799
"Tmin","Minimum temperature","2022/2023",-29,-0.679241951934332,-0.55838631304958
"Tmin","Minimum temperature","2022/2023",-28,-0.679425085221411,-0.558536861938201
"Tmin","Minimum temperature","2022/2023",-27,-0.675077027273312,-0.554962441895902
"Tmin","Minimum temperature","2022/2023",-26,-0.665970838390141,-0.547476491974924
"Tmin","Minimum temperature","2022/2023",-25,-0.651879578871992,-0.535892451227506
"Tmin","Minimum temperature","2022/2023",-24,-0.632576309018969,-0.520023758705886
"Tmin","Minimum temperature","2022/2023",-23,-0.60783408913117,-0.499683853462303
"Tmin","Minimum temperature","2022/2023",-22,-0.577425979508694,-0.474686174548998
"Tmin","Minimum temperature","2022/2023",-21,-0.541125040451643,-0.444844161018208
"Tmin","Minimum temperature","2022/2023",-20,-0.498704332260118,-0.409971251922175
"Tmin","Minimum temperature","2022/2023",-19,-0.449936915234215,-0.369880886313135
"Tmin","Minimum temperature","2022/2023",-18,-0.394595849674036,-0.324386503243329
"Tmin","Minimum temperature","2022/2023",-17,-0.332454195879681,-0.273301541764996
"Tmin","Minimum temperature","2022/2023",-16,-0.263285014151251,-0.216439440930375
"Tmin","Minimum temperature","2022/2023",-15,-0.186861364788844,-0.153613639791706
"Tmin","Minimum temperature","2022/2023",-14,-0.102956308092562,-0.0846375774012263
"Tmin","Minimum temperature","2022/2023",-13,-0.0113429043625022,-0.00932469281117655
"Tmin","Minimum temperature","2022/2023",-12,0.0882057861012342,0.072511574926205
"Tmin","Minimum temperature","2022/2023",-11,0.195916702998544,0.161057786758676
"Tmin","Minimum temperature","2022/2023",-10,0.312016786029332,0.256500503634002
"Tmin","Minimum temperature","2022/2023",-9,0.436732974893495,0.359026286499939
"Tmin","Minimum temperature","2022/2023",-8,0.570292209290937,0.468821696304253
"Tmin","Minimum temperature","2022/2023",-7,0.712921428921552,0.5860732939947
"Tmin","Minimum temperature","2022/2023",-6,0.864847573485245,0.710967640519044
"Tmin","Minimum temperature","2022/2023",-5,1.02629758268191,0.843691296825044
"Tmin","Minimum temperature","2022/2023",-4,1.19749839621146,0.984430823860462
"Tmin","Minimum temperature","2022/2023",-3,1.37867695377378,1.13337278257306
"Tmin","Minimum temperature","2022/2023",-2,1.57006019506878,1.29070373391059
"Tmin","Minimum temperature","2022/2023",-1,1.77187505979636,1.45661023882083
"Tmin","Minimum temperature","2023/2024",-80,0.142001013833212,0.116735166810332
"Tmin","Minimum temperature","2023/2024",-79,0.202490185265299,0.166461667535441
"Tmin","Minimum temperature","2023/2024",-78,0.258056290533168,0.212141049621148
"Tmin","Minimum temperature","2023/2024",-77,0.308829761476988,0.253880537531622
"Tmin","Minimum temperature","2023/2024",-76,0.354941029936925,0.291787355731027
"Tmin","Minimum temperature","2023/2024",-75,0.396520527753148,0.32596872868353
"Tmin","Minimum temperature","2023/2024",-74,0.433698686765821,0.356531880853296
"Tmin","Minimum temperature","2023/2024",-73,0.466605938815112,0.38358403670449
"Tmin","Minimum temperature","2023/2024",-72,0.495372715741187,0.407232420701278
"Tmin","Minimum temperature","2023/2024",-71,0.520129449384215,0.427584257307827
"Tmin","Minimum temperature","2023/2024",-70,0.541006571584361,0.444746770988301
"Tmin","Minimum temperature","2023/2024",-69,0.558134514181793,0.458827186206868
"Tmin","Minimum temperature","2023/2024",-68,0.571643709016677,0.469932727427691
"Tmin","Minimum temperature","2023/2024",-67,0.58166458792918,0.478170619114938
"Tmin","Minimum temperature","2023/2024",-66,0.58832758275947,0.483648085732774
"Tmin","Minimum temperature","2023/2024",-65,0.591763125347713,0.486472351745364
"Tmin","Minimum temperature","2023/2024",-64,0.592101647534076,0.486750641616875
"Tmin","Minimum temperature","2023/2024",-63,0.589473581158725,0.484590179811472
"Tmin","Minimum temperature","2023/2024",-62,0.584009358061829,0.480098190793321
"Tmin","Minimum temperature","2023/2024",-61,0.575839410083553,0.473381899026588
"Tmin","Minimum temperature","2023/2024",-60,0.565094169064065,0.464548528975438
"Tmin","Minimum temperature","2023/2024",-59,0.551904066843531,0.453705305104037
"Tmin","Minimum temperature","2023/2024",-58,0.536399535262117,0.440959451876551
"Tmin","Minimum temperature","2023/2024",-57,0.518711006159994,0.426418193757147
"Tmin","Minimum temperature","2023/2024",-56,0.498968911377323,0.410188755209988
"Tmin","Minimum temperature","2023/2024",-55,0.477303682754276,0.392378360699242
"Tmin","Minimum temperature","2023/2024",-54,0.453845752131017,0.373094234689074
"Tmin","Minimum temperature","2023/2024",-53,0.428725551347714,0.352443601643649
"Tmin","Minimum temperature","2023/2024",-52,0.402073512244534,0.330533686027134
"Tmin","Minimum temperature","2023/2024",-51,0.374020066661643,0.307471712303695
"Tmin","Minimum temperature","2023/2024",-50,0.344695646439209,0.283364904937496
"Tmin","Minimum temperature","2023/2024",-49,0.314230683417398,0.258320488392705
"Tmin","Minimum temperature","2023/2024",-48,0.282755609436376,0.232445687133485
"Tmin","Minimum temperature","2023/2024",-47,0.250400856336313,0.205847725624004
"Tmin","Minimum temperature","2023/2024",-46,0.217296855957372,0.178633828328427
"Tmin","Minimum temperature","2023/2024",-45,0.183574040139723,0.150911219710919
"Tmin","Minimum temperature","2023/2024",-44,0.149362840723531,0.122787124235647
"Tmin","Minimum temperature","2023/2024",-43,0.114793689548965,0.094368766366777
"Tmin","Minimum temperature","2023/2024",-42,0.0799970184561893,0.0657633705684735
"Tmin","Minimum temperature","2023/2024",-41,0.0451032592853724,0.037078161304903
"Tmin","Minimum temperature","2023/2024",-40,0.0102428438766799,0.00842036304023033
"Tmin","Minimum temperature","2023/2024",-39,-0.0244537959297191,-0.0201027997613769
"Tmin","Minimum temperature","2023/2024",-38,-0.0588562282936596,-0.0483841026357545
"Tmin","Minimum temperature","2023/2024",-37,-0.0928340213749748,-0.0763163211187368
"Tmin","Minimum temperature","2023/2024",-36,-0.126256743333497,-0.103792230746157
"Tmin","Minimum temperature","2023/2024",-35,-0.158993962329059,-0.13070460705385
"Tmin","Minimum temperature","2023/2024",-34,-0.190915246521495,-0.156946225577651
"Tmin","Minimum temperature","2023/2024",-33,-0.221890164070636,-0.182409861853391
"Tmin","Minimum temperature","2023/2024",-32,-0.251788283136319,-0.206988291416908
"Tmin","Minimum temperature","2023/2024",-31,-0.280479171878373,-0.230574289804034
"Tmin","Minimum temperature","2023/2024",-30,-0.307832398456633,-0.253060632550604
"Tmin","Minimum temperature","2023/2024",-29,-0.333717531030933,-0.274340095192452
"Tmin","Minimum temperature","2023/2024",-28,-0.358004137761105,-0.294305453265413
"Tmin","Minimum temperature","2023/2024",-27,-0.380561786806981,-0.312849482305319
"Tmin","Minimum temperature","2023/2024",-26,-0.401260046328397,-0.329864957848008
"Tmin","Minimum temperature","2023/2024",-25,-0.419968484485183,-0.345244655429311
"Tmin","Minimum temperature","2023/2024",-24,-0.436556669437174,-0.358881350585063
"Tmin","Minimum temperature","2023/2024",-23,-0.450894169344203,-0.3706678188511
"Tmin","Minimum temperature","2023/2024",-22,-0.462850552366103,-0.380496835763254
"Tmin","Minimum temperature","2023/2024",-21,-0.472295386662706,-0.38826117685736
"Tmin","Minimum temperature","2023/2024",-20,-0.479098240393847,-0.393853617669253
"Tmin","Minimum temperature","2023/2024",-19,-0.483128681719357,-0.397166933734766
"Tmin","Minimum temperature","2023/2024",-18,-0.484256278799071,-0.398093900589733
"Tmin","Minimum temperature","2023/2024",-17,-0.482350599792821,-0.396527293769991
"Tmin","Minimum temperature","2023/2024",-16,-0.47728121286044,-0.392359888811371
"Tmin","Minimum temperature","2023/2024",-15,-0.468917686161763,-0.385484461249709
"Tmin","Minimum temperature","2023/2024",-14,-0.457129587856621,-0.375793786620839
"Tmin","Minimum temperature","2023/2024",-13,-0.441786486104848,-0.363180640460595
"Tmin","Minimum temperature","2023/2024",-12,-0.422757949066276,-0.347537798304811
"Tmin","Minimum temperature","2023/2024",-11,-0.39991354490074,-0.328758035689322
"Tmin","Minimum temperature","2023/2024",-10,-0.373122841768071,-0.306734128149961
"Tmin","Minimum temperature","2023/2024",-9,-0.342255407828105,-0.281358851222564
"Tmin","Minimum temperature","2023/2024",-8,-0.307180811240672,-0.252524980442964
"Tmin","Minimum temperature","2023/2024",-7,-0.267768620165607,-0.220125291346996
"Tmin","Minimum temperature","2023/2024",-6,-0.223888402762742,-0.184052559470493
"Tmin","Minimum temperature","2023/2024",-5,-0.175409727191912,-0.14419956034929
"Tmin","Minimum temperature","2023/2024",-4,-0.122202161612947,-0.100459069519221
"Tmin","Minimum temperature","2023/2024",-3,-0.0641352741856833,-0.0527238625161213
"Tmin","Minimum temperature","2023/2024",-2,-0.00107863306995259,-0.000886714875824407
"Tmin","Minimum temperature","2023/2024",-1,0.0670981935744126,0.055159597865836
"Tmin","Minimum temperature","2024/2025",-80,-0.256564788954706,-0.210914926786814
"Tmin","Minimum temperature","2024/2025",-79,-0.151188360614825,-0.124287834429703
"Tmin","Minimum temperature","2024/2025",-78,-0.0534910391081387,-0.04397352669947
"Tmin","Minimum temperature","2024/2025",-77,0.036732141521185,0.0301964933349889
"Tmin","Minimum temperature","2024/2025",-76,0.119686147228971,0.0983907226047712
"Tmin","Minimum temperature","2024/2025",-75,0.195575943971047,0.160777658040978
"Tmin","Minimum temperature","2024/2025",-74,0.264606497703241,0.217525796574707
"Tmin","Minimum temperature","2024/2025",-73,0.326982774381376,0.268803635137058
"Tmin","Minimum temperature","2024/2025",-72,0.382909739961283,0.314779670659131
"Tmin","Minimum temperature","2024/2025",-71,0.432592360398787,0.355622400072025
"Tmin","Minimum temperature","2024/2025",-70,0.476235601649715,0.391500320306838
"Tmin","Minimum temperature","2024/2025",-69,0.514044429669894,0.422581928294671
"Tmin","Minimum temperature","2024/2025",-68,0.546223810415152,0.449035720966624
"Tmin","Minimum temperature","2024/2025",-67,0.572978709841313,0.471030195253793
"Tmin","Minimum temperature","2024/2025",-66,0.594514093904208,0.488733848087282
"Tmin","Minimum temperature","2024/2025",-65,0.611034928559661,0.502315176398187
"Tmin","Minimum temperature","2024/2025",-64,0.622746179763501,0.511942677117609
"Tmin","Minimum temperature","2024/2025",-63,0.629852813471553,0.517784847176647
"Tmin","Minimum temperature","2024/2025",-62,0.632559795639644,0.520010183506399
"Tmin","Minimum temperature","2024/2025",-61,0.631072092223602,0.518787183037966
"Tmin","Minimum temperature","2024/2025",-60,0.625594669179254,0.514284342702447
"Tmin","Minimum temperature","2024/2025",-59,0.616332492462425,0.506670159430941
"Tmin","Minimum temperature","2024/2025",-58,0.603490528028945,0.496113130154548
"Tmin","Minimum temperature","2024/2025",-57,0.587273741834639,0.482781751804368
"Tmin","Minimum temperature","2024/2025",-56,0.567887099835332,0.466844521311497
"Tmin","Minimum temperature","2024/2025",-55,0.545535567986855,0.448469935607038
"Tmin","Minimum temperature","2024/2025",-54,0.520424112245032,0.427826491622088
"Tmin","Minimum temperature","2024/2025",-53,0.492757698565692,0.405082686287749
"Tmin","Minimum temperature","2024/2025",-52,0.462741292904661,0.380407016535119
"Tmin","Minimum temperature","2024/2025",-51,0.430579861217766,0.353967979295296
"Tmin","Minimum temperature","2024/2025",-50,0.396478369460833,0.325934071499381
"Tmin","Minimum temperature","2024/2025",-49,0.360641783589689,0.296473790078472
"Tmin","Minimum temperature","2024/2025",-48,0.323275069560162,0.26575563196367
"Tmin","Minimum temperature","2024/2025",-47,0.284583193328078,0.233948094086074
"Tmin","Minimum temperature","2024/2025",-46,0.244771120849265,0.201219673376782
"Tmin","Minimum temperature","2024/2025",-45,0.204043818079549,0.167738866766895
"Tmin","Minimum temperature","2024/2025",-44,0.162606250974757,0.133674171187511
"Tmin","Minimum temperature","2024/2025",-43,0.120663385490718,0.0991940835697323
"Tmin","Minimum temperature","2024/2025",-42,0.0784201875832552,0.0644671008446542
"Tmin","Minimum temperature","2024/2025",-41,0.0360816232081984,0.0296617199433787
"Tmin","Minimum temperature","2024/2025",-40,-0.00614734167862763,-0.00505356220299649
"Tmin","Minimum temperature","2024/2025",-39,-0.0480617411213942,-0.0395102486633706
"Tmin","Minimum temperature","2024/2025",-38,-0.0894566091642747,-0.0735398425066446
"Tmin","Minimum temperature","2024/2025",-37,-0.130126979851444,-0.10697384680172
"Tmin","Minimum temperature","2024/2025",-36,-0.169867887227073,-0.139643764617497
"Tmin","Minimum temperature","2024/2025",-35,-0.208474365335335,-0.171381099022875
"Tmin","Minimum temperature","2024/2025",-34,-0.245741448220403,-0.202017353086756
"Tmin","Minimum temperature","2024/2025",-33,-0.281464169926451,-0.23138402987804
"Tmin","Minimum temperature","2024/2025",-32,-0.315437564497652,-0.259312632465628
"Tmin","Minimum temperature","2024/2025",-31,-0.347456665978179,-0.28563466391842
"Tmin","Minimum temperature","2024/2025",-30,-0.377316508412205,-0.310181627305318
"Tmin","Minimum temperature","2024/2025",-29,-0.404812125843903,-0.332785025695222
"Tmin","Minimum temperature","2024/2025",-28,-0.429738552317446,-0.353276362157032
"Tmin","Minimum temperature","2024/2025",-27,-0.451890821877005,-0.371487139759648
"Tmin","Minimum temperature","2024/2025",-26,-0.471063968566758,-0.387248861571974
"Tmin","Minimum temperature","2024/2025",-25,-0.487053026430875,-0.400393030662907
"Tmin","Minimum temperature","2024/2025",-24,-0.499653029513528,-0.410751150101348
"Tmin","Minimum temperature","2024/2025",-23,-0.508659011858892,-0.4181547229562
"Tmin","Minimum temperature","2024/2025",-22,-0.51386600751114,-0.422435252296362
"Tmin","Minimum temperature","2024/2025",-21,-0.515069050514444,-0.423424241190735
"Tmin","Minimum temperature","2024/2025",-20,-0.512063174912978,-0.42095319270822
"Tmin","Minimum temperature","2024/2025",-19,-0.504643414750914,-0.414853609917716
"Tmin","Minimum temperature","2024/2025",-18,-0.492604804072426,-0.404956995888124
"Tmin","Minimum temperature","2024/2025",-17,-0.475742376921688,-0.391094853688347
"Tmin","Minimum temperature","2024/2025",-16,-0.453851167342871,-0.373098686387283
"Tmin","Minimum temperature","2024/2025",-15,-0.426726209380149,-0.350799997053835
"Tmin","Minimum temperature","2024/2025",-14,-0.394162537077696,-0.324030288756902
"Tmin","Minimum temperature","2024/2025",-13,-0.355955184479684,-0.292621064565384
"Tmin","Minimum temperature","2024/2025",-12,-0.311899185630285,-0.256403827548183
"Tmin","Minimum temperature","2024/2025",-11,-0.261789574573675,-0.2152100807742
"Tmin","Minimum temperature","2024/2025",-10,-0.205421385354025,-0.168871327312334
"Tmin","Minimum temperature","2024/2025",-9,-0.14258965201551,-0.117219070231487
"Tmin","Minimum temperature","2024/2025",-8,-0.0730894086022982,-0.060084812600558
"Tmin","Minimum temperature","2024/2025",-7,0.00328431084143155,0.00269994251155003
"Tmin","Minimum temperature","2024/2025",-6,0.0867364722715096,0.0713036920359385
"Tmin","Minimum temperature","2024/2025",-5,0.177472041643762,0.145894932903706
"Tmin","Minimum temperature","2024/2025",-4,0.275695984914015,0.226642162045952
"Tmin","Minimum temperature","2024/2025",-3,0.381613268038095,0.313713876393775
"Tmin","Minimum temperature","2024/2025",-2,0.495428856971831,0.407278572878275
"Tmin","Minimum temperature","2024/2025",-1,0.617347717671049,0.507504748430552
"Tmin","Minimum temperature","2025/2026",-80,-0.142439988573592,-0.117096035991195
"Tmin","Minimum temperature","2025/2026",-79,-0.0586578591498202,-0.0482210287641601
"Tmin","Minimum temperature","2025/2026",-78,0.0189798409608155,0.0156028104362461
"Tmin","Minimum temperature","2025/2026",-77,0.0906346953454792,0.0745083150771389
"Tmin","Minimum temperature","2025/2026",-76,0.156468287591331,0.128628318625631
"Tmin","Minimum temperature","2025/2026",-75,0.216642201285534,0.178095654548837
"Tmin","Minimum temperature","2025/2026",-74,0.271318020015249,0.22304315631387
"Tmin","Minimum temperature","2025/2026",-73,0.320657327367637,0.263603657387842
"Tmin","Minimum temperature","2025/2026",-72,0.364821706929859,0.299909991237869
"Tmin","Minimum temperature","2025/2026",-71,0.403972742289079,0.332094991331064
"Tmin","Minimum temperature","2025/2026",-70,0.438272017032457,0.360291491134541
"Tmin","Minimum temperature","2025/2026",-69,0.467881114747153,0.384632324115411
"Tmin","Minimum temperature","2025/2026",-68,0.492961619020333,0.405250323740792
"Tmin","Minimum temperature","2025/2026",-67,0.513675113439153,0.422278323477793
"Tmin","Minimum temperature","2025/2026",-66,0.530183181590779,0.435849156793532
"Tmin","Minimum temperature","2025/2026",-65,0.542647407062371,0.44609565715512
"Tmin","Minimum temperature","2025/2026",-64,0.551229373441091,0.453150658029671
"Tmin","Minimum temperature","2025/2026",-63,0.5560906643141,0.4571469928843
"Tmin","Minimum temperature","2025/2026",-62,0.55739286326856,0.458217495186119
"Tmin","Minimum temperature","2025/2026",-61,0.555297553891631,0.456494998402242
"Tmin","Minimum temperature","2025/2026",-60,0.549966319770478,0.452112335999784
"Tmin","Minimum temperature","2025/2026",-59,0.54156074449226,0.445202341445857
"Tmin","Minimum temperature","2025/2026",-58,0.530242411644139,0.435897848207575
"Tmin","Minimum temperature","2025/2026",-57,0.516172904813277,0.424331689752053
"Tmin","Minimum temperature","2025/2026",-56,0.499513807586835,0.410636699546402
"Tmin","Minimum temperature","2025/2026",-55,0.480426703551976,0.394945711057739
"Tmin","Minimum temperature","2025/2026",-54,0.459073176295858,0.377391557753174
"Tmin","Minimum temperature","2025/2026",-53,0.435614809405649,0.358107073099825
"Tmin","Minimum temperature","2025/2026",-52,0.410213186468505,0.337225090564802
"Tmin","Minimum temperature","2025/2026",-51,0.383029891071589,0.31487844361522
"Tmin","Minimum temperature","2025/2026",-50,0.354226506802063,0.291199965718193
"Tmin","Minimum temperature","2025/2026",-49,0.323964617247089,0.266322490340834
"Tmin","Minimum temperature","2025/2026",-48,0.292405805993827,0.240378850950256
"Tmin","Minimum temperature","2025/2026",-47,0.25971165662944,0.213501881013574
"Tmin","Minimum temperature","2025/2026",-46,0.22604375274109,0.185824413997902
"Tmin","Minimum temperature","2025/2026",-45,0.191563677915937,0.157479283370352
"Tmin","Minimum temperature","2025/2026",-44,0.156433015741144,0.128599322598038
"Tmin","Minimum temperature","2025/2026",-43,0.120813349803873,0.0993173651480755
"Tmin","Minimum temperature","2025/2026",-42,0.0848662636912828,0.0697662444875758
"Tmin","Minimum temperature","2025/2026",-41,0.0487533409905377,0.040078794083654
"Tmin","Minimum temperature","2025/2026",-40,0.0126361652887987,0.0103878474034235
"Tmin","Minimum temperature","2025/2026",-39,-0.0233236798267733,-0.0191737620860025
"Tmin","Minimum temperature","2025/2026",-38,-0.0589646107690158,-0.0484732009175097
"Tmin","Minimum temperature","2025/2026",-37,-0.0941250439507686,-0.0773776356239854
"Tmin","Minimum temperature","2025/2026",-36,-0.128643395784869,-0.105754232738315
"Tmin","Minimum temperature","2025/2026",-35,-0.162358082684155,-0.133470158793385
"Tmin","Minimum temperature","2025/2026",-34,-0.195107521061467,-0.160392580322083
"Tmin","Minimum temperature","2025/2026",-33,-0.22673012732964,-0.186388663857293
"Tmin","Minimum temperature","2025/2026",-32,-0.257064317901516,-0.211325575931903
"Tmin","Minimum temperature","2025/2026",-31,-0.285948509189931,-0.235070483078799
"Tmin","Minimum temperature","2025/2026",-30,-0.313221117607726,-0.257490551830868
"Tmin","Minimum temperature","2025/2026",-29,-0.338720559567736,-0.278452948720995
"Tmin","Minimum temperature","2025/2026",-28,-0.362285251482802,-0.297824840282067
"Tmin","Minimum temperature","2025/2026",-27,-0.38375360976576,-0.315473393046969
"Tmin","Minimum temperature","2025/2026",-26,-0.402964050829452,-0.331265773548591
"Tmin","Minimum temperature","2025/2026",-25,-0.419754991086713,-0.345069148319816
"Tmin","Minimum temperature","2025/2026",-24,-0.433964846950383,-0.356750683893531
"Tmin","Minimum temperature","2025/2026",-23,-0.445432034833301,-0.366177546802623
"Tmin","Minimum temperature","2025/2026",-22,-0.453994971148304,-0.373216903579979
"Tmin","Minimum temperature","2025/2026",-21,-0.459492072308231,-0.377735920758483
"Tmin","Minimum temperature","2025/2026",-20,-0.461761754725921,-0.379601764871024
"Tmin","Minimum temperature","2025/2026",-19,-0.460642434814211,-0.378681602450486
"Tmin","Minimum temperature","2025/2026",-18,-0.45597252898594,-0.374842600029756
"Tmin","Minimum temperature","2025/2026",-17,-0.447590453653947,-0.367951924141722
"Tmin","Minimum temperature","2025/2026",-16,-0.43533462523107,-0.357876741319268
"Tmin","Minimum temperature","2025/2026",-15,-0.419043460130148,-0.344484218095283
"Tmin","Minimum temperature","2025/2026",-14,-0.398555374764019,-0.327641521002651
"Tmin","Minimum temperature","2025/2026",-13,-0.37370878554552,-0.307215816574259
"Tmin","Minimum temperature","2025/2026",-12,-0.344342108887492,-0.283074271342994
"Tmin","Minimum temperature","2025/2026",-11,-0.310293761202772,-0.255084051841741
"Tmin","Minimum temperature","2025/2026",-10,-0.271402158904198,-0.223112324603388
"Tmin","Minimum temperature","2025/2026",-9,-0.227505718404609,-0.18702625616082
"Tmin","Minimum temperature","2025/2026",-8,-0.178442856116842,-0.146693013046923
"Tmin","Minimum temperature","2025/2026",-7,-0.124051988453739,-0.101979761794586
"Tmin","Minimum temperature","2025/2026",-6,-0.0641715318281353,-0.052753668936692
"Tmin","Minimum temperature","2025/2026",-5,0.0013600973471295,0.00111809899387012
"Tmin","Minimum temperature","2025/2026",-4,0.0727044826592183,0.0597683754642158
"Tmin","Minimum temperature","2025/2026",-3,0.150023207695291,0.123329993941458
"Tmin","Minimum temperature","2025/2026",-2,0.23347785604251,0.191935787892709
"Tmin","Minimum temperature","2025/2026",-1,0.323230011288036,0.265718590785084
"LogRain","Log rainfall amount","2022/2023",-80,-0.158646806271518,-0.153855522828002
"LogRain","Log rainfall amount","2022/2023",-79,-0.114318810997217,-0.110866274893364
"LogRain","Log rainfall amount","2022/2023",-78,-0.0720493586752712,-0.069873399968949
"LogRain","Log rainfall amount","2022/2023",-77,-0.0318040771315482,-0.0308435639527586
"LogRain","Log rainfall amount","2022/2023",-76,0.00645140580808495,0.006256567257205
"LogRain","Log rainfall amount","2022/2023",-75,0.0427514623177613,0.0414603277629403
"LogRain","Log rainfall amount","2022/2023",-74,0.0771304645716137,0.0748010516664455
"LogRain","Log rainfall amount","2022/2023",-73,0.109622784743774,0.106312073069718
"LogRain","Log rainfall amount","2022/2023",-72,0.140262795008376,0.136026726074756
"LogRain","Log rainfall amount","2022/2023",-71,0.169084867539552,0.163978344783558
"LogRain","Log rainfall amount","2022/2023",-70,0.196123374511434,0.190200263298122
"LogRain","Log rainfall amount","2022/2023",-69,0.221412688098156,0.214725815720447
"LogRain","Log rainfall amount","2022/2023",-68,0.244987180473851,0.237588336152529
"LogRain","Log rainfall amount","2022/2023",-67,0.26688122381265,0.258821158696368
"LogRain","Log rainfall amount","2022/2023",-66,0.287129190288686,0.278457617453961
"LogRain","Log rainfall amount","2022/2023",-65,0.305765452076094,0.296531046527306
"LogRain","Log rainfall amount","2022/2023",-64,0.322824381349004,0.313074780018402
"LogRain","Log rainfall amount","2022/2023",-63,0.33834035028155,0.328122152029247
"LogRain","Log rainfall amount","2022/2023",-62,0.352347731047865,0.341706496661839
"LogRain","Log rainfall amount","2022/2023",-61,0.364880895822081,0.353861148018175
"LogRain","Log rainfall amount","2022/2023",-60,0.375974216778331,0.364619440200254
"LogRain","Log rainfall amount","2022/2023",-59,0.385662066090749,0.374014707310075
"LogRain","Log rainfall amount","2022/2023",-58,0.393978815933465,0.382080283449634
"LogRain","Log rainfall amount","2022/2023",-57,0.400958838480614,0.388849502720931
"LogRain","Log rainfall amount","2022/2023",-56,0.406636505906329,0.394355699225964
"LogRain","Log rainfall amount","2022/2023",-55,0.411046190384741,0.398632207066729
"LogRain","Log rainfall amount","2022/2023",-54,0.414222264089983,0.401712360345227
"LogRain","Log rainfall amount","2022/2023",-53,0.416199099196189,0.403629493163454
"LogRain","Log rainfall amount","2022/2023",-52,0.417011067877491,0.404416939623409
"LogRain","Log rainfall amount","2022/2023",-51,0.416692542308021,0.40410803382709
"LogRain","Log rainfall amount","2022/2023",-50,0.415277894661913,0.402736109876494
"LogRain","Log rainfall amount","2022/2023",-49,0.4128014971133,0.400334501873622
"LogRain","Log rainfall amount","2022/2023",-48,0.409297721836313,0.396936543920468
"LogRain","Log rainfall amount","2022/2023",-47,0.404800941005086,0.392575570119034
"LogRain","Log rainfall amount","2022/2023",-46,0.399345526793752,0.387284914571316
"LogRain","Log rainfall amount","2022/2023",-45,0.392965851376443,0.381097911379312
"LogRain","Log rainfall amount","2022/2023",-44,0.385696286927292,0.374047894645021
"LogRain","Log rainfall amount","2022/2023",-43,0.377571205620431,0.366168198470441
"LogRain","Log rainfall amount","2022/2023",-42,0.368624979629994,0.357492156957569
"LogRain","Log rainfall amount","2022/2023",-41,0.358891981130113,0.348053104208405
"LogRain","Log rainfall amount","2022/2023",-40,0.348406582294921,0.337884374324945
"LogRain","Log rainfall amount","2022/2023",-39,0.337203155298551,0.327019301409189
"LogRain","Log rainfall amount","2022/2023",-38,0.325316072315135,0.315491219563134
"LogRain","Log rainfall amount","2022/2023",-37,0.312779705518806,0.303333462888778
"LogRain","Log rainfall amount","2022/2023",-36,0.299628427083697,0.290579365488119
"LogRain","Log rainfall amount","2022/2023",-35,0.28589660918394,0.277262261463156
"LogRain","Log rainfall amount","2022/2023",-34,0.271618623993669,0.263415484915887
"LogRain","Log rainfall amount","2022/2023",-33,0.256828843687017,0.24907236994831
"LogRain","Log rainfall amount","2022/2023",-32,0.241561640438114,0.234266250662422
"LogRain","Log rainfall amount","2022/2023",-31,0.225851386421096,0.219030461160222
"LogRain","Log rainfall amount","2022/2023",-30,0.209732453810094,0.203398335543708
"LogRain","Log rainfall amount","2022/2023",-29,0.193239214779241,0.187403207914879
"LogRain","Log rainfall amount","2022/2023",-28,0.176406041502669,0.171078412375732
"LogRain","Log rainfall amount","2022/2023",-27,0.159267306154513,0.154457283028265
"LogRain","Log rainfall amount","2022/2023",-26,0.141857380908903,0.137573153974476
"LogRain","Log rainfall amount","2022/2023",-25,0.124210637939974,0.120459359316364
"LogRain","Log rainfall amount","2022/2023",-24,0.106361449421857,0.103149233155927
"LogRain","Log rainfall amount","2022/2023",-23,0.0883441875286855,0.0856761095951622
"LogRain","Log rainfall amount","2022/2023",-22,0.0701932244345925,0.0680733227360684
"LogRain","Log rainfall amount","2022/2023",-21,0.0519429323137104,0.0503742066806437
"LogRain","Log rainfall amount","2022/2023",-20,0.0336276833401721,0.0326120955308859
"LogRain","Log rainfall amount","2022/2023",-19,0.0152818496881102,0.0148203233887933
"LogRain","Log rainfall amount","2022/2023",-18,-0.00306019646834239,-0.00296777564363585
"LogRain","Log rainfall amount","2022/2023",-17,-0.021364082955053,-0.0207188674644036
"LogRain","Log rainfall amount","2022/2023",-16,-0.0395954375978893,-0.0383996179715124
"LogRain","Log rainfall amount","2022/2023",-15,-0.0577198882227178,-0.0559766930629631
"LogRain","Log rainfall amount","2022/2023",-14,-0.0757030626554062,-0.0734167586367583
"LogRain","Log rainfall amount","2022/2023",-13,-0.093510588721822,-0.0906864805908999
"LogRain","Log rainfall amount","2022/2023",-12,-0.111108094247832,-0.107752524823389
"LogRain","Log rainfall amount","2022/2023",-11,-0.128461207059304,-0.124581557232229
"LogRain","Log rainfall amount","2022/2023",-10,-0.145535554982104,-0.14114024371542
"LogRain","Log rainfall amount","2022/2023",-9,-0.1622967658421,-0.157395250170966
"LogRain","Log rainfall amount","2022/2023",-8,-0.17871046746516,-0.173313242496867
"LogRain","Log rainfall amount","2022/2023",-7,-0.194742287677151,-0.188860886591126
"LogRain","Log rainfall amount","2022/2023",-6,-0.21035785430394,-0.204004848351744
"LogRain","Log rainfall amount","2022/2023",-5,-0.225522795171393,-0.218711793676723
"LogRain","Log rainfall amount","2022/2023",-4,-0.24020273810538,-0.232948388464066
"LogRain","Log rainfall amount","2022/2023",-3,-0.254363310931765,-0.246681298611774
"LogRain","Log rainfall amount","2022/2023",-2,-0.267970141476418,-0.259877190017849
"LogRain","Log rainfall amount","2022/2023",-1,-0.280988857565205,-0.272502728580294
"LogRain","Log rainfall amount","2023/2024",-80,-0.508791739779001,-0.493425748516446
"LogRain","Log rainfall amount","2023/2024",-79,-0.44029137087256,-0.426994155472119
"LogRain","Log rainfall amount","2023/2024",-78,-0.374961210820287,-0.363637027979261
"LogRain","Log rainfall amount","2023/2024",-77,-0.312740936556522,-0.303295864785785
"LogRain","Log rainfall amount","2023/2024",-76,-0.253570225015604,-0.245912164639611
"LogRain","Log rainfall amount","2023/2024",-75,-0.19738875313187,-0.191427426288654
"LogRain","Log rainfall amount","2023/2024",-74,-0.14413619783966,-0.139783148480832
"LogRain","Log rainfall amount","2023/2024",-73,-0.0937522360733147,-0.0909208299640621
"LogRain","Log rainfall amount","2023/2024",-72,-0.0461765447671721,-0.0447819694862614
"LogRain","Log rainfall amount","2023/2024",-71,-0.00134880085557086,-0.00130806579534636
"LogRain","Log rainfall amount","2023/2024",-70,0.0407913187271495,0.0395593823607656
"LogRain","Log rainfall amount","2023/2024",-69,0.08030413704665,0.0778788762341576
"LogRain","Log rainfall amount","2023/2024",-68,0.117249977168592,0.113708917076913
"LogRain","Log rainfall amount","2023/2024",-67,0.151689162158635,0.147108006141114
"LogRain","Log rainfall amount","2023/2024",-66,0.183682015082442,0.178134644678844
"LogRain","Log rainfall amount","2023/2024",-65,0.213288859005673,0.206847333942186
"LogRain","Log rainfall amount","2023/2024",-64,0.240570016993988,0.233304575183223
"LogRain","Log rainfall amount","2023/2024",-63,0.265585812113049,0.257564869654038
"LogRain","Log rainfall amount","2023/2024",-62,0.288396567428518,0.279686718606714
"LogRain","Log rainfall amount","2023/2024",-61,0.309062606006053,0.299728623293334
"LogRain","Log rainfall amount","2023/2024",-60,0.327644250911317,0.317749084965981
"LogRain","Log rainfall amount","2023/2024",-59,0.344201825209971,0.333806604876738
"LogRain","Log rainfall amount","2023/2024",-58,0.358795651967675,0.347959684277687
"LogRain","Log rainfall amount","2023/2024",-57,0.371486054250091,0.360266824420913
"LogRain","Log rainfall amount","2023/2024",-56,0.382333355122879,0.370786526558497
"LogRain","Log rainfall amount","2023/2024",-55,0.3913978776517,0.379577291942524
"LogRain","Log rainfall amount","2023/2024",-54,0.398739944902215,0.386697621825075
"LogRain","Log rainfall amount","2023/2024",-53,0.404419879940086,0.392206017458234
"LogRain","Log rainfall amount","2023/2024",-52,0.408498005830973,0.396160980094084
"LogRain","Log rainfall amount","2023/2024",-51,0.411034645640536,0.398621010984708
"LogRain","Log rainfall amount","2023/2024",-50,0.412090122434438,0.399644611382188
"LogRain","Log rainfall amount","2023/2024",-49,0.411724759278338,0.399290282538609
"LogRain","Log rainfall amount","2023/2024",-48,0.409998879237898,0.397616525706051
"LogRain","Log rainfall amount","2023/2024",-47,0.406972805378779,0.3946818421366
"LogRain","Log rainfall amount","2023/2024",-46,0.402706860766642,0.390544733082338
"LogRain","Log rainfall amount","2023/2024",-45,0.397261368467147,0.385263699795348
"LogRain","Log rainfall amount","2023/2024",-44,0.390696651545955,0.378897243527711
"LogRain","Log rainfall amount","2023/2024",-43,0.383073033068729,0.371503865531513
"LogRain","Log rainfall amount","2023/2024",-42,0.374450836101127,0.363142067058836
"LogRain","Log rainfall amount","2023/2024",-41,0.364890383708812,0.353870349361762
"LogRain","Log rainfall amount","2023/2024",-40,0.354451998957444,0.343747213692375
"LogRain","Log rainfall amount","2023/2024",-39,0.343196004912685,0.332831161302758
"LogRain","Log rainfall amount","2023/2024",-38,0.331182724640194,0.321180693444993
"LogRain","Log rainfall amount","2023/2024",-37,0.318472481205634,0.308854311371164
"LogRain","Log rainfall amount","2023/2024",-36,0.305125597674664,0.295910516333353
"LogRain","Log rainfall amount","2023/2024",-35,0.291202397112947,0.282407809583644
"LogRain","Log rainfall amount","2023/2024",-34,0.276763202586142,0.26840469237412
"LogRain","Log rainfall amount","2023/2024",-33,0.261868337159912,0.253959665956864
"LogRain","Log rainfall amount","2023/2024",-32,0.246578123899916,0.239131231583957
"LogRain","Log rainfall amount","2023/2024",-31,0.230952885871815,0.223977890507485
"LogRain","Log rainfall amount","2023/2024",-30,0.215052946141271,0.208558143979529
"LogRain","Log rainfall amount","2023/2024",-29,0.198938627773945,0.192930493252172
"LogRain","Log rainfall amount","2023/2024",-28,0.182670253835498,0.177153439577498
"LogRain","Log rainfall amount","2023/2024",-27,0.166308147391589,0.16128548420759
"LogRain","Log rainfall amount","2023/2024",-26,0.149912631507881,0.14538512839453
"LogRain","Log rainfall amount","2023/2024",-25,0.133544029250035,0.129510873390402
"LogRain","Log rainfall amount","2023/2024",-24,0.11726266368371,0.113721220447288
"LogRain","Log rainfall amount","2023/2024",-23,0.101128857874569,0.0980746708172718
"LogRain","Log rainfall amount","2023/2024",-22,0.0852029348882719,0.0826297257524359
"LogRain","Log rainfall amount","2023/2024",-21,0.0695452177904796,0.0674448865048633
"LogRain","Log rainfall amount","2023/2024",-20,0.0542160296468533,0.0525786543266371
"LogRain","Log rainfall amount","2023/2024",-19,0.0392756935230539,0.0380895304698405
"LogRain","Log rainfall amount","2023/2024",-18,0.0247845324847428,0.0240360161865566
"LogRain","Log rainfall amount","2023/2024",-17,0.0108028695975799,0.0104766127288677
"LogRain","Log rainfall amount","2023/2024",-16,-0.00260897207277333,-0.0025301786511429
"LogRain","Log rainfall amount","2023/2024",-15,-0.0153906694606555,-0.0149258567013917
"LogRain","Log rainfall amount","2023/2024",-14,-0.0274818995004064,-0.0266519201697964
"LogRain","Log rainfall amount","2023/2024",-13,-0.0388223391263649,-0.0376498678042739
"LogRain","Log rainfall amount","2023/2024",-12,-0.0493516652728698,-0.0478611983527408
"LogRain","Log rainfall amount","2023/2024",-11,-0.0590095548742604,-0.0572274105631146
"LogRain","Log rainfall amount","2023/2024",-10,-0.0677356848648754,-0.0656900031833117
"LogRain","Log rainfall amount","2023/2024",-9,-0.0754697321790547,-0.0731904749612499
"LogRain","Log rainfall amount","2023/2024",-8,-0.0821513737511365,-0.0796703246448457
"LogRain","Log rainfall amount","2023/2024",-7,-0.0877202865154605,-0.0850710509820164
"LogRain","Log rainfall amount","2023/2024",-6,-0.0921161474063651,-0.0893341527206785
"LogRain","Log rainfall amount","2023/2024",-5,-0.09527863335819,-0.0924011286087496
"LogRain","Log rainfall amount","2023/2024",-4,-0.0971474213052737,-0.0942134773941461
"LogRain","Log rainfall amount","2023/2024",-3,-0.0976621881819556,-0.0947126978247856
"LogRain","Log rainfall amount","2023/2024",-2,-0.0967626109225749,-0.0938402886485849
"LogRain","Log rainfall amount","2023/2024",-1,-0.0943883664614704,-0.091537748613461
"LogRain","Log rainfall amount","2024/2025",-80,-0.368697719712261,-0.357562700220625
"LogRain","Log rainfall amount","2024/2025",-79,-0.321763210764122,-0.312045657787809
"LogRain","Log rainfall amount","2024/2025",-78,-0.276076286475837,-0.267738521779364
"LogRain","Log rainfall amount","2024/2025",-77,-0.231636494801741,-0.224640853801833
"LogRain","Log rainfall amount","2024/2025",-76,-0.188443383696169,-0.182752215461757
"LogRain","Log rainfall amount","2024/2025",-75,-0.146496501113458,-0.142072168365678
"LogRain","Log rainfall amount","2024/2025",-74,-0.105795395007942,-0.102600274120137
"LogRain","Log rainfall amount","2024/2025",-73,-0.0663396133339574,-0.0643360943316764
"LogRain","Log rainfall amount","2024/2025",-72,-0.02812870404584,-0.0272791906068382
"LogRain","Log rainfall amount","2024/2025",-71,0.00883778490207513,0.00857087544783632
"LogRain","Log rainfall amount","2024/2025",-70,0.044560305555452,0.043214542225805
"LogRain","Log rainfall amount","2024/2025",-69,0.0790393099599551,0.0766522481205263
"LogRain","Log rainfall amount","2024/2025",-68,0.112275250161249,0.108884431525458
"LogRain","Log rainfall amount","2024/2025",-67,0.144268578204997,0.139911530834059
"LogRain","Log rainfall amount","2024/2025",-66,0.175019746136866,0.169733984439787
"LogRain","Log rainfall amount","2024/2025",-65,0.204529206002518,0.198352230736101
"LogRain","Log rainfall amount","2024/2025",-64,0.232797409847618,0.225766708116458
"LogRain","Log rainfall amount","2024/2025",-63,0.259824809717831,0.251977854974317
"LogRain","Log rainfall amount","2024/2025",-62,0.285611857658821,0.276986109703137
"LogRain","Log rainfall amount","2024/2025",-61,0.310159005716252,0.300791910696375
"LogRain","Log rainfall amount","2024/2025",-60,0.333466705935789,0.323395696347489
"LogRain","Log rainfall amount","2024/2025",-59,0.355535410363096,0.344797905049938
"LogRain","Log rainfall amount","2024/2025",-58,0.376365571043838,0.36499897519718
"LogRain","Log rainfall amount","2024/2025",-57,0.395957640023679,0.383999345182673
"LogRain","Log rainfall amount","2024/2025",-56,0.414312069348284,0.401799453399876
"LogRain","Log rainfall amount","2024/2025",-55,0.431429311063316,0.418399738242246
"LogRain","Log rainfall amount","2024/2025",-54,0.44730981721444,0.433800638103243
"LogRain","Log rainfall amount","2024/2025",-53,0.461954039847321,0.448002591376323
"LogRain","Log rainfall amount","2024/2025",-52,0.475362431007622,0.461006036454946
"LogRain","Log rainfall amount","2024/2025",-51,0.48753544274101,0.472811411732569
"LogRain","Log rainfall amount","2024/2025",-50,0.498473527093147,0.483419155602652
"LogRain","Log rainfall amount","2024/2025",-49,0.508177136109698,0.492829706458651
"LogRain","Log rainfall amount","2024/2025",-48,0.516646721836327,0.501043502694026
"LogRain","Log rainfall amount","2024/2025",-47,0.5238827363187,0.508060982702234
"LogRain","Log rainfall amount","2024/2025",-46,0.52988563160248,0.513882584876733
"LogRain","Log rainfall amount","2024/2025",-45,0.534655859733331,0.518508747610983
"LogRain","Log rainfall amount","2024/2025",-44,0.538193872756919,0.521939909298441
"LogRain","Log rainfall amount","2024/2025",-43,0.540500122718907,0.524176508332565
"LogRain","Log rainfall amount","2024/2025",-42,0.541575061664961,0.525218983106814
"LogRain","Log rainfall amount","2024/2025",-41,0.541419141640743,0.525067772014646
"LogRain","Log rainfall amount","2024/2025",-40,0.540032814691919,0.523723313449518
"LogRain","Log rainfall amount","2024/2025",-39,0.537416532864154,0.52118604580489
"LogRain","Log rainfall amount","2024/2025",-38,0.53357074820311,0.51745640747422
"LogRain","Log rainfall amount","2024/2025",-37,0.528495912754454,0.512534836850965
"LogRain","Log rainfall amount","2024/2025",-36,0.522192478563849,0.506421772328584
"LogRain","Log rainfall amount","2024/2025",-35,0.51466089767696,0.499117652300536
"LogRain","Log rainfall amount","2024/2025",-34,0.505901622139451,0.490622915160277
"LogRain","Log rainfall amount","2024/2025",-33,0.495915103996986,0.480937999301268
"LogRain","Log rainfall amount","2024/2025",-32,0.48470179529523,0.470063343116965
"LogRain","Log rainfall amount","2024/2025",-31,0.472262148079847,0.457999385000827
"LogRain","Log rainfall amount","2024/2025",-30,0.458596614396502,0.444746563346313
"LogRain","Log rainfall amount","2024/2025",-29,0.44370564629086,0.43030531654688
"LogRain","Log rainfall amount","2024/2025",-28,0.427589695808583,0.414676082995987
"LogRain","Log rainfall amount","2024/2025",-27,0.410249214995337,0.397859301087092
"LogRain","Log rainfall amount","2024/2025",-26,0.391684655896787,0.379855409213653
"LogRain","Log rainfall amount","2024/2025",-25,0.371896470558597,0.360664845769129
"LogRain","Log rainfall amount","2024/2025",-24,0.35088511102643,0.340288049146977
"LogRain","Log rainfall amount","2024/2025",-23,0.328651029345952,0.318725457740656
"LogRain","Log rainfall amount","2024/2025",-22,0.305194677562826,0.295977509943624
"LogRain","Log rainfall amount","2024/2025",-21,0.280516507722718,0.272044644149339
"LogRain","Log rainfall amount","2024/2025",-20,0.254616971871291,0.24692729875126
"LogRain","Log rainfall amount","2024/2025",-19,0.227496522054211,0.220625912142845
"LogRain","Log rainfall amount","2024/2025",-18,0.199155610317141,0.193140922717552
"LogRain","Log rainfall amount","2024/2025",-17,0.169594688705745,0.164472768868839
"LogRain","Log rainfall amount","2024/2025",-16,0.138814209265689,0.134621888990164
"LogRain","Log rainfall amount","2024/2025",-15,0.106814624042637,0.103588721474986
"LogRain","Log rainfall amount","2024/2025",-14,0.0735963850822522,0.0713737047167637
"LogRain","Log rainfall amount","2024/2025",-13,0.0391599444301999,0.0379772771089538
"LogRain","Log rainfall amount","2024/2025",-12,0.00350575413214416,0.00339987704501497
"LogRain","Log rainfall amount","2024/2025",-11,-0.03336573376625,-0.0323580570815938
"LogRain","Log rainfall amount","2024/2025",-10,-0.0714540672193187,-0.069296086877415
"LogRain","Log rainfall amount","2024/2025",-9,-0.110758794181397,-0.10741377394899
"LogRain","Log rainfall amount","2024/2025",-8,-0.151279462606822,-0.146710679902861
"LogRain","Log rainfall amount","2024/2025",-7,-0.193015620449927,-0.187186366345569
"LogRain","Log rainfall amount","2024/2025",-6,-0.23596681566505,-0.228840394883657
"LogRain","Log rainfall amount","2024/2025",-5,-0.280132596206525,-0.271672327123666
"LogRain","Log rainfall amount","2024/2025",-4,-0.325512510028688,-0.315681724672138
"LogRain","Log rainfall amount","2024/2025",-3,-0.372106105085874,-0.360868149135614
"LogRain","Log rainfall amount","2024/2025",-2,-0.41991292933242,-0.407231162120637
"LogRain","Log rainfall amount","2024/2025",-1,-0.468932530722661,-0.454770325233747
"LogRain","Log rainfall amount","2025/2026",-80,-0.144343696988759,-0.139984380959577
"LogRain","Log rainfall amount","2025/2026",-79,-0.124925601933777,-0.121152730722036
"LogRain","Log rainfall amount","2025/2026",-78,-0.104760886167838,-0.101597008424438
"LogRain","Log rainfall amount","2025/2026",-77,-0.0838961924632072,-0.0813624481832564
"LogRain","Log rainfall amount","2025/2026",-76,-0.0623781635921492,-0.0604942841149637
"LogRain","Log rainfall amount","2025/2026",-75,-0.0402534423269286,-0.0390377503360326
"LogRain","Log rainfall amount","2025/2026",-74,-0.0175686714398098,-0.017038080962936
"LogRain","Log rainfall amount","2025/2026",-73,0.00562950629694266,0.00545948988785376
"LogRain","Log rainfall amount","2025/2026",-72,0.0292944481110646,0.0284097280998641
"LogRain","Log rainfall amount","2025/2026",-71,0.0533795112302908,0.0517673995566218
"LogRain","Log rainfall amount","2025/2026",-70,0.0778380528823573,0.0754872701416546
"LogRain","Log rainfall amount","2025/2026",-69,0.102623430294999,0.0995241057384894
"LogRain","Log rainfall amount","2025/2026",-68,0.127689000695952,0.123832672230654
"LogRain","Log rainfall amount","2025/2026",-67,0.152988121312952,0.148367735501676
"LogRain","Log rainfall amount","2025/2026",-66,0.178474149373734,0.173084061435081
"LogRain","Log rainfall amount","2025/2026",-65,0.204100442106033,0.197936415914398
"LogRain","Log rainfall amount","2025/2026",-64,0.229820356737585,0.222879564823154
"LogRain","Log rainfall amount","2025/2026",-63,0.255587250496125,0.247868274044877
"LogRain","Log rainfall amount","2025/2026",-62,0.28135448060939,0.272857309463092
"LogRain","Log rainfall amount","2025/2026",-61,0.307075404305113,0.297801436961329
"LogRain","Log rainfall amount","2025/2026",-60,0.332703378811032,0.322655422423113
"LogRain","Log rainfall amount","2025/2026",-59,0.358191761354881,0.347374031731973
"LogRain","Log rainfall amount","2025/2026",-58,0.383493909164396,0.371912030771436
"LogRain","Log rainfall amount","2025/2026",-57,0.408563179467312,0.396224185425028
"LogRain","Log rainfall amount","2025/2026",-56,0.433352929491365,0.420265261576278
"LogRain","Log rainfall amount","2025/2026",-55,0.45781651646429,0.443990025108712
"LogRain","Log rainfall amount","2025/2026",-54,0.481907297613823,0.467353241905859
"LogRain","Log rainfall amount","2025/2026",-53,0.505578630167699,0.490309677851245
"LogRain","Log rainfall amount","2025/2026",-52,0.528783871353654,0.512814098828397
"LogRain","Log rainfall amount","2025/2026",-51,0.551476378399422,0.534821270720843
"LogRain","Log rainfall amount","2025/2026",-50,0.573609508532741,0.556285959412111
"LogRain","Log rainfall amount","2025/2026",-49,0.595136618981345,0.577162930785726
"LogRain","Log rainfall amount","2025/2026",-48,0.616011066972969,0.597406950725218
"LogRain","Log rainfall amount","2025/2026",-47,0.636186209735349,0.616972785114113
"LogRain","Log rainfall amount","2025/2026",-46,0.655615404496221,0.635815199835938
"LogRain","Log rainfall amount","2025/2026",-45,0.674252008483319,0.653888960774221
"LogRain","Log rainfall amount","2025/2026",-44,0.692049378924381,0.67114883381249
"LogRain","Log rainfall amount","2025/2026",-43,0.70896087304714,0.68754958483427
"LogRain","Log rainfall amount","2025/2026",-42,0.724939848079333,0.70304597972309
"LogRain","Log rainfall amount","2025/2026",-41,0.739939661248694,0.717592784362478
"LogRain","Log rainfall amount","2025/2026",-40,0.75391366978296,0.731144764635959
"LogRain","Log rainfall amount","2025/2026",-39,0.766815230909866,0.743656686427062
"LogRain","Log rainfall amount","2025/2026",-38,0.778597701857147,0.755083315619314
"LogRain","Log rainfall amount","2025/2026",-37,0.789214439852539,0.765379418096243
"LogRain","Log rainfall amount","2025/2026",-36,0.798618802123777,0.774499759741375
"LogRain","Log rainfall amount","2025/2026",-35,0.806764145898597,0.782399106438237
"LogRain","Log rainfall amount","2025/2026",-34,0.813603828404734,0.789032224070358
"LogRain","Log rainfall amount","2025/2026",-33,0.819091206869924,0.794353878521265
"LogRain","Log rainfall amount","2025/2026",-32,0.823179638521902,0.798318835674484
"LogRain","Log rainfall amount","2025/2026",-31,0.825822480588404,0.800881861413543
"LogRain","Log rainfall amount","2025/2026",-30,0.826973090297165,0.80199772162197
"LogRain","Log rainfall amount","2025/2026",-29,0.826584824875921,0.801621182183292
"LogRain","Log rainfall amount","2025/2026",-28,0.824611041552406,0.799707008981036
"LogRain","Log rainfall amount","2025/2026",-27,0.821005097554357,0.796209967898728
"LogRain","Log rainfall amount","2025/2026",-26,0.81572035010951,0.791084824819898
"LogRain","Log rainfall amount","2025/2026",-25,0.808710156445598,0.784286345628072
"LogRain","Log rainfall amount","2025/2026",-24,0.799927873790359,0.775769296206777
"LogRain","Log rainfall amount","2025/2026",-23,0.789326859371528,0.765488442439541
"LogRain","Log rainfall amount","2025/2026",-22,0.776860470416839,0.75339855020989
"LogRain","Log rainfall amount","2025/2026",-21,0.762482064154028,0.739454385401353
"LogRain","Log rainfall amount","2025/2026",-20,0.746144997810832,0.723610713897457
"LogRain","Log rainfall amount","2025/2026",-19,0.727802628614985,0.705822301581728
"LogRain","Log rainfall amount","2025/2026",-18,0.707408313794222,0.686043914337694
"LogRain","Log rainfall amount","2025/2026",-17,0.684915410576281,0.664230318048883
"LogRain","Log rainfall amount","2025/2026",-16,0.660277276188895,0.640336278598822
"LogRain","Log rainfall amount","2025/2026",-15,0.6334472678598,0.614316561871037
"LogRain","Log rainfall amount","2025/2026",-14,0.604378742816732,0.586125933749058
"LogRain","Log rainfall amount","2025/2026",-13,0.573025058287426,0.55571916011641
"LogRain","Log rainfall amount","2025/2026",-12,0.539339571499618,0.523051006856621
"LogRain","Log rainfall amount","2025/2026",-11,0.503275639681043,0.488076239853218
"LogRain","Log rainfall amount","2025/2026",-10,0.464786620059437,0.45074962498973
"LogRain","Log rainfall amount","2025/2026",-9,0.423825869862535,0.411025928149682
"LogRain","Log rainfall amount","2025/2026",-8,0.380346746318072,0.368859915216602
"LogRain","Log rainfall amount","2025/2026",-7,0.334302606653785,0.324206352074018
"LogRain","Log rainfall amount","2025/2026",-6,0.285646808097408,0.277020004605457
"LogRain","Log rainfall amount","2025/2026",-5,0.234332707876677,0.227255638694446
"LogRain","Log rainfall amount","2025/2026",-4,0.180313663219328,0.174868020224512
"LogRain","Log rainfall amount","2025/2026",-3,0.123543031353096,0.119811915079184
"LogRain","Log rainfall amount","2025/2026",-2,0.0639741695057157,0.0620420891419876
"LogRain","Log rainfall amount","2025/2026",-1,0.00156043490492386,0.00151330829645089
"Tmax","Maximum temperature","2022/2023",-80,0.0168884228373342,0.0373145448372788
"Tmax","Maximum temperature","2022/2023",-79,0.00758038052432723,0.0167486598176205
"Tmax","Maximum temperature","2022/2023",-78,-0.00103552204644781,-0.00228795987667649
"Tmax","Maximum temperature","2022/2023",-77,-0.00897610903187795,-0.0198324867964511
"Tmax","Maximum temperature","2022/2023",-76,-0.0162582045888497,-0.035922093492541
"Tmax","Maximum temperature","2022/2023",-75,-0.0228986328742496,-0.0505939525157844
"Tmax","Maximum temperature","2022/2023",-74,-0.0289142180449644,-0.0638852364170193
"Tmax","Maximum temperature","2022/2023",-73,-0.0343217842578805,-0.0758331177470833
"Tmax","Maximum temperature","2022/2023",-72,-0.0391381556698845,-0.0864747690568144
"Tmax","Maximum temperature","2022/2023",-71,-0.0433801564378631,-0.0958473628970509
"Tmax","Maximum temperature","2022/2023",-70,-0.0470646107187028,-0.103988071818631
"Tmax","Maximum temperature","2022/2023",-69,-0.0502083426692902,-0.110934068372392
"Tmax","Maximum temperature","2022/2023",-68,-0.052828176446512,-0.116722525109172
"Tmax","Maximum temperature","2022/2023",-67,-0.0549409362072547,-0.121390614579809
"Tmax","Maximum temperature","2022/2023",-66,-0.0565634461084049,-0.124975509335142
"Tmax","Maximum temperature","2022/2023",-65,-0.0577125303068492,-0.127514381926008
"Tmax","Maximum temperature","2022/2023",-64,-0.0584050129594744,-0.129044404903245
"Tmax","Maximum temperature","2022/2023",-63,-0.0586577182231666,-0.129602750817691
"Tmax","Maximum temperature","2022/2023",-62,-0.0584874702548129,-0.129226592220184
"Tmax","Maximum temperature","2022/2023",-61,-0.0579110932112996,-0.127953101661563
"Tmax","Maximum temperature","2022/2023",-60,-0.0569454112495134,-0.125819451692664
"Tmax","Maximum temperature","2022/2023",-59,-0.0556072485263409,-0.122862814864327
"Tmax","Maximum temperature","2022/2023",-58,-0.0539134291986686,-0.119120363727388
"Tmax","Maximum temperature","2022/2023",-57,-0.0518807774233833,-0.114629270832687
"Tmax","Maximum temperature","2022/2023",-56,-0.0495261173573713,-0.109426708731061
"Tmax","Maximum temperature","2022/2023",-55,-0.0468662731575196,-0.103549849973348
"Tmax","Maximum temperature","2022/2023",-54,-0.0439180689807142,-0.0970358671103859
"Tmax","Maximum temperature","2022/2023",-53,-0.0406983289838422,-0.0899219326930129
"Tmax","Maximum temperature","2022/2023",-52,-0.0372238773237901,-0.0822452192720669
"Tmax","Maximum temperature","2022/2023",-51,-0.0335115381574444,-0.074042899398386
"Tmax","Maximum temperature","2022/2023",-50,-0.0295781356416917,-0.065352145622808
"Tmax","Maximum temperature","2022/2023",-49,-0.0254404939334185,-0.0562101304961708
"Tmax","Maximum temperature","2022/2023",-48,-0.0211154371895116,-0.0466540265693126
"Tmax","Maximum temperature","2022/2023",-47,-0.0166197895668575,-0.0367210063930715
"Tmax","Maximum temperature","2022/2023",-46,-0.0119703752223428,-0.0264482425182852
"Tmax","Maximum temperature","2022/2023",-45,-0.00718401831285411,-0.015872907495792
"Tmax","Maximum temperature","2022/2023",-44,-0.00227754299527786,-0.00503217387642936
"Tmax","Maximum temperature","2022/2023",-43,0.00273222657349911,0.00603678578896418
"Tmax","Maximum temperature","2022/2023",-42,0.00782846623659027,0.0172967989495508
"Tmax","Maximum temperature","2022/2023",-41,0.0129943518371091,0.0287106930544925
"Tmax","Maximum temperature","2022/2023",-40,0.018213059218169,0.0402412955529516
"Tmax","Maximum temperature","2022/2023",-39,0.0234677642228833,0.0518514338940896
"Tmax","Maximum temperature","2022/2023",-38,0.0287416426943655,0.0635039355270689
"Tmax","Maximum temperature","2022/2023",-37,0.034017870475729,0.0751616279010516
"Tmax","Maximum temperature","2022/2023",-36,0.0392796234100871,0.0867873384651992
"Tmax","Maximum temperature","2022/2023",-35,0.0445100773405533,0.0983438946686742
"Tmax","Maximum temperature","2022/2023",-34,0.0496924081102411,0.109794123960639
"Tmax","Maximum temperature","2022/2023",-33,0.0548097915622635,0.121100853790254
"Tmax","Maximum temperature","2022/2023",-32,0.0598454035397345,0.132226911606683
"Tmax","Maximum temperature","2022/2023",-31,0.0647824198857671,0.143135124859087
"Tmax","Maximum temperature","2022/2023",-30,0.0696040164434747,0.153788320996628
"Tmax","Maximum temperature","2022/2023",-29,0.0742933690559709,0.164149327468469
"Tmax","Maximum temperature","2022/2023",-28,0.0788336535663691,0.174180971723771
"Tmax","Maximum temperature","2022/2023",-27,0.0832080458177825,0.183846081211696
"Tmax","Maximum temperature","2022/2023",-26,0.0873997216533247,0.193107483381406
"Tmax","Maximum temperature","2022/2023",-25,0.091391856916109,0.201928005682064
"Tmax","Maximum temperature","2022/2023",-24,0.0951676274492489,0.210270475562832
"Tmax","Maximum temperature","2022/2023",-23,0.0987102090958576,0.21809772047287
"Tmax","Maximum temperature","2022/2023",-22,0.102002777699049,0.225372567861343
"Tmax","Maximum temperature","2022/2023",-21,0.105028509101936,0.23205784517741
"Tmax","Maximum temperature","2022/2023",-20,0.107770579147632,0.238116379870235
"Tmax","Maximum temperature","2022/2023",-19,0.110212163679251,0.24351099938898
"Tmax","Maximum temperature","2022/2023",-18,0.112336438539905,0.248204531182805
"Tmax","Maximum temperature","2022/2023",-17,0.114126579572709,0.252159802700875
"Tmax","Maximum temperature","2022/2023",-16,0.115565762620776,0.25533964139235
"Tmax","Maximum temperature","2022/2023",-15,0.116637163527219,0.257706874706392
"Tmax","Maximum temperature","2022/2023",-14,0.117323958135152,0.259224330092164
"Tmax","Maximum temperature","2022/2023",-13,0.117609322287688,0.259854834998827
"Tmax","Maximum temperature","2022/2023",-12,0.11747643182794,0.259561216875544
"Tmax","Maximum temperature","2022/2023",-11,0.116908462599022,0.258306303171477
"Tmax","Maximum temperature","2022/2023",-10,0.115888590444047,0.256052921335786
"Tmax","Maximum temperature","2022/2023",-9,0.114399991206129,0.252763898817636
"Tmax","Maximum temperature","2022/2023",-8,0.11242584072838,0.248402063066187
"Tmax","Maximum temperature","2022/2023",-7,0.109949314853916,0.242930241530602
"Tmax","Maximum temperature","2022/2023",-6,0.106953589425848,0.236311261660043
"Tmax","Maximum temperature","2022/2023",-5,0.10342184028729,0.228507950903671
"Tmax","Maximum temperature","2022/2023",-4,0.0993372432813565,0.219483136710648
"Tmax","Maximum temperature","2022/2023",-3,0.0946829742511596,0.209199646530138
"Tmax","Maximum temperature","2022/2023",-2,0.0894422090398134,0.197620307811301
"Tmax","Maximum temperature","2022/2023",-1,0.0835981234904309,0.1847079480033
"Tmax","Maximum temperature","2023/2024",-80,0.32961646795486,0.728279282859818
"Tmax","Maximum temperature","2023/2024",-79,0.29963007438921,0.662025101638099
"Tmax","Maximum temperature","2023/2024",-78,0.271164849934983,0.599131905249601
"Tmax","Maximum temperature","2023/2024",-77,0.244186924600426,0.539524858800734
"Tmax","Maximum temperature","2023/2024",-76,0.218662428393784,0.483129127397906
"Tmax","Maximum temperature","2023/2024",-75,0.194557491323305,0.42986987614753
"Tmax","Maximum temperature","2023/2024",-74,0.171838243397235,0.379672270156015
"Tmax","Maximum temperature","2023/2024",-73,0.15047081462382,0.332461474529772
"Tmax","Maximum temperature","2023/2024",-72,0.130421335011307,0.288162654375212
"Tmax","Maximum temperature","2023/2024",-71,0.111655934567941,0.246700974798744
"Tmax","Maximum temperature","2023/2024",-70,0.0941407433019703,0.20800160090678
"Tmax","Maximum temperature","2023/2024",-69,0.0778418912216401,0.171989697805729
"Tmax","Maximum temperature","2023/2024",-68,0.0627255083351972,0.138590430602002
"Tmax","Maximum temperature","2023/2024",-67,0.0487577246508878,0.107728964402009
"Tmax","Maximum temperature","2023/2024",-66,0.0359046701769583,0.0793304643121607
"Tmax","Maximum temperature","2023/2024",-65,0.0241324749216551,0.0533200954388674
"Tmax","Maximum temperature","2023/2024",-64,0.0134072688932248,0.02962302288854
"Tmax","Maximum temperature","2023/2024",-63,0.00369518209991369,0.00816441176758839
"Tmax","Maximum temperature","2023/2024",-62,-0.00503765545003227,-0.0111305728175778
"Tmax","Maximum temperature","2023/2024",-61,-0.0128251137483659,-0.0283367657605464
"Tmax","Maximum temperature","2023/2024",-60,-0.0197010627868415,-0.0435290019549086
"Tmax","Maximum temperature","2023/2024",-59,-0.0256993725572123,-0.0567821162942532
"Tmax","Maximum temperature","2023/2024",-58,-0.030853913051232,-0.06817094367217
"Tmax","Maximum temperature","2023/2024",-57,-0.0351985542606542,-0.0777703189822488
"Tmax","Maximum temperature","2023/2024",-56,-0.0387671661772325,-0.0856550771180788
"Tmax","Maximum temperature","2023/2024",-55,-0.0415936187927206,-0.0919000529732499
"Tmax","Maximum temperature","2023/2024",-54,-0.0437117820988718,-0.0965800814413515
"Tmax","Maximum temperature","2023/2024",-53,-0.0451555260874402,-0.0997699974159736
"Tmax","Maximum temperature","2023/2024",-52,-0.0459587207501792,-0.101544635790706
"Tmax","Maximum temperature","2023/2024",-51,-0.0461552360788422,-0.101978831459137
"Tmax","Maximum temperature","2023/2024",-50,-0.045778942065183,-0.101147419314858
"Tmax","Maximum temperature","2023/2024",-49,-0.0448637087009553,-0.0991252342514574
"Tmax","Maximum temperature","2023/2024",-48,-0.0434434059779122,-0.0959871111625245
"Tmax","Maximum temperature","2023/2024",-47,-0.0415519038878082,-0.0918078849416504
"Tmax","Maximum temperature","2023/2024",-46,-0.039223072422396,-0.0866623904824234
"Tmax","Maximum temperature","2023/2024",-45,-0.0364907815734298,-0.0806254626784337
"Tmax","Maximum temperature","2023/2024",-44,-0.033388901332663,-0.0737719364232708
"Tmax","Maximum temperature","2023/2024",-43,-0.0299513016918493,-0.0661766466105246
"Tmax","Maximum temperature","2023/2024",-42,-0.026211852642742,-0.0579144281337837
"Tmax","Maximum temperature","2023/2024",-41,-0.022204424177095,-0.0490601158866387
"Tmax","Maximum temperature","2023/2024",-40,-0.017962886286662,-0.0396885447626791
"Tmax","Maximum temperature","2023/2024",-39,-0.0135211089631963,-0.0298745496554941
"Tmax","Maximum temperature","2023/2024",-38,-0.00891296219845164,-0.0196929654586735
"Tmax","Maximum temperature","2023/2024",-37,-0.00417231598418173,-0.00921862706580715
"Tmax","Maximum temperature","2023/2024",-36,0.000666959687860041,0.00147363062951587
"Tmax","Maximum temperature","2023/2024",-35,0.00557099482591986,0.0123089727337055
"Tmax","Maximum temperature","2023/2024",-34,0.0105059194382442,0.0232125643531723
"Tmax","Maximum temperature","2023/2024",-33,0.0154378635330791,0.0341095705943256
"Tmax","Maximum temperature","2023/2024",-32,0.0203329571186718,0.0449251565635782
"Tmax","Maximum temperature","2023/2024",-31,0.0251573302032679,0.0555844873673383
"Tmax","Maximum temperature","2023/2024",-30,0.0298771127951142,0.0660127281120172
"Tmax","Maximum temperature","2023/2024",-29,0.0344584349024571,0.0761350439040257
"Tmax","Maximum temperature","2023/2024",-28,0.0388674265335426,0.0858765998497731
"Tmax","Maximum temperature","2023/2024",-27,0.0430702176966174,0.0951625610556703
"Tmax","Maximum temperature","2023/2024",-26,0.047032938399928,0.103918092628128
"Tmax","Maximum temperature","2023/2024",-25,0.0507217186517205,0.112068359673556
"Tmax","Maximum temperature","2023/2024",-24,0.0541026884602416,0.119538527298366
"Tmax","Maximum temperature","2023/2024",-23,0.0571419778337373,0.126253760608966
"Tmax","Maximum temperature","2023/2024",-22,0.0598057167804545,0.132139224711769
"Tmax","Maximum temperature","2023/2024",-21,0.0620600353086391,0.137120084713183
"Tmax","Maximum temperature","2023/2024",-20,0.0638710634265379,0.141121505719621
"Tmax","Maximum temperature","2023/2024",-19,0.0652049311423969,0.144068652837491
"Tmax","Maximum temperature","2023/2024",-18,0.0660277684644627,0.145886691173204
"Tmax","Maximum temperature","2023/2024",-17,0.0663057054009818,0.146500785833171
"Tmax","Maximum temperature","2023/2024",-16,0.0660048719602004,0.145836101923803
"Tmax","Maximum temperature","2023/2024",-15,0.065091398150365,0.143817804551509
"Tmax","Maximum temperature","2023/2024",-14,0.0635314139797219,0.140371058822699
"Tmax","Maximum temperature","2023/2024",-13,0.0612910494565178,0.135421029843786
"Tmax","Maximum temperature","2023/2024",-12,0.0583364345889985,0.128892882721177
"Tmax","Maximum temperature","2023/2024",-11,0.0546336993854109,0.120711782561285
"Tmax","Maximum temperature","2023/2024",-10,0.0501489738540012,0.11080289447052
"Tmax","Maximum temperature","2023/2024",-9,0.0448483880030159,0.0990913835552909
"Tmax","Maximum temperature","2023/2024",-8,0.0386980718407012,0.0855024149220091
"Tmax","Maximum temperature","2023/2024",-7,0.0316641553753036,0.0699611536770852
"Tmax","Maximum temperature","2023/2024",-6,0.0237127686150696,0.0523927649269292
"Tmax","Maximum temperature","2023/2024",-5,0.0148100415682454,0.0327224137779517
"Tmax","Maximum temperature","2023/2024",-4,0.00492210424307749,0.0108752653365628
"Tmax","Maximum temperature","2023/2024",-3,-0.00598491335218765,-0.0132235152908267
"Tmax","Maximum temperature","2023/2024",-2,-0.0179448812093038,-0.0396487629978067
"Tmax","Maximum temperature","2023/2024",-1,-0.0309916693200245,-0.0684753126779668
"Tmax","Maximum temperature","2024/2025",-80,0.270316870951133,0.597258317045498
"Tmax","Maximum temperature","2024/2025",-79,0.246110689673684,0.543775369270177
"Tmax","Maximum temperature","2024/2025",-78,0.22291570882611,0.492526643372381
"Tmax","Maximum temperature","2024/2025",-77,0.200714835063836,0.443474372037855
"Tmax","Maximum temperature","2024/2025",-76,0.179490975042289,0.396580787952346
"Tmax","Maximum temperature","2024/2025",-75,0.159227035416893,0.351808123801599
"Tmax","Maximum temperature","2024/2025",-74,0.139905922843073,0.309118612271363
"Tmax","Maximum temperature","2024/2025",-73,0.121510543976257,0.268474486047382
"Tmax","Maximum temperature","2024/2025",-72,0.104023805471868,0.229837977815404
"Tmax","Maximum temperature","2024/2025",-71,0.0874286139853321,0.193171320261175
"Tmax","Maximum temperature","2024/2025",-70,0.0717078761720754,0.158436746070441
"Tmax","Maximum temperature","2024/2025",-69,0.0568444986875231,0.125596487928948
"Tmax","Maximum temperature","2024/2025",-68,0.0428213881871005,0.094612778522444
"Tmax","Maximum temperature","2024/2025",-67,0.0296214513262333,0.0654478505366744
"Tmax","Maximum temperature","2024/2025",-66,0.0172275947603469,0.0380639366573856
"Tmax","Maximum temperature","2024/2025",-65,0.00562272514486666,0.0124232695703242
"Tmax","Maximum temperature","2024/2025",-64,-0.00521025086478189,-0.0115119180387636
"Tmax","Maximum temperature","2024/2025",-63,-0.0152884266131731,-0.0337793934841309
"Tmax","Maximum temperature","2024/2025",-62,-0.0246288954448818,-0.0544169240800322
"Tmax","Maximum temperature","2024/2025",-61,-0.0332487507044822,-0.07346227714072
"Tmax","Maximum temperature","2024/2025",-60,-0.041165085736549,-0.0909532199804485
"Tmax","Maximum temperature","2024/2025",-59,-0.0483949938856567,-0.106927519913471
"Tmax","Maximum temperature","2024/2025",-58,-0.0549555684963799,-0.121422944254042
"Tmax","Maximum temperature","2024/2025",-57,-0.0608639029132929,-0.134477260316414
"Tmax","Maximum temperature","2024/2025",-56,-0.0661370904809703,-0.14612823541484
"Tmax","Maximum temperature","2024/2025",-55,-0.0707922245439867,-0.156413636863576
"Tmax","Maximum temperature","2024/2025",-54,-0.0748463984469166,-0.165371231976873
"Tmax","Maximum temperature","2024/2025",-53,-0.0783167055343346,-0.173038788068986
"Tmax","Maximum temperature","2024/2025",-52,-0.0812202391508151,-0.179454072454168
"Tmax","Maximum temperature","2024/2025",-51,-0.0835740926409326,-0.184654852446673
"Tmax","Maximum temperature","2024/2025",-50,-0.0853953593492617,-0.188678895360755
"Tmax","Maximum temperature","2024/2025",-49,-0.0867011326203769,-0.191563968510667
"Tmax","Maximum temperature","2024/2025",-48,-0.0875085057988526,-0.193347839210662
"Tmax","Maximum temperature","2024/2025",-47,-0.0878345722292636,-0.194068274774994
"Tmax","Maximum temperature","2024/2025",-46,-0.0876964252561841,-0.193763042517918
"Tmax","Maximum temperature","2024/2025",-45,-0.0871111582241888,-0.192469909753685
"Tmax","Maximum temperature","2024/2025",-44,-0.0860958644778523,-0.190226643796551
"Tmax","Maximum temperature","2024/2025",-43,-0.0846676373617489,-0.187071011960768
"Tmax","Maximum temperature","2024/2025",-42,-0.0828435702204533,-0.18304078156059
"Tmax","Maximum temperature","2024/2025",-41,-0.0806407563985399,-0.178173719910271
"Tmax","Maximum temperature","2024/2025",-40,-0.0780762892405834,-0.172507594324064
"Tmax","Maximum temperature","2024/2025",-39,-0.075167262091158,-0.166080172116223
"Tmax","Maximum temperature","2024/2025",-38,-0.0719307682948387,-0.158929220601001
"Tmax","Maximum temperature","2024/2025",-37,-0.0683839011961995,-0.151092507092653
"Tmax","Maximum temperature","2024/2025",-36,-0.0645437541398152,-0.142607798905431
"Tmax","Maximum temperature","2024/2025",-35,-0.0604274204702604,-0.133512863353589
"Tmax","Maximum temperature","2024/2025",-34,-0.0560519935321094,-0.123845467751381
"Tmax","Maximum temperature","2024/2025",-33,-0.0514345666699369,-0.113643379413061
"Tmax","Maximum temperature","2024/2025",-32,-0.0465922332283173,-0.102944365652881
"Tmax","Maximum temperature","2024/2025",-31,-0.0415420865518252,-0.0917861937850961
"Tmax","Maximum temperature","2024/2025",-30,-0.0363012199850351,-0.0802066311239594
"Tmax","Maximum temperature","2024/2025",-29,-0.0308867268725214,-0.0682434449837242
"Tmax","Maximum temperature","2024/2025",-28,-0.0253157005588588,-0.0559344026786443
"Tmax","Maximum temperature","2024/2025",-27,-0.0196052343886219,-0.0433172715229735
"Tmax","Maximum temperature","2024/2025",-26,-0.0137724217063848,-0.0304298188309649
"Tmax","Maximum temperature","2024/2025",-25,-0.00783435585672251,-0.0173098119168726
"Tmax","Maximum temperature","2024/2025",-24,-0.00180813018420923,-0.00399501809494974
"Tmax","Maximum temperature","2024/2025",-23,0.00428916196658036,0.00947679532054975
"Tmax","Maximum temperature","2024/2025",-22,0.0104404272510719,0.0230678610153727
"Tmax","Maximum temperature","2024/2025",-21,0.0166285723246907,0.036740411675265
"Tmax","Maximum temperature","2024/2025",-20,0.0228365038428623,0.0504566799859734
"Tmax","Maximum temperature","2024/2025",-19,0.0290471284610121,0.0641788986332441
"Tmax","Maximum temperature","2024/2025",-18,0.0352433528345657,0.0778693003028237
"Tmax","Maximum temperature","2024/2025",-17,0.0414080836189486,0.0914901176804587
"Tmax","Maximum temperature","2024/2025",-16,0.0475242274695862,0.105003583451895
"Tmax","Maximum temperature","2024/2025",-15,0.053574691041904,0.11837193030288
"Tmax","Maximum temperature","2024/2025",-14,0.0595423809913274,0.131557390919159
"Tmax","Maximum temperature","2024/2025",-13,0.0654102039732821,0.144522197986479
"Tmax","Maximum temperature","2024/2025",-12,0.0711610666431933,0.157228584190587
"Tmax","Maximum temperature","2024/2025",-11,0.0767778756564867,0.169638782217228
"Tmax","Maximum temperature","2024/2025",-10,0.0822435376685876,0.181715024752149
"Tmax","Maximum temperature","2024/2025",-9,0.0875409593349216,0.193419544481097
"Tmax","Maximum temperature","2024/2025",-8,0.0926530473109142,0.204714574089818
"Tmax","Maximum temperature","2024/2025",-7,0.0975627082519909,0.215562346264059
"Tmax","Maximum temperature","2024/2025",-6,0.102252848813577,0.225925093689565
"Tmax","Maximum temperature","2024/2025",-5,0.106706375651098,0.235765049052083
"Tmax","Maximum temperature","2024/2025",-4,0.11090619541998,0.24504444503736
"Tmax","Maximum temperature","2024/2025",-3,0.114835214775647,0.253725514331142
"Tmax","Maximum temperature","2024/2025",-2,0.118476340373526,0.261770489619176
"Tmax","Maximum temperature","2024/2025",-1,0.121812478869042,0.269141603587208
"Tmax","Maximum temperature","2025/2026",-80,0.309164928430623,0.683092121458251
"Tmax","Maximum temperature","2025/2026",-79,0.28204970432586,0.62318171683519
"Tmax","Maximum temperature","2025/2026",-78,0.256236476486975,0.566148040164112
"Tmax","Maximum temperature","2025/2026",-77,0.231697479374102,0.5119297441841
"Tmax","Maximum temperature","2025/2026",-76,0.208404947447374,0.460465481634241
"Tmax","Maximum temperature","2025/2026",-75,0.186331115166927,0.411693905253617
"Tmax","Maximum temperature","2025/2026",-74,0.165448216992896,0.365553667781316
"Tmax","Maximum temperature","2025/2026",-73,0.145728487385414,0.321983421956422
"Tmax","Maximum temperature","2025/2026",-72,0.127144160804617,0.280921820518022
"Tmax","Maximum temperature","2025/2026",-71,0.109667471710638,0.242307516205199
"Tmax","Maximum temperature","2025/2026",-70,0.0932706545636122,0.206079161757038
"Tmax","Maximum temperature","2025/2026",-69,0.0779259438236745,0.172175409912626
"Tmax","Maximum temperature","2025/2026",-68,0.063605573950959,0.140534913411047
"Tmax","Maximum temperature","2025/2026",-67,0.0502817794056006,0.111096324991387
"Tmax","Maximum temperature","2025/2026",-66,0.0379267946477333,0.0837982973927306
"Tmax","Maximum temperature","2025/2026",-65,0.0265128541374919,0.0585794833541625
"Tmax","Maximum temperature","2025/2026",-64,0.016012192335011,0.0353785356147686
"Tmax","Maximum temperature","2025/2026",-63,0.00639704370042483,0.0141341069136337
"Tmax","Maximum temperature","2025/2026",-62,-0.00236035730613201,-0.00521515001015715
"Tmax","Maximum temperature","2025/2026",-61,-0.0102877762245247,-0.022730582417518
"Tmax","Maximum temperature","2025/2026",-60,-0.0174129785946192,-0.0384735375693648
"Tmax","Maximum temperature","2025/2026",-59,-0.0237637299562806,-0.0525053627266115
"Tmax","Maximum temperature","2025/2026",-58,-0.0293677958493746,-0.0648874051501732
"Tmax","Maximum temperature","2025/2026",-57,-0.0342529418137667,-0.075681012100965
"Tmax","Maximum temperature","2025/2026",-56,-0.0384469333893221,-0.0849475308399008
"Tmax","Maximum temperature","2025/2026",-55,-0.0419775361159067,-0.0927483086278968
"Tmax","Maximum temperature","2025/2026",-54,-0.0448725155333855,-0.0991446927258666
"Tmax","Maximum temperature","2025/2026",-53,-0.0471596371816247,-0.104198030394726
"Tmax","Maximum temperature","2025/2026",-52,-0.0488666666004891,-0.10796966889539
"Tmax","Maximum temperature","2025/2026",-51,-0.0500213693298444,-0.110520955488771
"Tmax","Maximum temperature","2025/2026",-50,-0.0506515109095562,-0.111913237435787
"Tmax","Maximum temperature","2025/2026",-49,-0.0507848568794898,-0.112207861997351
"Tmax","Maximum temperature","2025/2026",-48,-0.0504491727795108,-0.111466176434379
"Tmax","Maximum temperature","2025/2026",-47,-0.0496722241494849,-0.109749528007785
"Tmax","Maximum temperature","2025/2026",-46,-0.0484817765292771,-0.107119263978483
"Tmax","Maximum temperature","2025/2026",-45,-0.0469055954587532,-0.10363673160739
"Tmax","Maximum temperature","2025/2026",-44,-0.0449714464777786,-0.0993632781554184
"Tmax","Maximum temperature","2025/2026",-43,-0.0427070951262189,-0.0943602508834848
"Tmax","Maximum temperature","2025/2026",-42,-0.0401403069439394,-0.0886889970525034
"Tmax","Maximum temperature","2025/2026",-41,-0.0372988474708058,-0.0824108639233892
"Tmax","Maximum temperature","2025/2026",-40,-0.0342104822466833,-0.0755871987570568
"Tmax","Maximum temperature","2025/2026",-39,-0.0309029768114377,-0.0682793488144214
"Tmax","Maximum temperature","2025/2026",-38,-0.0274040967049343,-0.0605486613563975
"Tmax","Maximum temperature","2025/2026",-37,-0.0237416074670385,-0.0524564836438997
"Tmax","Maximum temperature","2025/2026",-36,-0.0199432746376159,-0.0440641629378432
"Tmax","Maximum temperature","2025/2026",-35,-0.0160368637565322,-0.0354330464991431
"Tmax","Maximum temperature","2025/2026",-34,-0.0120501403636524,-0.0266244815887134
"Tmax","Maximum temperature","2025/2026",-33,-0.0080108699988425,-0.0176998154674699
"Tmax","Maximum temperature","2025/2026",-32,-0.00394681820196752,-0.00872039539632655
"Tmax","Maximum temperature","2025/2026",-31,0.000114249487106657,0.000252431363801074
"Tmax","Maximum temperature","2025/2026",-30,0.00414456752851487,0.00915731755199883
"Tmax","Maximum temperature","2025/2026",-29,0.00811637038239139,0.0179329159073513
"Tmax","Maximum temperature","2025/2026",-28,0.0120018925088709,0.0265178791689441
"Tmax","Maximum temperature","2025/2026",-27,0.0157733683680877,0.034850860075862
"Tmax","Maximum temperature","2025/2026",-26,0.0194030324201766,0.0428705113671904
"Tmax","Maximum temperature","2025/2026",-25,0.022863119125272,0.0505154857820148
"Tmax","Maximum temperature","2025/2026",-24,0.0261258629435083,0.0577244360594197
"Tmax","Maximum temperature","2025/2026",-23,0.0291634983350201,0.0644360149384907
"Tmax","Maximum temperature","2025/2026",-22,0.0319482597599419,0.070588875158313
"Tmax","Maximum temperature","2025/2026",-21,0.0344523816784083,0.0761216694579714
"Tmax","Maximum temperature","2025/2026",-20,0.0366480985505538,0.0809730505765518
"Tmax","Maximum temperature","2025/2026",-19,0.0385076448365126,0.0850816712531383
"Tmax","Maximum temperature","2025/2026",-18,0.0400032549964197,0.088386184226817
"Tmax","Maximum temperature","2025/2026",-17,0.0411071634904093,0.0908252422366726
"Tmax","Maximum temperature","2025/2026",-16,0.0417916047786161,0.0923374980217906
"Tmax","Maximum temperature","2025/2026",-15,0.0420288133211745,0.0928616043212558
"Tmax","Maximum temperature","2025/2026",-14,0.0417910235782189,0.0923362138741534
"Tmax","Maximum temperature","2025/2026",-13,0.0410504700098841,0.0906999794195691
"Tmax","Maximum temperature","2025/2026",-12,0.0397793870763044,0.0878915536965875
"Tmax","Maximum temperature","2025/2026",-11,0.0379500092376144,0.083849589444294
"Tmax","Maximum temperature","2025/2026",-10,0.0355345709539487,0.0785127394017738
"Tmax","Maximum temperature","2025/2026",-9,0.0325053066854417,0.0718196563081122
"Tmax","Maximum temperature","2025/2026",-8,0.0288344508922277,0.0637089929023937
"Tmax","Maximum temperature","2025/2026",-7,0.0244942380344417,0.0541194019237044
"Tmax","Maximum temperature","2025/2026",-6,0.0194569025722178,0.0429895361111286
"Tmax","Maximum temperature","2025/2026",-5,0.0136946789656908,0.0302580482037522
"Tmax","Maximum temperature","2025/2026",-4,0.00717980167499505,0.0158635909406601
"Tmax","Maximum temperature","2025/2026",-3,-0.000115494839735053,-0.000255182939062902
"Tmax","Maximum temperature","2025/2026",-2,-0.00821897611836458,-0.0181596206963308
"Tmax","Maximum temperature","2025/2026",-1,-0.0171584077007593,-0.037911069592059
"RH","Relative humidity","2022/2023",-80,-0.0134437760872302,-0.0779678621817358
"RH","Relative humidity","2022/2023",-79,-0.00883715743493269,-0.0512515433531808
"RH","Relative humidity","2022/2023",-78,-0.00450474350848181,-0.0261254887581025
"RH","Relative humidity","2022/2023",-77,-0.000440215060390969,-0.00255304959976904
"RH","Relative humidity","2022/2023",-76,0.00336274715682627,0.0195024229185502
"RH","Relative humidity","2022/2023",-75,0.00691046239065639,0.0400775775935862
"RH","Relative humidity","2022/2023",-74,0.0102092498885858,0.0592090632220698
"RH","Relative humidity","2022/2023",-73,0.013265428898101,0.0769335286007318
"RH","Relative humidity","2022/2023",-72,0.0160853186666885,0.0932876225263032
"RH","Relative humidity","2022/2023",-71,0.0186752384418346,0.108307993795515
"RH","Relative humidity","2022/2023",-70,0.021041507471026,0.122031291205098
"RH","Relative humidity","2022/2023",-69,0.0231904450017489,0.134494163551783
"RH","Relative humidity","2022/2023",-68,0.02512837028149,0.145733259632301
"RH","Relative humidity","2022/2023",-67,0.0268616025577356,0.155785228243383
"RH","Relative humidity","2022/2023",-66,0.0283964610779722,0.16468671818176
"RH","Relative humidity","2022/2023",-65,0.0297392650896863,0.172474378244163
"RH","Relative humidity","2022/2023",-64,0.0308963338403643,0.179184857227322
"RH","Relative humidity","2022/2023",-63,0.0318739865774927,0.184854803927969
"RH","Relative humidity","2022/2023",-62,0.0326785425485581,0.189520867142834
"RH","Relative humidity","2022/2023",-61,0.0333163210010467,0.193219695668649
"RH","Relative humidity","2022/2023",-60,0.0337936411824451,0.195987938302144
"RH","Relative humidity","2022/2023",-59,0.0341168223402397,0.19786224384005
"RH","Relative humidity","2022/2023",-58,0.0342921837219171,0.198879261079099
"RH","Relative humidity","2022/2023",-57,0.0343260445749637,0.199075638816021
"RH","Relative humidity","2022/2023",-56,0.0342247241468659,0.198488025847546
"RH","Relative humidity","2022/2023",-55,0.0339945416851102,0.197153070970406
"RH","Relative humidity","2022/2023",-54,0.033641816437183,0.195107422981332
"RH","Relative humidity","2022/2023",-53,0.0331728676505709,0.192387730677055
"RH","Relative humidity","2022/2023",-52,0.0325940145727603,0.189030642854306
"RH","Relative humidity","2022/2023",-51,0.0319115764512376,0.185072808309815
"RH","Relative humidity","2022/2023",-50,0.0311318725334894,0.180550875840313
"RH","Relative humidity","2022/2023",-49,0.030261222067002,0.175501494242532
"RH","Relative humidity","2022/2023",-48,0.0293059442992619,0.169961312313201
"RH","Relative humidity","2022/2023",-47,0.0282723584777556,0.163966978849053
"RH","Relative humidity","2022/2023",-46,0.0271667838499696,0.157555142646818
"RH","Relative humidity","2022/2023",-45,0.0259955396633903,0.150762452503227
"RH","Relative humidity","2022/2023",-44,0.0247649451655042,0.143625557215011
"RH","Relative humidity","2022/2023",-43,0.0234813196037977,0.136181105578901
"RH","Relative humidity","2022/2023",-42,0.0221509822257574,0.128465746391627
"RH","Relative humidity","2022/2023",-41,0.0207802522788696,0.120516128449921
"RH","Relative humidity","2022/2023",-40,0.0193754490106208,0.112368900550513
"RH","Relative humidity","2022/2023",-39,0.0179428916684976,0.104060711490135
"RH","Relative humidity","2022/2023",-38,0.0164888994999863,0.0956282100655169
"RH","Relative humidity","2022/2023",-37,0.0150197917525734,0.0871080450733903
"RH","Relative humidity","2022/2023",-36,0.0135418876737454,0.0785368653104857
"RH","Relative humidity","2022/2023",-35,0.0120615065109887,0.0699513195735342
"RH","Relative humidity","2022/2023",-34,0.0105849675117898,0.0613880566592665
"RH","Relative humidity","2022/2023",-33,0.00911858992363525,0.0528837253644141
"RH","Relative humidity","2022/2023",-32,0.00766869299401136,0.044474974485707
"RH","Relative humidity","2022/2023",-31,0.00624159597040468,0.0361984528198768
"RH","Relative humidity","2022/2023",-30,0.00484361810030163,0.028090809163654
"RH","Relative humidity","2022/2023",-29,0.00348107863118874,0.02018869231377
"RH","Relative humidity","2022/2023",-28,0.0021602968105524,0.0125287510669552
"RH","Relative humidity","2022/2023",-27,0.000887591885879099,0.00514763421994085
"RH","Relative humidity","2022/2023",-26,-0.000330716895344703,-0.00191800943054236
"RH","Relative humidity","2022/2023",-25,-0.00148831028563252,-0.00863153108776332
"RH","Relative humidity","2022/2023",-24,-0.00257886903749795,-0.0149562819549914
"RH","Relative humidity","2022/2023",-23,-0.00359607390345446,-0.0208556132354954
"RH","Relative humidity","2022/2023",-22,-0.00453360563601565,-0.0262928761325447
"RH","Relative humidity","2022/2023",-21,-0.00538514498769502,-0.0312314218494081
"RH","Relative humidity","2022/2023",-20,-0.00614437271100612,-0.0356346015893549
"RH","Relative humidity","2022/2023",-19,-0.00680496955846248,-0.039465766555654
"RH","Relative humidity","2022/2023",-18,-0.00736061628257761,-0.0426882679515745
"RH","Relative humidity","2022/2023",-17,-0.00780499363586512,-0.0452654569803858
"RH","Relative humidity","2022/2023",-16,-0.00813178237083849,-0.0471606848453566
"RH","Relative humidity","2022/2023",-15,-0.00833466324001129,-0.0483373027497564
"RH","Relative humidity","2022/2023",-14,-0.00840731699589703,-0.0487586618968538
"RH","Relative humidity","2022/2023",-13,-0.00834342439100928,-0.0483881134899184
"RH","Relative humidity","2022/2023",-12,-0.00813666617786153,-0.0471890087322188
"RH","Relative humidity","2022/2023",-11,-0.00778072310896739,-0.0451246988270246
"RH","Relative humidity","2022/2023",-10,-0.00726927593684033,-0.0421585349776044
"RH","Relative humidity","2022/2023",-9,-0.00659600541399391,-0.0382538683872276
"RH","Relative humidity","2022/2023",-8,-0.00575459229294167,-0.0333740502591631
"RH","Relative humidity","2022/2023",-7,-0.00473871732619717,-0.0274824317966803
"RH","Relative humidity","2022/2023",-6,-0.0035420612662739,-0.0205423642030479
"RH","Relative humidity","2022/2023",-5,-0.00215830486568545,-0.0125171986815353
"RH","Relative humidity","2022/2023",-4,-0.000581128876945294,-0.00337028643541122
"RH","Relative humidity","2022/2023",-3,0.00119578594743297,0.00693502133205485
"RH","Relative humidity","2022/2023",-2,0.00317875885493578,0.0184353734175937
"RH","Relative humidity","2022/2023",-1,0.00537410909304971,0.0311674186179369
"RH","Relative humidity","2023/2024",-80,-0.0604180948581172,-0.350397809560012
"RH","Relative humidity","2023/2024",-79,-0.0527343597572033,-0.305835597611386
"RH","Relative humidity","2023/2024",-78,-0.0454292267645878,-0.263469107817755
"RH","Relative humidity","2023/2024",-77,-0.0384946717540317,-0.223251803851478
"RH","Relative humidity","2023/2024",-76,-0.0319226705992963,-0.185137149384915
"RH","Relative humidity","2023/2024",-75,-0.0257051991741429,-0.149078608090427
"RH","Relative humidity","2023/2024",-74,-0.0198342333523326,-0.115029643640373
"RH","Relative humidity","2023/2024",-73,-0.0143017490076267,-0.0829437197071134
"RH","Relative humidity","2023/2024",-72,-0.00909972201378648,-0.0527742999630089
"RH","Relative humidity","2023/2024",-71,-0.00422012824457313,-0.024474848080419
"RH","Relative humidity","2023/2024",-70,0.000345056426252099,0.002001172268296
"RH","Relative humidity","2023/2024",-69,0.00460385612492797,0.026700297410776
"RH","Relative humidity","2023/2024",-68,0.00856429497769329,0.0496690636746611
"RH","Relative humidity","2023/2024",-67,0.0122343971107868,0.0709540073875909
"RH","Relative humidity","2023/2024",-66,0.0156221866504472,0.0906016648772058
"RH","Relative humidity","2023/2024",-65,0.0187356877229134,0.108658572471145
"RH","Relative humidity","2023/2024",-64,0.021582924454424,0.125171266497049
"RH","Relative humidity","2023/2024",-63,0.0241719209712179,0.140186283282558
"RH","Relative humidity","2023/2024",-62,0.0265107013995339,0.153750159155312
"RH","Relative humidity","2023/2024",-61,0.0286072898656106,0.165909430442949
"RH","Relative humidity","2023/2024",-60,0.0304697104956869,0.176710633473111
"RH","Relative humidity","2023/2024",-59,0.0321059874160015,0.186200304573437
"RH","Relative humidity","2023/2024",-58,0.0335241447527932,0.194424980071567
"RH","Relative humidity","2023/2024",-57,0.0347322066323007,0.201431196295141
"RH","Relative humidity","2023/2024",-56,0.0357381971807628,0.207265489571799
"RH","Relative humidity","2023/2024",-55,0.0365501405244184,0.211974396229182
"RH","Relative humidity","2023/2024",-54,0.037176060789506,0.215604452594927
"RH","Relative humidity","2023/2024",-53,0.0376239821022646,0.218202194996677
"RH","Relative humidity","2023/2024",-52,0.0379019285889329,0.21981415976207
"RH","Relative humidity","2023/2024",-51,0.0380179243757496,0.220486883218747
"RH","Relative humidity","2023/2024",-50,0.0379799935889536,0.220266901694347
"RH","Relative humidity","2023/2024",-49,0.0377961603547835,0.21920075151651
"RH","Relative humidity","2023/2024",-48,0.0374744487994782,0.217334969012877
"RH","Relative humidity","2023/2024",-47,0.0370228830492764,0.214716090511087
"RH","Relative humidity","2023/2024",-46,0.0364494872304168,0.21139065233878
"RH","Relative humidity","2023/2024",-45,0.0357622854691384,0.207405190823596
"RH","Relative humidity","2023/2024",-44,0.0349693018916796,0.202806242293175
"RH","Relative humidity","2023/2024",-43,0.0340785606242796,0.197640343075156
"RH","Relative humidity","2023/2024",-42,0.0330980857931768,0.191954029497181
"RH","Relative humidity","2023/2024",-41,0.0320359015246102,0.185793837886888
"RH","Relative humidity","2023/2024",-40,0.0309000319448184,0.179206304571918
"RH","Relative humidity","2023/2024",-39,0.0296985011800403,0.17223796587991
"RH","Relative humidity","2023/2024",-38,0.0284393333565146,0.164935358138505
"RH","Relative humidity","2023/2024",-37,0.0271305526004801,0.157345017675341
"RH","Relative humidity","2023/2024",-36,0.0257801830381755,0.14951348081806
"RH","Relative humidity","2023/2024",-35,0.0243962487958396,0.141487283894302
"RH","Relative humidity","2023/2024",-34,0.0229867739997112,0.133312963231705
"RH","Relative humidity","2023/2024",-33,0.0215597827760291,0.12503705515791
"RH","Relative humidity","2023/2024",-32,0.0201232992510319,0.116706096000558
"RH","Relative humidity","2023/2024",-31,0.0186853475509585,0.108366622087286
"RH","Relative humidity","2023/2024",-30,0.0172539518020477,0.100065169745737
"RH","Relative humidity","2023/2024",-29,0.0158371361305382,0.0918482753035491
"RH","Relative humidity","2023/2024",-28,0.0144429246626687,0.0837624750883629
"RH","Relative humidity","2023/2024",-27,0.0130793415246781,0.0758543054278184
"RH","Relative humidity","2023/2024",-26,0.0117544108428051,0.0681703026495549
"RH","Relative humidity","2023/2024",-25,0.0104761567432885,0.0607570030812127
"RH","Relative humidity","2023/2024",-24,0.00925260335236699,0.0536609430504318
"RH","Relative humidity","2023/2024",-23,0.00809177479627939,0.046928658884852
"RH","Relative humidity","2023/2024",-22,0.00700169520126447,0.0406066869121131
"RH","Relative humidity","2023/2024",-21,0.00599038869356097,0.0347415634598551
"RH","Relative humidity","2023/2024",-20,0.00506587939940769,0.0293798248557181
"RH","Relative humidity","2023/2024",-19,0.00423619144504339,0.0245680074273418
"RH","Relative humidity","2023/2024",-18,0.00350934895670685,0.0203526475023664
"RH","Relative humidity","2023/2024",-17,0.00289337606063678,0.0167802814084313
"RH","Relative humidity","2023/2024",-16,0.00239629688307197,0.0138974454731767
"RH","Relative humidity","2023/2024",-15,0.0020261355502512,0.0117506760242426
"RH","Relative humidity","2023/2024",-14,0.00179091618841326,0.0103865093892689
"RH","Relative humidity","2023/2024",-13,0.00169866292379686,0.00985148189589529
"RH","Relative humidity","2023/2024",-12,0.0017573998826408,0.0101921298717619
"RH","Relative humidity","2023/2024",-11,0.00197515119118383,0.0114549896445084
"RH","Relative humidity","2023/2024",-10,0.00235994097566473,0.0136865975417751
"RH","Relative humidity","2023/2024",-9,0.00291979336232226,0.0169334898912015
"RH","Relative humidity","2023/2024",-8,0.00366273247739522,0.021242203020428
"RH","Relative humidity","2023/2024",-7,0.00459678244712232,0.026659273257094
"RH","Relative humidity","2023/2024",-6,0.00572996739774236,0.0332312369288397
"RH","Relative humidity","2023/2024",-5,0.00707031145549411,0.041004630363305
"RH","Relative humidity","2023/2024",-4,0.00862583874661631,0.0500259898881297
"RH","Relative humidity","2023/2024",-3,0.0104045733973478,0.0603418518309539
"RH","Relative humidity","2023/2024",-2,0.0124145395339272,0.0719987525194172
"RH","Relative humidity","2023/2024",-1,0.0146637612825934,0.0850432282811598
"RH","Relative humidity","2024/2025",-80,-0.0152077516425056,-0.0881981280008983
"RH","Relative humidity","2024/2025",-79,-0.0136955477932633,-0.079428024977507
"RH","Relative humidity","2024/2025",-78,-0.0121153539525139,-0.0702636105453888
"RH","Relative humidity","2024/2025",-77,-0.0104718356751166,-0.0607319428268978
"RH","Relative humidity","2024/2025",-76,-0.00876965851593077,-0.0508600799443878
"RH","Relative humidity","2024/2025",-75,-0.00701348802981552,-0.0406750800202127
"RH","Relative humidity","2024/2025",-74,-0.00520798977163013,-0.0302040011767265
"RH","Relative humidity","2024/2025",-73,-0.00335782929623385,-0.019473901536283
"RH","Relative humidity","2024/2025",-72,-0.00146767215848591,-0.00851183922123595
"RH","Relative humidity","2024/2025",-71,0.000457816086754438,0.00265512764606048
"RH","Relative humidity","2024/2025",-70,0.00241396988462796,0.0139999409432526
"RH","Relative humidity","2024/2025",-69,0.00439612368027541,0.0254955425479863
"RH","Relative humidity","2024/2025",-68,0.00639961191883755,0.037114874337908
"RH","Relative humidity","2024/2025",-67,0.00841976904545515,0.0488308781906635
"RH","Relative humidity","2024/2025",-66,0.0104519295052689,0.060616495983899
"RH","Relative humidity","2024/2025",-65,0.0124914277434197,0.0724446695952608
"RH","Relative humidity","2024/2025",-64,0.0145335982050482,0.0842883409023948
"RH","Relative humidity","2024/2025",-63,0.0165737753352952,0.0961204517829472
"RH","Relative humidity","2024/2025",-62,0.0186072935793014,0.107913944114564
"RH","Relative humidity","2024/2025",-61,0.0206294873822076,0.119641759774891
"RH","Relative humidity","2024/2025",-60,0.0226356911891546,0.131276840641575
"RH","Relative humidity","2024/2025",-59,0.0246212394452832,0.142792128592262
"RH","Relative humidity","2024/2025",-58,0.026581466595734,0.154160565504598
"RH","Relative humidity","2024/2025",-57,0.0285117070856478,0.165355093256229
"RH","Relative humidity","2024/2025",-56,0.0304072953601654,0.176348653724801
"RH","Relative humidity","2024/2025",-55,0.0322635658644276,0.18711418878796
"RH","Relative humidity","2024/2025",-54,0.0340758530435751,0.197624640323352
"RH","Relative humidity","2024/2025",-53,0.0358394913427487,0.207852950208624
"RH","Relative humidity","2024/2025",-52,0.0375498152070892,0.217772060321421
"RH","Relative humidity","2024/2025",-51,0.0392021590817372,0.22735491253939
"RH","Relative humidity","2024/2025",-50,0.0407918574118336,0.236574448740177
"RH","Relative humidity","2024/2025",-49,0.042314244642519,0.245403610801428
"RH","Relative humidity","2024/2025",-48,0.0437646552189344,0.253815340600788
"RH","Relative humidity","2024/2025",-47,0.0451384235862204,0.261782580015905
"RH","Relative humidity","2024/2025",-46,0.0464308841895178,0.269278270924424
"RH","Relative humidity","2024/2025",-45,0.0476373714739674,0.276275355203991
"RH","Relative humidity","2024/2025",-44,0.0487532198847098,0.282746774732253
"RH","Relative humidity","2024/2025",-43,0.0497737638668859,0.288665471386855
"RH","Relative humidity","2024/2025",-42,0.0506943378656365,0.294004387045443
"RH","Relative humidity","2024/2025",-41,0.0515102763261022,0.298736463585665
"RH","Relative humidity","2024/2025",-40,0.0522169136934239,0.302834642885165
"RH","Relative humidity","2024/2025",-39,0.0528095844127423,0.30627186682159
"RH","Relative humidity","2024/2025",-38,0.0532836229291982,0.309021077272586
"RH","Relative humidity","2024/2025",-37,0.0536343636879322,0.311055216115799
"RH","Relative humidity","2024/2025",-36,0.0538571411340853,0.312347225228876
"RH","Relative humidity","2024/2025",-35,0.0539472897127981,0.312870046489462
"RH","Relative humidity","2024/2025",-34,0.0539001438692114,0.312596621775203
"RH","Relative humidity","2024/2025",-33,0.053711038048466,0.311499892963746
"RH","Relative humidity","2024/2025",-32,0.0533753066957026,0.309552801932736
"RH","Relative humidity","2024/2025",-31,0.0528882842560619,0.30672829055982
"RH","Relative humidity","2024/2025",-30,0.0522453051746849,0.302999300722645
"RH","Relative humidity","2024/2025",-29,0.0514417038967121,0.298338774298855
"RH","Relative humidity","2024/2025",-28,0.0504728148672844,0.292719653166097
"RH","Relative humidity","2024/2025",-27,0.0493339725315424,0.286114879202018
"RH","Relative humidity","2024/2025",-26,0.0480205113346271,0.278497394284263
"RH","Relative humidity","2024/2025",-25,0.046527765721679,0.269840140290478
"RH","Relative humidity","2024/2025",-24,0.0448510701378391,0.26011605909831
"RH","Relative humidity","2024/2025",-23,0.0429857590282481,0.249298092585404
"RH","Relative humidity","2024/2025",-22,0.0409271668380466,0.237359182629407
"RH","Relative humidity","2024/2025",-21,0.0386706280123755,0.224272271107965
"RH","Relative humidity","2024/2025",-20,0.0362114769963756,0.210010299898724
"RH","Relative humidity","2024/2025",-19,0.0335450482351875,0.19454621087933
"RH","Relative humidity","2024/2025",-18,0.0306666761739521,0.177852945927429
"RH","Relative humidity","2024/2025",-17,0.0275716952578101,0.159903446920668
"RH","Relative humidity","2024/2025",-16,0.0242554399319022,0.140670655736692
"RH","Relative humidity","2024/2025",-15,0.0207132446413694,0.120127514253147
"RH","Relative humidity","2024/2025",-14,0.0169404438313521,0.0982469643476802
"RH","Relative humidity","2024/2025",-13,0.0129323719469913,0.0750019478979367
"RH","Relative humidity","2024/2025",-12,0.00868436343342771,0.050365406781563
"RH","Relative humidity","2024/2025",-11,0.00419175273580213,0.0243102828762056
"RH","Relative humidity","2024/2025",-10,-0.00055012570074478,-0.00319048194049005
"RH","Relative humidity","2024/2025",-9,-0.00554593743107215,-0.0321639457908772
"RH","Relative humidity","2024/2025",-8,-0.0108003480100394,-0.0626371667973107
"RH","Relative humidity","2024/2025",-7,-0.0163180229925055,-0.0946372030821435
"RH","Relative humidity","2024/2025",-6,-0.02210362793333,-0.12819111276773
"RH","Relative humidity","2024/2025",-5,-0.0281618283873719,-0.163325953976424
"RH","Relative humidity","2024/2025",-4,-0.0344972899094905,-0.200068784830579
"RH","Relative humidity","2024/2025",-3,-0.0411146780545451,-0.23844666345255
"RH","Relative humidity","2024/2025",-2,-0.0480186583773949,-0.278486647964689
"RH","Relative humidity","2024/2025",-1,-0.0552138964328991,-0.320215796489352
"RH","Relative humidity","2025/2026",-80,-0.00890169291274704,-0.0516258201343035
"RH","Relative humidity","2025/2026",-79,-0.00694382596631123,-0.0402710713450194
"RH","Relative humidity","2025/2026",-78,-0.00503685215358643,-0.0292114798693822
"RH","Relative humidity","2025/2026",-77,-0.0031800956106039,-0.0184431259999802
"RH","Relative humidity","2025/2026",-76,-0.00137288047339496,-0.00796209002940246
"RH","Relative humidity","2025/2026",-75,0.000385469122009082,0.00223554774976253
"RH","Relative humidity","2025/2026",-74,0.00209562903957693,0.012153707044926
"RH","Relative humidity","2025/2026",-73,0.00375827514327728,0.0217963075634993
"RH","Relative humidity","2025/2026",-72,0.00537408329707882,0.0311672690128936
"RH","Relative humidity","2025/2026",-71,0.00694372936495025,0.0402705111005204
"RH","Relative humidity","2025/2026",-70,0.00846788921086029,0.0491099535337908
"RH","Relative humidity","2025/2026",-69,0.0099472386987776,0.0576895160201162
"RH","Relative humidity","2025/2026",-68,0.0113824536926709,0.066013118266908
"RH","Relative humidity","2025/2026",-67,0.0127742100565089,0.0740846799815772
"RH","Relative humidity","2025/2026",-66,0.0141231836542603,0.0819081208715355
"RH","Relative humidity","2025/2026",-65,0.0154300503498937,0.0894873606441939
"RH","Relative humidity","2025/2026",-64,0.0166954860073779,0.0968263190069638
"RH","Relative humidity","2025/2026",-63,0.0179201664906816,0.103928915667257
"RH","Relative humidity","2025/2026",-62,0.0191047676637735,0.110799070332483
"RH","Relative humidity","2025/2026",-61,0.0202499653906222,0.117440702710056
"RH","Relative humidity","2025/2026",-60,0.0213564355351965,0.123857732507385
"RH","Relative humidity","2025/2026",-59,0.0224248539614651,0.130054079431881
"RH","Relative humidity","2025/2026",-58,0.0234558965333966,0.136033663190958
"RH","Relative humidity","2025/2026",-57,0.0244502391149598,0.141800403492025
"RH","Relative humidity","2025/2026",-56,0.0254085575701233,0.147358220042493
"RH","Relative humidity","2025/2026",-55,0.0263315277628559,0.152711032549775
"RH","Relative humidity","2025/2026",-54,0.0272198255571262,0.157862760721282
"RH","Relative humidity","2025/2026",-53,0.028074126816903,0.162817324264424
"RH","Relative humidity","2025/2026",-52,0.0288951074061549,0.167578642886614
"RH","Relative humidity","2025/2026",-51,0.0296834431888507,0.172150636295261
"RH","Relative humidity","2025/2026",-50,0.030439810028959,0.176537224197779
"RH","Relative humidity","2025/2026",-49,0.0311648837904486,0.180742326301578
"RH","Relative humidity","2025/2026",-48,0.031859340337288,0.184769862314069
"RH","Relative humidity","2025/2026",-47,0.0325238555334461,0.188623751942663
"RH","Relative humidity","2025/2026",-46,0.0331591052428915,0.192307914894773
"RH","Relative humidity","2025/2026",-45,0.033765765329593,0.195826270877808
"RH","Relative humidity","2025/2026",-44,0.0343445116575192,0.199182739599182
"RH","Relative humidity","2025/2026",-43,0.0348960200906388,0.202381240766304
"RH","Relative humidity","2025/2026",-42,0.0354209664929205,0.205425694086586
"RH","Relative humidity","2025/2026",-41,0.035920026728333,0.20832001926744
"RH","Relative humidity","2025/2026",-40,0.0363938766608451,0.211068136016276
"RH","Relative humidity","2025/2026",-39,0.0368431921544253,0.213673964040506
"RH","Relative humidity","2025/2026",-38,0.0372686490730424,0.216141423047542
"RH","Relative humidity","2025/2026",-37,0.0376709232806652,0.218474432744794
"RH","Relative humidity","2025/2026",-36,0.0380506906412622,0.220676912839675
"RH","Relative humidity","2025/2026",-35,0.0384086270188023,0.222752783039594
"RH","Relative humidity","2025/2026",-34,0.038745408277254,0.224705963051964
"RH","Relative humidity","2025/2026",-33,0.0390617102805862,0.226540372584196
"RH","Relative humidity","2025/2026",-32,0.0393582088927674,0.228259931343701
"RH","Relative humidity","2025/2026",-31,0.0396355799777664,0.229868559037891
"RH","Relative humidity","2025/2026",-30,0.0398944993995519,0.231370175374176
"RH","Relative humidity","2025/2026",-29,0.0401356430220926,0.232768700059969
"RH","Relative humidity","2025/2026",-28,0.0403596867093572,0.234068052802679
"RH","Relative humidity","2025/2026",-27,0.0405673063253143,0.23527215330972
"RH","Relative humidity","2025/2026",-26,0.0407591777339327,0.236384921288501
"RH","Relative humidity","2025/2026",-25,0.0409359767991811,0.237410276446435
"RH","Relative humidity","2025/2026",-24,0.0410983793850281,0.238352138490932
"RH","Relative humidity","2025/2026",-23,0.0412470613554425,0.239214427129404
"RH","Relative humidity","2025/2026",-22,0.041382698574393,0.240001062069262
"RH","Relative humidity","2025/2026",-21,0.0415059669058482,0.240715963017917
"RH","Relative humidity","2025/2026",-20,0.0416175422137769,0.241363049682782
"RH","Relative humidity","2025/2026",-19,0.0417181003621478,0.241946241771266
"RH","Relative humidity","2025/2026",-18,0.0418083172149295,0.242469458990782
"RH","Relative humidity","2025/2026",-17,0.0418888686360907,0.24293662104874
"RH","Relative humidity","2025/2026",-16,0.0419604304896002,0.243351647652553
"RH","Relative humidity","2025/2026",-15,0.0420236786394267,0.243718458509631
"RH","Relative humidity","2025/2026",-14,0.0420792889495388,0.244040973327385
"RH","Relative humidity","2025/2026",-13,0.0421279372839052,0.244323111813227
"RH","Relative humidity","2025/2026",-12,0.0421702995064946,0.244568793674568
"RH","Relative humidity","2025/2026",-11,0.0422070514812758,0.24478193861882
"RH","Relative humidity","2025/2026",-10,0.0422388690722174,0.244966466353394
"RH","Relative humidity","2025/2026",-9,0.0422664281432882,0.2451262965857
"RH","Relative humidity","2025/2026",-8,0.0422904045584567,0.245265349023151
"RH","Relative humidity","2025/2026",-7,0.0423114741816919,0.245387543373158
"RH","Relative humidity","2025/2026",-6,0.0423303128769622,0.245496799343132
"RH","Relative humidity","2025/2026",-5,0.0423475965082364,0.245597036640484
"RH","Relative humidity","2025/2026",-4,0.0423640009394832,0.245692174972625
"RH","Relative humidity","2025/2026",-3,0.0423802020346714,0.245786134046968
"RH","Relative humidity","2025/2026",-2,0.0423968756577695,0.245882833570922
"RH","Relative humidity","2025/2026",-1,0.0424146976727464,0.245986193251901
