"process","process_label","omitted_season","lag_day","beta","beta_per_process_sd"
"LogRain","Log rainfall amount","2022/2023",-80,0.069463672889293,0.0673658043367385
"LogRain","Log rainfall amount","2022/2023",-79,0.0866458049597473,0.0840290197844872
"LogRain","Log rainfall amount","2022/2023",-78,0.10319902461033,0.100082316561659
"LogRain","Log rainfall amount","2022/2023",-77,0.119126460005354,0.11552872835905
"LogRain","Log rainfall amount","2022/2023",-76,0.134431239309135,0.130371288867455
"LogRain","Log rainfall amount","2022/2023",-75,0.149116490685984,0.144613031777672
"LogRain","Log rainfall amount","2022/2023",-74,0.163185342300217,0.158256990780495
"LogRain","Log rainfall amount","2022/2023",-73,0.176640922316147,0.17130619956672
"LogRain","Log rainfall amount","2022/2023",-72,0.189486358898087,0.183763691827143
"LogRain","Log rainfall amount","2022/2023",-71,0.201724780210351,0.195632501252561
"LogRain","Log rainfall amount","2022/2023",-70,0.213359314417253,0.206915661533768
"LogRain","Log rainfall amount","2022/2023",-69,0.224393089683106,0.21761620636156
"LogRain","Log rainfall amount","2022/2023",-68,0.234829234172224,0.227737169426735
"LogRain","Log rainfall amount","2022/2023",-67,0.244670876048921,0.237281584420086
"LogRain","Log rainfall amount","2022/2023",-66,0.253921143477511,0.246252485032411
"LogRain","Log rainfall amount","2022/2023",-65,0.262583164622306,0.254652904954504
"LogRain","Log rainfall amount","2022/2023",-64,0.270660067647622,0.262485877877162
"LogRain","Log rainfall amount","2022/2023",-63,0.278154980717771,0.269754437491181
"LogRain","Log rainfall amount","2022/2023",-62,0.285071031997067,0.276461617487356
"LogRain","Log rainfall amount","2022/2023",-61,0.291411349649823,0.282610451556483
"LogRain","Log rainfall amount","2022/2023",-60,0.297179061840355,0.288203973389358
"LogRain","Log rainfall amount","2022/2023",-59,0.302377296732974,0.293245216676777
"LogRain","Log rainfall amount","2022/2023",-58,0.307009182491996,0.297737215109535
"LogRain","Log rainfall amount","2022/2023",-57,0.311077847281732,0.301683002378429
"LogRain","Log rainfall amount","2022/2023",-56,0.314586419266498,0.305085612174254
"LogRain","Log rainfall amount","2022/2023",-55,0.317538026610607,0.307948078187807
"LogRain","Log rainfall amount","2022/2023",-54,0.319935797478373,0.310273434109882
"LogRain","Log rainfall amount","2022/2023",-53,0.321782860034108,0.312064713631276
"LogRain","Log rainfall amount","2022/2023",-52,0.323082342442128,0.313324950442784
"LogRain","Log rainfall amount","2022/2023",-51,0.323837372866745,0.314057178235203
"LogRain","Log rainfall amount","2022/2023",-50,0.324051079472273,0.314264430699328
"LogRain","Log rainfall amount","2022/2023",-49,0.323726590423026,0.313949741525955
"LogRain","Log rainfall amount","2022/2023",-48,0.322867033883317,0.31311614440588
"LogRain","Log rainfall amount","2022/2023",-47,0.321475538017461,0.311766673029899
"LogRain","Log rainfall amount","2022/2023",-46,0.319555230989771,0.309904361088806
"LogRain","Log rainfall amount","2022/2023",-45,0.31710924096456,0.3075322422734
"LogRain","Log rainfall amount","2022/2023",-44,0.314140696106143,0.304653350274474
"LogRain","Log rainfall amount","2022/2023",-43,0.310652724578832,0.301270718782825
"LogRain","Log rainfall amount","2022/2023",-42,0.306648454546942,0.297387381489249
"LogRain","Log rainfall amount","2022/2023",-41,0.302131014174787,0.293006372084541
"LogRain","Log rainfall amount","2022/2023",-40,0.297103531626679,0.288130724259498
"LogRain","Log rainfall amount","2022/2023",-39,0.291569135066933,0.282763471704915
"LogRain","Log rainfall amount","2022/2023",-38,0.285530952659862,0.276907648111588
"LogRain","Log rainfall amount","2022/2023",-37,0.27899211256978,0.270566287170313
"LogRain","Log rainfall amount","2022/2023",-36,0.271955742961001,0.263742422571885
"LogRain","Log rainfall amount","2022/2023",-35,0.264424971997838,0.256439088007101
"LogRain","Log rainfall amount","2022/2023",-34,0.256402927844605,0.248659317166757
"LogRain","Log rainfall amount","2022/2023",-33,0.247892738665616,0.240406143741647
"LogRain","Log rainfall amount","2022/2023",-32,0.238897532625184,0.231682601422568
"LogRain","Log rainfall amount","2022/2023",-31,0.229420437887623,0.222491723900316
"LogRain","Log rainfall amount","2022/2023",-30,0.219464582617246,0.212836544865687
"LogRain","Log rainfall amount","2022/2023",-29,0.209033094978368,0.202720098009476
"LogRain","Log rainfall amount","2022/2023",-28,0.198129103135302,0.192145417022479
"LogRain","Log rainfall amount","2022/2023",-27,0.186755735252362,0.181115535595492
"LogRain","Log rainfall amount","2022/2023",-26,0.174916119493861,0.169633487419311
"LogRain","Log rainfall amount","2022/2023",-25,0.162613384024113,0.157702306184732
"LogRain","Log rainfall amount","2022/2023",-24,0.149850657007432,0.14532502558255
"LogRain","Log rainfall amount","2022/2023",-23,0.136631066608131,0.132504679303561
"LogRain","Log rainfall amount","2022/2023",-22,0.122957740990524,0.119244301038562
"LogRain","Log rainfall amount","2022/2023",-21,0.108833808318925,0.105546924478347
"LogRain","Log rainfall amount","2022/2023",-20,0.0942623967576473,0.0914155833137132
"LogRain","Log rainfall amount","2022/2023",-19,0.0792466344710047,0.076853311235456
"LogRain","Log rainfall amount","2022/2023",-18,0.0637896496233108,0.0618631419343711
"LogRain","Log rainfall amount","2022/2023",-17,0.0478945703788793,0.0464481091012545
"LogRain","Log rainfall amount","2022/2023",-16,0.0315645249020239,0.0306112464269019
"LogRain","Log rainfall amount","2022/2023",-15,0.0148026413570583,0.0143555876021092
"LogRain","Log rainfall amount","2022/2023",-14,-0.00238795209170389,-0.00231583368232787
"LogRain","Log rainfall amount","2022/2023",-13,-0.0200041272799491,-0.0193999837356136
"LogRain","Log rainfall amount","2022/2023",-12,-0.0380427560433635,-0.0368938288669519
"LogRain","Log rainfall amount","2022/2023",-11,-0.0565007102176334,-0.054794335385547
"LogRain","Log rainfall amount","2022/2023",-10,-0.0753748616384451,-0.0730984696006032
"LogRain","Log rainfall amount","2022/2023",-9,-0.0946620821414851,-0.0918031978213247
"LogRain","Log rainfall amount","2022/2023",-8,-0.11435924356244,-0.110905486356916
"LogRain","Log rainfall amount","2022/2023",-7,-0.134463217736995,-0.13040230151658
"LogRain","Log rainfall amount","2022/2023",-6,-0.154970876500838,-0.150290609609522
"LogRain","Log rainfall amount","2022/2023",-5,-0.175879091689654,-0.170567376944947
"LogRain","Log rainfall amount","2022/2023",-4,-0.19718473513913,-0.191229569832057
"LogRain","Log rainfall amount","2022/2023",-3,-0.218884678684952,-0.212274154580058
"LogRain","Log rainfall amount","2022/2023",-2,-0.240975794162806,-0.233698097498153
"LogRain","Log rainfall amount","2022/2023",-1,-0.26345495340838,-0.255498364895547
"LogRain","Log rainfall amount","2023/2024",-80,-0.240361266927576,-0.23310212956605
"LogRain","Log rainfall amount","2023/2024",-79,-0.209841371941699,-0.203503964244831
"LogRain","Log rainfall amount","2023/2024",-78,-0.180236089213657,-0.174792789027107
"LogRain","Log rainfall amount","2023/2024",-77,-0.15153957166825,-0.146962933424876
"LogRain","Log rainfall amount","2023/2024",-76,-0.123745972230284,-0.120008726950136
"LogRain","Log rainfall amount","2023/2024",-75,-0.0968494438245583,-0.0939244991148862
"LogRain","Log rainfall amount","2023/2024",-74,-0.0708441393758777,-0.0687045794311235
"LogRain","Log rainfall amount","2023/2024",-73,-0.0457242118090443,-0.0443432974108464
"LogRain","Log rainfall amount","2023/2024",-72,-0.0214838140488608,-0.020834982566053
"LogRain","Log rainfall amount","2023/2024",-71,0.00188290097987052,0.00182603559125884
"LogRain","Log rainfall amount","2023/2024",-70,0.0243817803523466,0.0236454275490907
"LogRain","Log rainfall amount","2023/2024",-69,0.0460186711437649,0.0446288637954447
"LogRain","Log rainfall amount","2023/2024",-68,0.066799420429323,0.0647820148183228
"LogRain","Log rainfall amount","2023/2024",-67,0.0867298752842179,0.0841105511057267
"LogRain","Log rainfall amount","2023/2024",-66,0.105815882783647,0.102620143145659
"LogRain","Log rainfall amount","2023/2024",-65,0.124063290002809,0.12031646142612
"LogRain","Log rainfall amount","2023/2024",-64,0.141477944016899,0.137205176435113
"LogRain","Log rainfall amount","2023/2024",-63,0.158065691901115,0.15329195866064
"LogRain","Log rainfall amount","2023/2024",-62,0.173832380730656,0.168582478590703
"LogRain","Log rainfall amount","2023/2024",-61,0.188783857580718,0.183082406713302
"LogRain","Log rainfall amount","2023/2024",-60,0.202925969526498,0.196797413516442
"LogRain","Log rainfall amount","2023/2024",-59,0.216264563643194,0.209733169488122
"LogRain","Log rainfall amount","2023/2024",-58,0.228805487006004,0.221895345116346
"LogRain","Log rainfall amount","2023/2024",-57,0.240554586690124,0.233289610889114
"LogRain","Log rainfall amount","2023/2024",-56,0.251517709770752,0.24392163729443
"LogRain","Log rainfall amount","2023/2024",-55,0.261700703323085,0.253797094820295
"LogRain","Log rainfall amount","2023/2024",-54,0.271109414422321,0.26292165395471
"LogRain","Log rainfall amount","2023/2024",-53,0.279749690143658,0.271300985185678
"LogRain","Log rainfall amount","2023/2024",-52,0.287627377562292,0.278940759001201
"LogRain","Log rainfall amount","2023/2024",-51,0.29474832375342,0.285846645889281
"LogRain","Log rainfall amount","2023/2024",-50,0.301118375792241,0.292024316337919
"LogRain","Log rainfall amount","2023/2024",-49,0.306743380753951,0.297479440835117
"LogRain","Log rainfall amount","2023/2024",-48,0.311629185713748,0.302217689868877
"LogRain","Log rainfall amount","2023/2024",-47,0.31578163774683,0.306244733927202
"LogRain","Log rainfall amount","2023/2024",-46,0.319206583928393,0.309566243498094
"LogRain","Log rainfall amount","2023/2024",-45,0.321909871333635,0.312187889069553
"LogRain","Log rainfall amount","2023/2024",-44,0.323897347037753,0.314115341129582
"LogRain","Log rainfall amount","2023/2024",-43,0.325174858115945,0.315354270166183
"LogRain","Log rainfall amount","2023/2024",-42,0.325748251643408,0.315910346667358
"LogRain","Log rainfall amount","2023/2024",-41,0.32562337469534,0.315789241121108
"LogRain","Log rainfall amount","2023/2024",-40,0.324806074346937,0.314996624015437
"LogRain","Log rainfall amount","2023/2024",-39,0.323302197673398,0.313538165838344
"LogRain","Log rainfall amount","2023/2024",-38,0.321117591749919,0.311419537077834
"LogRain","Log rainfall amount","2023/2024",-37,0.318258103651697,0.308646408221906
"LogRain","Log rainfall amount","2023/2024",-36,0.314729580453932,0.305224449758564
"LogRain","Log rainfall amount","2023/2024",-35,0.310537869231818,0.30115933217581
"LogRain","Log rainfall amount","2023/2024",-34,0.305688817060555,0.296456725961644
"LogRain","Log rainfall amount","2023/2024",-33,0.300188271015339,0.291122301604069
"LogRain","Log rainfall amount","2023/2024",-32,0.294042078171368,0.285161729591088
"LogRain","Log rainfall amount","2023/2024",-31,0.287256085603839,0.278580680410701
"LogRain","Log rainfall amount","2023/2024",-30,0.279836140387949,0.271384824550911
"LogRain","Log rainfall amount","2023/2024",-29,0.271788089598896,0.26357983249972
"LogRain","Log rainfall amount","2023/2024",-28,0.263117780311877,0.255171374745129
"LogRain","Log rainfall amount","2023/2024",-27,0.25383105960209,0.246165121775141
"LogRain","Log rainfall amount","2023/2024",-26,0.243933774544732,0.236566744077758
"LogRain","Log rainfall amount","2023/2024",-25,0.233431772214999,0.226381912140981
"LogRain","Log rainfall amount","2023/2024",-24,0.222330899688091,0.215616296452812
"LogRain","Log rainfall amount","2023/2024",-23,0.210637004039203,0.204275567501253
"LogRain","Log rainfall amount","2023/2024",-22,0.198355932343534,0.192365395774307
"LogRain","Log rainfall amount","2023/2024",-21,0.18549353167628,0.179891451759974
"LogRain","Log rainfall amount","2023/2024",-20,0.172055649112639,0.166859405946258
"LogRain","Log rainfall amount","2023/2024",-19,0.158048131727809,0.153274928821159
"LogRain","Log rainfall amount","2023/2024",-18,0.143476826596987,0.13914369087268
"LogRain","Log rainfall amount","2023/2024",-17,0.128347580795369,0.124471362588823
"LogRain","Log rainfall amount","2023/2024",-16,0.112666241398154,0.109263614457589
"LogRain","Log rainfall amount","2023/2024",-15,0.0964386554805394,0.0935261169669814
"LogRain","Log rainfall amount","2023/2024",-14,0.0796706701177217,0.0772645406050009
"LogRain","Log rainfall amount","2023/2024",-13,0.0623681323848985,0.0604845558596497
"LogRain","Log rainfall amount","2023/2024",-12,0.0445368893572671,0.0431918332189297
"LogRain","Log rainfall amount","2023/2024",-11,0.0261827881100252,0.025392043170843
"LogRain","Log rainfall amount","2023/2024",-10,0.00731167571837005,0.00709085620339146
"LogRain","Log rainfall amount","2023/2024",-9,-0.0120706007425012,-0.0117060571954231
"LogRain","Log rainfall amount","2023/2024",-8,-0.0319581941973912,-0.0309930265375989
"LogRain","Log rainfall amount","2023/2024",-7,-0.0523452575711021,-0.0507643813351335
"LogRain","Log rainfall amount","2023/2024",-6,-0.0732259437884373,-0.0710144511000257
"LogRain","Log rainfall amount","2023/2024",-5,-0.0945944057741988,-0.091737565344273
"LogRain","Log rainfall amount","2023/2024",-4,-0.116444796453189,-0.112928053579874
"LogRain","Log rainfall amount","2023/2024",-3,-0.138771268750212,-0.134580245318826
"LogRain","Log rainfall amount","2023/2024",-2,-0.161567975590069,-0.156688470073128
"LogRain","Log rainfall amount","2023/2024",-1,-0.184829069897563,-0.179247057354777
"LogRain","Log rainfall amount","2024/2025",-80,-0.286823422598339,-0.27816108423676
"LogRain","Log rainfall amount","2024/2025",-79,-0.248003165473176,-0.240513235555285
"LogRain","Log rainfall amount","2024/2025",-78,-0.210203060947908,-0.203854729901317
"LogRain","Log rainfall amount","2024/2025",-77,-0.173422392768324,-0.168184872652202
"LogRain","Log rainfall amount","2024/2025",-76,-0.137660444680217,-0.133502969185283
"LogRain","Log rainfall amount","2024/2025",-75,-0.102916500429376,-0.0998083248779069
"LogRain","Log rainfall amount","2024/2025",-74,-0.0691898437615941,-0.0671002451074178
"LogRain","Log rainfall amount","2024/2025",-73,-0.0364797584226614,-0.0353780352511606
"LogRain","Log rainfall amount","2024/2025",-72,-0.00478552815836917,-0.00464100068648028
"LogRain","Log rainfall amount","2024/2025",-71,0.0258935632854917,0.0251115532092784
"LogRain","Log rainfall amount","2024/2025",-70,0.05555823216313,0.0538803210587704
"LogRain","Log rainfall amount","2024/2025",-69,0.0842091947287547,0.0816659974846507
"LogRain","Log rainfall amount","2024/2025",-68,0.111847167236575,0.108469277109575
"LogRain","Log rainfall amount","2024/2025",-67,0.138472865940799,0.134290854556197
"LogRain","Log rainfall amount","2024/2025",-66,0.164087007095637,0.159131424447174
"LogRain","Log rainfall amount","2024/2025",-65,0.188690306955297,0.182991681405159
"LogRain","Log rainfall amount","2024/2025",-64,0.212283481773989,0.205872320052808
"LogRain","Log rainfall amount","2024/2025",-63,0.23486724780592,0.227774035012777
"LogRain","Log rainfall amount","2024/2025",-62,0.256442321305301,0.248697520907719
"LogRain","Log rainfall amount","2024/2025",-61,0.277009418526339,0.268643472360291
"LogRain","Log rainfall amount","2024/2025",-60,0.296569255723245,0.287612583993147
"LogRain","Log rainfall amount","2024/2025",-59,0.315122549150226,0.305605550428943
"LogRain","Log rainfall amount","2024/2025",-58,0.332670015061493,0.322623066290333
"LogRain","Log rainfall amount","2024/2025",-57,0.349212369711253,0.338665826199972
"LogRain","Log rainfall amount","2024/2025",-56,0.364750329353716,0.353734524780517
"LogRain","Log rainfall amount","2024/2025",-55,0.37928461024309,0.367829856654621
"LogRain","Log rainfall amount","2024/2025",-54,0.392815928633585,0.380952516444941
"LogRain","Log rainfall amount","2024/2025",-53,0.40534500077941,0.39310319877413
"LogRain","Log rainfall amount","2024/2025",-52,0.416872542934774,0.404282598264845
"LogRain","Log rainfall amount","2024/2025",-51,0.427399271353885,0.414491409539739
"LogRain","Log rainfall amount","2024/2025",-50,0.436925902290953,0.42373032722147
"LogRain","Log rainfall amount","2024/2025",-49,0.445453152000186,0.43200004593269
"LogRain","Log rainfall amount","2024/2025",-48,0.452981736735793,0.439301260296056
"LogRain","Log rainfall amount","2024/2025",-47,0.459512372751983,0.445634664934223
"LogRain","Log rainfall amount","2024/2025",-46,0.465045776302966,0.451000954469846
"LogRain","Log rainfall amount","2024/2025",-45,0.46958266364295,0.455400823525579
"LogRain","Log rainfall amount","2024/2025",-44,0.473123751026144,0.458834966724078
"LogRain","Log rainfall amount","2024/2025",-43,0.475669754706757,0.461304078687999
"LogRain","Log rainfall amount","2024/2025",-42,0.477221390938999,0.462808854039995
"LogRain","Log rainfall amount","2024/2025",-41,0.477779375977077,0.463349987402723
"LogRain","Log rainfall amount","2024/2025",-40,0.477344426075201,0.462928173398837
"LogRain","Log rainfall amount","2024/2025",-39,0.47591725748758,0.461544106650993
"LogRain","Log rainfall amount","2024/2025",-38,0.473498586468423,0.459198481781845
"LogRain","Log rainfall amount","2024/2025",-37,0.470089129271939,0.455891993414049
"LogRain","Log rainfall amount","2024/2025",-36,0.465689602152336,0.451625336170259
"LogRain","Log rainfall amount","2024/2025",-35,0.460300721363824,0.446399204673132
"LogRain","Log rainfall amount","2024/2025",-34,0.453923203160612,0.440214293545321
"LogRain","Log rainfall amount","2024/2025",-33,0.446557763796908,0.433071297409482
"LogRain","Log rainfall amount","2024/2025",-32,0.438205119526922,0.424970910888271
"LogRain","Log rainfall amount","2024/2025",-31,0.428865986604862,0.415913828604341
"LogRain","Log rainfall amount","2024/2025",-30,0.418541081284937,0.405900745180349
"LogRain","Log rainfall amount","2024/2025",-29,0.407231119821357,0.39493235523895
"LogRain","Log rainfall amount","2024/2025",-28,0.394936818468331,0.383009353402798
"LogRain","Log rainfall amount","2024/2025",-27,0.381658893480066,0.370132434294549
"LogRain","Log rainfall amount","2024/2025",-26,0.367398061110773,0.356302292536857
"LogRain","Log rainfall amount","2024/2025",-25,0.35215503761466,0.341519622752378
"LogRain","Log rainfall amount","2024/2025",-24,0.335930539245936,0.325785119563768
"LogRain","Log rainfall amount","2024/2025",-23,0.31872528225881,0.30909947759368
"LogRain","Log rainfall amount","2024/2025",-22,0.300539982907491,0.29146339146477
"LogRain","Log rainfall amount","2024/2025",-21,0.281375357446187,0.272877555799694
"LogRain","Log rainfall amount","2024/2025",-20,0.261232122129109,0.253342665221106
"LogRain","Log rainfall amount","2024/2025",-19,0.240110993210465,0.232859414351661
"LogRain","Log rainfall amount","2024/2025",-18,0.218012686944463,0.211428497814015
"LogRain","Log rainfall amount","2024/2025",-17,0.194937919585313,0.189050610230823
"LogRain","Log rainfall amount","2024/2025",-16,0.170887407387224,0.165726446224739
"LogRain","Log rainfall amount","2024/2025",-15,0.145861866604405,0.141456700418419
"LogRain","Log rainfall amount","2024/2025",-14,0.119862013491064,0.116242067434518
"LogRain","Log rainfall amount","2024/2025",-13,0.0928885643014099,0.090083241895691
"LogRain","Log rainfall amount","2024/2025",-12,0.0649422352896528,0.0629809184245932
"LogRain","Log rainfall amount","2024/2025",-11,0.0360237427100012,0.0349357916438796
"LogRain","Log rainfall amount","2024/2025",-10,0.00613380281666387,0.00594855617620538
"LogRain","Log rainfall amount","2024/2025",-9,-0.02472686813615,-0.0239800933557743
"LogRain","Log rainfall amount","2024/2025",-8,-0.056557553894232,-0.0548494623294048
"LogRain","Log rainfall amount","2024/2025",-7,-0.0893575382033723,-0.0866588561220303
"LogRain","Log rainfall amount","2024/2025",-6,-0.123126104809363,-0.119407580110996
"LogRain","Log rainfall amount","2024/2025",-5,-0.157862537457994,-0.153094939673647
"LogRain","Log rainfall amount","2024/2025",-4,-0.193566119895058,-0.187720240187329
"LogRain","Log rainfall amount","2024/2025",-3,-0.230236135866344,-0.223282787029385
"LogRain","Log rainfall amount","2024/2025",-2,-0.267871869117644,-0.259781885577161
"LogRain","Log rainfall amount","2024/2025",-1,-0.30647260339475,-0.297216841208002
"LogRain","Log rainfall amount","2025/2026",-80,-0.209860526609813,-0.203522540423869
"LogRain","Log rainfall amount","2025/2026",-79,-0.175734834496061,-0.170427476454899
"LogRain","Log rainfall amount","2025/2026",-78,-0.142219259750368,-0.137924103733015
"LogRain","Log rainfall amount","2025/2026",-77,-0.109317806973936,-0.106016305916681
"LogRain","Log rainfall amount","2025/2026",-76,-0.0770344807679684,-0.0747079666643585
"LogRain","Log rainfall amount","2025/2026",-75,-0.0453732857336669,-0.0440029696345105
"LogRain","Log rainfall amount","2025/2026",-74,-0.014338226472234,-0.0139051984855993
"LogRain","Log rainfall amount","2025/2026",-73,0.0160666924151276,0.0155814631239126
"LogRain","Log rainfall amount","2025/2026",-72,0.0458374663272153,0.0444531315355625
"LogRain","Log rainfall amount","2025/2026",-71,0.0749700906628271,0.0727059230908883
"LogRain","Log rainfall amount","2025/2026",-70,0.10346056082076,0.100335954131427
"LogRain","Log rainfall amount","2025/2026",-69,0.131304872199812,0.127339340998717
"LogRain","Log rainfall amount","2025/2026",-68,0.158499020198781,0.153712200034295
"LogRain","Log rainfall amount","2025/2026",-67,0.185039000216463,0.179450647579698
"LogRain","Log rainfall amount","2025/2026",-66,0.210920807651657,0.204550799976465
"LogRain","Log rainfall amount","2025/2026",-65,0.23614043790316,0.229008773566133
"LogRain","Log rainfall amount","2025/2026",-64,0.26069388636977,0.252820684690239
"LogRain","Log rainfall amount","2025/2026",-63,0.284577148450284,0.275982649690321
"LogRain","Log rainfall amount","2025/2026",-62,0.3077862195435,0.298490784907917
"LogRain","Log rainfall amount","2025/2026",-61,0.330317095048215,0.320341206684563
"LogRain","Log rainfall amount","2025/2026",-60,0.352165770363226,0.341530031361798
"LogRain","Log rainfall amount","2025/2026",-59,0.373328240887332,0.362053375281158
"LogRain","Log rainfall amount","2025/2026",-58,0.39380050201933,0.381907354784182
"LogRain","Log rainfall amount","2025/2026",-57,0.413578549158018,0.401088086212407
"LogRain","Log rainfall amount","2025/2026",-56,0.432658377702192,0.419591685907371
"LogRain","Log rainfall amount","2025/2026",-55,0.451035983050651,0.43741427021061
"LogRain","Log rainfall amount","2025/2026",-54,0.468707360602192,0.454551955463663
"LogRain","Log rainfall amount","2025/2026",-53,0.485668505755612,0.471000858008067
"LogRain","Log rainfall amount","2025/2026",-52,0.50191541390971,0.48675709418536
"LogRain","Log rainfall amount","2025/2026",-51,0.517444080463282,0.501816780337079
"LogRain","Log rainfall amount","2025/2026",-50,0.532250500815127,0.516176032804761
"LogRain","Log rainfall amount","2025/2026",-49,0.546330670364041,0.529830967929945
"LogRain","Log rainfall amount","2025/2026",-48,0.559680584508823,0.542777702054167
"LogRain","Log rainfall amount","2025/2026",-47,0.572296238648269,0.555012351518965
"LogRain","Log rainfall amount","2025/2026",-46,0.584173628181178,0.566531032665877
"LogRain","Log rainfall amount","2025/2026",-45,0.595308748506347,0.57732986183644
"LogRain","Log rainfall amount","2025/2026",-44,0.605697595022573,0.587404955372192
"LogRain","Log rainfall amount","2025/2026",-43,0.615336163128654,0.59675242961467
"LogRain","Log rainfall amount","2025/2026",-42,0.624220448223388,0.605368400905412
"LogRain","Log rainfall amount","2025/2026",-41,0.632346445705571,0.613248985585955
"LogRain","Log rainfall amount","2025/2026",-40,0.639710150974003,0.620390299997838
"LogRain","Log rainfall amount","2025/2026",-39,0.646307559427479,0.626788460482596
"LogRain","Log rainfall amount","2025/2026",-38,0.652134666464799,0.632439583381768
"LogRain","Log rainfall amount","2025/2026",-37,0.657187467484758,0.637339785036891
"LogRain","Log rainfall amount","2025/2026",-36,0.661461957886156,0.641485181789504
"LogRain","Log rainfall amount","2025/2026",-35,0.664954133067788,0.644871889981142
"LogRain","Log rainfall amount","2025/2026",-34,0.667659988428454,0.647496025953345
"LogRain","Log rainfall amount","2025/2026",-33,0.66957551936695,0.649353706047649
"LogRain","Log rainfall amount","2025/2026",-32,0.670696721282074,0.650441046605592
"LogRain","Log rainfall amount","2025/2026",-31,0.671019589572623,0.650754163968711
"LogRain","Log rainfall amount","2025/2026",-30,0.670540119637396,0.650289174478545
"LogRain","Log rainfall amount","2025/2026",-29,0.669254306875189,0.64904219447663
"LogRain","Log rainfall amount","2025/2026",-28,0.6671581466848,0.647009340304504
"LogRain","Log rainfall amount","2025/2026",-27,0.664247634465027,0.644186728303704
"LogRain","Log rainfall amount","2025/2026",-26,0.660518765614667,0.640570474815769
"LogRain","Log rainfall amount","2025/2026",-25,0.655967535532518,0.636156696182235
"LogRain","Log rainfall amount","2025/2026",-24,0.650589939617377,0.630941508744641
"LogRain","Log rainfall amount","2025/2026",-23,0.644381973268042,0.624921028844523
"LogRain","Log rainfall amount","2025/2026",-22,0.63733963188331,0.618091372823419
"LogRain","Log rainfall amount","2025/2026",-21,0.629458910861979,0.610448657022866
"LogRain","Log rainfall amount","2025/2026",-20,0.620735805602847,0.601988997784404
"LogRain","Log rainfall amount","2025/2026",-19,0.61116631150471,0.592708511449567
"LogRain","Log rainfall amount","2025/2026",-18,0.600746423966368,0.582603314359895
"LogRain","Log rainfall amount","2025/2026",-17,0.589472138386616,0.571669522856924
"LogRain","Log rainfall amount","2025/2026",-16,0.577339450164253,0.559903253282193
"LogRain","Log rainfall amount","2025/2026",-15,0.564344354698076,0.547300621977239
"LogRain","Log rainfall amount","2025/2026",-14,0.550482847386883,0.533857745283599
"LogRain","Log rainfall amount","2025/2026",-13,0.53575092362947,0.519570739542811
"LogRain","Log rainfall amount","2025/2026",-12,0.520144578824637,0.504435721096412
"LogRain","Log rainfall amount","2025/2026",-11,0.50365980837118,0.48844880628594
"LogRain","Log rainfall amount","2025/2026",-10,0.486292607667897,0.471606111452932
"LogRain","Log rainfall amount","2025/2026",-9,0.468038972113586,0.453903752938926
"LogRain","Log rainfall amount","2025/2026",-8,0.448894897107043,0.435337847085459
"LogRain","Log rainfall amount","2025/2026",-7,0.428856378047067,0.41590451023407
"LogRain","Log rainfall amount","2025/2026",-6,0.407919410332454,0.395599858726295
"LogRain","Log rainfall amount","2025/2026",-5,0.386079989362004,0.374420008903672
"LogRain","Log rainfall amount","2025/2026",-4,0.363334110534512,0.352361077107738
"LogRain","Log rainfall amount","2025/2026",-3,0.339677769248777,0.329419179680032
"LogRain","Log rainfall amount","2025/2026",-2,0.315106960903597,0.30559043296209
"LogRain","Log rainfall amount","2025/2026",-1,0.289617680897768,0.28087095329545
"RH","Relative humidity","2022/2023",-80,0.0275404861238263,0.159722447963123
"RH","Relative humidity","2022/2023",-79,0.0271604783267744,0.157518573444811
"RH","Relative humidity","2022/2023",-78,0.026780451851018,0.155314590598405
"RH","Relative humidity","2022/2023",-77,0.0264004068053275,0.153110500054723
"RH","Relative humidity","2022/2023",-76,0.0260203432984733,0.150906302444583
"RH","Relative humidity","2022/2023",-75,0.0256402614392256,0.148701998398806
"RH","Relative humidity","2022/2023",-74,0.0252601613363547,0.14649758854821
"RH","Relative humidity","2022/2023",-73,0.0248800430986311,0.144293073523614
"RH","Relative humidity","2022/2023",-72,0.0244999068348249,0.142088453955838
"RH","Relative humidity","2022/2023",-71,0.0241197526537065,0.139883730475699
"RH","Relative humidity","2022/2023",-70,0.0237395806640463,0.137678903714017
"RH","Relative humidity","2022/2023",-69,0.0233593909746145,0.13547397430161
"RH","Relative humidity","2022/2023",-68,0.0229791836941814,0.133268942869299
"RH","Relative humidity","2022/2023",-67,0.0225989589315174,0.131063810047902
"RH","Relative humidity","2022/2023",-66,0.0222187167953928,0.128858576468237
"RH","Relative humidity","2022/2023",-65,0.0218384573945779,0.126653242761124
"RH","Relative humidity","2022/2023",-64,0.021458180837843,0.124447809557382
"RH","Relative humidity","2022/2023",-63,0.0210778872339585,0.12224227748783
"RH","Relative humidity","2022/2023",-62,0.0206975766916945,0.120036647183286
"RH","Relative humidity","2022/2023",-61,0.0203172493198215,0.11783091927457
"RH","Relative humidity","2022/2023",-60,0.0199369052271098,0.1156250943925
"RH","Relative humidity","2022/2023",-59,0.0195565445223297,0.113419173167896
"RH","Relative humidity","2022/2023",-58,0.0191761673142515,0.111213156231577
"RH","Relative humidity","2022/2023",-57,0.0187957737116455,0.109007044214361
"RH","Relative humidity","2022/2023",-56,0.0184153638232821,0.106800837747068
"RH","Relative humidity","2022/2023",-55,0.0180349377579314,0.104594537460516
"RH","Relative humidity","2022/2023",-54,0.017654495624364,0.102388143985524
"RH","Relative humidity","2022/2023",-53,0.01727403753135,0.100181657952912
"RH","Relative humidity","2022/2023",-52,0.0168935635876598,0.0979750799934979
"RH","Relative humidity","2022/2023",-51,0.0165130739020637,0.0957684107381013
"RH","Relative humidity","2022/2023",-50,0.0161325685833321,0.093561650817541
"RH","Relative humidity","2022/2023",-49,0.0157520477402352,0.0913548008626359
"RH","Relative humidity","2022/2023",-48,0.0153715114815433,0.089147861504205
"RH","Relative humidity","2022/2023",-47,0.0149909599160268,0.0869408333730673
"RH","Relative humidity","2022/2023",-46,0.014610393152456,0.0847337171000417
"RH","Relative humidity","2022/2023",-45,0.0142298112996012,0.0825265133159472
"RH","Relative humidity","2022/2023",-44,0.0138492144662327,0.0803192226516028
"RH","Relative humidity","2022/2023",-43,0.0134686027611209,0.0781118457378274
"RH","Relative humidity","2022/2023",-42,0.0130879762930359,0.07590438320544
"RH","Relative humidity","2022/2023",-41,0.0127073351707483,0.0736968356852596
"RH","Relative humidity","2022/2023",-40,0.0123266795030282,0.0714892038081052
"RH","Relative humidity","2022/2023",-39,0.011946009398646,0.0692814882047956
"RH","Relative humidity","2022/2023",-38,0.011565324966372,0.0670736895061499
"RH","Relative humidity","2022/2023",-37,0.0111846263149765,0.064865808342987
"RH","Relative humidity","2022/2023",-36,0.0108039135532299,0.062657845346126
"RH","Relative humidity","2022/2023",-35,0.0104231867899024,0.0604498011463857
"RH","Relative humidity","2022/2023",-34,0.0100424461337644,0.0582416763745851
"RH","Relative humidity","2022/2023",-33,0.00966169169358614,0.0560334716615433
"RH","Relative humidity","2022/2023",-32,0.00928092357813799,0.0538251876380791
"RH","Relative humidity","2022/2023",-31,0.00890014189619025,0.0516168249350115
"RH","Relative humidity","2022/2023",-30,0.00851934675651325,0.0494083841831596
"RH","Relative humidity","2022/2023",-29,0.00813853826787728,0.0471998660133422
"RH","Relative humidity","2022/2023",-28,0.00775771653905267,0.0449912710563784
"RH","Relative humidity","2022/2023",-27,0.00737688167880974,0.0427825999430871
"RH","Relative humidity","2022/2023",-26,0.00699603379591878,0.0405738533042872
"RH","Relative humidity","2022/2023",-25,0.00661517299915013,0.0383650317707978
"RH","Relative humidity","2022/2023",-24,0.0062342993972741,0.0361561359734378
"RH","Relative humidity","2022/2023",-23,0.005853413099061,0.0339471665430261
"RH","Relative humidity","2022/2023",-22,0.00547251421328114,0.0317381241103818
"RH","Relative humidity","2022/2023",-21,0.00509160284870485,0.0295290093063238
"RH","Relative humidity","2022/2023",-20,0.00471067911410243,0.027319822761671
"RH","Relative humidity","2022/2023",-19,0.00432974311824421,0.0251105651072425
"RH","Relative humidity","2022/2023",-18,0.0039487949699005,0.0229012369738572
"RH","Relative humidity","2022/2023",-17,0.0035678347778416,0.0206918389923341
"RH","Relative humidity","2022/2023",-16,0.00318686265083785,0.0184823717934921
"RH","Relative humidity","2022/2023",-15,0.00280587869765955,0.0162728360081502
"RH","Relative humidity","2022/2023",-14,0.00242488302707702,0.0140632322671274
"RH","Relative humidity","2022/2023",-13,0.00204387574786056,0.0118535612012426
"RH","Relative humidity","2022/2023",-12,0.00166285696878051,0.00964382344131482
"RH","Relative humidity","2022/2023",-11,0.00128182679860718,0.00743401961816302
"RH","Relative humidity","2022/2023",-10,0.000900785346110869,0.00522415036260615
"RH","Relative humidity","2022/2023",-9,0.000519732720061905,0.00301421630546319
"RH","Relative humidity","2022/2023",-8,0.000138669029230599,0.000804218077553088
"RH","Relative humidity","2022/2023",-7,-0.000242405617612732,-0.00140584369030517
"RH","Relative humidity","2022/2023",-6,-0.000623491111697775,-0.00361596836729262
"RH","Relative humidity","2022/2023",-5,-0.00100458734425421,-0.0058261553225903
"RH","Relative humidity","2022/2023",-4,-0.00138569420651173,-0.00803640392537925
"RH","Relative humidity","2022/2023",-3,-0.00176681158970001,-0.0102467135448405
"RH","Relative humidity","2022/2023",-2,-0.00214793938504875,-0.0124570835501551
"RH","Relative humidity","2022/2023",-1,-0.00252907748378761,-0.014667513310504
"RH","Relative humidity","2023/2024",-80,-0.014514815823386,-0.0841794115260513
"RH","Relative humidity","2023/2024",-79,-0.0134005613259112,-0.077717235978735
"RH","Relative humidity","2023/2024",-78,-0.0123047211378034,-0.0713618551537928
"RH","Relative humidity","2023/2024",-77,-0.0112272491694615,-0.0651130017522432
"RH","Relative humidity","2023/2024",-76,-0.0101680993312847,-0.0589704084751045
"RH","Relative humidity","2023/2024",-75,-0.00912722553367194,-0.0529338080233952
"RH","Relative humidity","2023/2024",-74,-0.00810458168702226,-0.0470029330981338
"RH","Relative humidity","2023/2024",-73,-0.00710012170173467,-0.0411775164003386
"RH","Relative humidity","2023/2024",-72,-0.00611379948820822,-0.035457290631028
"RH","Relative humidity","2023/2024",-71,-0.00514556895684192,-0.0298419884912205
"RH","Relative humidity","2023/2024",-70,-0.0041953840180348,-0.0243313426819345
"RH","Relative humidity","2023/2024",-69,-0.0032631985821859,-0.0189250859041885
"RH","Relative humidity","2023/2024",-68,-0.00234896655969424,-0.0136229508590008
"RH","Relative humidity","2023/2024",-67,-0.00145264186095884,-0.00842467024738983
"RH","Relative humidity","2023/2024",-66,-0.000574178396378731,-0.00332997677037407
"RH","Relative humidity","2023/2024",-65,0.000286469923647064,0.00166139687102811
"RH","Relative humidity","2023/2024",-64,0.00112934918871951,0.00654971797579822
"RH","Relative humidity","2023/2024",-63,0.00195450548843959,0.0113352538429179
"RH","Relative humidity","2023/2024",-62,0.00276198491240827,0.0160182717713688
"RH","Relative humidity","2023/2024",-61,0.00355183355022652,0.0205990390601323
"RH","Relative humidity","2023/2024",-60,0.00432409749149532,0.0250778230081901
"RH","Relative humidity","2023/2024",-59,0.00507882282581564,0.0294548909145238
"RH","Relative humidity","2023/2024",-58,0.00581605564278847,0.0337305100781149
"RH","Relative humidity","2023/2024",-57,0.00653584203201475,0.037904947797945
"RH","Relative humidity","2023/2024",-56,0.00723822808309548,0.0419784713729958
"RH","Relative humidity","2023/2024",-55,0.00792325988563162,0.0459513481022487
"RH","Relative humidity","2023/2024",-54,0.00859098352922415,0.0498238452846855
"RH","Relative humidity","2023/2024",-53,0.00924144510347404,0.0535962302192875
"RH","Relative humidity","2023/2024",-52,0.00987469069798226,0.0572687702050365
"RH","Relative humidity","2023/2024",-51,0.0104907664023498,0.0608417325409139
"RH","Relative humidity","2023/2024",-50,0.0110897183061776,0.0643153845259015
"RH","Relative humidity","2023/2024",-49,0.0116715924990667,0.0676899934589807
"RH","Relative humidity","2023/2024",-48,0.012236435070618,0.0709658266391331
"RH","Relative humidity","2023/2024",-47,0.0127842921104325,0.0741431513653404
"RH","Relative humidity","2023/2024",-46,0.0133152097081111,0.077222234936584
"RH","Relative humidity","2023/2024",-45,0.0138292339532549,0.0802033446518457
"RH","Relative humidity","2023/2024",-44,0.0143264109354649,0.0830867478101068
"RH","Relative humidity","2023/2024",-43,0.0148067867443419,0.0858727117103491
"RH","Relative humidity","2023/2024",-42,0.015270407469487,0.0885615036515542
"RH","Relative humidity","2023/2024",-41,0.0157173192005011,0.0911533909327035
"RH","Relative humidity","2023/2024",-40,0.0161475680269853,0.0936486408527787
"RH","Relative humidity","2023/2024",-39,0.0165612000385404,0.0960475207107613
"RH","Relative humidity","2023/2024",-38,0.0169582613247675,0.0983502978056329
"RH","Relative humidity","2023/2024",-37,0.0173387979752676,0.100557239436375
"RH","Relative humidity","2023/2024",-36,0.0177028560796415,0.10266861290197
"RH","Relative humidity","2023/2024",-35,0.0180504817274903,0.104684685501398
"RH","Relative humidity","2023/2024",-34,0.018381721008415,0.106605724533641
"RH","Relative humidity","2023/2024",-33,0.0186966200120164,0.108431997297682
"RH","Relative humidity","2023/2024",-32,0.0189952248278957,0.110163771092501
"RH","Relative humidity","2023/2024",-31,0.0192775815456538,0.11180131321708
"RH","Relative humidity","2023/2024",-30,0.0195437362548916,0.1133448909704
"RH","Relative humidity","2023/2024",-29,0.0197937350452101,0.114794771651444
"RH","Relative humidity","2023/2024",-28,0.0200276240062103,0.116151222559193
"RH","Relative humidity","2023/2024",-27,0.0202454492274932,0.117414510992628
"RH","Relative humidity","2023/2024",-26,0.0204472567986597,0.118584904250731
"RH","Relative humidity","2023/2024",-25,0.0206330928093109,0.119662669632484
"RH","Relative humidity","2023/2024",-24,0.0208030033490476,0.120648074436868
"RH","Relative humidity","2023/2024",-23,0.0209570345074709,0.121541385962864
"RH","Relative humidity","2023/2024",-22,0.0210952323741817,0.122342871509455
"RH","Relative humidity","2023/2024",-21,0.021217643038781,0.123052798375622
"RH","Relative humidity","2023/2024",-20,0.0213243125908698,0.123671433860346
"RH","Relative humidity","2023/2024",-19,0.021415287120049,0.124199045262609
"RH","Relative humidity","2023/2024",-18,0.0214906127159197,0.124635899881393
"RH","Relative humidity","2023/2024",-17,0.0215503354680827,0.124982265015679
"RH","Relative humidity","2023/2024",-16,0.0215945014661392,0.125238407964448
"RH","Relative humidity","2023/2024",-15,0.0216231567996899,0.125404596026683
"RH","Relative humidity","2023/2024",-14,0.021636347558336,0.125481096501365
"RH","Relative humidity","2023/2024",-13,0.0216341198316784,0.125468176687476
"RH","Relative humidity","2023/2024",-12,0.021616519709318,0.125366103883996
"RH","Relative humidity","2023/2024",-11,0.0215835932808559,0.125175145389909
"RH","Relative humidity","2023/2024",-10,0.021535386635893,0.124895568504194
"RH","Relative humidity","2023/2024",-9,0.0214719458640303,0.124527640525834
"RH","Relative humidity","2023/2024",-8,0.0213933170548687,0.124071628753811
"RH","Relative humidity","2023/2024",-7,0.0212995462980093,0.123527800487105
"RH","Relative humidity","2023/2024",-6,0.0211906796830529,0.1228964230247
"RH","Relative humidity","2023/2024",-5,0.0210667632996007,0.122177763665575
"RH","Relative humidity","2023/2024",-4,0.0209278432372535,0.121372089708713
"RH","Relative humidity","2023/2024",-3,0.0207739655856123,0.120479668453095
"RH","Relative humidity","2023/2024",-2,0.0206051764342781,0.119500767197703
"RH","Relative humidity","2023/2024",-1,0.0204215218728519,0.118435653241519
"RH","Relative humidity","2024/2025",-80,-0.0179550335488686,-0.104131128941992
"RH","Relative humidity","2024/2025",-79,-0.0154440187373902,-0.089568371016887
"RH","Relative humidity","2024/2025",-78,-0.0129889231087666,-0.0753299192326945
"RH","Relative humidity","2024/2025",-77,-0.0105898500407626,-0.0614163731340114
"RH","Relative humidity","2024/2025",-76,-0.00824690291114299,-0.0478283322654348
"RH","Relative humidity","2024/2025",-75,-0.00596018509767255,-0.0345663961715619
"RH","Relative humidity","2024/2025",-74,-0.00372979997811606,-0.0216311643969896
"RH","Relative humidity","2024/2025",-73,-0.00155585093023834,-0.00902323648631529
"RH","Relative humidity","2024/2025",-72,0.000561558668195842,0.00325678801586416
"RH","Relative humidity","2024/2025",-71,0.0026223254394217,0.0152083095649516
"RH","Relative humidity","2024/2025",-70,0.00462634600567444,0.02683072861635
"RH","Relative humidity","2024/2025",-69,0.00657351698918926,0.0381234456254621
"RH","Relative humidity","2024/2025",-68,0.00846373501220141,0.049085861047691
"RH","Relative humidity","2024/2025",-67,0.0102968966969461,0.0597173753384394
"RH","Relative humidity","2024/2025",-66,0.0120728986656584,0.0700173889531103
"RH","Relative humidity","2024/2025",-65,0.0137916375405738,0.0799853023471067
"RH","Relative humidity","2024/2025",-64,0.0154530099439272,0.0896205159758314
"RH","Relative humidity","2024/2025",-63,0.0170569124979541,0.0989224302946873
"RH","Relative humidity","2024/2025",-62,0.0186032418248895,0.107890445759077
"RH","Relative humidity","2024/2025",-61,0.0200918945469687,0.116523962824404
"RH","Relative humidity","2024/2025",-60,0.0215227672864269,0.124822381946071
"RH","Relative humidity","2024/2025",-59,0.0228957566654994,0.132785103579481
"RH","Relative humidity","2024/2025",-58,0.0242107593064212,0.140411528180037
"RH","Relative humidity","2024/2025",-57,0.0254676718314277,0.147701056203141
"RH","Relative humidity","2024/2025",-56,0.0266663908627541,0.154653088104197
"RH","Relative humidity","2024/2025",-55,0.0278068130226355,0.161267024338607
"RH","Relative humidity","2024/2025",-54,0.0288888349333071,0.167542265361775
"RH","Relative humidity","2024/2025",-53,0.0299123532170043,0.173478211629103
"RH","Relative humidity","2024/2025",-52,0.0308772644959622,0.179074263595994
"RH","Relative humidity","2024/2025",-51,0.0317834653924159,0.184329821717852
"RH","Relative humidity","2024/2025",-50,0.0326308525286008,0.189244286450078
"RH","Relative humidity","2024/2025",-49,0.0334193225267521,0.193817058248076
"RH","Relative humidity","2024/2025",-48,0.0341487720091048,0.198047537567249
"RH","Relative humidity","2024/2025",-47,0.0348190975978943,0.201935124863
"RH","Relative humidity","2024/2025",-46,0.0354301959153558,0.205479220590731
"RH","Relative humidity","2024/2025",-45,0.0359819635837245,0.208679225205846
"RH","Relative humidity","2024/2025",-44,0.0364742972252356,0.211534539163747
"RH","Relative humidity","2024/2025",-43,0.0369070934621242,0.214044562919837
"RH","Relative humidity","2024/2025",-42,0.0372802489166257,0.21620869692952
"RH","Relative humidity","2024/2025",-41,0.0375936602109752,0.218026341648198
"RH","Relative humidity","2024/2025",-40,0.037847223967408,0.219496897531274
"RH","Relative humidity","2024/2025",-39,0.0380408368081592,0.220619765034151
"RH","Relative humidity","2024/2025",-38,0.0381743953554641,0.221394344612232
"RH","Relative humidity","2024/2025",-37,0.0382477962315578,0.221820036720919
"RH","Relative humidity","2024/2025",-36,0.0382609360586757,0.221896241815616
"RH","Relative humidity","2024/2025",-35,0.0382137114590528,0.221622360351726
"RH","Relative humidity","2024/2025",-34,0.0381060190549244,0.220997792784651
"RH","Relative humidity","2024/2025",-33,0.0379377554685258,0.220021939569795
"RH","Relative humidity","2024/2025",-32,0.0377088173220921,0.21869420116256
"RH","Relative humidity","2024/2025",-31,0.0374191012378586,0.217013978018349
"RH","Relative humidity","2024/2025",-30,0.0370685038380604,0.214980670592565
"RH","Relative humidity","2024/2025",-29,0.0366569217449328,0.212593679340611
"RH","Relative humidity","2024/2025",-28,0.0361842515807109,0.209852404717891
"RH","Relative humidity","2024/2025",-27,0.0356503899676301,0.206756247179805
"RH","Relative humidity","2024/2025",-26,0.0350552335279255,0.203304607181759
"RH","Relative humidity","2024/2025",-25,0.0343986788838323,0.199496885179154
"RH","Relative humidity","2024/2025",-24,0.0336806226575857,0.195332481627394
"RH","Relative humidity","2024/2025",-23,0.032900961471421,0.190810796981881
"RH","Relative humidity","2024/2025",-22,0.0320595919475733,0.185931231698019
"RH","Relative humidity","2024/2025",-21,0.0311564107082778,0.18069318623121
"RH","Relative humidity","2024/2025",-20,0.0301913143757699,0.175096061036857
"RH","Relative humidity","2024/2025",-19,0.0291641995722847,0.169139256570363
"RH","Relative humidity","2024/2025",-18,0.0280749629200573,0.16282217328713
"RH","Relative humidity","2024/2025",-17,0.0269235010413231,0.156144211642563
"RH","Relative humidity","2024/2025",-16,0.0257097105583172,0.149104772092064
"RH","Relative humidity","2024/2025",-15,0.0244334880932748,0.141703255091035
"RH","Relative humidity","2024/2025",-14,0.0230947302684312,0.13393906109488
"RH","Relative humidity","2024/2025",-13,0.0216933337060216,0.125811590559001
"RH","Relative humidity","2024/2025",-12,0.0202291950282811,0.117320243938802
"RH","Relative humidity","2024/2025",-11,0.018702210857445,0.108464421689685
"RH","Relative humidity","2024/2025",-10,0.0171122778157485,0.0992435242670531
"RH","Relative humidity","2024/2025",-9,0.0154592925254269,0.0896569521263094
"RH","Relative humidity","2024/2025",-8,0.0137431516087152,0.0797041057228567
"RH","Relative humidity","2024/2025",-7,0.0119637516878488,0.0693843855120979
"RH","Relative humidity","2024/2025",-6,0.0101209893850628,0.0586971919494359
"RH","Relative humidity","2024/2025",-5,0.00821476132259247,0.0476419254902737
"RH","Relative humidity","2024/2025",-4,0.00624496412267301,0.036217986590014
"RH","Relative humidity","2024/2025",-3,0.00421149440753965,0.02442477570406
"RH","Relative humidity","2024/2025",-2,0.00211424879942757,0.0122616932878143
"RH","Relative humidity","2024/2025",-1,-4.68760794279932e-05,-0.00027186020331992
"RH","Relative humidity","2025/2026",-80,0.00227467810909785,0.0131921112169083
"RH","Relative humidity","2025/2026",-79,0.00298271462453441,0.0172984049469586
"RH","Relative humidity","2025/2026",-78,0.00369074817316594,0.0214046814708725
"RH","Relative humidity","2025/2026",-77,0.0043987787577785,0.0255109408048079
"RH","Relative humidity","2025/2026",-76,0.00510680638115813,0.0296171829649225
"RH","Relative humidity","2025/2026",-75,0.00581483104609088,0.0337234079673741
"RH","Relative humidity","2025/2026",-74,0.00652285275536279,0.0378296158283207
"RH","Relative humidity","2025/2026",-73,0.00723087151175991,0.0419358065639199
"RH","Relative humidity","2025/2026",-72,0.00793888731806828,0.0460419801903296
"RH","Relative humidity","2025/2026",-71,0.00864690017707396,0.0501481367237075
"RH","Relative humidity","2025/2026",-70,0.00935491009156297,0.0542542761802116
"RH","Relative humidity","2025/2026",-69,0.0100629170643214,0.0583603985759996
"RH","Relative humidity","2025/2026",-68,0.0107709210981352,0.0624665039272294
"RH","Relative humidity","2025/2026",-67,0.0114789221957905,0.0665725922500586
"RH","Relative humidity","2025/2026",-66,0.0121869203600734,0.0706786635606452
"RH","Relative humidity","2025/2026",-65,0.0128949155937698,0.074784717875147
"RH","Relative humidity","2025/2026",-64,0.0136029078996658,0.0788907552097218
"RH","Relative humidity","2025/2026",-63,0.0143108972805475,0.0829967755805273
"RH","Relative humidity","2025/2026",-62,0.0150188837392009,0.0871027790037215
"RH","Relative humidity","2025/2026",-61,0.015726867278412,0.091208765495462
"RH","Relative humidity","2025/2026",-60,0.0164348479009669,0.0953147350719067
"RH","Relative humidity","2025/2026",-59,0.0171428256096517,0.0994206877492135
"RH","Relative humidity","2025/2026",-58,0.0178508004072524,0.10352662354354
"RH","Relative humidity","2025/2026",-57,0.018558772296555,0.107632542471044
"RH","Relative humidity","2025/2026",-56,0.0192667412803455,0.111738444547884
"RH","Relative humidity","2025/2026",-55,0.0199747073614101,0.115844329790217
"RH","Relative humidity","2025/2026",-54,0.0206826705425348,0.119950198214201
"RH","Relative humidity","2025/2026",-53,0.0213906308265055,0.124056049835994
"RH","Relative humidity","2025/2026",-52,0.0220985882161085,0.128161884671754
"RH","Relative humidity","2025/2026",-51,0.0228065427141296,0.132267702737638
"RH","Relative humidity","2025/2026",-50,0.023514494323355,0.136373504049804
"RH","Relative humidity","2025/2026",-49,0.0242224430465706,0.140479288624411
"RH","Relative humidity","2025/2026",-48,0.0249303888865626,0.144585056477616
"RH","Relative humidity","2025/2026",-47,0.025638331846117,0.148690807625576
"RH","Relative humidity","2025/2026",-46,0.0263462719280199,0.15279654208445
"RH","Relative humidity","2025/2026",-45,0.0270542091350571,0.156902259870395
"RH","Relative humidity","2025/2026",-44,0.027762143470015,0.16100796099957
"RH","Relative humidity","2025/2026",-43,0.0284700749356793,0.165113645488131
"RH","Relative humidity","2025/2026",-42,0.0291780035348363,0.169219313352237
"RH","Relative humidity","2025/2026",-41,0.029885929270272,0.173324964608046
"RH","Relative humidity","2025/2026",-40,0.0305938521447723,0.177430599271715
"RH","Relative humidity","2025/2026",-39,0.0313017721611234,0.181536217359403
"RH","Relative humidity","2025/2026",-38,0.0320096893221112,0.185641818887267
"RH","Relative humidity","2025/2026",-37,0.032717603630522,0.189747403871464
"RH","Relative humidity","2025/2026",-36,0.0334255150891415,0.193852972328153
"RH","Relative humidity","2025/2026",-35,0.0341334237007561,0.197958524273492
"RH","Relative humidity","2025/2026",-34,0.0348413294681516,0.202064059723638
"RH","Relative humidity","2025/2026",-33,0.0355492323941141,0.206169578694749
"RH","Relative humidity","2025/2026",-32,0.0362571324814296,0.210275081202983
"RH","Relative humidity","2025/2026",-31,0.0369650297328843,0.214380567264497
"RH","Relative humidity","2025/2026",-30,0.0376729241512641,0.21848603689545
"RH","Relative humidity","2025/2026",-29,0.0383808157393551,0.222591490112
"RH","Relative humidity","2025/2026",-28,0.0390887044999434,0.226696926930304
"RH","Relative humidity","2025/2026",-27,0.039796590435815,0.230802347366519
"RH","Relative humidity","2025/2026",-26,0.0405044735497558,0.234907751436805
"RH","Relative humidity","2025/2026",-25,0.0412123538445521,0.239013139157318
"RH","Relative humidity","2025/2026",-24,0.0419202313229898,0.243118510544216
"RH","Relative humidity","2025/2026",-23,0.0426281059878549,0.247223865613658
"RH","Relative humidity","2025/2026",-22,0.0433359778419336,0.2513292043818
"RH","Relative humidity","2025/2026",-21,0.0440438468880118,0.255434526864802
"RH","Relative humidity","2025/2026",-20,0.0447517131288757,0.25953983307882
"RH","Relative humidity","2025/2026",-19,0.0454595765673111,0.263645123040013
"RH","Relative humidity","2025/2026",-18,0.0461674372061043,0.267750396764538
"RH","Relative humidity","2025/2026",-17,0.0468752950480412,0.271855654268552
"RH","Relative humidity","2025/2026",-16,0.0475831500959079,0.275960895568215
"RH","Relative humidity","2025/2026",-15,0.0482910023524905,0.280066120679684
"RH","Relative humidity","2025/2026",-14,0.0489988518205749,0.284171329619116
"RH","Relative humidity","2025/2026",-13,0.0497066985029472,0.288276522402669
"RH","Relative humidity","2025/2026",-12,0.0504145424023935,0.292381699046502
"RH","Relative humidity","2025/2026",-11,0.0511223835216998,0.296486859566771
"RH","Relative humidity","2025/2026",-10,0.0518302218636521,0.300592003979635
"RH","Relative humidity","2025/2026",-9,0.0525380574310366,0.304697132301252
"RH","Relative humidity","2025/2026",-8,0.0532458902266392,0.308802244547779
"RH","Relative humidity","2025/2026",-7,0.053953720253246,0.312907340735374
"RH","Relative humidity","2025/2026",-6,0.054661547513643,0.317012420880196
"RH","Relative humidity","2025/2026",-5,0.0553693720106164,0.321117484998401
"RH","Relative humidity","2025/2026",-4,0.056077193746952,0.325222533106147
"RH","Relative humidity","2025/2026",-3,0.056785012725436,0.329327565219593
"RH","Relative humidity","2025/2026",-2,0.0574928289488545,0.333432581354897
"RH","Relative humidity","2025/2026",-1,0.0582006424199934,0.337537581528215
"Tmax","Maximum temperature","2022/2023",-80,-0.0803371899009305,-0.177502997380687
"Tmax","Maximum temperature","2022/2023",-79,-0.0777540014392014,-0.171795507545387
"Tmax","Maximum temperature","2022/2023",-78,-0.0751708085020711,-0.1660880078218
"Tmax","Maximum temperature","2022/2023",-77,-0.0725876111185008,-0.160380498273917
"Tmax","Maximum temperature","2022/2023",-76,-0.0700044093174518,-0.154672978965726
"Tmax","Maximum temperature","2022/2023",-75,-0.0674212031278854,-0.148965449961216
"Tmax","Maximum temperature","2022/2023",-74,-0.0648379925787627,-0.143257911324376
"Tmax","Maximum temperature","2022/2023",-73,-0.0622547776990452,-0.137550363119196
"Tmax","Maximum temperature","2022/2023",-72,-0.0596715585176939,-0.131842805409665
"Tmax","Maximum temperature","2022/2023",-71,-0.0570883350636703,-0.126135238259772
"Tmax","Maximum temperature","2022/2023",-70,-0.0545051073659355,-0.120427661733506
"Tmax","Maximum temperature","2022/2023",-69,-0.0519218754534509,-0.114720075894856
"Tmax","Maximum temperature","2022/2023",-68,-0.0493386393551776,-0.109012480807812
"Tmax","Maximum temperature","2022/2023",-67,-0.0467553991000769,-0.103304876536362
"Tmax","Maximum temperature","2022/2023",-66,-0.0441721547171102,-0.0975972631444963
"Tmax","Maximum temperature","2022/2023",-65,-0.0415889062352385,-0.0918896406962034
"Tmax","Maximum temperature","2022/2023",-64,-0.0390056536834233,-0.0861820092554727
"Tmax","Maximum temperature","2022/2023",-63,-0.0364223970906258,-0.0804743688862933
"Tmax","Maximum temperature","2022/2023",-62,-0.0338391364858072,-0.0747667196526543
"Tmax","Maximum temperature","2022/2023",-61,-0.0312558718979287,-0.0690590616185451
"Tmax","Maximum temperature","2022/2023",-60,-0.0286726033559518,-0.0633513948479547
"Tmax","Maximum temperature","2022/2023",-59,-0.0260893308888375,-0.0576437194048723
"Tmax","Maximum temperature","2022/2023",-58,-0.0235060545255472,-0.0519360353532872
"Tmax","Maximum temperature","2022/2023",-57,-0.0209227742950421,-0.0462283427571884
"Tmax","Maximum temperature","2022/2023",-56,-0.0183394902262835,-0.0405206416805651
"Tmax","Maximum temperature","2022/2023",-55,-0.0157562023482326,-0.0348129321874067
"Tmax","Maximum temperature","2022/2023",-54,-0.0131729106898508,-0.029105214341702
"Tmax","Maximum temperature","2022/2023",-53,-0.0105896152800992,-0.0233974882074404
"Tmax","Maximum temperature","2022/2023",-52,-0.00800631614793908,-0.017689753848611
"Tmax","Maximum temperature","2022/2023",-51,-0.0054230133223318,-0.0119820113292031
"Tmax","Maximum temperature","2022/2023",-50,-0.00283970683223853,-0.0062742607132057
"Tmax","Maximum temperature","2022/2023",-49,-0.000256396706620594,-0.000566502064608122
"Tmax","Maximum temperature","2022/2023",-48,0.00232691702556082,0.00514126455260061
"Tmax","Maximum temperature","2022/2023",-47,0.00491023433534439,0.0108490390744312
"Tmax","Maximum temperature","2022/2023",-46,0.0074935551937689,0.0165568214368945
"Tmax","Maximum temperature","2022/2023",-45,0.0100768795718731,0.0222646115760014
"Tmax","Maximum temperature","2022/2023",-44,0.0126602074406957,0.0279724094277627
"Tmax","Maximum temperature","2022/2023",-43,0.0152435387712754,0.0336802149281891
"Tmax","Maximum temperature","2022/2023",-42,0.017826873534651,0.0393880280132916
"Tmax","Maximum temperature","2022/2023",-41,0.0204102117018612,0.045095848619081
"Tmax","Maximum temperature","2022/2023",-40,0.0229935532439448,0.0508036766815681
"Tmax","Maximum temperature","2022/2023",-39,0.0255768981319405,0.0565115121367637
"Tmax","Maximum temperature","2022/2023",-38,0.0281602463368871,0.0622193549206786
"Tmax","Maximum temperature","2022/2023",-37,0.0307435978298232,0.0679272049693237
"Tmax","Maximum temperature","2022/2023",-36,0.0333269525817877,0.0736350622187098
"Tmax","Maximum temperature","2022/2023",-35,0.0359103105638192,0.0793429266048477
"Tmax","Maximum temperature","2022/2023",-34,0.0384936717469566,0.0850507980637484
"Tmax","Maximum temperature","2022/2023",-33,0.0410770361022385,0.0907586765314224
"Tmax","Maximum temperature","2022/2023",-32,0.0436604036007037,0.0964665619438807
"Tmax","Maximum temperature","2022/2023",-31,0.0462437742133909,0.102174454237134
"Tmax","Maximum temperature","2022/2023",-30,0.0488271479113389,0.107882353347194
"Tmax","Maximum temperature","2022/2023",-29,0.0514105246655865,0.11359025921007
"Tmax","Maximum temperature","2022/2023",-28,0.0539939044471722,0.119298171761774
"Tmax","Maximum temperature","2022/2023",-27,0.056577287227135,0.125006090938316
"Tmax","Maximum temperature","2022/2023",-26,0.0591606729765135,0.130714016675708
"Tmax","Maximum temperature","2022/2023",-25,0.0617440616663465,0.136421948909959
"Tmax","Maximum temperature","2022/2023",-24,0.0643274532676727,0.142129887577082
"Tmax","Maximum temperature","2022/2023",-23,0.0669108477515309,0.147837832613086
"Tmax","Maximum temperature","2022/2023",-22,0.0694942450889597,0.153545783953983
"Tmax","Maximum temperature","2022/2023",-21,0.0720776452509981,0.159253741535784
"Tmax","Maximum temperature","2022/2023",-20,0.0746610482086845,0.164961705294498
"Tmax","Maximum temperature","2022/2023",-19,0.077244453933058,0.170669675166138
"Tmax","Maximum temperature","2022/2023",-18,0.079827862395157,0.176377651086713
"Tmax","Maximum temperature","2022/2023",-17,0.0824112735660205,0.182085632992236
"Tmax","Maximum temperature","2022/2023",-16,0.0849946874166871,0.187793620818715
"Tmax","Maximum temperature","2022/2023",-15,0.0875781039181956,0.193501614502164
"Tmax","Maximum temperature","2022/2023",-14,0.0901615230415847,0.199209613978591
"Tmax","Maximum temperature","2022/2023",-13,0.0927449447578932,0.204917619184008
"Tmax","Maximum temperature","2022/2023",-12,0.0953283690381598,0.210625630054426
"Tmax","Maximum temperature","2022/2023",-11,0.0979117958534232,0.216333646525856
"Tmax","Maximum temperature","2022/2023",-10,0.100495225174722,0.222041668534309
"Tmax","Maximum temperature","2022/2023",-9,0.103078656973096,0.227749696015794
"Tmax","Maximum temperature","2022/2023",-8,0.105662091219582,0.233457728906324
"Tmax","Maximum temperature","2022/2023",-7,0.10824552788522,0.239165767141909
"Tmax","Maximum temperature","2022/2023",-6,0.110828966941049,0.24487381065856
"Tmax","Maximum temperature","2022/2023",-5,0.113412408358107,0.250581859392287
"Tmax","Maximum temperature","2022/2023",-4,0.115995852107433,0.256289913279102
"Tmax","Maximum temperature","2022/2023",-3,0.118579298160066,0.261997972255015
"Tmax","Maximum temperature","2022/2023",-2,0.121162746487045,0.267706036256037
"Tmax","Maximum temperature","2022/2023",-1,0.123746197059407,0.273414105218179
"Tmax","Maximum temperature","2023/2024",-80,0.136212043948175,0.300957079902428
"Tmax","Maximum temperature","2023/2024",-79,0.130195127407723,0.287662854373295
"Tmax","Maximum temperature","2023/2024",-78,0.124316742290863,0.274674710534965
"Tmax","Maximum temperature","2023/2024",-77,0.118576222729427,0.261991177168488
"Tmax","Maximum temperature","2023/2024",-76,0.112972902855244,0.249610783054917
"Tmax","Maximum temperature","2023/2024",-75,0.107506116800143,0.237532056975303
"Tmax","Maximum temperature","2023/2024",-74,0.102175198695956,0.225753527710698
"Tmax","Maximum temperature","2023/2024",-73,0.0969794826745106,0.214273724042153
"Tmax","Maximum temperature","2023/2024",-72,0.0919183028676382,0.203091174750719
"Tmax","Maximum temperature","2023/2024",-71,0.0869909934071684,0.192204408617448
"Tmax","Maximum temperature","2023/2024",-70,0.0821968884249309,0.181611954423391
"Tmax","Maximum temperature","2023/2024",-69,0.0775353220527557,0.1713123409496
"Tmax","Maximum temperature","2023/2024",-68,0.0730056284224727,0.161304096977127
"Tmax","Maximum temperature","2023/2024",-67,0.0686071416659118,0.151585751287022
"Tmax","Maximum temperature","2023/2024",-66,0.0643391959149029,0.142155832660338
"Tmax","Maximum temperature","2023/2024",-65,0.0602011253012759,0.133012869878126
"Tmax","Maximum temperature","2023/2024",-64,0.0561922639568606,0.124155391721437
"Tmax","Maximum temperature","2023/2024",-63,0.0523119460134871,0.115581926971322
"Tmax","Maximum temperature","2023/2024",-62,0.0485595056029852,0.107291004408834
"Tmax","Maximum temperature","2023/2024",-61,0.0449342768571847,0.0992811528150243
"Tmax","Maximum temperature","2023/2024",-60,0.0414355939079157,0.0915509009709432
"Tmax","Maximum temperature","2023/2024",-59,0.038062790887008,0.0840987776576429
"Tmax","Maximum temperature","2023/2024",-58,0.0348152019262914,0.0769233116561748
"Tmax","Maximum temperature","2023/2024",-57,0.031692161157596,0.0700230317475904
"Tmax","Maximum temperature","2023/2024",-56,0.0286930027127515,0.0633964667129411
"Tmax","Maximum temperature","2023/2024",-55,0.025817060723588,0.0570421453332785
"Tmax","Maximum temperature","2023/2024",-54,0.0230636693219353,0.0509585963896539
"Tmax","Maximum temperature","2023/2024",-53,0.0204321626396233,0.045144348663119
"Tmax","Maximum temperature","2023/2024",-52,0.0179218748084818,0.0395979309347251
"Tmax","Maximum temperature","2023/2024",-51,0.0155321399603409,0.0343178719855238
"Tmax","Maximum temperature","2023/2024",-50,0.0132622922270304,0.0293027005965665
"Tmax","Maximum temperature","2023/2024",-49,0.0111116657403802,0.0245509455489048
"Tmax","Maximum temperature","2023/2024",-48,0.00907959463222019,0.0200611356235901
"Tmax","Maximum temperature","2023/2024",-47,0.0071654130343803,0.0158317996016738
"Tmax","Maximum temperature","2023/2024",-46,0.00536845507869042,0.0118614662642075
"Tmax","Maximum temperature","2023/2024",-45,0.00368805489698045,0.00814866439224266
"Tmax","Maximum temperature","2023/2024",-44,0.00212354662108029,0.00469192276683074
"Tmax","Maximum temperature","2023/2024",-43,0.000674264382819843,0.00148977016902323
"Tmax","Maximum temperature","2023/2024",-42,-0.000660457685971,-0.0014592646201284
"Tmax","Maximum temperature","2023/2024",-41,-0.00188128545346232,-0.00415665281957266
"Tmax","Maximum temperature","2023/2024",-40,-0.00298888478782423,-0.00660386564825805
"Tmax","Maximum temperature","2023/2024",-39,-0.00398392155722684,-0.00880237432513313
"Tmax","Maximum temperature","2023/2024",-38,-0.00486706162984021,-0.0107536500691464
"Tmax","Maximum temperature","2023/2024",-37,-0.00563897087383448,-0.0124591640992463
"Tmax","Maximum temperature","2023/2024",-36,-0.00630031515737973,-0.0139203876343815
"Tmax","Maximum temperature","2023/2024",-35,-0.00685176034864606,-0.0151387918935005
"Tmax","Maximum temperature","2023/2024",-34,-0.00729397231580357,-0.0161158480955516
"Tmax","Maximum temperature","2023/2024",-33,-0.00762761692702236,-0.0168530274594836
"Tmax","Maximum temperature","2023/2024",-32,-0.00785336005047254,-0.0173518012042449
"Tmax","Maximum temperature","2023/2024",-31,-0.00797186755432418,-0.0176136405487839
"Tmax","Maximum temperature","2023/2024",-30,-0.00798380530674742,-0.0176400167120494
"Tmax","Maximum temperature","2023/2024",-29,-0.00788983917591233,-0.0174324009129897
"Tmax","Maximum temperature","2023/2024",-28,-0.00769063502998902,-0.0169922643705533
"Tmax","Maximum temperature","2023/2024",-27,-0.00738685873714757,-0.0163210783036888
"Tmax","Maximum temperature","2023/2024",-26,-0.00697917616555811,-0.0154203139313448
"Tmax","Maximum temperature","2023/2024",-25,-0.00646825318339072,-0.0142914424724697
"Tmax","Maximum temperature","2023/2024",-24,-0.0058547556588155,-0.012935935146012
"Tmax","Maximum temperature","2023/2024",-23,-0.00513934946000256,-0.0113552631709203
"Tmax","Maximum temperature","2023/2024",-22,-0.00432270045512199,-0.00955089776614309
"Tmax","Maximum temperature","2023/2024",-21,-0.00340547451234389,-0.00752431015062889
"Tmax","Maximum temperature","2023/2024",-20,-0.00238833749983837,-0.00527697154332623
"Tmax","Maximum temperature","2023/2024",-19,-0.00127195528577551,-0.00281035316318358
"Tmax","Maximum temperature","2023/2024",-18,-5.69937383254129e-05,-0.000125926229149498
"Tmax","Maximum temperature","2023/2024",-17,0.00125588127434181,0.00277483803982749
"Tmax","Maximum temperature","2023/2024",-16,0.00266600388405606,0.00589046842479889
"Tmax","Maximum temperature","2023/2024",-15,0.00417270822264725,0.00921949370681617
"Tmax","Maximum temperature","2023/2024",-14,0.00577532842194527,0.0127604426669308
"Tmax","Maximum temperature","2023/2024",-13,0.00747319861378003,0.0165118440861943
"Tmax","Maximum temperature","2023/2024",-12,0.00926565292998144,0.0204722267456581
"Tmax","Maximum temperature","2023/2024",-11,0.0111520255023794,0.0246401194263737
"Tmax","Maximum temperature","2023/2024",-10,0.0131316504628037,0.0290140509093926
"Tmax","Maximum temperature","2023/2024",-9,0.0152038619430844,0.0335925499757663
"Tmax","Maximum temperature","2023/2024",-8,0.0173679940750514,0.0383741454065462
"Tmax","Maximum temperature","2023/2024",-7,0.0196233809905345,0.0433573659827839
"Tmax","Maximum temperature","2023/2024",-6,0.0219693568213636,0.0485407404855307
"Tmax","Maximum temperature","2023/2024",-5,0.0244052556993686,0.0539227976958383
"Tmax","Maximum temperature","2023/2024",-4,0.0269304117563796,0.059502066394758
"Tmax","Maximum temperature","2023/2024",-3,0.0295441591242262,0.0652770753633414
"Tmax","Maximum temperature","2023/2024",-2,0.0322458319347385,0.0712463533826399
"Tmax","Maximum temperature","2023/2024",-1,0.0350347643197463,0.0774084292337051
"Tmax","Maximum temperature","2024/2025",-80,0.152665442654138,0.337310449879763
"Tmax","Maximum temperature","2024/2025",-79,0.142084390889392,0.313931882543778
"Tmax","Maximum temperature","2024/2025",-78,0.131784363100676,0.2911742306038
"Tmax","Maximum temperature","2024/2025",-77,0.121764455804773,0.269035497836414
"Tmax","Maximum temperature","2024/2025",-76,0.112023765518464,0.247513688018209
"Tmax","Maximum temperature","2024/2025",-75,0.102561388758529,0.22660680492577
"Tmax","Maximum temperature","2024/2025",-74,0.0933764220417492,0.206312852335684
"Tmax","Maximum temperature","2024/2025",-73,0.0844679618849068,0.186629834024539
"Tmax","Maximum temperature","2024/2025",-72,0.0758351048047824,0.167555753768921
"Tmax","Maximum temperature","2024/2025",-71,0.0674769473181571,0.149088615345417
"Tmax","Maximum temperature","2024/2025",-70,0.0593925859418123,0.131226422530614
"Tmax","Maximum temperature","2024/2025",-69,0.0515811171925288,0.113967179101099
"Tmax","Maximum temperature","2024/2025",-68,0.044041637587088,0.0973088888334577
"Tmax","Maximum temperature","2024/2025",-67,0.036773243642271,0.0812495555042779
"Tmax","Maximum temperature","2024/2025",-66,0.0297750318748589,0.0657871828901463
"Tmax","Maximum temperature","2024/2025",-65,0.0230460988016327,0.0509197747676494
"Tmax","Maximum temperature","2024/2025",-64,0.0165855409393739,0.0366453349133743
"Tmax","Maximum temperature","2024/2025",-63,0.0103924548048633,0.0229618671039077
"Tmax","Maximum temperature","2024/2025",-62,0.00446593691488228,0.00986737511583635
"Tmax","Maximum temperature","2024/2025",-61,-0.00119491621378807,-0.00264013727425269
"Tmax","Maximum temperature","2024/2025",-60,-0.00659100806436668,-0.0145626662897729
"Tmax","Maximum temperature","2024/2025",-59,-0.0117232421200723,-0.0259022081541372
"Tmax","Maximum temperature","2024/2025",-58,-0.0165925218641239,-0.0366607590907591
"Tmax","Maximum temperature","2024/2025",-57,-0.0211997507797403,-0.0468403153230513
"Tmax","Maximum temperature","2024/2025",-56,-0.0255458323501402,-0.0564428730744274
"Tmax","Maximum temperature","2024/2025",-55,-0.0296316700585426,-0.0654704285683005
"Tmax","Maximum temperature","2024/2025",-54,-0.0334581673881664,-0.0739249780280836
"Tmax","Maximum temperature","2024/2025",-53,-0.0370262278222303,-0.0818085176771901
"Tmax","Maximum temperature","2024/2025",-52,-0.0403367548439533,-0.0891230437390332
"Tmax","Maximum temperature","2024/2025",-51,-0.0433906519365542,-0.0958705524370258
"Tmax","Maximum temperature","2024/2025",-50,-0.0461888225832518,-0.102053039994581
"Tmax","Maximum temperature","2024/2025",-49,-0.048732170267265,-0.107672502635113
"Tmax","Maximum temperature","2024/2025",-48,-0.0510215984718126,-0.112730936582034
"Tmax","Maximum temperature","2024/2025",-47,-0.0530580106801136,-0.117230338058757
"Tmax","Maximum temperature","2024/2025",-46,-0.0548423103753867,-0.121172703288696
"Tmax","Maximum temperature","2024/2025",-45,-0.0563754010408508,-0.124560028495263
"Tmax","Maximum temperature","2024/2025",-44,-0.0576581861597247,-0.127394309901873
"Tmax","Maximum temperature","2024/2025",-43,-0.0586915692152274,-0.129677543731938
"Tmax","Maximum temperature","2024/2025",-42,-0.0594764536905776,-0.131411726208871
"Tmax","Maximum temperature","2024/2025",-41,-0.0600137430689943,-0.132598853556085
"Tmax","Maximum temperature","2024/2025",-40,-0.0603043408336962,-0.133240921996994
"Tmax","Maximum temperature","2024/2025",-39,-0.0603491504679022,-0.133339927755011
"Tmax","Maximum temperature","2024/2025",-38,-0.0601490754548312,-0.13289786705355
"Tmax","Maximum temperature","2024/2025",-37,-0.0597050192777021,-0.131916736116022
"Tmax","Maximum temperature","2024/2025",-36,-0.0590178854197336,-0.130398531165842
"Tmax","Maximum temperature","2024/2025",-35,-0.0580885773641447,-0.128345248426422
"Tmax","Maximum temperature","2024/2025",-34,-0.0569179985941542,-0.125758884121176
"Tmax","Maximum temperature","2024/2025",-33,-0.0555070525929809,-0.122641434473518
"Tmax","Maximum temperature","2024/2025",-32,-0.0538566428438437,-0.118994895706859
"Tmax","Maximum temperature","2024/2025",-31,-0.0519676728299614,-0.114821264044614
"Tmax","Maximum temperature","2024/2025",-30,-0.049841046034553,-0.110122535710195
"Tmax","Maximum temperature","2024/2025",-29,-0.0474776659408372,-0.104900706927016
"Tmax","Maximum temperature","2024/2025",-28,-0.0448784360320329,-0.0991577739184898
"Tmax","Maximum temperature","2024/2025",-27,-0.042044259791359,-0.0928957329080296
"Tmax","Maximum temperature","2024/2025",-26,-0.0389760407020343,-0.0861165801190488
"Tmax","Maximum temperature","2024/2025",-25,-0.0356746822472776,-0.0788223117749604
"Tmax","Maximum temperature","2024/2025",-24,-0.0321410879103079,-0.0710149240991776
"Tmax","Maximum temperature","2024/2025",-23,-0.028376161174344,-0.0626964133151137
"Tmax","Maximum temperature","2024/2025",-22,-0.0243808055226046,-0.0538687756461817
"Tmax","Maximum temperature","2024/2025",-21,-0.0201559244383088,-0.0445340073157949
"Tmax","Maximum temperature","2024/2025",-20,-0.0157024214046753,-0.0346941045473665
"Tmax","Maximum temperature","2024/2025",-19,-0.011021199904923,-0.0243510635643096
"Tmax","Maximum temperature","2024/2025",-18,-0.00611316342227067,-0.0135068805900373
"Tmax","Maximum temperature","2024/2025",-17,-0.0009792154399373,-0.00216355184796307
"Tmax","Maximum temperature","2024/2025",-16,0.00437974055885837,0.00967692643850017
"Tmax","Maximum temperature","2024/2025",-15,0.00996280109089738,0.022012558045939
"Tmax","Maximum temperature","2024/2025",-14,0.015769062672961,0.0348413467509404
"Tmax","Maximum temperature","2024/2025",-13,0.0217976218218303,0.0481612963300913
"Tmax","Maximum temperature","2024/2025",-12,0.0280475750542864,0.0619704105599783
"Tmax","Maximum temperature","2024/2025",-11,0.0345180188871105,0.0762666932171884
"Tmax","Maximum temperature","2024/2025",-10,0.0412080498370838,0.0910481480783081
"Tmax","Maximum temperature","2024/2025",-9,0.0481167644209873,0.106312778919924
"Tmax","Maximum temperature","2024/2025",-8,0.0552432591556023,0.122058589518624
"Tmax","Maximum temperature","2024/2025",-7,0.0625866305577098,0.138283583650995
"Tmax","Maximum temperature","2024/2025",-6,0.0701459751440911,0.154985765093622
"Tmax","Maximum temperature","2024/2025",-5,0.0779203894315272,0.172163137623093
"Tmax","Maximum temperature","2024/2025",-4,0.0859089699367994,0.189813705015995
"Tmax","Maximum temperature","2024/2025",-3,0.0941108131766887,0.207935471048914
"Tmax","Maximum temperature","2024/2025",-2,0.102525015667976,0.226526439498438
"Tmax","Maximum temperature","2024/2025",-1,0.111150673927443,0.245584614141153
"Tmax","Maximum temperature","2025/2026",-80,0.0937631122217768,0.207167234547674
"Tmax","Maximum temperature","2025/2026",-79,0.0906990698865321,0.20039731019162
"Tmax","Maximum temperature","2025/2026",-78,0.0876707109451571,0.193706227395451
"Tmax","Maximum temperature","2025/2026",-77,0.0846779681788932,0.187093837641013
"Tmax","Maximum temperature","2025/2026",-76,0.081720774368982,0.180559992410154
"Tmax","Maximum temperature","2025/2026",-75,0.0787990622966648,0.174104543184718
"Tmax","Maximum temperature","2025/2026",-74,0.0759127647431833,0.167727341446553
"Tmax","Maximum temperature","2025/2026",-73,0.0730618144897788,0.161428238677504
"Tmax","Maximum temperature","2025/2026",-72,0.0702461443176929,0.155207086359419
"Tmax","Maximum temperature","2025/2026",-71,0.067465687008167,0.149063735974143
"Tmax","Maximum temperature","2025/2026",-70,0.0647203753424427,0.142998039003522
"Tmax","Maximum temperature","2025/2026",-69,0.0620101421017613,0.137009846929404
"Tmax","Maximum temperature","2025/2026",-68,0.0593349200673645,0.131099011233634
"Tmax","Maximum temperature","2025/2026",-67,0.0566946420204936,0.125265383398058
"Tmax","Maximum temperature","2025/2026",-66,0.0540892407423902,0.119508814904523
"Tmax","Maximum temperature","2025/2026",-65,0.0515186490142956,0.113829157234875
"Tmax","Maximum temperature","2025/2026",-64,0.0489827996174516,0.108226261870961
"Tmax","Maximum temperature","2025/2026",-63,0.0464816253330993,0.102699980294626
"Tmax","Maximum temperature","2025/2026",-62,0.0440150589424805,0.0972501639877174
"Tmax","Maximum temperature","2025/2026",-61,0.0415830332268365,0.0918766644320811
"Tmax","Maximum temperature","2025/2026",-60,0.0391854809674089,0.0865793331095636
"Tmax","Maximum temperature","2025/2026",-59,0.0368223349454391,0.081358021502011
"Tmax","Maximum temperature","2025/2026",-58,0.0344935279421686,0.0762125810912696
"Tmax","Maximum temperature","2025/2026",-57,0.0321989927388389,0.0711428633591859
"Tmax","Maximum temperature","2025/2026",-56,0.0299386621166914,0.0661487197876059
"Tmax","Maximum temperature","2025/2026",-55,0.0277124688569678,0.0612300018583763
"Tmax","Maximum temperature","2025/2026",-54,0.0255203457409093,0.056386561053343
"Tmax","Maximum temperature","2025/2026",-53,0.0233622255497575,0.0516182488543527
"Tmax","Maximum temperature","2025/2026",-52,0.021238041064754,0.0469249167432513
"Tmax","Maximum temperature","2025/2026",-51,0.0191477250671401,0.0423064162018854
"Tmax","Maximum temperature","2025/2026",-50,0.0170912103381574,0.0377625987121012
"Tmax","Maximum temperature","2025/2026",-49,0.0150684296590473,0.033293315755745
"Tmax","Maximum temperature","2025/2026",-48,0.0130793158110513,0.0288984188146631
"Tmax","Maximum temperature","2025/2026",-47,0.0111238015754109,0.0245777593707018
"Tmax","Maximum temperature","2025/2026",-46,0.00920181973336767,0.0203311889057075
"Tmax","Maximum temperature","2025/2026",-45,0.00731330306616297,0.0161585589015263
"Tmax","Maximum temperature","2025/2026",-44,0.00545818435503831,0.0120597208400047
"Tmax","Maximum temperature","2025/2026",-43,0.0036363963812352,0.008034526202989
"Tmax","Maximum temperature","2025/2026",-42,0.00184787192599509,0.00408282647232537
"Tmax","Maximum temperature","2025/2026",-41,9.25437705594651e-05,0.000204473129860189
"Tmax","Maximum temperature","2025/2026",-40,-0.00162965530383016,-0.00360068234256021
"Tmax","Maximum temperature","2025/2026",-39,-0.00331879251593235,-0.0073327884630896
"Tmax","Maximum temperature","2025/2026",-38,-0.00497493508450558,-0.0109919937498816
"Tmax","Maximum temperature","2025/2026",-37,-0.0065981502283084,-0.01457844672109
"Tmax","Maximum temperature","2025/2026",-36,-0.00818850516609931,-0.0180922958948684
"Tmax","Maximum temperature","2025/2026",-35,-0.00974606711663684,-0.0215336897893705
"Tmax","Maximum temperature","2025/2026",-34,-0.0112709032986795,-0.02490277692275
"Tmax","Maximum temperature","2025/2026",-33,-0.0127630809309858,-0.0281997058131607
"Tmax","Maximum temperature","2025/2026",-32,-0.0142226672323143,-0.0314246249787561
"Tmax","Maximum temperature","2025/2026",-31,-0.0156497294214234,-0.0345776829376901
"Tmax","Maximum temperature","2025/2026",-30,-0.0170443347170718,-0.0376590282081163
"Tmax","Maximum temperature","2025/2026",-29,-0.0184065503380179,-0.0406688093081884
"Tmax","Maximum temperature","2025/2026",-28,-0.0197364435030202,-0.0436071747560601
"Tmax","Maximum temperature","2025/2026",-27,-0.0210340814308373,-0.0464742730698851
"Tmax","Maximum temperature","2025/2026",-26,-0.0222995313402277,-0.0492702527678171
"Tmax","Maximum temperature","2025/2026",-25,-0.0235328604499498,-0.0519952623680098
"Tmax","Maximum temperature","2025/2026",-24,-0.0247341359787623,-0.0546494503886168
"Tmax","Maximum temperature","2025/2026",-23,-0.0259034251454236,-0.0572329653477919
"Tmax","Maximum temperature","2025/2026",-22,-0.0270407951686923,-0.0597459557636889
"Tmax","Maximum temperature","2025/2026",-21,-0.0281463132673268,-0.0621885701544612
"Tmax","Maximum temperature","2025/2026",-20,-0.0292200466600857,-0.0645609570382628
"Tmax","Maximum temperature","2025/2026",-19,-0.0302620625657275,-0.0668632649332471
"Tmax","Maximum temperature","2025/2026",-18,-0.0312724282030107,-0.0690956423575681
"Tmax","Maximum temperature","2025/2026",-17,-0.0322512107906939,-0.0712582378293792
"Tmax","Maximum temperature","2025/2026",-16,-0.0331984775475356,-0.0733511998668344
"Tmax","Maximum temperature","2025/2026",-15,-0.0341142956922942,-0.0753746769880872
"Tmax","Maximum temperature","2025/2026",-14,-0.0349987324437283,-0.0773288177112913
"Tmax","Maximum temperature","2025/2026",-13,-0.0358518550205964,-0.0792137705546005
"Tmax","Maximum temperature","2025/2026",-12,-0.036673730641657,-0.0810296840361684
"Tmax","Maximum temperature","2025/2026",-11,-0.0374644265256687,-0.0827767066741487
"Tmax","Maximum temperature","2025/2026",-10,-0.03822400989139,-0.0844549869866951
"Tmax","Maximum temperature","2025/2026",-9,-0.0389525479575794,-0.0860646734919614
"Tmax","Maximum temperature","2025/2026",-8,-0.0396501079429953,-0.0876059147081011
"Tmax","Maximum temperature","2025/2026",-7,-0.0403167570663964,-0.089078859153268
"Tmax","Maximum temperature","2025/2026",-6,-0.0409525625465411,-0.0904836553456159
"Tmax","Maximum temperature","2025/2026",-5,-0.041557591602188,-0.0918204518032984
"Tmax","Maximum temperature","2025/2026",-4,-0.0421319114520956,-0.0930893970444691
"Tmax","Maximum temperature","2025/2026",-3,-0.0426755893150223,-0.0942906395872819
"Tmax","Maximum temperature","2025/2026",-2,-0.0431886924097268,-0.0954243279498903
"Tmax","Maximum temperature","2025/2026",-1,-0.0436712879549675,-0.0964906106504481
"Tmin","Minimum temperature","2022/2023",-80,0.147652308895078,0.121380942596948
"Tmin","Minimum temperature","2022/2023",-79,0.139137518257843,0.114381165070288
"Tmin","Minimum temperature","2022/2023",-78,0.130753774736678,0.10748911780936
"Tmin","Minimum temperature","2022/2023",-77,0.122505543560459,0.100708471557235
"Tmin","Minimum temperature","2022/2023",-76,0.114397289958066,0.0940428970569884
"Tmin","Minimum temperature","2022/2023",-75,0.106433479158376,0.0874960650516928
"Tmin","Minimum temperature","2022/2023",-74,0.0986185763902686,0.0810716462844219
"Tmin","Minimum temperature","2022/2023",-73,0.0909570468826211,0.0747733114982492
"Tmin","Minimum temperature","2022/2023",-72,0.0834533558643122,0.0686047314362482
"Tmin","Minimum temperature","2022/2023",-71,0.0761119685642201,0.0625695768414923
"Tmin","Minimum temperature","2022/2023",-70,0.0689373502112232,0.0566715184570551
"Tmin","Minimum temperature","2022/2023",-69,0.0619339660341997,0.0509142270260099
"Tmin","Minimum temperature","2022/2023",-68,0.0551062812620281,0.0453013732914305
"Tmin","Minimum temperature","2022/2023",-67,0.0484587611235866,0.0398366279963901
"Tmin","Minimum temperature","2022/2023",-66,0.0419958708477536,0.0345236618839623
"Tmin","Minimum temperature","2022/2023",-65,0.0357220756634072,0.0293661456972206
"Tmin","Minimum temperature","2022/2023",-64,0.029641840799426,0.0243677501792384
"Tmin","Minimum temperature","2022/2023",-63,0.0237596314846881,0.0195321460730893
"Tmin","Minimum temperature","2022/2023",-62,0.0180799129480719,0.0148630041218467
"Tmin","Minimum temperature","2022/2023",-61,0.0126071504184557,0.0103639950685842
"Tmin","Minimum temperature","2022/2023",-60,0.00734580912471781,0.00603878965637519
"Tmin","Minimum temperature","2022/2023",-59,0.00230035429573653,0.00189105862829313
"Tmin","Minimum temperature","2022/2023",-58,-0.00252474883960978,-0.00207552727258843
"Tmin","Minimum temperature","2022/2023",-57,-0.00712503505244278,-0.00585729730319599
"Tmin","Minimum temperature","2022/2023",-56,-0.0114960391138843,-0.00945058072045616
"Tmin","Minimum temperature","2022/2023",-55,-0.0156332957950558,-0.0128517067812953
"Tmin","Minimum temperature","2022/2023",-54,-0.0195323398670792,-0.0160570047426401
"Tmin","Minimum temperature","2022/2023",-53,-0.023188706101076,-0.0190628038614169
"Tmin","Minimum temperature","2022/2023",-52,-0.0265979292681681,-0.0218654333945524
"Tmin","Minimum temperature","2022/2023",-51,-0.0297555441394769,-0.0244612225989729
"Tmin","Minimum temperature","2022/2023",-50,-0.0326570854861244,-0.0268465007316051
"Tmin","Minimum temperature","2022/2023",-49,-0.035298088079232,-0.0290175970493755
"Tmin","Minimum temperature","2022/2023",-48,-0.0376740866899216,-0.0309708408092104
"Tmin","Minimum temperature","2022/2023",-47,-0.0397806160893147,-0.0327025612680366
"Tmin","Minimum temperature","2022/2023",-46,-0.0416132110485331,-0.0342090876827804
"Tmin","Minimum temperature","2022/2023",-45,-0.0431674063386985,-0.0354867493103684
"Tmin","Minimum temperature","2022/2023",-44,-0.0444387367309326,-0.0365318754077271
"Tmin","Minimum temperature","2022/2023",-43,-0.045422736996357,-0.0373407952317831
"Tmin","Minimum temperature","2022/2023",-42,-0.0461149419060934,-0.0379098380394628
"Tmin","Minimum temperature","2022/2023",-41,-0.0465108862312635,-0.0382353330876927
"Tmin","Minimum temperature","2022/2023",-40,-0.0466061047429891,-0.0383136096333994
"Tmin","Minimum temperature","2022/2023",-39,-0.0463961322123917,-0.0381409969335093
"Tmin","Minimum temperature","2022/2023",-38,-0.045876503410593,-0.0377138242449491
"Tmin","Minimum temperature","2022/2023",-37,-0.0450427531087149,-0.0370284208246451
"Tmin","Minimum temperature","2022/2023",-36,-0.0438904160778788,-0.036081115929524
"Tmin","Minimum temperature","2022/2023",-35,-0.0424150270892067,-0.0348682388165122
"Tmin","Minimum temperature","2022/2023",-34,-0.04061212091382,-0.0333861187425362
"Tmin","Minimum temperature","2022/2023",-33,-0.0384772323228404,-0.0316310849645226
"Tmin","Minimum temperature","2022/2023",-32,-0.0360058960873899,-0.0295994667393978
"Tmin","Minimum temperature","2022/2023",-31,-0.0331936469785898,-0.0272875933240884
"Tmin","Minimum temperature","2022/2023",-30,-0.030036019767562,-0.024691793975521
"Tmin","Minimum temperature","2022/2023",-29,-0.0265285492254282,-0.021808397950622
"Tmin","Minimum temperature","2022/2023",-28,-0.02266677012331,-0.0186337345063178
"Tmin","Minimum temperature","2022/2023",-27,-0.018446217232329,-0.0151641328995351
"Tmin","Minimum temperature","2022/2023",-26,-0.0138624253236072,-0.0113959223872004
"Tmin","Minimum temperature","2022/2023",-25,-0.00891092916826594,-0.00732543222624009
"Tmin","Minimum temperature","2022/2023",-24,-0.00358726353742705,-0.00294899167358076
"Tmin","Minimum temperature","2022/2023",-23,0.00211303679778774,0.00173707001385105
"Tmin","Minimum temperature","2022/2023",-22,0.00819443706625683,0.0067364235791289
"Tmin","Minimum temperature","2022/2023",-21,0.0146614024968585,0.0120527397653262
"Tmin","Minimum temperature","2022/2023",-20,0.021518398318471,0.0176896893155165
"Tmin","Minimum temperature","2022/2023",-19,0.0287698897599727,0.0236509429727732
"Tmin","Minimum temperature","2022/2023",-18,0.036420342050242,0.0299401714801699
"Tmin","Minimum temperature","2022/2023",-17,0.044474220418157,0.0365610455807799
"Tmin","Minimum temperature","2022/2023",-16,0.0529359900925963,0.043517236017677
"Tmin","Minimum temperature","2022/2023",-15,0.0618101163024379,0.0508124135339344
"Tmin","Minimum temperature","2022/2023",-14,0.0711010642765604,0.0584502488726257
"Tmin","Minimum temperature","2022/2023",-13,0.0808132992438419,0.0664344127768244
"Tmin","Minimum temperature","2022/2023",-12,0.0909512864331609,0.0747685759896039
"Tmin","Minimum temperature","2022/2023",-11,0.101519491073396,0.0834564092540378
"Tmin","Minimum temperature","2022/2023",-10,0.112522378393424,0.0925015833131995
"Tmin","Minimum temperature","2022/2023",-9,0.123964413622125,0.101907768910163
"Tmin","Minimum temperature","2022/2023",-8,0.135850061988377,0.111678636788
"Tmin","Minimum temperature","2022/2023",-7,0.148183788721058,0.121817857689787
"Tmin","Minimum temperature","2022/2023",-6,0.160970059049046,0.132329102358595
"Tmin","Minimum temperature","2022/2023",-5,0.174213338201219,0.143216041537498
"Tmin","Minimum temperature","2022/2023",-4,0.187918091406457,0.15448234596957
"Tmin","Minimum temperature","2022/2023",-3,0.202088783893636,0.166131686397884
"Tmin","Minimum temperature","2022/2023",-2,0.216729880891637,0.178167733565514
"Tmin","Minimum temperature","2022/2023",-1,0.231845847629336,0.190594158215533
"Tmin","Minimum temperature","2023/2024",-80,0.657298677915232,0.540347344989865
"Tmin","Minimum temperature","2023/2024",-79,0.642078445940892,0.527835206727927
"Tmin","Minimum temperature","2023/2024",-78,0.626858212682898,0.515323067410732
"Tmin","Minimum temperature","2023/2024",-77,0.611637978167312,0.502810927059705
"Tmin","Minimum temperature","2023/2024",-76,0.596417742420192,0.490298785696267
"Tmin","Minimum temperature","2023/2024",-75,0.5811975054676,0.477786643341843
"Tmin","Minimum temperature","2023/2024",-74,0.565977267335595,0.465274500017857
"Tmin","Minimum temperature","2023/2024",-73,0.550757028050239,0.452762355745731
"Tmin","Minimum temperature","2023/2024",-72,0.53553678763759,0.44025021054689
"Tmin","Minimum temperature","2023/2024",-71,0.52031654612371,0.427738064442756
"Tmin","Minimum temperature","2023/2024",-70,0.505096303534659,0.415225917454752
"Tmin","Minimum temperature","2023/2024",-69,0.489876059896497,0.402713769604303
"Tmin","Minimum temperature","2023/2024",-68,0.474655815235283,0.390201620912833
"Tmin","Minimum temperature","2023/2024",-67,0.45943556957708,0.377689471401763
"Tmin","Minimum temperature","2023/2024",-66,0.444215322947946,0.365177321092518
"Tmin","Minimum temperature","2023/2024",-65,0.428995075373942,0.352665170006521
"Tmin","Minimum temperature","2023/2024",-64,0.413774826881128,0.340153018165195
"Tmin","Minimum temperature","2023/2024",-63,0.398554577495565,0.327640865589965
"Tmin","Minimum temperature","2023/2024",-62,0.383334327243313,0.315128712302253
"Tmin","Minimum temperature","2023/2024",-61,0.368114076150432,0.302616558323483
"Tmin","Minimum temperature","2023/2024",-60,0.352893824242982,0.290104403675078
"Tmin","Minimum temperature","2023/2024",-59,0.337673571547024,0.277592248378462
"Tmin","Minimum temperature","2023/2024",-58,0.322453318088618,0.265080092455058
"Tmin","Minimum temperature","2023/2024",-57,0.307233063893824,0.25256793592629
"Tmin","Minimum temperature","2023/2024",-56,0.292012808988702,0.24005577881358
"Tmin","Minimum temperature","2023/2024",-55,0.276792553399313,0.227543621138353
"Tmin","Minimum temperature","2023/2024",-54,0.261572297151717,0.215031462922032
"Tmin","Minimum temperature","2023/2024",-53,0.246352040271974,0.202519304186041
"Tmin","Minimum temperature","2023/2024",-52,0.231131782786144,0.190007144951802
"Tmin","Minimum temperature","2023/2024",-51,0.215911524720289,0.177494985240739
"Tmin","Minimum temperature","2023/2024",-50,0.200691266100467,0.164982825074276
"Tmin","Minimum temperature","2023/2024",-49,0.185471006952739,0.152470664473836
"Tmin","Minimum temperature","2023/2024",-48,0.170250747303166,0.139958503460843
"Tmin","Minimum temperature","2023/2024",-47,0.155030487177808,0.127446342056719
"Tmin","Minimum temperature","2023/2024",-46,0.139810226602725,0.114934180282889
"Tmin","Minimum temperature","2023/2024",-45,0.124589965603978,0.102422018160776
"Tmin","Minimum temperature","2023/2024",-44,0.109369704207625,0.0899098557118027
"Tmin","Minimum temperature","2023/2024",-43,0.094149442439729,0.0773976929573933
"Tmin","Minimum temperature","2023/2024",-42,0.0789291803263489,0.064885529918971
"Tmin","Minimum temperature","2023/2024",-41,0.063708917893545,0.0523733666179592
"Tmin","Minimum temperature","2023/2024",-40,0.0484886551673779,0.0398612030757814
"Tmin","Minimum temperature","2023/2024",-39,0.0332683921739076,0.0273490393138611
"Tmin","Minimum temperature","2023/2024",-38,0.0180481289391946,0.0148368753536216
"Tmin","Minimum temperature","2023/2024",-37,0.00282786548929895,0.00232471121648629
"Tmin","Minimum temperature","2023/2024",-36,-0.0123923981497189,-0.0101874530761212
"Tmin","Minimum temperature","2023/2024",-35,-0.0276126619517988,-0.0226996175027776
"Tmin","Minimum temperature","2023/2024",-34,-0.0428329258908806,-0.0352117820420594
"Tmin","Minimum temperature","2023/2024",-33,-0.0580531899409037,-0.0477239466725432
"Tmin","Minimum temperature","2023/2024",-32,-0.0732734540758081,-0.0602361113728055
"Tmin","Minimum temperature","2023/2024",-31,-0.0884937182695335,-0.072748276121423
"Tmin","Minimum temperature","2023/2024",-30,-0.10371398249602,-0.0852604408969721
"Tmin","Minimum temperature","2023/2024",-29,-0.118934246729206,-0.0977726056780295
"Tmin","Minimum temperature","2023/2024",-28,-0.134154510943033,-0.110284770443172
"Tmin","Minimum temperature","2023/2024",-27,-0.149374775111439,-0.122796935170975
"Tmin","Minimum temperature","2023/2024",-26,-0.164595039208366,-0.135309099840017
"Tmin","Minimum temperature","2023/2024",-25,-0.179815303207751,-0.147821264428873
"Tmin","Minimum temperature","2023/2024",-24,-0.195035567083536,-0.16033342891612
"Tmin","Minimum temperature","2023/2024",-23,-0.210255830809659,-0.172845593280334
"Tmin","Minimum temperature","2023/2024",-22,-0.225476094360062,-0.185357757500093
"Tmin","Minimum temperature","2023/2024",-21,-0.240696357708682,-0.197869921553973
"Tmin","Minimum temperature","2023/2024",-20,-0.255916620829461,-0.21038208542055
"Tmin","Minimum temperature","2023/2024",-19,-0.271136883696337,-0.222894249078401
"Tmin","Minimum temperature","2023/2024",-18,-0.286357146283251,-0.235406412506103
"Tmin","Minimum temperature","2023/2024",-17,-0.301577408564142,-0.247918575682231
"Tmin","Minimum temperature","2023/2024",-16,-0.31679767051295,-0.260430738585363
"Tmin","Minimum temperature","2023/2024",-15,-0.332017932103615,-0.272942901194075
"Tmin","Minimum temperature","2023/2024",-14,-0.347238193310076,-0.285455063486944
"Tmin","Minimum temperature","2023/2024",-13,-0.362458454106273,-0.297967225442546
"Tmin","Minimum temperature","2023/2024",-12,-0.377678714466147,-0.310479387039458
"Tmin","Minimum temperature","2023/2024",-11,-0.392898974363636,-0.322991548256257
"Tmin","Minimum temperature","2023/2024",-10,-0.40811923377268,-0.335503709071518
"Tmin","Minimum temperature","2023/2024",-9,-0.42333949266722,-0.34801586946382
"Tmin","Minimum temperature","2023/2024",-8,-0.438559751021194,-0.360528029411737
"Tmin","Minimum temperature","2023/2024",-7,-0.453780008808543,-0.373040188893847
"Tmin","Minimum temperature","2023/2024",-6,-0.469000266003206,-0.385552347888726
"Tmin","Minimum temperature","2023/2024",-5,-0.484220522579124,-0.398064506374951
"Tmin","Minimum temperature","2023/2024",-4,-0.499440778510235,-0.410576664331098
"Tmin","Minimum temperature","2023/2024",-3,-0.51466103377048,-0.423088821735744
"Tmin","Minimum temperature","2023/2024",-2,-0.529881288333798,-0.435600978567466
"Tmin","Minimum temperature","2023/2024",-1,-0.545101542174129,-0.44811313480484
"Tmin","Minimum temperature","2024/2025",-80,0.515240358934265,0.423565069177973
"Tmin","Minimum temperature","2024/2025",-79,0.503813155788483,0.414171076632502
"Tmin","Minimum temperature","2024/2025",-78,0.492385937750193,0.404777071844307
"Tmin","Minimum temperature","2024/2025",-77,0.480958705044092,0.395383054998103
"Tmin","Minimum temperature","2024/2025",-76,0.469531457894872,0.385989026278605
"Tmin","Minimum temperature","2024/2025",-75,0.458104196527227,0.376594985870526
"Tmin","Minimum temperature","2024/2025",-74,0.446676921165851,0.367200933958583
"Tmin","Minimum temperature","2024/2025",-73,0.435249632035437,0.357806870727488
"Tmin","Minimum temperature","2024/2025",-72,0.42382232936068,0.348412796361957
"Tmin","Minimum temperature","2024/2025",-71,0.412395013366272,0.339018711046705
"Tmin","Minimum temperature","2024/2025",-70,0.400967684276908,0.329624614966445
"Tmin","Minimum temperature","2024/2025",-69,0.389540342317281,0.320230508305893
"Tmin","Minimum temperature","2024/2025",-68,0.378112987712086,0.310836391249763
"Tmin","Minimum temperature","2024/2025",-67,0.366685620686015,0.30144226398277
"Tmin","Minimum temperature","2024/2025",-66,0.355258241463763,0.292048126689628
"Tmin","Minimum temperature","2024/2025",-65,0.343830850270023,0.282653979555052
"Tmin","Minimum temperature","2024/2025",-64,0.33240344732949,0.273259822763757
"Tmin","Minimum temperature","2024/2025",-63,0.320976032866855,0.263865656500457
"Tmin","Minimum temperature","2024/2025",-62,0.309548607106814,0.254471480949866
"Tmin","Minimum temperature","2024/2025",-61,0.298121170274061,0.2450772962967
"Tmin","Minimum temperature","2024/2025",-60,0.286693722593288,0.235683102725672
"Tmin","Minimum temperature","2024/2025",-59,0.27526626428919,0.226288900421498
"Tmin","Minimum temperature","2024/2025",-58,0.26383879558646,0.216894689568892
"Tmin","Minimum temperature","2024/2025",-57,0.252411316709792,0.207500470352569
"Tmin","Minimum temperature","2024/2025",-56,0.24098382788388,0.198106242957242
"Tmin","Minimum temperature","2024/2025",-55,0.229556329333417,0.188712007567628
"Tmin","Minimum temperature","2024/2025",-54,0.218128821283098,0.17931776436844
"Tmin","Minimum temperature","2024/2025",-53,0.206701303957615,0.169923513544393
"Tmin","Minimum temperature","2024/2025",-52,0.195273777581663,0.160529255280201
"Tmin","Minimum temperature","2024/2025",-51,0.183846242379936,0.15113498976058
"Tmin","Minimum temperature","2024/2025",-50,0.172418698577126,0.141740717170244
"Tmin","Minimum temperature","2024/2025",-49,0.160991146397928,0.132346437693906
"Tmin","Minimum temperature","2024/2025",-48,0.149563586067036,0.122952151516283
"Tmin","Minimum temperature","2024/2025",-47,0.138136017809143,0.113557858822088
"Tmin","Minimum temperature","2024/2025",-46,0.126708441848943,0.104163559796036
"Tmin","Minimum temperature","2024/2025",-45,0.115280858411129,0.0947692546228425
"Tmin","Minimum temperature","2024/2025",-44,0.103853267720396,0.0853749434872207
"Tmin","Minimum temperature","2024/2025",-43,0.0924256700014375,0.0759806265738859
"Tmin","Minimum temperature","2024/2025",-42,0.0809980654789464,0.0665863040675525
"Tmin","Minimum temperature","2024/2025",-41,0.0695704543776168,0.0571919761529352
"Tmin","Minimum temperature","2024/2025",-40,0.0581428369221425,0.0477976430147485
"Tmin","Minimum temperature","2024/2025",-39,0.0467152133372172,0.038403304837707
"Tmin","Minimum temperature","2024/2025",-38,0.0352875838475347,0.0290089618065254
"Tmin","Minimum temperature","2024/2025",-37,0.0238599486777884,0.0196146141059181
"Tmin","Minimum temperature","2024/2025",-36,0.0124323080526724,0.0102202619205998
"Tmin","Minimum temperature","2024/2025",-35,0.00100466219688025,0.000825905435285143
"Tmin","Minimum temperature","2024/2025",-34,-0.0104229886648943,-0.00856845516531136
"Tmin","Minimum temperature","2024/2025",-33,-0.0218506443079575,-0.017962819696475
"Tmin","Minimum temperature","2024/2025",-32,-0.0332783045076157,-0.0273571879734914
"Tmin","Minimum temperature","2024/2025",-31,-0.0447059690391752,-0.0367515598116459
"Tmin","Minimum temperature","2024/2025",-30,-0.0561336376779421,-0.0461459350262238
"Tmin","Minimum temperature","2024/2025",-29,-0.0675613101992229,-0.0555403134325106
"Tmin","Minimum temperature","2024/2025",-28,-0.0789889863783237,-0.0649346948457916
"Tmin","Minimum temperature","2024/2025",-27,-0.090416665990551,-0.0743290790813524
"Tmin","Minimum temperature","2024/2025",-26,-0.101844348811211,-0.0837234659544783
"Tmin","Minimum temperature","2024/2025",-25,-0.11327203461561,-0.0931178552804547
"Tmin","Minimum temperature","2024/2025",-24,-0.124699723179054,-0.102512246874567
"Tmin","Minimum temperature","2024/2025",-23,-0.136127414276849,-0.111906640552101
"Tmin","Minimum temperature","2024/2025",-22,-0.147555107684302,-0.121301036128341
"Tmin","Minimum temperature","2024/2025",-21,-0.15898280317672,-0.130695433418574
"Tmin","Minimum temperature","2024/2025",-20,-0.170410500529407,-0.140089832238084
"Tmin","Minimum temperature","2024/2025",-19,-0.181838199517671,-0.149484232402157
"Tmin","Minimum temperature","2024/2025",-18,-0.193265899916819,-0.158878633726079
"Tmin","Minimum temperature","2024/2025",-17,-0.204693601502155,-0.168273036025134
"Tmin","Minimum temperature","2024/2025",-16,-0.216121304048987,-0.177667439114609
"Tmin","Minimum temperature","2024/2025",-15,-0.22754900733262,-0.187061842809788
"Tmin","Minimum temperature","2024/2025",-14,-0.238976711128361,-0.196456246925957
"Tmin","Minimum temperature","2024/2025",-13,-0.250404415211517,-0.205850651278402
"Tmin","Minimum temperature","2024/2025",-12,-0.261832119357393,-0.215245055682407
"Tmin","Minimum temperature","2024/2025",-11,-0.273259823341296,-0.224639459953259
"Tmin","Minimum temperature","2024/2025",-10,-0.284687526938532,-0.234033863906243
"Tmin","Minimum temperature","2024/2025",-9,-0.296115229924408,-0.243428267356643
"Tmin","Minimum temperature","2024/2025",-8,-0.307542932074229,-0.252822670119746
"Tmin","Minimum temperature","2024/2025",-7,-0.318970633163302,-0.262217072010838
"Tmin","Minimum temperature","2024/2025",-6,-0.330398332966934,-0.271611472845202
"Tmin","Minimum temperature","2024/2025",-5,-0.34182603126043,-0.281005872438125
"Tmin","Minimum temperature","2024/2025",-4,-0.353253727819097,-0.290400270604892
"Tmin","Minimum temperature","2024/2025",-3,-0.36468142241824,-0.299794667160789
"Tmin","Minimum temperature","2024/2025",-2,-0.376109114833168,-0.309189061921101
"Tmin","Minimum temperature","2024/2025",-1,-0.387536804839184,-0.318583454701113
"Tmin","Minimum temperature","2025/2026",-80,0.510347851771371,0.419543072261444
"Tmin","Minimum temperature","2025/2026",-79,0.498453104275351,0.409764724236791
"Tmin","Minimum temperature","2025/2026",-78,0.486558353249068,0.399986373310005
"Tmin","Minimum temperature","2025/2026",-77,0.474663598738064,0.390208019518525
"Tmin","Minimum temperature","2025/2026",-76,0.462768840787881,0.38042966289979
"Tmin","Minimum temperature","2025/2026",-75,0.450874079444061,0.370651303491238
"Tmin","Minimum temperature","2025/2026",-74,0.438979314752147,0.360872941330309
"Tmin","Minimum temperature","2025/2026",-73,0.427084546757681,0.351094576454442
"Tmin","Minimum temperature","2025/2026",-72,0.415189775506205,0.341316208901075
"Tmin","Minimum temperature","2025/2026",-71,0.403295001043261,0.331537838707649
"Tmin","Minimum temperature","2025/2026",-70,0.391400223414392,0.321759465911602
"Tmin","Minimum temperature","2025/2026",-69,0.37950544266514,0.311981090550372
"Tmin","Minimum temperature","2025/2026",-68,0.367610658841047,0.3022027126614
"Tmin","Minimum temperature","2025/2026",-67,0.355715871987655,0.292424332282124
"Tmin","Minimum temperature","2025/2026",-66,0.343821082150507,0.282645949449982
"Tmin","Minimum temperature","2025/2026",-65,0.331926289375145,0.272867564202415
"Tmin","Minimum temperature","2025/2026",-64,0.320031493707111,0.263089176576862
"Tmin","Minimum temperature","2025/2026",-63,0.308136695191947,0.25331078661076
"Tmin","Minimum temperature","2025/2026",-62,0.296241893875196,0.24353239434155
"Tmin","Minimum temperature","2025/2026",-61,0.2843470898024,0.23375399980667
"Tmin","Minimum temperature","2025/2026",-60,0.272452283019101,0.223975603043559
"Tmin","Minimum temperature","2025/2026",-59,0.260557473570841,0.214197204089657
"Tmin","Minimum temperature","2025/2026",-58,0.248662661503163,0.204418802982403
"Tmin","Minimum temperature","2025/2026",-57,0.236767846861608,0.194640399759234
"Tmin","Minimum temperature","2025/2026",-56,0.22487302969172,0.184861994457592
"Tmin","Minimum temperature","2025/2026",-55,0.21297821003904,0.175083587114914
"Tmin","Minimum temperature","2025/2026",-54,0.201083387949111,0.165305177768639
"Tmin","Minimum temperature","2025/2026",-53,0.189188563467474,0.155526766456208
"Tmin","Minimum temperature","2025/2026",-52,0.177293736639673,0.145748353215057
"Tmin","Minimum temperature","2025/2026",-51,0.165398907511249,0.135969938082628
"Tmin","Minimum temperature","2025/2026",-50,0.153504076127744,0.126191521096359
"Tmin","Minimum temperature","2025/2026",-49,0.141609242534701,0.116413102293688
"Tmin","Minimum temperature","2025/2026",-48,0.129714406777663,0.106634681712055
"Tmin","Minimum temperature","2025/2026",-47,0.11781956890217,0.0968562593888991
"Tmin","Minimum temperature","2025/2026",-46,0.105924728953766,0.0870778353616591
"Tmin","Minimum temperature","2025/2026",-45,0.0940298869779934,0.0772994096677741
"Tmin","Minimum temperature","2025/2026",-44,0.0821350430203934,0.0675209823446831
"Tmin","Minimum temperature","2025/2026",-43,0.0702401971265088,0.0577425534298252
"Tmin","Minimum temperature","2025/2026",-42,0.0583453493418817,0.0479641229606394
"Tmin","Minimum temperature","2025/2026",-41,0.0464504997120543,0.0381856909745648
"Tmin","Minimum temperature","2025/2026",-40,0.034555648282569,0.0284072575090403
"Tmin","Minimum temperature","2025/2026",-39,0.022660795098968,0.0186288226015051
"Tmin","Minimum temperature","2025/2026",-38,0.0107659402067936,0.00885038628939825
"Tmin","Minimum temperature","2025/2026",-37,-0.00112891634841208,-0.00092805138984136
"Tmin","Minimum temperature","2025/2026",-36,-0.0130237745211067,-0.0107064903987746
"Tmin","Minimum temperature","2025/2026",-35,-0.0249186342657481,-0.0204849306999625
"Tmin","Minimum temperature","2025/2026",-34,-0.036813495536794,-0.0302633722559659
"Tmin","Minimum temperature","2025/2026",-33,-0.048708358288702,-0.0400418150293457
"Tmin","Minimum temperature","2025/2026",-32,-0.0606032224759301,-0.0498202589826631
"Tmin","Minimum temperature","2025/2026",-31,-0.0724980880529358,-0.0595987040784789
"Tmin","Minimum temperature","2025/2026",-30,-0.0843929549741771,-0.0693771502793541
"Tmin","Minimum temperature","2025/2026",-29,-0.0962878231941117,-0.0791555975478497
"Tmin","Minimum temperature","2025/2026",-28,-0.108182692667197,-0.0889340458465265
"Tmin","Minimum temperature","2025/2026",-27,-0.120077563347891,-0.0987124951379456
"Tmin","Minimum temperature","2025/2026",-26,-0.131972435190652,-0.108490945384668
"Tmin","Minimum temperature","2025/2026",-25,-0.143867308149937,-0.118269396549255
"Tmin","Minimum temperature","2025/2026",-24,-0.155762182180204,-0.128047848594266
"Tmin","Minimum temperature","2025/2026",-23,-0.167657057235911,-0.137826301482264
"Tmin","Minimum temperature","2025/2026",-22,-0.179551933271515,-0.147604755175809
"Tmin","Minimum temperature","2025/2026",-21,-0.191446810241475,-0.157383209637462
"Tmin","Minimum temperature","2025/2026",-20,-0.203341688100247,-0.167161664829784
"Tmin","Minimum temperature","2025/2026",-19,-0.215236566802291,-0.176940120715335
"Tmin","Minimum temperature","2025/2026",-18,-0.227131446302063,-0.186718577256678
"Tmin","Minimum temperature","2025/2026",-17,-0.239026326554021,-0.196497034416373
"Tmin","Minimum temperature","2025/2026",-16,-0.250921207512623,-0.20627549215698
"Tmin","Minimum temperature","2025/2026",-15,-0.262816089132327,-0.216053950441061
"Tmin","Minimum temperature","2025/2026",-14,-0.27471097136759,-0.225832409231177
"Tmin","Minimum temperature","2025/2026",-13,-0.286605854172871,-0.235610868489888
"Tmin","Minimum temperature","2025/2026",-12,-0.298500737502627,-0.245389328179757
"Tmin","Minimum temperature","2025/2026",-11,-0.310395621311315,-0.255167788263342
"Tmin","Minimum temperature","2025/2026",-10,-0.322290505553394,-0.264946248703207
"Tmin","Minimum temperature","2025/2026",-9,-0.334185390183322,-0.274724709461911
"Tmin","Minimum temperature","2025/2026",-8,-0.346080275155555,-0.284503170502015
"Tmin","Minimum temperature","2025/2026",-7,-0.357975160424553,-0.294281631786081
"Tmin","Minimum temperature","2025/2026",-6,-0.369870045944772,-0.304060093276669
"Tmin","Minimum temperature","2025/2026",-5,-0.38176493167067,-0.313838554936341
"Tmin","Minimum temperature","2025/2026",-4,-0.393659817556705,-0.323617016727656
"Tmin","Minimum temperature","2025/2026",-3,-0.405554703557335,-0.333395478613178
"Tmin","Minimum temperature","2025/2026",-2,-0.417449589627018,-0.343173940555465
"Tmin","Minimum temperature","2025/2026",-1,-0.42934447572021,-0.35295240251708
