"lag_day","beta","conf_low","conf_high","pointwise_conf_low","pointwise_conf_high","beta_per_process_sd","conf_low_per_process_sd","conf_high_per_process_sd","pointwise_conf_low_per_process_sd","pointwise_conf_high_per_process_sd","bootstrap_reps","process","process_label","domain","role","response","n","days","scenario"
-80,0.0221680136911533,,,,,0.0175466246084464,,,,,0,"Tmin","Minimum temperature","Thermal","Retained process","ga",48,"-80:-1","Omit 2022/2023"
-79,0.091816169477576,,,,,0.0726751562523372,,,,,0,"Tmin","Minimum temperature","Thermal","Retained process","ga",48,"-80:-1","Omit 2022/2023"
-78,0.154421591804272,,,,,0.12222916047321,,,,,0,"Tmin","Minimum temperature","Thermal","Retained process","ga",48,"-80:-1","Omit 2022/2023"
-77,0.210211220371141,,,,,0.166388266613521,,,,,0,"Tmin","Minimum temperature","Thermal","Retained process","ga",48,"-80:-1","Omit 2022/2023"
-76,0.259411994878084,,,,,0.205332104015727,,,,,0,"Tmin","Minimum temperature","Thermal","Retained process","ga",48,"-80:-1","Omit 2022/2023"
-75,0.302250855025,,,,,0.239240302022283,,,,,0,"Tmin","Minimum temperature","Thermal","Retained process","ga",48,"-80:-1","Omit 2022/2023"
-74,0.33895474051179,,,,,0.268292489975646,,,,,0,"Tmin","Minimum temperature","Thermal","Retained process","ga",48,"-80:-1","Omit 2022/2023"
-73,0.369750591038354,,,,,0.292668297218271,,,,,0,"Tmin","Minimum temperature","Thermal","Retained process","ga",48,"-80:-1","Omit 2022/2023"
-72,0.394865346304591,,,,,0.312547353092615,,,,,0,"Tmin","Minimum temperature","Thermal","Retained process","ga",48,"-80:-1","Omit 2022/2023"
-71,0.414525946010401,,,,,0.328109286941134,,,,,0,"Tmin","Minimum temperature","Thermal","Retained process","ga",48,"-80:-1","Omit 2022/2023"
-70,0.428959329855685,,,,,0.339533728106284,,,,,0,"Tmin","Minimum temperature","Thermal","Retained process","ga",48,"-80:-1","Omit 2022/2023"
-69,0.438392437540343,,,,,0.347000305930521,,,,,0,"Tmin","Minimum temperature","Thermal","Retained process","ga",48,"-80:-1","Omit 2022/2023"
-68,0.443052208764275,,,,,0.350688649756301,,,,,0,"Tmin","Minimum temperature","Thermal","Retained process","ga",48,"-80:-1","Omit 2022/2023"
-67,0.443165583227381,,,,,0.35077838892608,,,,,0,"Tmin","Minimum temperature","Thermal","Retained process","ga",48,"-80:-1","Omit 2022/2023"
-66,0.43895950062956,,,,,0.347449152782314,,,,,0,"Tmin","Minimum temperature","Thermal","Retained process","ga",48,"-80:-1","Omit 2022/2023"
-65,0.430660900670714,,,,,0.340880570667461,,,,,0,"Tmin","Minimum temperature","Thermal","Retained process","ga",48,"-80:-1","Omit 2022/2023"
-64,0.418496723050741,,,,,0.331252271923974,,,,,0,"Tmin","Minimum temperature","Thermal","Retained process","ga",48,"-80:-1","Omit 2022/2023"
-63,0.402693907469543,,,,,0.318743885894311,,,,,0,"Tmin","Minimum temperature","Thermal","Retained process","ga",48,"-80:-1","Omit 2022/2023"
-62,0.383479393627018,,,,,0.303535041920928,,,,,0,"Tmin","Minimum temperature","Thermal","Retained process","ga",48,"-80:-1","Omit 2022/2023"
-61,0.361080121223068,,,,,0.28580536934628,,,,,0,"Tmin","Minimum temperature","Thermal","Retained process","ga",48,"-80:-1","Omit 2022/2023"
-60,0.335723029957591,,,,,0.265734497512825,,,,,0,"Tmin","Minimum temperature","Thermal","Retained process","ga",48,"-80:-1","Omit 2022/2023"
-59,0.307635059530489,,,,,0.243502055763017,,,,,0,"Tmin","Minimum temperature","Thermal","Retained process","ga",48,"-80:-1","Omit 2022/2023"
-58,0.277043149641661,,,,,0.219287673439314,,,,,0,"Tmin","Minimum temperature","Thermal","Retained process","ga",48,"-80:-1","Omit 2022/2023"
-57,0.244174239991008,,,,,0.19327097988417,,,,,0,"Tmin","Minimum temperature","Thermal","Retained process","ga",48,"-80:-1","Omit 2022/2023"
-56,0.209255270278429,,,,,0.165631604440043,,,,,0,"Tmin","Minimum temperature","Thermal","Retained process","ga",48,"-80:-1","Omit 2022/2023"
-55,0.172513180203823,,,,,0.136549176449388,,,,,0,"Tmin","Minimum temperature","Thermal","Retained process","ga",48,"-80:-1","Omit 2022/2023"
-54,0.134174909467093,,,,,0.106203325254662,,,,,0,"Tmin","Minimum temperature","Thermal","Retained process","ga",48,"-80:-1","Omit 2022/2023"
-53,0.0944673977681374,,,,,0.0747736801983206,,,,,0,"Tmin","Minimum temperature","Thermal","Retained process","ga",48,"-80:-1","Omit 2022/2023"
-52,0.0536175848068557,,,,,0.0424398706228193,,,,,0,"Tmin","Minimum temperature","Thermal","Retained process","ga",48,"-80:-1","Omit 2022/2023"
-51,0.011852410283149,,,,,0.00938152587061514,,,,,0,"Tmin","Minimum temperature","Thermal","Retained process","ga",48,"-80:-1","Omit 2022/2023"
-50,-0.0306011861030832,,,,,-0.0242217247158363,,,,,0,"Tmin","Minimum temperature","Thermal","Retained process","ga",48,"-80:-1","Omit 2022/2023"
-49,-0.073516264651941,,,,,-0.058190251794079,,,,,0,"Tmin","Minimum temperature","Thermal","Retained process","ga",48,"-80:-1","Omit 2022/2023"
-48,-0.116665885663524,,,,,-0.0923444260216566,,,,,0,"Tmin","Minimum temperature","Thermal","Retained process","ga",48,"-80:-1","Omit 2022/2023"
-47,-0.159823109437932,,,,,-0.126504618056113,,,,,0,"Tmin","Minimum temperature","Thermal","Retained process","ga",48,"-80:-1","Omit 2022/2023"
-46,-0.202760996275265,,,,,-0.160491198554992,,,,,0,"Tmin","Minimum temperature","Thermal","Retained process","ga",48,"-80:-1","Omit 2022/2023"
-45,-0.245252606475624,,,,,-0.194124538175838,,,,,0,"Tmin","Minimum temperature","Thermal","Retained process","ga",48,"-80:-1","Omit 2022/2023"
-44,-0.287071000339108,,,,,-0.227225007576195,,,,,0,"Tmin","Minimum temperature","Thermal","Retained process","ga",48,"-80:-1","Omit 2022/2023"
-43,-0.327989238165816,,,,,-0.259612977413606,,,,,0,"Tmin","Minimum temperature","Thermal","Retained process","ga",48,"-80:-1","Omit 2022/2023"
-42,-0.36778038025585,,,,,-0.291108818345615,,,,,0,"Tmin","Minimum temperature","Thermal","Retained process","ga",48,"-80:-1","Omit 2022/2023"
-41,-0.406217486909309,,,,,-0.321532901029767,,,,,0,"Tmin","Minimum temperature","Thermal","Retained process","ga",48,"-80:-1","Omit 2022/2023"
-40,-0.443073618426292,,,,,-0.350705596123605,,,,,0,"Tmin","Minimum temperature","Thermal","Retained process","ga",48,"-80:-1","Omit 2022/2023"
-39,-0.478121835106901,,,,,-0.378447274284673,,,,,0,"Tmin","Minimum temperature","Thermal","Retained process","ga",48,"-80:-1","Omit 2022/2023"
-38,-0.511135197251234,,,,,-0.404578306170515,,,,,0,"Tmin","Minimum temperature","Thermal","Retained process","ga",48,"-80:-1","Omit 2022/2023"
-37,-0.541886765159392,,,,,-0.428919062438675,,,,,0,"Tmin","Minimum temperature","Thermal","Retained process","ga",48,"-80:-1","Omit 2022/2023"
-36,-0.570149599131476,,,,,-0.451289913746697,,,,,0,"Tmin","Minimum temperature","Thermal","Retained process","ga",48,"-80:-1","Omit 2022/2023"
-35,-0.595696759467583,,,,,-0.471511230752124,,,,,0,"Tmin","Minimum temperature","Thermal","Retained process","ga",48,"-80:-1","Omit 2022/2023"
-34,-0.618301306467815,,,,,-0.489403384112502,,,,,0,"Tmin","Minimum temperature","Thermal","Retained process","ga",48,"-80:-1","Omit 2022/2023"
-33,-0.637736300432272,,,,,-0.504786744485373,,,,,0,"Tmin","Minimum temperature","Thermal","Retained process","ga",48,"-80:-1","Omit 2022/2023"
-32,-0.653774801661053,,,,,-0.517481682528281,,,,,0,"Tmin","Minimum temperature","Thermal","Retained process","ga",48,"-80:-1","Omit 2022/2023"
-31,-0.666189870454259,,,,,-0.52730856889877,,,,,0,"Tmin","Minimum temperature","Thermal","Retained process","ga",48,"-80:-1","Omit 2022/2023"
-30,-0.67475456711199,,,,,-0.534087774254385,,,,,0,"Tmin","Minimum temperature","Thermal","Retained process","ga",48,"-80:-1","Omit 2022/2023"
-29,-0.679241951934345,,,,,-0.537639669252669,,,,,0,"Tmin","Minimum temperature","Thermal","Retained process","ga",48,"-80:-1","Omit 2022/2023"
-28,-0.679425085221424,,,,,-0.537784624551166,,,,,0,"Tmin","Minimum temperature","Thermal","Retained process","ga",48,"-80:-1","Omit 2022/2023"
-27,-0.675077027273327,,,,,-0.534343010807421,,,,,0,"Tmin","Minimum temperature","Thermal","Retained process","ga",48,"-80:-1","Omit 2022/2023"
-26,-0.665970838390155,,,,,-0.527135198678976,,,,,0,"Tmin","Minimum temperature","Thermal","Retained process","ga",48,"-80:-1","Omit 2022/2023"
-25,-0.651879578872008,,,,,-0.515981558823376,,,,,0,"Tmin","Minimum temperature","Thermal","Retained process","ga",48,"-80:-1","Omit 2022/2023"
-24,-0.632576309018984,,,,,-0.500702461898164,,,,,0,"Tmin","Minimum temperature","Thermal","Retained process","ga",48,"-80:-1","Omit 2022/2023"
-23,-0.607834089131184,,,,,-0.481118278560885,,,,,0,"Tmin","Minimum temperature","Thermal","Retained process","ga",48,"-80:-1","Omit 2022/2023"
-22,-0.577425979508709,,,,,-0.457049379469083,,,,,0,"Tmin","Minimum temperature","Thermal","Retained process","ga",48,"-80:-1","Omit 2022/2023"
-21,-0.541125040451657,,,,,-0.428316135280301,,,,,0,"Tmin","Minimum temperature","Thermal","Retained process","ga",48,"-80:-1","Omit 2022/2023"
-20,-0.49870433226013,,,,,-0.394738916652083,,,,,0,"Tmin","Minimum temperature","Thermal","Retained process","ga",48,"-80:-1","Omit 2022/2023"
-19,-0.449936915234227,,,,,-0.356138094241974,,,,,0,"Tmin","Minimum temperature","Thermal","Retained process","ga",48,"-80:-1","Omit 2022/2023"
-18,-0.394595849674047,,,,,-0.312334038707517,,,,,0,"Tmin","Minimum temperature","Thermal","Retained process","ga",48,"-80:-1","Omit 2022/2023"
-17,-0.332454195879692,,,,,-0.263147120706255,,,,,0,"Tmin","Minimum temperature","Thermal","Retained process","ga",48,"-80:-1","Omit 2022/2023"
-16,-0.26328501415126,,,,,-0.208397710895734,,,,,0,"Tmin","Minimum temperature","Thermal","Retained process","ga",48,"-80:-1","Omit 2022/2023"
-15,-0.186861364788852,,,,,-0.147906179933496,,,,,0,"Tmin","Minimum temperature","Thermal","Retained process","ga",48,"-80:-1","Omit 2022/2023"
-14,-0.102956308092568,,,,,-0.0814928984770869,,,,,0,"Tmin","Minimum temperature","Thermal","Retained process","ga",48,"-80:-1","Omit 2022/2023"
-13,-0.0113429043625071,,,,,-0.008978237184049,,,,,0,"Tmin","Minimum temperature","Thermal","Retained process","ga",48,"-80:-1","Omit 2022/2023"
-12,0.0882057861012302,,,,,0.0698174332880737,,,,,0,"Tmin","Minimum temperature","Thermal","Retained process","ga",48,"-80:-1","Omit 2022/2023"
-11,0.195916702998543,,,,,0.155073742281737,,,,,0,"Tmin","Minimum temperature","Thermal","Retained process","ga",48,"-80:-1","Omit 2022/2023"
-10,0.312016786029333,,,,,0.246970319139396,,,,,0,"Tmin","Minimum temperature","Thermal","Retained process","ga",48,"-80:-1","Omit 2022/2023"
-9,0.436732974893499,,,,,0.345686793203509,,,,,0,"Tmin","Minimum temperature","Thermal","Retained process","ga",48,"-80:-1","Omit 2022/2023"
-8,0.570292209290942,,,,,0.45140279381653,,,,,0,"Tmin","Minimum temperature","Thermal","Retained process","ga",48,"-80:-1","Omit 2022/2023"
-7,0.712921428921562,,,,,0.564297950320916,,,,,0,"Tmin","Minimum temperature","Thermal","Retained process","ga",48,"-80:-1","Omit 2022/2023"
-6,0.864847573485257,,,,,0.684551892059123,,,,,0,"Tmin","Minimum temperature","Thermal","Retained process","ga",48,"-80:-1","Omit 2022/2023"
-5,1.02629758268193,,,,,0.812344248373607,,,,,0,"Tmin","Minimum temperature","Thermal","Retained process","ga",48,"-80:-1","Omit 2022/2023"
-4,1.19749839621148,,,,,0.947854648606824,,,,,0,"Tmin","Minimum temperature","Thermal","Retained process","ga",48,"-80:-1","Omit 2022/2023"
-3,1.37867695377381,,,,,1.09126272210123,,,,,0,"Tmin","Minimum temperature","Thermal","Retained process","ga",48,"-80:-1","Omit 2022/2023"
-2,1.57006019506881,,,,,1.24274809819928,,,,,0,"Tmin","Minimum temperature","Thermal","Retained process","ga",48,"-80:-1","Omit 2022/2023"
-1,1.77187505979639,,,,,1.40249040624344,,,,,0,"Tmin","Minimum temperature","Thermal","Retained process","ga",48,"-80:-1","Omit 2022/2023"
-80,-0.158646806271517,,,,,-0.157999864645364,,,,,0,"LogRain","Log rainfall amount","Rainfall","Retained process","ga",48,"-80:-1","Omit 2022/2023"
-79,-0.114318810997217,,,,,-0.113852633333609,,,,,0,"LogRain","Log rainfall amount","Rainfall","Retained process","ga",48,"-80:-1","Omit 2022/2023"
-78,-0.0720493586752712,,,,,-0.0717555504962088,,,,,0,"LogRain","Log rainfall amount","Rainfall","Retained process","ga",48,"-80:-1","Omit 2022/2023"
-77,-0.0318040771315482,,,,,-0.0316743841244127,,,,,0,"LogRain","Log rainfall amount","Rainfall","Retained process","ga",48,"-80:-1","Omit 2022/2023"
-76,0.00645140580808501,,,,,0.00642509779052986,,,,,0,"LogRain","Log rainfall amount","Rainfall","Retained process","ga",48,"-80:-1","Omit 2022/2023"
-75,0.0427514623177613,,,,,0.0425771272573696,,,,,0,"LogRain","Log rainfall amount","Rainfall","Retained process","ga",48,"-80:-1","Omit 2022/2023"
-74,0.0771304645716134,,,,,0.0768159362848571,,,,,0,"LogRain","Log rainfall amount","Rainfall","Retained process","ga",48,"-80:-1","Omit 2022/2023"
-73,0.109622784743774,,,,,0.109175756881743,,,,,0,"LogRain","Log rainfall amount","Rainfall","Retained process","ga",48,"-80:-1","Omit 2022/2023"
-72,0.140262795008376,,,,,0.139690821056777,,,,,0,"LogRain","Log rainfall amount","Rainfall","Retained process","ga",48,"-80:-1","Omit 2022/2023"
-71,0.169084867539551,,,,,0.168395360818712,,,,,0,"LogRain","Log rainfall amount","Rainfall","Retained process","ga",48,"-80:-1","Omit 2022/2023"
-70,0.196123374511434,,,,,0.195323608176296,,,,,0,"LogRain","Log rainfall amount","Rainfall","Retained process","ga",48,"-80:-1","Omit 2022/2023"
-69,0.221412688098156,,,,,0.22050979513828,,,,,0,"LogRain","Log rainfall amount","Rainfall","Retained process","ga",48,"-80:-1","Omit 2022/2023"
-68,0.24498718047385,,,,,0.243988153713417,,,,,0,"LogRain","Log rainfall amount","Rainfall","Retained process","ga",48,"-80:-1","Omit 2022/2023"
-67,0.266881223812649,,,,,0.265792915910455,,,,,0,"LogRain","Log rainfall amount","Rainfall","Retained process","ga",48,"-80:-1","Omit 2022/2023"
-66,0.287129190288686,,,,,0.285958313738145,,,,,0,"LogRain","Log rainfall amount","Rainfall","Retained process","ga",48,"-80:-1","Omit 2022/2023"
-65,0.305765452076093,,,,,0.304518579205238,,,,,0,"LogRain","Log rainfall amount","Rainfall","Retained process","ga",48,"-80:-1","Omit 2022/2023"
-64,0.322824381349003,,,,,0.321507944320485,,,,,0,"LogRain","Log rainfall amount","Rainfall","Retained process","ga",48,"-80:-1","Omit 2022/2023"
-63,0.338340350281549,,,,,0.336960641092636,,,,,0,"LogRain","Log rainfall amount","Rainfall","Retained process","ga",48,"-80:-1","Omit 2022/2023"
-62,0.352347731047864,,,,,0.350910901530442,,,,,0,"LogRain","Log rainfall amount","Rainfall","Retained process","ga",48,"-80:-1","Omit 2022/2023"
-61,0.36488089582208,,,,,0.363392957642654,,,,,0,"LogRain","Log rainfall amount","Rainfall","Retained process","ga",48,"-80:-1","Omit 2022/2023"
-60,0.375974216778331,,,,,0.374441041438021,,,,,0,"LogRain","Log rainfall amount","Rainfall","Retained process","ga",48,"-80:-1","Omit 2022/2023"
-59,0.385662066090748,,,,,0.384089384925295,,,,,0,"LogRain","Log rainfall amount","Rainfall","Retained process","ga",48,"-80:-1","Omit 2022/2023"
-58,0.393978815933465,,,,,0.392372220113226,,,,,0,"LogRain","Log rainfall amount","Rainfall","Retained process","ga",48,"-80:-1","Omit 2022/2023"
-57,0.400958838480614,,,,,0.399323779010565,,,,,0,"LogRain","Log rainfall amount","Rainfall","Retained process","ga",48,"-80:-1","Omit 2022/2023"
-56,0.406636505906328,,,,,0.404978293626062,,,,,0,"LogRain","Log rainfall amount","Rainfall","Retained process","ga",48,"-80:-1","Omit 2022/2023"
-55,0.41104619038474,,,,,0.409369995968468,,,,,0,"LogRain","Log rainfall amount","Rainfall","Retained process","ga",48,"-80:-1","Omit 2022/2023"
-54,0.414222264089983,,,,,0.412533118046533,,,,,0,"LogRain","Log rainfall amount","Rainfall","Retained process","ga",48,"-80:-1","Omit 2022/2023"
-53,0.416199099196189,,,,,0.414501891869009,,,,,0,"LogRain","Log rainfall amount","Rainfall","Retained process","ga",48,"-80:-1","Omit 2022/2023"
-52,0.41701106787749,,,,,0.415310549444645,,,,,0,"LogRain","Log rainfall amount","Rainfall","Retained process","ga",48,"-80:-1","Omit 2022/2023"
-51,0.416692542308021,,,,,0.414993322782193,,,,,0,"LogRain","Log rainfall amount","Rainfall","Retained process","ga",48,"-80:-1","Omit 2022/2023"
-50,0.415277894661913,,,,,0.413584443890403,,,,,0,"LogRain","Log rainfall amount","Rainfall","Retained process","ga",48,"-80:-1","Omit 2022/2023"
-49,0.4128014971133,,,,,0.411118144778025,,,,,0,"LogRain","Log rainfall amount","Rainfall","Retained process","ga",48,"-80:-1","Omit 2022/2023"
-48,0.409297721836313,,,,,0.40762865745381,,,,,0,"LogRain","Log rainfall amount","Rainfall","Retained process","ga",48,"-80:-1","Omit 2022/2023"
-47,0.404800941005086,,,,,0.403150213926508,,,,,0,"LogRain","Log rainfall amount","Rainfall","Retained process","ga",48,"-80:-1","Omit 2022/2023"
-46,0.399345526793752,,,,,0.397717046204871,,,,,0,"LogRain","Log rainfall amount","Rainfall","Retained process","ga",48,"-80:-1","Omit 2022/2023"
-45,0.392965851376443,,,,,0.391363386297649,,,,,0,"LogRain","Log rainfall amount","Rainfall","Retained process","ga",48,"-80:-1","Omit 2022/2023"
-44,0.385696286927292,,,,,0.384123466213592,,,,,0,"LogRain","Log rainfall amount","Rainfall","Retained process","ga",48,"-80:-1","Omit 2022/2023"
-43,0.377571205620431,,,,,0.376031517961451,,,,,0,"LogRain","Log rainfall amount","Rainfall","Retained process","ga",48,"-80:-1","Omit 2022/2023"
-42,0.368624979629994,,,,,0.367121773549977,,,,,0,"LogRain","Log rainfall amount","Rainfall","Retained process","ga",48,"-80:-1","Omit 2022/2023"
-41,0.358891981130113,,,,,0.35742846498792,,,,,0,"LogRain","Log rainfall amount","Rainfall","Retained process","ga",48,"-80:-1","Omit 2022/2023"
-40,0.348406582294921,,,,,0.34698582428403,,,,,0,"LogRain","Log rainfall amount","Rainfall","Retained process","ga",48,"-80:-1","Omit 2022/2023"
-39,0.337203155298551,,,,,0.33582808344706,,,,,0,"LogRain","Log rainfall amount","Rainfall","Retained process","ga",48,"-80:-1","Omit 2022/2023"
-38,0.325316072315135,,,,,0.323989474485758,,,,,0,"LogRain","Log rainfall amount","Rainfall","Retained process","ga",48,"-80:-1","Omit 2022/2023"
-37,0.312779705518806,,,,,0.311504229408875,,,,,0,"LogRain","Log rainfall amount","Rainfall","Retained process","ga",48,"-80:-1","Omit 2022/2023"
-36,0.299628427083697,,,,,0.298406580225163,,,,,0,"LogRain","Log rainfall amount","Rainfall","Retained process","ga",48,"-80:-1","Omit 2022/2023"
-35,0.285896609183941,,,,,0.284730758943371,,,,,0,"LogRain","Log rainfall amount","Rainfall","Retained process","ga",48,"-80:-1","Omit 2022/2023"
-34,0.27161862399367,,,,,0.270510997572251,,,,,0,"LogRain","Log rainfall amount","Rainfall","Retained process","ga",48,"-80:-1","Omit 2022/2023"
-33,0.256828843687017,,,,,0.255781528120553,,,,,0,"LogRain","Log rainfall amount","Rainfall","Retained process","ga",48,"-80:-1","Omit 2022/2023"
-32,0.241561640438115,,,,,0.240576582597027,,,,,0,"LogRain","Log rainfall amount","Rainfall","Retained process","ga",48,"-80:-1","Omit 2022/2023"
-31,0.225851386421096,,,,,0.224930393010424,,,,,0,"LogRain","Log rainfall amount","Rainfall","Retained process","ga",48,"-80:-1","Omit 2022/2023"
-30,0.209732453810094,,,,,0.208877191369495,,,,,0,"LogRain","Log rainfall amount","Rainfall","Retained process","ga",48,"-80:-1","Omit 2022/2023"
-29,0.193239214779241,,,,,0.19245120968299,,,,,0,"LogRain","Log rainfall amount","Rainfall","Retained process","ga",48,"-80:-1","Omit 2022/2023"
-28,0.17640604150267,,,,,0.17568667995966,,,,,0,"LogRain","Log rainfall amount","Rainfall","Retained process","ga",48,"-80:-1","Omit 2022/2023"
-27,0.159267306154513,,,,,0.158617834208256,,,,,0,"LogRain","Log rainfall amount","Rainfall","Retained process","ga",48,"-80:-1","Omit 2022/2023"
-26,0.141857380908904,,,,,0.141278904437527,,,,,0,"LogRain","Log rainfall amount","Rainfall","Retained process","ga",48,"-80:-1","Omit 2022/2023"
-25,0.124210637939974,,,,,0.123704122656225,,,,,0,"LogRain","Log rainfall amount","Rainfall","Retained process","ga",48,"-80:-1","Omit 2022/2023"
-24,0.106361449421857,,,,,0.105927720873101,,,,,0,"LogRain","Log rainfall amount","Rainfall","Retained process","ga",48,"-80:-1","Omit 2022/2023"
-23,0.0883441875286861,,,,,0.0879839310969038,,,,,0,"LogRain","Log rainfall amount","Rainfall","Retained process","ga",48,"-80:-1","Omit 2022/2023"
-22,0.070193224434593,,,,,0.0699069853363854,,,,,0,"LogRain","Log rainfall amount","Rainfall","Retained process","ga",48,"-80:-1","Omit 2022/2023"
-21,0.051942932313711,,,,,0.051731115600296,,,,,0,"LogRain","Log rainfall amount","Rainfall","Retained process","ga",48,"-80:-1","Omit 2022/2023"
-20,0.0336276833401726,,,,,0.0334905538973861,,,,,0,"LogRain","Log rainfall amount","Rainfall","Retained process","ga",48,"-80:-1","Omit 2022/2023"
-19,0.0152818496881107,,,,,0.0152195322364065,,,,,0,"LogRain","Log rainfall amount","Rainfall","Retained process","ga",48,"-80:-1","Omit 2022/2023"
-18,-0.00306019646834202,,,,,-0.00304771737389249,,,,,0,"LogRain","Log rainfall amount","Rainfall","Retained process","ga",48,"-80:-1","Omit 2022/2023"
-17,-0.0213640829550528,,,,,-0.0212769629247601,,,,,0,"LogRain","Log rainfall amount","Rainfall","Retained process","ga",48,"-80:-1","Omit 2022/2023"
-16,-0.039595437597889,,,,,-0.0394339724074457,,,,,0,"LogRain","Log rainfall amount","Rainfall","Retained process","ga",48,"-80:-1","Omit 2022/2023"
-15,-0.0577198882227176,,,,,-0.0574845138131988,,,,,0,"LogRain","Log rainfall amount","Rainfall","Retained process","ga",48,"-80:-1","Omit 2022/2023"
-14,-0.0757030626554063,,,,,-0.0753943551332689,,,,,0,"LogRain","Log rainfall amount","Rainfall","Retained process","ga",48,"-80:-1","Omit 2022/2023"
-13,-0.0935105887218219,,,,,-0.0931292643589051,,,,,0,"LogRain","Log rainfall amount","Rainfall","Retained process","ga",48,"-80:-1","Omit 2022/2023"
-12,-0.111108094247832,,,,,-0.110655009481357,,,,,0,"LogRain","Log rainfall amount","Rainfall","Retained process","ga",48,"-80:-1","Omit 2022/2023"
-11,-0.128461207059304,,,,,-0.127937358491874,,,,,0,"LogRain","Log rainfall amount","Rainfall","Retained process","ga",48,"-80:-1","Omit 2022/2023"
-10,-0.145535554982104,,,,,-0.144942079381706,,,,,0,"LogRain","Log rainfall amount","Rainfall","Retained process","ga",48,"-80:-1","Omit 2022/2023"
-9,-0.162296765842101,,,,,-0.161634940142101,,,,,0,"LogRain","Log rainfall amount","Rainfall","Retained process","ga",48,"-80:-1","Omit 2022/2023"
-8,-0.178710467465161,,,,,-0.17798170876431,,,,,0,"LogRain","Log rainfall amount","Rainfall","Retained process","ga",48,"-80:-1","Omit 2022/2023"
-7,-0.194742287677152,,,,,-0.193948153239582,,,,,0,"LogRain","Log rainfall amount","Rainfall","Retained process","ga",48,"-80:-1","Omit 2022/2023"
-6,-0.210357854303941,,,,,-0.209500041559166,,,,,0,"LogRain","Log rainfall amount","Rainfall","Retained process","ga",48,"-80:-1","Omit 2022/2023"
-5,-0.225522795171395,,,,,-0.224603141714311,,,,,0,"LogRain","Log rainfall amount","Rainfall","Retained process","ga",48,"-80:-1","Omit 2022/2023"
-4,-0.240202738105381,,,,,-0.239223221696267,,,,,0,"LogRain","Log rainfall amount","Rainfall","Retained process","ga",48,"-80:-1","Omit 2022/2023"
-3,-0.254363310931767,,,,,-0.253326049496284,,,,,0,"LogRain","Log rainfall amount","Rainfall","Retained process","ga",48,"-80:-1","Omit 2022/2023"
-2,-0.26797014147642,,,,,-0.266877393105611,,,,,0,"LogRain","Log rainfall amount","Rainfall","Retained process","ga",48,"-80:-1","Omit 2022/2023"
-1,-0.280988857565208,,,,,-0.279843020515496,,,,,0,"LogRain","Log rainfall amount","Rainfall","Retained process","ga",48,"-80:-1","Omit 2022/2023"
-80,0.0168884228373268,,,,,0.0372331112795856,,,,,0,"Tmax","Maximum temperature","Thermal","Retained process","ga",48,"-80:-1","Omit 2022/2023"
-79,0.00758038052432109,,,,,0.0167121083077007,,,,,0,"Tmax","Maximum temperature","Thermal","Retained process","ga",48,"-80:-1","Omit 2022/2023"
-78,-0.00103552204645306,,,,,-0.00228296673759465,,,,,0,"Tmax","Maximum temperature","Thermal","Retained process","ga",48,"-80:-1","Omit 2022/2023"
-77,-0.00897610903188227,,,,,-0.0197892052834619,,,,,0,"Tmax","Maximum temperature","Thermal","Retained process","ga",48,"-80:-1","Omit 2022/2023"
-76,-0.0162582045888531,,,,,-0.0358436987570627,,,,,0,"Tmax","Maximum temperature","Thermal","Retained process","ga",48,"-80:-1","Omit 2022/2023"
-75,-0.0228986328742522,,,,,-0.0504835385855584,,,,,0,"Tmax","Maximum temperature","Thermal","Retained process","ga",48,"-80:-1","Omit 2022/2023"
-74,-0.0289142180449662,,,,,-0.0637458161961106,,,,,0,"Tmax","Maximum temperature","Thermal","Retained process","ga",48,"-80:-1","Omit 2022/2023"
-73,-0.0343217842578816,,,,,-0.0756676230158808,,,,,0,"Tmax","Maximum temperature","Thermal","Retained process","ga",48,"-80:-1","Omit 2022/2023"
-72,-0.0391381556698849,,,,,-0.0862860504720306,,,,,0,"Tmax","Maximum temperature","Thermal","Retained process","ga",48,"-80:-1","Omit 2022/2023"
-71,-0.0433801564378629,,,,,-0.0956381899917214,,,,,0,"Tmax","Maximum temperature","Thermal","Retained process","ga",48,"-80:-1","Omit 2022/2023"
-70,-0.0470646107187022,,,,,-0.103761133002115,,,,,0,"Tmax","Maximum temperature","Thermal","Retained process","ga",48,"-80:-1","Omit 2022/2023"
-69,-0.0502083426692891,,,,,-0.110691970930372,,,,,0,"Tmax","Maximum temperature","Thermal","Retained process","ga",48,"-80:-1","Omit 2022/2023"
-68,-0.0528281764465105,,,,,-0.116467795203655,,,,,0,"Tmax","Maximum temperature","Thermal","Retained process","ga",48,"-80:-1","Omit 2022/2023"
-67,-0.0549409362072529,,,,,-0.121125697249126,,,,,0,"Tmax","Maximum temperature","Thermal","Retained process","ga",48,"-80:-1","Omit 2022/2023"
-66,-0.0565634461084028,,,,,-0.124702768493945,,,,,0,"Tmax","Maximum temperature","Thermal","Retained process","ga",48,"-80:-1","Omit 2022/2023"
-65,-0.0577125303068469,,,,,-0.127236100365274,,,,,0,"Tmax","Maximum temperature","Thermal","Retained process","ga",48,"-80:-1","Omit 2022/2023"
-64,-0.0584050129594718,,,,,-0.128762784290275,,,,,0,"Tmax","Maximum temperature","Thermal","Retained process","ga",48,"-80:-1","Omit 2022/2023"
-63,-0.058657718223164,,,,,-0.129319911696109,,,,,0,"Tmax","Maximum temperature","Thermal","Retained process","ga",48,"-80:-1","Omit 2022/2023"
-62,-0.0584874702548101,,,,,-0.128944574009937,,,,,0,"Tmax","Maximum temperature","Thermal","Retained process","ga",48,"-80:-1","Omit 2022/2023"
-61,-0.0579110932112967,,,,,-0.127673862658922,,,,,0,"Tmax","Maximum temperature","Thermal","Retained process","ga",48,"-80:-1","Omit 2022/2023"
-60,-0.0569454112495105,,,,,-0.125544869070225,,,,,0,"Tmax","Maximum temperature","Thermal","Retained process","ga",48,"-80:-1","Omit 2022/2023"
-59,-0.055607248526338,,,,,-0.122594684671008,,,,,0,"Tmax","Maximum temperature","Thermal","Retained process","ga",48,"-80:-1","Omit 2022/2023"
-58,-0.0539134291986658,,,,,-0.118860400888431,,,,,0,"Tmax","Maximum temperature","Thermal","Retained process","ga",48,"-80:-1","Omit 2022/2023"
-57,-0.0518807774233805,,,,,-0.114379109149656,,,,,0,"Tmax","Maximum temperature","Thermal","Retained process","ga",48,"-80:-1","Omit 2022/2023"
-56,-0.0495261173573687,,,,,-0.109187900881845,,,,,0,"Tmax","Maximum temperature","Thermal","Retained process","ga",48,"-80:-1","Omit 2022/2023"
-55,-0.0468662731575169,,,,,-0.10332386751216,,,,,0,"Tmax","Maximum temperature","Thermal","Retained process","ga",48,"-80:-1","Omit 2022/2023"
-54,-0.0439180689807118,,,,,-0.0968241004677612,,,,,0,"Tmax","Maximum temperature","Thermal","Retained process","ga",48,"-80:-1","Omit 2022/2023"
-53,-0.04069832898384,,,,,-0.0897256911758113,,,,,0,"Tmax","Maximum temperature","Thermal","Retained process","ga",48,"-80:-1","Omit 2022/2023"
-52,-0.037223877323788,,,,,-0.0820657310634711,,,,,0,"Tmax","Maximum temperature","Thermal","Retained process","ga",48,"-80:-1","Omit 2022/2023"
-51,-0.0335115381574425,,,,,-0.0738813115579026,,,,,0,"Tmax","Maximum temperature","Thermal","Retained process","ga",48,"-80:-1","Omit 2022/2023"
-50,-0.02957813564169,,,,,-0.065209524086267,,,,,0,"Tmax","Maximum temperature","Thermal","Retained process","ga",48,"-80:-1","Omit 2022/2023"
-49,-0.0254404939334171,,,,,-0.0560874600757259,,,,,0,"Tmax","Maximum temperature","Thermal","Retained process","ga",48,"-80:-1","Omit 2022/2023"
-48,-0.0211154371895105,,,,,-0.0465522109534409,,,,,0,"Tmax","Maximum temperature","Thermal","Retained process","ga",48,"-80:-1","Omit 2022/2023"
-47,-0.0166197895668567,,,,,-0.0366408681465735,,,,,0,"Tmax","Maximum temperature","Thermal","Retained process","ga",48,"-80:-1","Omit 2022/2023"
-46,-0.0119703752223422,,,,,-0.0263905230822851,,,,,0,"Tmax","Maximum temperature","Thermal","Retained process","ga",48,"-80:-1","Omit 2022/2023"
-45,-0.00718401831285381,,,,,-0.0158382671877374,,,,,0,"Tmax","Maximum temperature","Thermal","Retained process","ga",48,"-80:-1","Omit 2022/2023"
-44,-0.00227754299527793,,,,,-0.00502119189009165,,,,,0,"Tmax","Maximum temperature","Thermal","Retained process","ga",48,"-80:-1","Omit 2022/2023"
-43,0.00273222657349876,,,,,0.00602361138349036,,,,,0,"Tmax","Maximum temperature","Thermal","Retained process","ga",48,"-80:-1","Omit 2022/2023"
-42,0.00782846623658964,,,,,0.0172590512058471,,,,,0,"Tmax","Maximum temperature","Thermal","Retained process","ga",48,"-80:-1","Omit 2022/2023"
-41,0.0129943518371082,,,,,0.0286480361498173,,,,,0,"Tmax","Maximum temperature","Thermal","Retained process","ga",48,"-80:-1","Omit 2022/2023"
-40,0.0182130592181678,,,,,0.0401534747882392,,,,,0,"Tmax","Maximum temperature","Thermal","Retained process","ga",48,"-80:-1","Omit 2022/2023"
-39,0.0234677642228818,,,,,0.0517382756939514,,,,,0,"Tmax","Maximum temperature","Thermal","Retained process","ga",48,"-80:-1","Omit 2022/2023"
-38,0.0287416426943637,,,,,0.0633653474397923,,,,,0,"Tmax","Maximum temperature","Thermal","Retained process","ga",48,"-80:-1","Omit 2022/2023"
-37,0.0340178704757269,,,,,0.0749975985986005,,,,,0,"Tmax","Maximum temperature","Thermal","Retained process","ga",48,"-80:-1","Omit 2022/2023"
-36,0.0392796234100848,,,,,0.0865979377432144,,,,,0,"Tmax","Maximum temperature","Thermal","Retained process","ga",48,"-80:-1","Omit 2022/2023"
-35,0.0445100773405507,,,,,0.0981292734464724,,,,,0,"Tmax","Maximum temperature","Thermal","Retained process","ga",48,"-80:-1","Omit 2022/2023"
-34,0.0496924081102382,,,,,0.109554514281213,,,,,0,"Tmax","Maximum temperature","Thermal","Retained process","ga",48,"-80:-1","Omit 2022/2023"
-33,0.0548097915622605,,,,,0.120836568820275,,,,,0,"Tmax","Maximum temperature","Thermal","Retained process","ga",48,"-80:-1","Omit 2022/2023"
-32,0.0598454035397312,,,,,0.131938345636496,,,,,0,"Tmax","Maximum temperature","Thermal","Retained process","ga",48,"-80:-1","Omit 2022/2023"
-31,0.0647824198857636,,,,,0.142822753302716,,,,,0,"Tmax","Maximum temperature","Thermal","Retained process","ga",48,"-80:-1","Omit 2022/2023"
-30,0.0696040164434711,,,,,0.153452700391772,,,,,0,"Tmax","Maximum temperature","Thermal","Retained process","ga",48,"-80:-1","Omit 2022/2023"
-29,0.0742933690559671,,,,,0.163791095476503,,,,,0,"Tmax","Maximum temperature","Thermal","Retained process","ga",48,"-80:-1","Omit 2022/2023"
-28,0.0788336535663652,,,,,0.173800847129748,,,,,0,"Tmax","Maximum temperature","Thermal","Retained process","ga",48,"-80:-1","Omit 2022/2023"
-27,0.0832080458177785,,,,,0.183444863924345,,,,,0,"Tmax","Maximum temperature","Thermal","Retained process","ga",48,"-80:-1","Omit 2022/2023"
-26,0.0873997216533206,,,,,0.192686054433132,,,,,0,"Tmax","Maximum temperature","Thermal","Retained process","ga",48,"-80:-1","Omit 2022/2023"
-25,0.091391856916105,,,,,0.201487327228948,,,,,0,"Tmax","Maximum temperature","Thermal","Retained process","ga",48,"-80:-1","Omit 2022/2023"
-24,0.0951676274492448,,,,,0.209811590884632,,,,,0,"Tmax","Maximum temperature","Thermal","Retained process","ga",48,"-80:-1","Omit 2022/2023"
-23,0.0987102090958537,,,,,0.217621753973022,,,,,0,"Tmax","Maximum temperature","Thermal","Retained process","ga",48,"-80:-1","Omit 2022/2023"
-22,0.102002777699045,,,,,0.224880725066956,,,,,0,"Tmax","Maximum temperature","Thermal","Retained process","ga",48,"-80:-1","Omit 2022/2023"
-21,0.105028509101932,,,,,0.231551412739273,,,,,0,"Tmax","Maximum temperature","Thermal","Retained process","ga",48,"-80:-1","Omit 2022/2023"
-20,0.107770579147628,,,,,0.237596725562811,,,,,0,"Tmax","Maximum temperature","Thermal","Retained process","ga",48,"-80:-1","Omit 2022/2023"
-19,0.110212163679247,,,,,0.242979572110409,,,,,0,"Tmax","Maximum temperature","Thermal","Retained process","ga",48,"-80:-1","Omit 2022/2023"
-18,0.112336438539902,,,,,0.247662860954906,,,,,0,"Tmax","Maximum temperature","Thermal","Retained process","ga",48,"-80:-1","Omit 2022/2023"
-17,0.114126579572707,,,,,0.251609500669139,,,,,0,"Tmax","Maximum temperature","Thermal","Retained process","ga",48,"-80:-1","Omit 2022/2023"
-16,0.115565762620774,,,,,0.254782399825947,,,,,0,"Tmax","Maximum temperature","Thermal","Retained process","ga",48,"-80:-1","Omit 2022/2023"
-15,0.116637163527217,,,,,0.25714446699817,,,,,0,"Tmax","Maximum temperature","Thermal","Retained process","ga",48,"-80:-1","Omit 2022/2023"
-14,0.11732395813515,,,,,0.258658610758644,,,,,0,"Tmax","Maximum temperature","Thermal","Retained process","ga",48,"-80:-1","Omit 2022/2023"
-13,0.117609322287687,,,,,0.259287739680209,,,,,0,"Tmax","Maximum temperature","Thermal","Retained process","ga",48,"-80:-1","Omit 2022/2023"
-12,0.117476431827939,,,,,0.258994762335704,,,,,0,"Tmax","Maximum temperature","Thermal","Retained process","ga",48,"-80:-1","Omit 2022/2023"
-11,0.116908462599022,,,,,0.257742587297966,,,,,0,"Tmax","Maximum temperature","Thermal","Retained process","ga",48,"-80:-1","Omit 2022/2023"
-10,0.115888590444048,,,,,0.255494123139834,,,,,0,"Tmax","Maximum temperature","Thermal","Retained process","ga",48,"-80:-1","Omit 2022/2023"
-9,0.11439999120613,,,,,0.252212278434147,,,,,0,"Tmax","Maximum temperature","Thermal","Retained process","ga",48,"-80:-1","Omit 2022/2023"
-8,0.112425840728383,,,,,0.247859961753743,,,,,0,"Tmax","Maximum temperature","Thermal","Retained process","ga",48,"-80:-1","Omit 2022/2023"
-7,0.109949314853919,,,,,0.242400081671461,,,,,0,"Tmax","Maximum temperature","Thermal","Retained process","ga",48,"-80:-1","Omit 2022/2023"
-6,0.106953589425852,,,,,0.235795546760139,,,,,0,"Tmax","Maximum temperature","Thermal","Retained process","ga",48,"-80:-1","Omit 2022/2023"
-5,0.103421840287296,,,,,0.228009265592615,,,,,0,"Tmax","Maximum temperature","Thermal","Retained process","ga",48,"-80:-1","Omit 2022/2023"
-4,0.0993372432813632,,,,,0.219004146741728,,,,,0,"Tmax","Maximum temperature","Thermal","Retained process","ga",48,"-80:-1","Omit 2022/2023"
-3,0.0946829742511676,,,,,0.208743098780317,,,,,0,"Tmax","Maximum temperature","Thermal","Retained process","ga",48,"-80:-1","Omit 2022/2023"
-2,0.0894422090398226,,,,,0.19718903028122,,,,,0,"Tmax","Maximum temperature","Thermal","Retained process","ga",48,"-80:-1","Omit 2022/2023"
-1,0.0835981234904415,,,,,0.184304849817275,,,,,0,"Tmax","Maximum temperature","Thermal","Retained process","ga",48,"-80:-1","Omit 2022/2023"
-80,-0.013443776087231,,,,,-0.0798448021429925,,,,,0,"RH","Relative humidity","Atmospheric moisture","Retained process","ga",48,"-80:-1","Omit 2022/2023"
-79,-0.00883715743493342,,,,,-0.0524853346500557,,,,,0,"RH","Relative humidity","Atmospheric moisture","Retained process","ga",48,"-80:-1","Omit 2022/2023"
-78,-0.00450474350848241,,,,,-0.026754414221562,,,,,0,"RH","Relative humidity","Atmospheric moisture","Retained process","ga",48,"-80:-1","Omit 2022/2023"
-77,-0.000440215060391465,,,,,-0.00261450980507677,,,,,0,"RH","Relative humidity","Atmospheric moisture","Retained process","ga",48,"-80:-1","Omit 2022/2023"
-76,0.00336274715682586,,,,,0.0199719096518346,,,,,0,"RH","Relative humidity","Atmospheric moisture","Retained process","ga",48,"-80:-1","Omit 2022/2023"
-75,0.00691046239065605,,,,,0.0410423752016068,,,,,0,"RH","Relative humidity","Atmospheric moisture","Retained process","ga",48,"-80:-1","Omit 2022/2023"
-74,0.0102092498885855,,,,,0.0606344178966744,,,,,0,"RH","Relative humidity","Atmospheric moisture","Retained process","ga",48,"-80:-1","Omit 2022/2023"
-73,0.0132654288981008,,,,,0.0787855687894721,,,,,0,"RH","Relative humidity","Atmospheric moisture","Retained process","ga",48,"-80:-1","Omit 2022/2023"
-72,0.0160853186666883,,,,,0.0955333589324343,,,,,0,"RH","Relative humidity","Atmospheric moisture","Retained process","ga",48,"-80:-1","Omit 2022/2023"
-71,0.0186752384418345,,,,,0.110915319377996,,,,,0,"RH","Relative humidity","Atmospheric moisture","Retained process","ga",48,"-80:-1","Omit 2022/2023"
-70,0.0210415074710259,,,,,0.124968981178591,,,,,0,"RH","Relative humidity","Atmospheric moisture","Retained process","ga",48,"-80:-1","Omit 2022/2023"
-69,0.0231904450017489,,,,,0.137731875386655,,,,,0,"RH","Relative humidity","Atmospheric moisture","Retained process","ga",48,"-80:-1","Omit 2022/2023"
-68,0.02512837028149,,,,,0.149241533054622,,,,,0,"RH","Relative humidity","Atmospheric moisture","Retained process","ga",48,"-80:-1","Omit 2022/2023"
-67,0.0268616025577357,,,,,0.159535485234927,,,,,0,"RH","Relative humidity","Atmospheric moisture","Retained process","ga",48,"-80:-1","Omit 2022/2023"
-66,0.0283964610779723,,,,,0.168651262980004,,,,,0,"RH","Relative humidity","Atmospheric moisture","Retained process","ga",48,"-80:-1","Omit 2022/2023"
-65,0.0297392650896864,,,,,0.176626397342289,,,,,0,"RH","Relative humidity","Atmospheric moisture","Retained process","ga",48,"-80:-1","Omit 2022/2023"
-64,0.0308963338403645,,,,,0.183498419374215,,,,,0,"RH","Relative humidity","Atmospheric moisture","Retained process","ga",48,"-80:-1","Omit 2022/2023"
-63,0.031873986577493,,,,,0.189304860128217,,,,,0,"RH","Relative humidity","Atmospheric moisture","Retained process","ga",48,"-80:-1","Omit 2022/2023"
-62,0.0326785425485583,,,,,0.19408325065673,,,,,0,"RH","Relative humidity","Atmospheric moisture","Retained process","ga",48,"-80:-1","Omit 2022/2023"
-61,0.0333163210010469,,,,,0.197871122012188,,,,,0,"RH","Relative humidity","Atmospheric moisture","Retained process","ga",48,"-80:-1","Omit 2022/2023"
-60,0.0337936411824453,,,,,0.200706005247027,,,,,0,"RH","Relative humidity","Atmospheric moisture","Retained process","ga",48,"-80:-1","Omit 2022/2023"
-59,0.03411682234024,,,,,0.20262543141368,,,,,0,"RH","Relative humidity","Atmospheric moisture","Retained process","ga",48,"-80:-1","Omit 2022/2023"
-58,0.0342921837219174,,,,,0.203666931564583,,,,,0,"RH","Relative humidity","Atmospheric moisture","Retained process","ga",48,"-80:-1","Omit 2022/2023"
-57,0.034326044574964,,,,,0.203868036752169,,,,,0,"RH","Relative humidity","Atmospheric moisture","Retained process","ga",48,"-80:-1","Omit 2022/2023"
-56,0.0342247241468662,,,,,0.203266278028875,,,,,0,"RH","Relative humidity","Atmospheric moisture","Retained process","ga",48,"-80:-1","Omit 2022/2023"
-55,0.0339945416851105,,,,,0.201899186447133,,,,,0,"RH","Relative humidity","Atmospheric moisture","Retained process","ga",48,"-80:-1","Omit 2022/2023"
-54,0.0336418164371833,,,,,0.19980429305938,,,,,0,"RH","Relative humidity","Atmospheric moisture","Retained process","ga",48,"-80:-1","Omit 2022/2023"
-53,0.0331728676505712,,,,,0.197019128918048,,,,,0,"RH","Relative humidity","Atmospheric moisture","Retained process","ga",48,"-80:-1","Omit 2022/2023"
-52,0.0325940145727606,,,,,0.193581225075574,,,,,0,"RH","Relative humidity","Atmospheric moisture","Retained process","ga",48,"-80:-1","Omit 2022/2023"
-51,0.0319115764512379,,,,,0.189528112584392,,,,,0,"RH","Relative humidity","Atmospheric moisture","Retained process","ga",48,"-80:-1","Omit 2022/2023"
-50,0.0311318725334896,,,,,0.184897322496936,,,,,0,"RH","Relative humidity","Atmospheric moisture","Retained process","ga",48,"-80:-1","Omit 2022/2023"
-49,0.0302612220670022,,,,,0.179726385865641,,,,,0,"RH","Relative humidity","Atmospheric moisture","Retained process","ga",48,"-80:-1","Omit 2022/2023"
-48,0.0293059442992621,,,,,0.174052833742941,,,,,0,"RH","Relative humidity","Atmospheric moisture","Retained process","ga",48,"-80:-1","Omit 2022/2023"
-47,0.0282723584777558,,,,,0.167914197181272,,,,,0,"RH","Relative humidity","Atmospheric moisture","Retained process","ga",48,"-80:-1","Omit 2022/2023"
-46,0.0271667838499698,,,,,0.161348007233067,,,,,0,"RH","Relative humidity","Atmospheric moisture","Retained process","ga",48,"-80:-1","Omit 2022/2023"
-45,0.0259955396633904,,,,,0.154391794950762,,,,,0,"RH","Relative humidity","Atmospheric moisture","Retained process","ga",48,"-80:-1","Omit 2022/2023"
-44,0.0247649451655043,,,,,0.147083091386791,,,,,0,"RH","Relative humidity","Atmospheric moisture","Retained process","ga",48,"-80:-1","Omit 2022/2023"
-43,0.0234813196037978,,,,,0.139459427593589,,,,,0,"RH","Relative humidity","Atmospheric moisture","Retained process","ga",48,"-80:-1","Omit 2022/2023"
-42,0.0221509822257574,,,,,0.13155833462359,,,,,0,"RH","Relative humidity","Atmospheric moisture","Retained process","ga",48,"-80:-1","Omit 2022/2023"
-41,0.0207802522788696,,,,,0.123417343529229,,,,,0,"RH","Relative humidity","Atmospheric moisture","Retained process","ga",48,"-80:-1","Omit 2022/2023"
-40,0.0193754490106209,,,,,0.11507398536294,,,,,0,"RH","Relative humidity","Atmospheric moisture","Retained process","ga",48,"-80:-1","Omit 2022/2023"
-39,0.0179428916684976,,,,,0.106565791177159,,,,,0,"RH","Relative humidity","Atmospheric moisture","Retained process","ga",48,"-80:-1","Omit 2022/2023"
-38,0.0164888994999862,,,,,0.0979302920243193,,,,,0,"RH","Relative humidity","Atmospheric moisture","Retained process","ga",48,"-80:-1","Omit 2022/2023"
-37,0.0150197917525733,,,,,0.0892050189568561,,,,,0,"RH","Relative humidity","Atmospheric moisture","Retained process","ga",48,"-80:-1","Omit 2022/2023"
-36,0.0135418876737453,,,,,0.080427503027204,,,,,0,"RH","Relative humidity","Atmospheric moisture","Retained process","ga",48,"-80:-1","Omit 2022/2023"
-35,0.0120615065109886,,,,,0.0716352752877976,,,,,0,"RH","Relative humidity","Atmospheric moisture","Retained process","ga",48,"-80:-1","Omit 2022/2023"
-34,0.0105849675117897,,,,,0.0628658667910714,,,,,0,"RH","Relative humidity","Atmospheric moisture","Retained process","ga",48,"-80:-1","Omit 2022/2023"
-33,0.00911858992363509,,,,,0.0541568085894602,,,,,0,"RH","Relative humidity","Atmospheric moisture","Retained process","ga",48,"-80:-1","Omit 2022/2023"
-32,0.00766869299401121,,,,,0.0455456317353984,,,,,0,"RH","Relative humidity","Atmospheric moisture","Retained process","ga",48,"-80:-1","Omit 2022/2023"
-31,0.0062415959704045,,,,,0.0370698672813208,,,,,0,"RH","Relative humidity","Atmospheric moisture","Retained process","ga",48,"-80:-1","Omit 2022/2023"
-30,0.00484361810030146,,,,,0.028767046279662,,,,,0,"RH","Relative humidity","Atmospheric moisture","Retained process","ga",48,"-80:-1","Omit 2022/2023"
-29,0.00348107863118853,,,,,0.0206746997828567,,,,,0,"RH","Relative humidity","Atmospheric moisture","Retained process","ga",48,"-80:-1","Omit 2022/2023"
-28,0.00216029681055218,,,,,0.0128303588433392,,,,,0,"RH","Relative humidity","Atmospheric moisture","Retained process","ga",48,"-80:-1","Omit 2022/2023"
-27,0.000887591885878868,,,,,0.00527155451354449,,,,,0,"RH","Relative humidity","Atmospheric moisture","Retained process","ga",48,"-80:-1","Omit 2022/2023"
-26,-0.000330716895344938,,,,,-0.001964182154093,,,,,0,"RH","Relative humidity","Atmospheric moisture","Retained process","ga",48,"-80:-1","Omit 2022/2023"
-25,-0.00148831028563278,,,,,-0.00883932010713864,,,,,0,"RH","Relative humidity","Atmospheric moisture","Retained process","ga",48,"-80:-1","Omit 2022/2023"
-24,-0.0025788690374982,,,,,-0.0153163282931577,,,,,0,"RH","Relative humidity","Atmospheric moisture","Retained process","ga",48,"-80:-1","Omit 2022/2023"
-23,-0.00359607390345472,,,,,-0.0213576756597157,,,,,0,"RH","Relative humidity","Atmospheric moisture","Retained process","ga",48,"-80:-1","Omit 2022/2023"
-22,-0.0045336056360159,,,,,-0.026925831154378,,,,,0,"RH","Relative humidity","Atmospheric moisture","Retained process","ga",48,"-80:-1","Omit 2022/2023"
-21,-0.00538514498769525,,,,,-0.0319832637247098,,,,,0,"RH","Relative humidity","Atmospheric moisture","Retained process","ga",48,"-80:-1","Omit 2022/2023"
-20,-0.00614437271100635,,,,,-0.0364924423182767,,,,,0,"RH","Relative humidity","Atmospheric moisture","Retained process","ga",48,"-80:-1","Omit 2022/2023"
-19,-0.00680496955846268,,,,,-0.0404158358826439,,,,,0,"RH","Relative humidity","Atmospheric moisture","Retained process","ga",48,"-80:-1","Omit 2022/2023"
-18,-0.00736061628257783,,,,,-0.043715913365377,,,,,0,"RH","Relative humidity","Atmospheric moisture","Retained process","ga",48,"-80:-1","Omit 2022/2023"
-17,-0.00780499363586532,,,,,-0.0463551437140412,,,,,0,"RH","Relative humidity","Atmospheric moisture","Retained process","ga",48,"-80:-1","Omit 2022/2023"
-16,-0.00813178237083867,,,,,-0.0482959958762019,,,,,0,"RH","Relative humidity","Atmospheric moisture","Retained process","ga",48,"-80:-1","Omit 2022/2023"
-15,-0.00833466324001144,,,,,-0.0495009387994244,,,,,0,"RH","Relative humidity","Atmospheric moisture","Retained process","ga",48,"-80:-1","Omit 2022/2023"
-14,-0.00840731699589716,,,,,-0.0499324414312744,,,,,0,"RH","Relative humidity","Atmospheric moisture","Retained process","ga",48,"-80:-1","Omit 2022/2023"
-13,-0.00834342439100937,,,,,-0.0495529727193169,,,,,0,"RH","Relative humidity","Atmospheric moisture","Retained process","ga",48,"-80:-1","Omit 2022/2023"
-12,-0.0081366661778616,,,,,-0.0483250016111174,,,,,0,"RH","Relative humidity","Atmospheric moisture","Retained process","ga",48,"-80:-1","Omit 2022/2023"
-11,-0.00778072310896739,,,,,-0.0462109970542414,,,,,0,"RH","Relative humidity","Atmospheric moisture","Retained process","ga",48,"-80:-1","Omit 2022/2023"
-10,-0.00726927593684029,,,,,-0.0431734279962541,,,,,0,"RH","Relative humidity","Atmospheric moisture","Retained process","ga",48,"-80:-1","Omit 2022/2023"
-9,-0.00659600541399383,,,,,-0.0391747633847211,,,,,0,"RH","Relative humidity","Atmospheric moisture","Retained process","ga",48,"-80:-1","Omit 2022/2023"
-8,-0.00575459229294154,,,,,-0.0341774721672075,,,,,0,"RH","Relative humidity","Atmospheric moisture","Retained process","ga",48,"-80:-1","Omit 2022/2023"
-7,-0.00473871732619697,,,,,-0.0281440232912789,,,,,0,"RH","Relative humidity","Atmospheric moisture","Retained process","ga",48,"-80:-1","Omit 2022/2023"
-6,-0.00354206126627365,,,,,-0.0210368857045007,,,,,0,"RH","Relative humidity","Atmospheric moisture","Retained process","ga",48,"-80:-1","Omit 2022/2023"
-5,-0.00215830486568512,,,,,-0.012818528354438,,,,,0,"RH","Relative humidity","Atmospheric moisture","Retained process","ga",48,"-80:-1","Omit 2022/2023"
-4,-0.000581128876944912,,,,,-0.00345142018865646,,,,,0,"RH","Relative humidity","Atmospheric moisture","Retained process","ga",48,"-80:-1","Omit 2022/2023"
-3,0.00119578594743343,,,,,0.00710196984527866,,,,,0,"RH","Relative humidity","Atmospheric moisture","Retained process","ga",48,"-80:-1","Omit 2022/2023"
-2,0.00317875885493636,,,,,0.018879172799802,,,,,0,"RH","Relative humidity","Atmospheric moisture","Retained process","ga",48,"-80:-1","Omit 2022/2023"
-1,0.00537410909305036,,,,,0.0319177197273481,,,,,0,"RH","Relative humidity","Atmospheric moisture","Retained process","ga",48,"-80:-1","Omit 2022/2023"
-80,0.142001013833207,,,,,0.105960749142325,,,,,0,"Tmin","Minimum temperature","Thermal","Retained process","ga",58,"-80:-1","Omit 2023/2024"
-79,0.202490185265293,,,,,0.151097595330416,,,,,0,"Tmin","Minimum temperature","Thermal","Retained process","ga",58,"-80:-1","Omit 2023/2024"
-78,0.258056290533164,,,,,0.192560863670322,,,,,0,"Tmin","Minimum temperature","Thermal","Retained process","ga",58,"-80:-1","Omit 2023/2024"
-77,0.308829761476984,,,,,0.230447882026984,,,,,0,"Tmin","Minimum temperature","Thermal","Retained process","ga",58,"-80:-1","Omit 2023/2024"
-76,0.354941029936922,,,,,0.264855978265345,,,,,0,"Tmin","Minimum temperature","Thermal","Retained process","ga",58,"-80:-1","Omit 2023/2024"
-75,0.396520527753145,,,,,0.29588248025035,,,,,0,"Tmin","Minimum temperature","Thermal","Retained process","ga",58,"-80:-1","Omit 2023/2024"
-74,0.433698686765818,,,,,0.323624715846939,,,,,0,"Tmin","Minimum temperature","Thermal","Retained process","ga",58,"-80:-1","Omit 2023/2024"
-73,0.466605938815109,,,,,0.348180012920056,,,,,0,"Tmin","Minimum temperature","Thermal","Retained process","ga",58,"-80:-1","Omit 2023/2024"
-72,0.495372715741185,,,,,0.369645699334644,,,,,0,"Tmin","Minimum temperature","Thermal","Retained process","ga",58,"-80:-1","Omit 2023/2024"
-71,0.520129449384213,,,,,0.388119102955646,,,,,0,"Tmin","Minimum temperature","Thermal","Retained process","ga",58,"-80:-1","Omit 2023/2024"
-70,0.541006571584359,,,,,0.403697551648003,,,,,0,"Tmin","Minimum temperature","Thermal","Retained process","ga",58,"-80:-1","Omit 2023/2024"
-69,0.558134514181792,,,,,0.41647837327666,,,,,0,"Tmin","Minimum temperature","Thermal","Retained process","ga",58,"-80:-1","Omit 2023/2024"
-68,0.571643709016676,,,,,0.426558895706559,,,,,0,"Tmin","Minimum temperature","Thermal","Retained process","ga",58,"-80:-1","Omit 2023/2024"
-67,0.58166458792918,,,,,0.434036446802642,,,,,0,"Tmin","Minimum temperature","Thermal","Retained process","ga",58,"-80:-1","Omit 2023/2024"
-66,0.58832758275947,,,,,0.439008354429853,,,,,0,"Tmin","Minimum temperature","Thermal","Retained process","ga",58,"-80:-1","Omit 2023/2024"
-65,0.591763125347713,,,,,0.441571946453134,,,,,0,"Tmin","Minimum temperature","Thermal","Retained process","ga",58,"-80:-1","Omit 2023/2024"
-64,0.592101647534076,,,,,0.441824550737427,,,,,0,"Tmin","Minimum temperature","Thermal","Retained process","ga",58,"-80:-1","Omit 2023/2024"
-63,0.589473581158726,,,,,0.439863495147677,,,,,0,"Tmin","Minimum temperature","Thermal","Retained process","ga",58,"-80:-1","Omit 2023/2024"
-62,0.584009358061829,,,,,0.435786107548825,,,,,0,"Tmin","Minimum temperature","Thermal","Retained process","ga",58,"-80:-1","Omit 2023/2024"
-61,0.575839410083554,,,,,0.429689715805814,,,,,0,"Tmin","Minimum temperature","Thermal","Retained process","ga",58,"-80:-1","Omit 2023/2024"
-60,0.565094169064065,,,,,0.421671647783587,,,,,0,"Tmin","Minimum temperature","Thermal","Retained process","ga",58,"-80:-1","Omit 2023/2024"
-59,0.551904066843531,,,,,0.411829231347087,,,,,0,"Tmin","Minimum temperature","Thermal","Retained process","ga",58,"-80:-1","Omit 2023/2024"
-58,0.536399535262119,,,,,0.400259794361257,,,,,0,"Tmin","Minimum temperature","Thermal","Retained process","ga",58,"-80:-1","Omit 2023/2024"
-57,0.518711006159994,,,,,0.387060664691038,,,,,0,"Tmin","Minimum temperature","Thermal","Retained process","ga",58,"-80:-1","Omit 2023/2024"
-56,0.498968911377325,,,,,0.372329170201375,,,,,0,"Tmin","Minimum temperature","Thermal","Retained process","ga",58,"-80:-1","Omit 2023/2024"
-55,0.477303682754277,,,,,0.35616263875721,,,,,0,"Tmin","Minimum temperature","Thermal","Retained process","ga",58,"-80:-1","Omit 2023/2024"
-54,0.453845752131019,,,,,0.338658398223486,,,,,0,"Tmin","Minimum temperature","Thermal","Retained process","ga",58,"-80:-1","Omit 2023/2024"
-53,0.428725551347716,,,,,0.319913776465145,,,,,0,"Tmin","Minimum temperature","Thermal","Retained process","ga",58,"-80:-1","Omit 2023/2024"
-52,0.402073512244536,,,,,0.30002610134713,,,,,0,"Tmin","Minimum temperature","Thermal","Retained process","ga",58,"-80:-1","Omit 2023/2024"
-51,0.374020066661645,,,,,0.279092700734384,,,,,0,"Tmin","Minimum temperature","Thermal","Retained process","ga",58,"-80:-1","Omit 2023/2024"
-50,0.34469564643921,,,,,0.257210902491851,,,,,0,"Tmin","Minimum temperature","Thermal","Retained process","ga",58,"-80:-1","Omit 2023/2024"
-49,0.314230683417399,,,,,0.234478034484471,,,,,0,"Tmin","Minimum temperature","Thermal","Retained process","ga",58,"-80:-1","Omit 2023/2024"
-48,0.282755609436378,,,,,0.210991424577189,,,,,0,"Tmin","Minimum temperature","Thermal","Retained process","ga",58,"-80:-1","Omit 2023/2024"
-47,0.250400856336314,,,,,0.186848400634947,,,,,0,"Tmin","Minimum temperature","Thermal","Retained process","ga",58,"-80:-1","Omit 2023/2024"
-46,0.217296855957374,,,,,0.162146290522688,,,,,0,"Tmin","Minimum temperature","Thermal","Retained process","ga",58,"-80:-1","Omit 2023/2024"
-45,0.183574040139725,,,,,0.136982422105354,,,,,0,"Tmin","Minimum temperature","Thermal","Retained process","ga",58,"-80:-1","Omit 2023/2024"
-44,0.149362840723533,,,,,0.111454123247889,,,,,0,"Tmin","Minimum temperature","Thermal","Retained process","ga",58,"-80:-1","Omit 2023/2024"
-43,0.114793689548966,,,,,0.0856587218152351,,,,,0,"Tmin","Minimum temperature","Thermal","Retained process","ga",58,"-80:-1","Omit 2023/2024"
-42,0.0799970184561911,,,,,0.0596935456723353,,,,,0,"Tmin","Minimum temperature","Thermal","Retained process","ga",58,"-80:-1","Omit 2023/2024"
-41,0.045103259285374,,,,,0.033655922684132,,,,,0,"Tmin","Minimum temperature","Thermal","Retained process","ga",58,"-80:-1","Omit 2023/2024"
-40,0.0102428438766822,,,,,0.00764318071556838,,,,,0,"Tmin","Minimum temperature","Thermal","Retained process","ga",58,"-80:-1","Omit 2023/2024"
-39,-0.0244537959297176,,,,,-0.0182473523684131,,,,,0,"Tmin","Minimum temperature","Thermal","Retained process","ga",58,"-80:-1","Omit 2023/2024"
-38,-0.0588562282936581,,,,,-0.0439183487028693,,,,,0,"Tmin","Minimum temperature","Thermal","Retained process","ga",58,"-80:-1","Omit 2023/2024"
-37,-0.092834021374973,,,,,-0.0692724804228579,,,,,0,"Tmin","Minimum temperature","Thermal","Retained process","ga",58,"-80:-1","Omit 2023/2024"
-36,-0.126256743333495,,,,,-0.0942124196634359,,,,,0,"Tmin","Minimum temperature","Thermal","Retained process","ga",58,"-80:-1","Omit 2023/2024"
-35,-0.158993962329057,,,,,-0.11864083855966,,,,,0,"Tmin","Minimum temperature","Thermal","Retained process","ga",58,"-80:-1","Omit 2023/2024"
-34,-0.190915246521493,,,,,-0.142460409246589,,,,,0,"Tmin","Minimum temperature","Thermal","Retained process","ga",58,"-80:-1","Omit 2023/2024"
-33,-0.221890164070635,,,,,-0.165573803859278,,,,,0,"Tmin","Minimum temperature","Thermal","Retained process","ga",58,"-80:-1","Omit 2023/2024"
-32,-0.251788283136317,,,,,-0.187883694532786,,,,,0,"Tmin","Minimum temperature","Thermal","Retained process","ga",58,"-80:-1","Omit 2023/2024"
-31,-0.280479171878372,,,,,-0.209292753402169,,,,,0,"Tmin","Minimum temperature","Thermal","Retained process","ga",58,"-80:-1","Omit 2023/2024"
-30,-0.307832398456633,,,,,-0.229703652602485,,,,,0,"Tmin","Minimum temperature","Thermal","Retained process","ga",58,"-80:-1","Omit 2023/2024"
-29,-0.333717531030932,,,,,-0.249019064268791,,,,,0,"Tmin","Minimum temperature","Thermal","Retained process","ga",58,"-80:-1","Omit 2023/2024"
-28,-0.358004137761104,,,,,-0.267141660536144,,,,,0,"Tmin","Minimum temperature","Thermal","Retained process","ga",58,"-80:-1","Omit 2023/2024"
-27,-0.380561786806981,,,,,-0.283974113539602,,,,,0,"Tmin","Minimum temperature","Thermal","Retained process","ga",58,"-80:-1","Omit 2023/2024"
-26,-0.401260046328396,,,,,-0.299419095414221,,,,,0,"Tmin","Minimum temperature","Thermal","Retained process","ga",58,"-80:-1","Omit 2023/2024"
-25,-0.419968484485182,,,,,-0.313379278295059,,,,,0,"Tmin","Minimum temperature","Thermal","Retained process","ga",58,"-80:-1","Omit 2023/2024"
-24,-0.436556669437174,,,,,-0.325757334317173,,,,,0,"Tmin","Minimum temperature","Thermal","Retained process","ga",58,"-80:-1","Omit 2023/2024"
-23,-0.450894169344203,,,,,-0.33645593561562,,,,,0,"Tmin","Minimum temperature","Thermal","Retained process","ga",58,"-80:-1","Omit 2023/2024"
-22,-0.462850552366102,,,,,-0.345377754325458,,,,,0,"Tmin","Minimum temperature","Thermal","Retained process","ga",58,"-80:-1","Omit 2023/2024"
-21,-0.472295386662706,,,,,-0.352425462581744,,,,,0,"Tmin","Minimum temperature","Thermal","Retained process","ga",58,"-80:-1","Omit 2023/2024"
-20,-0.479098240393846,,,,,-0.357501732519535,,,,,0,"Tmin","Minimum temperature","Thermal","Retained process","ga",58,"-80:-1","Omit 2023/2024"
-19,-0.483128681719357,,,,,-0.360509236273888,,,,,0,"Tmin","Minimum temperature","Thermal","Retained process","ga",58,"-80:-1","Omit 2023/2024"
-18,-0.484256278799071,,,,,-0.36135064597986,,,,,0,"Tmin","Minimum temperature","Thermal","Retained process","ga",58,"-80:-1","Omit 2023/2024"
-17,-0.482350599792821,,,,,-0.359928633772509,,,,,0,"Tmin","Minimum temperature","Thermal","Retained process","ga",58,"-80:-1","Omit 2023/2024"
-16,-0.477281212860441,,,,,-0.356145871786892,,,,,0,"Tmin","Minimum temperature","Thermal","Retained process","ga",58,"-80:-1","Omit 2023/2024"
-15,-0.468917686161763,,,,,-0.349905032158066,,,,,0,"Tmin","Minimum temperature","Thermal","Retained process","ga",58,"-80:-1","Omit 2023/2024"
-14,-0.457129587856621,,,,,-0.341108787021089,,,,,0,"Tmin","Minimum temperature","Thermal","Retained process","ga",58,"-80:-1","Omit 2023/2024"
-13,-0.441786486104848,,,,,-0.329659808511017,,,,,0,"Tmin","Minimum temperature","Thermal","Retained process","ga",58,"-80:-1","Omit 2023/2024"
-12,-0.422757949066277,,,,,-0.315460768762908,,,,,0,"Tmin","Minimum temperature","Thermal","Retained process","ga",58,"-80:-1","Omit 2023/2024"
-11,-0.39991354490074,,,,,-0.298414339911819,,,,,0,"Tmin","Minimum temperature","Thermal","Retained process","ga",58,"-80:-1","Omit 2023/2024"
-10,-0.373122841768072,,,,,-0.278423194092807,,,,,0,"Tmin","Minimum temperature","Thermal","Retained process","ga",58,"-80:-1","Omit 2023/2024"
-9,-0.342255407828105,,,,,-0.255390003440929,,,,,0,"Tmin","Minimum temperature","Thermal","Retained process","ga",58,"-80:-1","Omit 2023/2024"
-8,-0.307180811240673,,,,,-0.229217440091244,,,,,0,"Tmin","Minimum temperature","Thermal","Retained process","ga",58,"-80:-1","Omit 2023/2024"
-7,-0.267768620165608,,,,,-0.199808176178807,,,,,0,"Tmin","Minimum temperature","Thermal","Retained process","ga",58,"-80:-1","Omit 2023/2024"
-6,-0.223888402762743,,,,,-0.167064883838676,,,,,0,"Tmin","Minimum temperature","Thermal","Retained process","ga",58,"-80:-1","Omit 2023/2024"
-5,-0.175409727191913,,,,,-0.130890235205909,,,,,0,"Tmin","Minimum temperature","Thermal","Retained process","ga",58,"-80:-1","Omit 2023/2024"
-4,-0.122202161612949,,,,,-0.0911869024155624,,,,,0,"Tmin","Minimum temperature","Thermal","Retained process","ga",58,"-80:-1","Omit 2023/2024"
-3,-0.0641352741856847,,,,,-0.0478575576026936,,,,,0,"Tmin","Minimum temperature","Thermal","Retained process","ga",58,"-80:-1","Omit 2023/2024"
-2,-0.00107863306995368,,,,,-0.000804872902359875,,,,,0,"Tmin","Minimum temperature","Thermal","Retained process","ga",58,"-80:-1","Omit 2023/2024"
-1,0.0670981935744111,,,,,0.0500684795503816,,,,,0,"Tmin","Minimum temperature","Thermal","Retained process","ga",58,"-80:-1","Omit 2023/2024"
-80,-0.508791739779002,,,,,-0.473912206743679,,,,,0,"LogRain","Log rainfall amount","Rainfall","Retained process","ga",58,"-80:-1","Omit 2023/2024"
-79,-0.440291370872561,,,,,-0.410107788446109,,,,,0,"LogRain","Log rainfall amount","Rainfall","Retained process","ga",58,"-80:-1","Omit 2023/2024"
-78,-0.374961210820288,,,,,-0.349256249600887,,,,,0,"LogRain","Log rainfall amount","Rainfall","Retained process","ga",58,"-80:-1","Omit 2023/2024"
-77,-0.312740936556523,,,,,-0.291301402508939,,,,,0,"LogRain","Log rainfall amount","Rainfall","Retained process","ga",58,"-80:-1","Omit 2023/2024"
-76,-0.253570225015604,,,,,-0.236187059471195,,,,,0,"LogRain","Log rainfall amount","Rainfall","Retained process","ga",58,"-80:-1","Omit 2023/2024"
-75,-0.197388753131871,,,,,-0.183857032788583,,,,,0,"LogRain","Log rainfall amount","Rainfall","Retained process","ga",58,"-80:-1","Omit 2023/2024"
-74,-0.144136197839661,,,,,-0.13425513476203,,,,,0,"LogRain","Log rainfall amount","Rainfall","Retained process","ga",58,"-80:-1","Omit 2023/2024"
-73,-0.0937522360733159,,,,,-0.0873251776924644,,,,,0,"LogRain","Log rainfall amount","Rainfall","Retained process","ga",58,"-80:-1","Omit 2023/2024"
-72,-0.046176544767173,,,,,-0.0430109738808153,,,,,0,"LogRain","Log rainfall amount","Rainfall","Retained process","ga",58,"-80:-1","Omit 2023/2024"
-71,-0.00134880085557181,,,,,-0.00125633562801048,,,,,0,"LogRain","Log rainfall amount","Rainfall","Retained process","ga",58,"-80:-1","Omit 2023/2024"
-70,0.0407913187271486,,,,,0.0379949247650218,,,,,0,"LogRain","Log rainfall amount","Rainfall","Retained process","ga",58,"-80:-1","Omit 2023/2024"
-69,0.0803041370466492,,,,,0.0747989949973534,,,,,0,"LogRain","Log rainfall amount","Rainfall","Retained process","ga",58,"-80:-1","Omit 2023/2024"
-68,0.117249977168591,,,,,0.109212062768056,,,,,0,"LogRain","Log rainfall amount","Rainfall","Retained process","ga",58,"-80:-1","Omit 2023/2024"
-67,0.151689162158635,,,,,0.141290315776202,,,,,0,"LogRain","Log rainfall amount","Rainfall","Retained process","ga",58,"-80:-1","Omit 2023/2024"
-66,0.183682015082441,,,,,0.171089941720862,,,,,0,"LogRain","Log rainfall amount","Rainfall","Retained process","ga",58,"-80:-1","Omit 2023/2024"
-65,0.213288859005672,,,,,0.198667128301109,,,,,0,"LogRain","Log rainfall amount","Rainfall","Retained process","ga",58,"-80:-1","Omit 2023/2024"
-64,0.240570016993988,,,,,0.224078063216014,,,,,0,"LogRain","Log rainfall amount","Rainfall","Retained process","ga",58,"-80:-1","Omit 2023/2024"
-63,0.265585812113049,,,,,0.247378934164649,,,,,0,"LogRain","Log rainfall amount","Rainfall","Retained process","ga",58,"-80:-1","Omit 2023/2024"
-62,0.288396567428517,,,,,0.268625928846086,,,,,0,"LogRain","Log rainfall amount","Rainfall","Retained process","ga",58,"-80:-1","Omit 2023/2024"
-61,0.309062606006053,,,,,0.287875234959397,,,,,0,"LogRain","Log rainfall amount","Rainfall","Retained process","ga",58,"-80:-1","Omit 2023/2024"
-60,0.327644250911317,,,,,0.305183040203653,,,,,0,"LogRain","Log rainfall amount","Rainfall","Retained process","ga",58,"-80:-1","Omit 2023/2024"
-59,0.344201825209971,,,,,0.320605532277927,,,,,0,"LogRain","Log rainfall amount","Rainfall","Retained process","ga",58,"-80:-1","Omit 2023/2024"
-58,0.358795651967675,,,,,0.334198898881289,,,,,0,"LogRain","Log rainfall amount","Rainfall","Retained process","ga",58,"-80:-1","Omit 2023/2024"
-57,0.371486054250091,,,,,0.346019327712812,,,,,0,"LogRain","Log rainfall amount","Rainfall","Retained process","ga",58,"-80:-1","Omit 2023/2024"
-56,0.382333355122879,,,,,0.356123006471568,,,,,0,"LogRain","Log rainfall amount","Rainfall","Retained process","ga",58,"-80:-1","Omit 2023/2024"
-55,0.3913978776517,,,,,0.364566122856629,,,,,0,"LogRain","Log rainfall amount","Rainfall","Retained process","ga",58,"-80:-1","Omit 2023/2024"
-54,0.398739944902215,,,,,0.371404864567065,,,,,0,"LogRain","Log rainfall amount","Rainfall","Retained process","ga",58,"-80:-1","Omit 2023/2024"
-53,0.404419879940086,,,,,0.37669541930195,,,,,0,"LogRain","Log rainfall amount","Rainfall","Retained process","ga",58,"-80:-1","Omit 2023/2024"
-52,0.408498005830973,,,,,0.380493974760354,,,,,0,"LogRain","Log rainfall amount","Rainfall","Retained process","ga",58,"-80:-1","Omit 2023/2024"
-51,0.411034645640536,,,,,0.38285671864135,,,,,0,"LogRain","Log rainfall amount","Rainfall","Retained process","ga",58,"-80:-1","Omit 2023/2024"
-50,0.412090122434438,,,,,0.38383983864401,,,,,0,"LogRain","Log rainfall amount","Rainfall","Retained process","ga",58,"-80:-1","Omit 2023/2024"
-49,0.411724759278338,,,,,0.383499522467404,,,,,0,"LogRain","Log rainfall amount","Rainfall","Retained process","ga",58,"-80:-1","Omit 2023/2024"
-48,0.409998879237898,,,,,0.381891957810606,,,,,0,"LogRain","Log rainfall amount","Rainfall","Retained process","ga",58,"-80:-1","Omit 2023/2024"
-47,0.406972805378779,,,,,0.379073332372686,,,,,0,"LogRain","Log rainfall amount","Rainfall","Retained process","ga",58,"-80:-1","Omit 2023/2024"
-46,0.402706860766642,,,,,0.375099833852717,,,,,0,"LogRain","Log rainfall amount","Rainfall","Retained process","ga",58,"-80:-1","Omit 2023/2024"
-45,0.397261368467147,,,,,0.370027649949771,,,,,0,"LogRain","Log rainfall amount","Rainfall","Retained process","ga",58,"-80:-1","Omit 2023/2024"
-44,0.390696651545956,,,,,0.363912968362918,,,,,0,"LogRain","Log rainfall amount","Rainfall","Retained process","ga",58,"-80:-1","Omit 2023/2024"
-43,0.383073033068729,,,,,0.356811976791231,,,,,0,"LogRain","Log rainfall amount","Rainfall","Retained process","ga",58,"-80:-1","Omit 2023/2024"
-42,0.374450836101127,,,,,0.348780862933782,,,,,0,"LogRain","Log rainfall amount","Rainfall","Retained process","ga",58,"-80:-1","Omit 2023/2024"
-41,0.364890383708812,,,,,0.339875814489643,,,,,0,"LogRain","Log rainfall amount","Rainfall","Retained process","ga",58,"-80:-1","Omit 2023/2024"
-40,0.354451998957445,,,,,0.330153019157885,,,,,0,"LogRain","Log rainfall amount","Rainfall","Retained process","ga",58,"-80:-1","Omit 2023/2024"
-39,0.343196004912685,,,,,0.31966866463758,,,,,0,"LogRain","Log rainfall amount","Rainfall","Retained process","ga",58,"-80:-1","Omit 2023/2024"
-38,0.331182724640195,,,,,0.308478938627801,,,,,0,"LogRain","Log rainfall amount","Rainfall","Retained process","ga",58,"-80:-1","Omit 2023/2024"
-37,0.318472481205634,,,,,0.296640028827617,,,,,0,"LogRain","Log rainfall amount","Rainfall","Retained process","ga",58,"-80:-1","Omit 2023/2024"
-36,0.305125597674665,,,,,0.284208122936103,,,,,0,"LogRain","Log rainfall amount","Rainfall","Retained process","ga",58,"-80:-1","Omit 2023/2024"
-35,0.291202397112947,,,,,0.271239408652328,,,,,0,"LogRain","Log rainfall amount","Rainfall","Retained process","ga",58,"-80:-1","Omit 2023/2024"
-34,0.276763202586143,,,,,0.257790073675366,,,,,0,"LogRain","Log rainfall amount","Rainfall","Retained process","ga",58,"-80:-1","Omit 2023/2024"
-33,0.261868337159912,,,,,0.243916305704288,,,,,0,"LogRain","Log rainfall amount","Rainfall","Retained process","ga",58,"-80:-1","Omit 2023/2024"
-32,0.246578123899916,,,,,0.229674292438165,,,,,0,"LogRain","Log rainfall amount","Rainfall","Retained process","ga",58,"-80:-1","Omit 2023/2024"
-31,0.230952885871816,,,,,0.21512022157607,,,,,0,"LogRain","Log rainfall amount","Rainfall","Retained process","ga",58,"-80:-1","Omit 2023/2024"
-30,0.215052946141272,,,,,0.200310280817074,,,,,0,"LogRain","Log rainfall amount","Rainfall","Retained process","ga",58,"-80:-1","Omit 2023/2024"
-29,0.198938627773946,,,,,0.185300657860249,,,,,0,"LogRain","Log rainfall amount","Rainfall","Retained process","ga",58,"-80:-1","Omit 2023/2024"
-28,0.182670253835498,,,,,0.170147540404667,,,,,0,"LogRain","Log rainfall amount","Rainfall","Retained process","ga",58,"-80:-1","Omit 2023/2024"
-27,0.16630814739159,,,,,0.1549071161494,,,,,0,"LogRain","Log rainfall amount","Rainfall","Retained process","ga",58,"-80:-1","Omit 2023/2024"
-26,0.149912631507882,,,,,0.139635572793519,,,,,0,"LogRain","Log rainfall amount","Rainfall","Retained process","ga",58,"-80:-1","Omit 2023/2024"
-25,0.133544029250035,,,,,0.124389098036097,,,,,0,"LogRain","Log rainfall amount","Rainfall","Retained process","ga",58,"-80:-1","Omit 2023/2024"
-24,0.117262663683711,,,,,0.109223879576204,,,,,0,"LogRain","Log rainfall amount","Rainfall","Retained process","ga",58,"-80:-1","Omit 2023/2024"
-23,0.101128857874569,,,,,0.0941961051129135,,,,,0,"LogRain","Log rainfall amount","Rainfall","Retained process","ga",58,"-80:-1","Omit 2023/2024"
-22,0.0852029348882722,,,,,0.0793619623452965,,,,,0,"LogRain","Log rainfall amount","Rainfall","Retained process","ga",58,"-80:-1","Omit 2023/2024"
-21,0.06954521779048,,,,,0.0647776389724249,,,,,0,"LogRain","Log rainfall amount","Rainfall","Retained process","ga",58,"-80:-1","Omit 2023/2024"
-20,0.0542160296468538,,,,,0.0504993226933704,,,,,0,"LogRain","Log rainfall amount","Rainfall","Retained process","ga",58,"-80:-1","Omit 2023/2024"
-19,0.0392756935230545,,,,,0.0365832012072051,,,,,0,"LogRain","Log rainfall amount","Rainfall","Retained process","ga",58,"-80:-1","Omit 2023/2024"
-18,0.0247845324847429,,,,,0.0230854622130005,,,,,0,"LogRain","Log rainfall amount","Rainfall","Retained process","ga",58,"-80:-1","Omit 2023/2024"
-17,0.0108028695975801,,,,,0.0100622934098284,,,,,0,"LogRain","Log rainfall amount","Rainfall","Retained process","ga",58,"-80:-1","Omit 2023/2024"
-16,-0.00260897207277293,,,,,-0.00243011750323915,,,,,0,"LogRain","Log rainfall amount","Rainfall","Retained process","ga",58,"-80:-1","Omit 2023/2024"
-15,-0.0153906694606554,,,,,-0.0143355828271305,,,,,0,"LogRain","Log rainfall amount","Rainfall","Retained process","ga",58,"-80:-1","Omit 2023/2024"
-14,-0.0274818995004063,,,,,-0.025597914862774,,,,,0,"LogRain","Log rainfall amount","Rainfall","Retained process","ga",58,"-80:-1","Omit 2023/2024"
-13,-0.0388223391263647,,,,,-0.0361609259110976,,,,,0,"LogRain","Log rainfall amount","Rainfall","Retained process","ga",58,"-80:-1","Omit 2023/2024"
-12,-0.0493516652728697,,,,,-0.0459684282730297,,,,,0,"LogRain","Log rainfall amount","Rainfall","Retained process","ga",58,"-80:-1","Omit 2023/2024"
-11,-0.0590095548742603,,,,,-0.0549642342494984,,,,,0,"LogRain","Log rainfall amount","Rainfall","Retained process","ga",58,"-80:-1","Omit 2023/2024"
-10,-0.0677356848648756,,,,,-0.0630921561414319,,,,,0,"LogRain","Log rainfall amount","Rainfall","Retained process","ga",58,"-80:-1","Omit 2023/2024"
-9,-0.0754697321790547,,,,,-0.0702960062497585,,,,,0,"LogRain","Log rainfall amount","Rainfall","Retained process","ga",58,"-80:-1","Omit 2023/2024"
-8,-0.0821513737511366,,,,,-0.0765195968754063,,,,,0,"LogRain","Log rainfall amount","Rainfall","Retained process","ga",58,"-80:-1","Omit 2023/2024"
-7,-0.0877202865154604,,,,,-0.0817067403193036,,,,,0,"LogRain","Log rainfall amount","Rainfall","Retained process","ga",58,"-80:-1","Omit 2023/2024"
-6,-0.0921161474063652,,,,,-0.0858012488823786,,,,,0,"LogRain","Log rainfall amount","Rainfall","Retained process","ga",58,"-80:-1","Omit 2023/2024"
-5,-0.0952786333581901,,,,,-0.0887469348655594,,,,,0,"LogRain","Log rainfall amount","Rainfall","Retained process","ga",58,"-80:-1","Omit 2023/2024"
-4,-0.097147421305274,,,,,-0.0904876105697743,,,,,0,"LogRain","Log rainfall amount","Rainfall","Retained process","ga",58,"-80:-1","Omit 2023/2024"
-3,-0.0976621881819561,,,,,-0.0909670882959514,,,,,0,"LogRain","Log rainfall amount","Rainfall","Retained process","ga",58,"-80:-1","Omit 2023/2024"
-2,-0.0967626109225754,,,,,-0.0901291803450191,,,,,0,"LogRain","Log rainfall amount","Rainfall","Retained process","ga",58,"-80:-1","Omit 2023/2024"
-1,-0.0943883664614711,,,,,-0.0879176990179055,,,,,0,"LogRain","Log rainfall amount","Rainfall","Retained process","ga",58,"-80:-1","Omit 2023/2024"
-80,0.32961646795486,,,,,0.67445976823699,,,,,0,"Tmax","Maximum temperature","Thermal","Retained process","ga",58,"-80:-1","Omit 2023/2024"
-79,0.299630074389209,,,,,0.613101741497497,,,,,0,"Tmax","Maximum temperature","Thermal","Retained process","ga",58,"-80:-1","Omit 2023/2024"
-78,0.271164849934982,,,,,0.554856324309054,,,,,0,"Tmax","Maximum temperature","Thermal","Retained process","ga",58,"-80:-1","Omit 2023/2024"
-77,0.244186924600425,,,,,0.499654212043376,,,,,0,"Tmax","Maximum temperature","Thermal","Retained process","ga",58,"-80:-1","Omit 2023/2024"
-76,0.218662428393784,,,,,0.447426100072178,,,,,0,"Tmax","Maximum temperature","Thermal","Retained process","ga",58,"-80:-1","Omit 2023/2024"
-75,0.194557491323305,,,,,0.398102683767174,,,,,0,"Tmax","Maximum temperature","Thermal","Retained process","ga",58,"-80:-1","Omit 2023/2024"
-74,0.171838243397235,,,,,0.35161465850008,,,,,0,"Tmax","Maximum temperature","Thermal","Retained process","ga",58,"-80:-1","Omit 2023/2024"
-73,0.15047081462382,,,,,0.30789271964261,,,,,0,"Tmax","Maximum temperature","Thermal","Retained process","ga",58,"-80:-1","Omit 2023/2024"
-72,0.130421335011307,,,,,0.266867562566477,,,,,0,"Tmax","Maximum temperature","Thermal","Retained process","ga",58,"-80:-1","Omit 2023/2024"
-71,0.111655934567941,,,,,0.228469882643399,,,,,0,"Tmax","Maximum temperature","Thermal","Retained process","ga",58,"-80:-1","Omit 2023/2024"
-70,0.0941407433019705,,,,,0.192630375245088,,,,,0,"Tmax","Maximum temperature","Thermal","Retained process","ga",58,"-80:-1","Omit 2023/2024"
-69,0.0778418912216405,,,,,0.15927973574326,,,,,0,"Tmax","Maximum temperature","Thermal","Retained process","ga",58,"-80:-1","Omit 2023/2024"
-68,0.0627255083351974,,,,,0.128348659509628,,,,,0,"Tmax","Maximum temperature","Thermal","Retained process","ga",58,"-80:-1","Omit 2023/2024"
-67,0.048757724650888,,,,,0.0997678419159097,,,,,0,"Tmax","Maximum temperature","Thermal","Retained process","ga",58,"-80:-1","Omit 2023/2024"
-66,0.0359046701769586,,,,,0.0734679783338175,,,,,0,"Tmax","Maximum temperature","Thermal","Retained process","ga",58,"-80:-1","Omit 2023/2024"
-65,0.0241324749216555,,,,,0.0493797641350667,,,,,0,"Tmax","Maximum temperature","Thermal","Retained process","ga",58,"-80:-1","Omit 2023/2024"
-64,0.0134072688932251,,,,,0.027433894691372,,,,,0,"Tmax","Maximum temperature","Thermal","Retained process","ga",58,"-80:-1","Omit 2023/2024"
-63,0.00369518209991387,,,,,0.00756106537444814,,,,,0,"Tmax","Maximum temperature","Thermal","Retained process","ga",58,"-80:-1","Omit 2023/2024"
-62,-0.00503765545003177,,,,,-0.0103080284439901,,,,,0,"Tmax","Maximum temperature","Thermal","Retained process","ga",58,"-80:-1","Omit 2023/2024"
-61,-0.0128251137483656,,,,,-0.0262426913922284,,,,,0,"Tmax","Maximum temperature","Thermal","Retained process","ga",58,"-80:-1","Omit 2023/2024"
-60,-0.0197010627868411,,,,,-0.0403122280985516,,,,,0,"Tmax","Maximum temperature","Thermal","Retained process","ga",58,"-80:-1","Omit 2023/2024"
-59,-0.0256993725572118,,,,,-0.0525859431912452,,,,,0,"Tmax","Maximum temperature","Thermal","Retained process","ga",58,"-80:-1","Omit 2023/2024"
-58,-0.0308539130512315,,,,,-0.0631331412985947,,,,,0,"Tmax","Maximum temperature","Thermal","Retained process","ga",58,"-80:-1","Omit 2023/2024"
-57,-0.0351985542606537,,,,,-0.0720231270488852,,,,,0,"Tmax","Maximum temperature","Thermal","Retained process","ga",58,"-80:-1","Omit 2023/2024"
-56,-0.0387671661772321,,,,,-0.079325205070402,,,,,0,"Tmax","Maximum temperature","Thermal","Retained process","ga",58,"-80:-1","Omit 2023/2024"
-55,-0.0415936187927201,,,,,-0.0851086799914304,,,,,0,"Tmax","Maximum temperature","Thermal","Retained process","ga",58,"-80:-1","Omit 2023/2024"
-54,-0.0437117820988715,,,,,-0.0894428564402558,,,,,0,"Tmax","Maximum temperature","Thermal","Retained process","ga",58,"-80:-1","Omit 2023/2024"
-53,-0.0451555260874399,,,,,-0.0923970390451636,,,,,0,"Tmax","Maximum temperature","Thermal","Retained process","ga",58,"-80:-1","Omit 2023/2024"
-52,-0.0459587207501787,,,,,-0.0940405324344387,,,,,0,"Tmax","Maximum temperature","Thermal","Retained process","ga",58,"-80:-1","Omit 2023/2024"
-51,-0.0461552360788418,,,,,-0.0944426412363669,,,,,0,"Tmax","Maximum temperature","Thermal","Retained process","ga",58,"-80:-1","Omit 2023/2024"
-50,-0.0457789420651826,,,,,-0.0936726700792331,,,,,0,"Tmax","Maximum temperature","Thermal","Retained process","ga",58,"-80:-1","Omit 2023/2024"
-49,-0.0448637087009548,,,,,-0.0917999235913228,,,,,0,"Tmax","Maximum temperature","Thermal","Retained process","ga",58,"-80:-1","Omit 2023/2024"
-48,-0.043443405977912,,,,,-0.0888937064009213,,,,,0,"Tmax","Maximum temperature","Thermal","Retained process","ga",58,"-80:-1","Omit 2023/2024"
-47,-0.0415519038878078,,,,,-0.085023323136314,,,,,0,"Tmax","Maximum temperature","Thermal","Retained process","ga",58,"-80:-1","Omit 2023/2024"
-46,-0.0392230724223957,,,,,-0.080258078425786,,,,,0,"Tmax","Maximum temperature","Thermal","Retained process","ga",58,"-80:-1","Omit 2023/2024"
-45,-0.0364907815734295,,,,,-0.0746672768976228,,,,,0,"Tmax","Maximum temperature","Thermal","Retained process","ga",58,"-80:-1","Omit 2023/2024"
-44,-0.0333889013326626,,,,,-0.0683202231801094,,,,,0,"Tmax","Maximum temperature","Thermal","Retained process","ga",58,"-80:-1","Omit 2023/2024"
-43,-0.0299513016918488,,,,,-0.0612862219015314,,,,,0,"Tmax","Maximum temperature","Thermal","Retained process","ga",58,"-80:-1","Omit 2023/2024"
-42,-0.0262118526427417,,,,,-0.0536345776901741,,,,,0,"Tmax","Maximum temperature","Thermal","Retained process","ga",58,"-80:-1","Omit 2023/2024"
-41,-0.0222044241770947,,,,,-0.0454345951743226,,,,,0,"Tmax","Maximum temperature","Thermal","Retained process","ga",58,"-80:-1","Omit 2023/2024"
-40,-0.0179628862866616,,,,,-0.0367555789822624,,,,,0,"Tmax","Maximum temperature","Thermal","Retained process","ga",58,"-80:-1","Omit 2023/2024"
-39,-0.013521108963196,,,,,-0.0276668337422788,,,,,0,"Tmax","Maximum temperature","Thermal","Retained process","ga",58,"-80:-1","Omit 2023/2024"
-38,-0.00891296219845146,,,,,-0.0182376640826571,,,,,0,"Tmax","Maximum temperature","Thermal","Retained process","ga",58,"-80:-1","Omit 2023/2024"
-37,-0.00417231598418148,,,,,-0.00853737463168227,,,,,0,"Tmax","Maximum temperature","Thermal","Retained process","ga",58,"-80:-1","Omit 2023/2024"
-36,0.000666959687860199,,,,,0.00136472998236001,,,,,0,"Tmax","Maximum temperature","Thermal","Retained process","ga",58,"-80:-1","Omit 2023/2024"
-35,0.00557099482591997,,,,,0.0113993451311845,,,,,0,"Tmax","Maximum temperature","Thermal","Retained process","ga",58,"-80:-1","Omit 2023/2024"
-34,0.0105059194382443,,,,,0.0214971661865059,,,,,0,"Tmax","Maximum temperature","Thermal","Retained process","ga",58,"-80:-1","Omit 2023/2024"
-33,0.0154378635330794,,,,,0.0315888885200388,,,,,0,"Tmax","Maximum temperature","Thermal","Retained process","ga",58,"-80:-1","Omit 2023/2024"
-32,0.0203329571186719,,,,,0.0416052075034982,,,,,0,"Tmax","Maximum temperature","Thermal","Retained process","ga",58,"-80:-1","Omit 2023/2024"
-31,0.0251573302032681,,,,,0.0514768185085987,,,,,0,"Tmax","Maximum temperature","Thermal","Retained process","ga",58,"-80:-1","Omit 2023/2024"
-30,0.0298771127951143,,,,,0.0611344169070547,,,,,0,"Tmax","Maximum temperature","Thermal","Retained process","ga",58,"-80:-1","Omit 2023/2024"
-29,0.034458434902457,,,,,0.0705086980705811,,,,,0,"Tmax","Maximum temperature","Thermal","Retained process","ga",58,"-80:-1","Omit 2023/2024"
-28,0.0388674265335427,,,,,0.0795303573708928,,,,,0,"Tmax","Maximum temperature","Thermal","Retained process","ga",58,"-80:-1","Omit 2023/2024"
-27,0.0430702176966175,,,,,0.0881300901797042,,,,,0,"Tmax","Maximum temperature","Thermal","Retained process","ga",58,"-80:-1","Omit 2023/2024"
-26,0.047032938399928,,,,,0.0962385918687301,,,,,0,"Tmax","Maximum temperature","Thermal","Retained process","ga",58,"-80:-1","Omit 2023/2024"
-25,0.0507217186517206,,,,,0.103786557809685,,,,,0,"Tmax","Maximum temperature","Thermal","Retained process","ga",58,"-80:-1","Omit 2023/2024"
-24,0.0541026884602415,,,,,0.110704683374284,,,,,0,"Tmax","Maximum temperature","Thermal","Retained process","ga",58,"-80:-1","Omit 2023/2024"
-23,0.0571419778337374,,,,,0.116923663934242,,,,,0,"Tmax","Maximum temperature","Thermal","Retained process","ga",58,"-80:-1","Omit 2023/2024"
-22,0.0598057167804544,,,,,0.122374194861272,,,,,0,"Tmax","Maximum temperature","Thermal","Retained process","ga",58,"-80:-1","Omit 2023/2024"
-21,0.062060035308639,,,,,0.126986971527091,,,,,0,"Tmax","Maximum temperature","Thermal","Retained process","ga",58,"-80:-1","Omit 2023/2024"
-20,0.0638710634265377,,,,,0.130692689303413,,,,,0,"Tmax","Maximum temperature","Thermal","Retained process","ga",58,"-80:-1","Omit 2023/2024"
-19,0.0652049311423968,,,,,0.133422043561951,,,,,0,"Tmax","Maximum temperature","Thermal","Retained process","ga",58,"-80:-1","Omit 2023/2024"
-18,0.0660277684644626,,,,,0.135105729674422,,,,,0,"Tmax","Maximum temperature","Thermal","Retained process","ga",58,"-80:-1","Omit 2023/2024"
-17,0.0663057054009817,,,,,0.13567444301254,,,,,0,"Tmax","Maximum temperature","Thermal","Retained process","ga",58,"-80:-1","Omit 2023/2024"
-16,0.0660048719602003,,,,,0.135058878948019,,,,,0,"Tmax","Maximum temperature","Thermal","Retained process","ga",58,"-80:-1","Omit 2023/2024"
-15,0.0650913981503649,,,,,0.133189732852574,,,,,0,"Tmax","Maximum temperature","Thermal","Retained process","ga",58,"-80:-1","Omit 2023/2024"
-14,0.0635314139797218,,,,,0.12999770009792,,,,,0,"Tmax","Maximum temperature","Thermal","Retained process","ga",58,"-80:-1","Omit 2023/2024"
-13,0.0612910494565175,,,,,0.125413476055771,,,,,0,"Tmax","Maximum temperature","Thermal","Retained process","ga",58,"-80:-1","Omit 2023/2024"
-12,0.0583364345889983,,,,,0.119367756097843,,,,,0,"Tmax","Maximum temperature","Thermal","Retained process","ga",58,"-80:-1","Omit 2023/2024"
-11,0.0546336993854107,,,,,0.11179123559585,,,,,0,"Tmax","Maximum temperature","Thermal","Retained process","ga",58,"-80:-1","Omit 2023/2024"
-10,0.050148973854001,,,,,0.102614609921506,,,,,0,"Tmax","Maximum temperature","Thermal","Retained process","ga",58,"-80:-1","Omit 2023/2024"
-9,0.0448483880030157,,,,,0.0917685744465262,,,,,0,"Tmax","Maximum temperature","Thermal","Retained process","ga",58,"-80:-1","Omit 2023/2024"
-8,0.038698071840701,,,,,0.0791838245426257,,,,,0,"Tmax","Maximum temperature","Thermal","Retained process","ga",58,"-80:-1","Omit 2023/2024"
-7,0.0316641553753035,,,,,0.0647910555815188,,,,,0,"Tmax","Maximum temperature","Thermal","Retained process","ga",58,"-80:-1","Omit 2023/2024"
-6,0.0237127686150694,,,,,0.0485209629349204,,,,,0,"Tmax","Maximum temperature","Thermal","Retained process","ga",58,"-80:-1","Omit 2023/2024"
-5,0.0148100415682453,,,,,0.030304241974545,,,,,0,"Tmax","Maximum temperature","Thermal","Retained process","ga",58,"-80:-1","Omit 2023/2024"
-4,0.00492210424307743,,,,,0.0100715880721073,,,,,0,"Tmax","Maximum temperature","Thermal","Retained process","ga",58,"-80:-1","Omit 2023/2024"
-3,-0.00598491335218775,,,,,-0.0122463034006778,,,,,0,"Tmax","Maximum temperature","Thermal","Retained process","ga",58,"-80:-1","Omit 2023/2024"
-2,-0.0179448812093039,,,,,-0.0367187370720958,,,,,0,"Tmax","Maximum temperature","Thermal","Retained process","ga",58,"-80:-1","Omit 2023/2024"
-1,-0.0309916693200245,,,,,-0.063415017570432,,,,,0,"Tmax","Maximum temperature","Thermal","Retained process","ga",58,"-80:-1","Omit 2023/2024"
-80,-0.0604180948581171,,,,,-0.318997155714253,,,,,0,"RH","Relative humidity","Atmospheric moisture","Retained process","ga",58,"-80:-1","Omit 2023/2024"
-79,-0.0527343597572033,,,,,-0.278428355122158,,,,,0,"RH","Relative humidity","Atmospheric moisture","Retained process","ga",58,"-80:-1","Omit 2023/2024"
-78,-0.0454292267645878,,,,,-0.239858508584773,,,,,0,"RH","Relative humidity","Atmospheric moisture","Retained process","ga",58,"-80:-1","Omit 2023/2024"
-77,-0.0384946717540317,,,,,-0.203245250094809,,,,,0,"RH","Relative humidity","Atmospheric moisture","Retained process","ga",58,"-80:-1","Omit 2023/2024"
-76,-0.0319226705992963,,,,,-0.168546213644975,,,,,0,"RH","Relative humidity","Atmospheric moisture","Retained process","ga",58,"-80:-1","Omit 2023/2024"
-75,-0.0257051991741429,,,,,-0.135719033227979,,,,,0,"RH","Relative humidity","Atmospheric moisture","Retained process","ga",58,"-80:-1","Omit 2023/2024"
-74,-0.0198342333523327,,,,,-0.10472134283653,,,,,0,"RH","Relative humidity","Atmospheric moisture","Retained process","ga",58,"-80:-1","Omit 2023/2024"
-73,-0.0143017490076268,,,,,-0.0755107764633392,,,,,0,"RH","Relative humidity","Atmospheric moisture","Retained process","ga",58,"-80:-1","Omit 2023/2024"
-72,-0.00909972201378662,,,,,-0.0480449681011139,,,,,0,"RH","Relative humidity","Atmospheric moisture","Retained process","ga",58,"-80:-1","Omit 2023/2024"
-71,-0.00422012824457329,,,,,-0.0222815517425638,,,,,0,"RH","Relative humidity","Atmospheric moisture","Retained process","ga",58,"-80:-1","Omit 2023/2024"
-70,0.000345056426251916,,,,,0.00182183861960186,,,,,0,"RH","Relative humidity","Atmospheric moisture","Retained process","ga",58,"-80:-1","Omit 2023/2024"
-69,0.00460385612492778,,,,,0.024307568992674,,,,,0,"RH","Relative humidity","Atmospheric moisture","Retained process","ga",58,"-80:-1","Omit 2023/2024"
-68,0.00856429497769309,,,,,0.0452180053839437,,,,,0,"RH","Relative humidity","Atmospheric moisture","Retained process","ga",58,"-80:-1","Omit 2023/2024"
-67,0.0122343971107866,,,,,0.0645955138007015,,,,,0,"RH","Relative humidity","Atmospheric moisture","Retained process","ga",58,"-80:-1","Omit 2023/2024"
-66,0.015622186650447,,,,,0.0824824602502384,,,,,0,"RH","Relative humidity","Atmospheric moisture","Retained process","ga",58,"-80:-1","Omit 2023/2024"
-65,0.0187356877229132,,,,,0.0989212107398453,,,,,0,"RH","Relative humidity","Atmospheric moisture","Retained process","ga",58,"-80:-1","Omit 2023/2024"
-64,0.0215829244544238,,,,,0.113954131276813,,,,,0,"RH","Relative humidity","Atmospheric moisture","Retained process","ga",58,"-80:-1","Omit 2023/2024"
-63,0.0241719209712177,,,,,0.127623587868432,,,,,0,"RH","Relative humidity","Atmospheric moisture","Retained process","ga",58,"-80:-1","Omit 2023/2024"
-62,0.0265107013995337,,,,,0.139971946521994,,,,,0,"RH","Relative humidity","Atmospheric moisture","Retained process","ga",58,"-80:-1","Omit 2023/2024"
-61,0.0286072898656104,,,,,0.151041573244789,,,,,0,"RH","Relative humidity","Atmospheric moisture","Retained process","ga",58,"-80:-1","Omit 2023/2024"
-60,0.0304697104956867,,,,,0.160874834044108,,,,,0,"RH","Relative humidity","Atmospheric moisture","Retained process","ga",58,"-80:-1","Omit 2023/2024"
-59,0.0321059874160012,,,,,0.169514094927243,,,,,0,"RH","Relative humidity","Atmospheric moisture","Retained process","ga",58,"-80:-1","Omit 2023/2024"
-58,0.0335241447527929,,,,,0.177001721901483,,,,,0,"RH","Relative humidity","Atmospheric moisture","Retained process","ga",58,"-80:-1","Omit 2023/2024"
-57,0.0347322066323004,,,,,0.18338008097412,,,,,0,"RH","Relative humidity","Atmospheric moisture","Retained process","ga",58,"-80:-1","Omit 2023/2024"
-56,0.0357381971807626,,,,,0.188691538152445,,,,,0,"RH","Relative humidity","Atmospheric moisture","Retained process","ga",58,"-80:-1","Omit 2023/2024"
-55,0.0365501405244181,,,,,0.192978459443748,,,,,0,"RH","Relative humidity","Atmospheric moisture","Retained process","ga",58,"-80:-1","Omit 2023/2024"
-54,0.0371760607895058,,,,,0.19628321085532,,,,,0,"RH","Relative humidity","Atmospheric moisture","Retained process","ga",58,"-80:-1","Omit 2023/2024"
-53,0.0376239821022644,,,,,0.198648158394453,,,,,0,"RH","Relative humidity","Atmospheric moisture","Retained process","ga",58,"-80:-1","Omit 2023/2024"
-52,0.0379019285889327,,,,,0.200115668068437,,,,,0,"RH","Relative humidity","Atmospheric moisture","Retained process","ga",58,"-80:-1","Omit 2023/2024"
-51,0.0380179243757494,,,,,0.200728105884562,,,,,0,"RH","Relative humidity","Atmospheric moisture","Retained process","ga",58,"-80:-1","Omit 2023/2024"
-50,0.0379799935889534,,,,,0.200527837850121,,,,,0,"RH","Relative humidity","Atmospheric moisture","Retained process","ga",58,"-80:-1","Omit 2023/2024"
-49,0.0377961603547833,,,,,0.199557229972402,,,,,0,"RH","Relative humidity","Atmospheric moisture","Retained process","ga",58,"-80:-1","Omit 2023/2024"
-48,0.037474448799478,,,,,0.197858648258699,,,,,0,"RH","Relative humidity","Atmospheric moisture","Retained process","ga",58,"-80:-1","Omit 2023/2024"
-47,0.0370228830492762,,,,,0.195474458716301,,,,,0,"RH","Relative humidity","Atmospheric moisture","Retained process","ga",58,"-80:-1","Omit 2023/2024"
-46,0.0364494872304167,,,,,0.192447027352499,,,,,0,"RH","Relative humidity","Atmospheric moisture","Retained process","ga",58,"-80:-1","Omit 2023/2024"
-45,0.0357622854691382,,,,,0.188818720174583,,,,,0,"RH","Relative humidity","Atmospheric moisture","Retained process","ga",58,"-80:-1","Omit 2023/2024"
-44,0.0349693018916795,,,,,0.184631903189846,,,,,0,"RH","Relative humidity","Atmospheric moisture","Retained process","ga",58,"-80:-1","Omit 2023/2024"
-43,0.0340785606242794,,,,,0.179928942405578,,,,,0,"RH","Relative humidity","Atmospheric moisture","Retained process","ga",58,"-80:-1","Omit 2023/2024"
-42,0.0330980857931767,,,,,0.174752203829069,,,,,0,"RH","Relative humidity","Atmospheric moisture","Retained process","ga",58,"-80:-1","Omit 2023/2024"
-41,0.03203590152461,,,,,0.16914405346761,,,,,0,"RH","Relative humidity","Atmospheric moisture","Retained process","ga",58,"-80:-1","Omit 2023/2024"
-40,0.0309000319448183,,,,,0.163146857328493,,,,,0,"RH","Relative humidity","Atmospheric moisture","Retained process","ga",58,"-80:-1","Omit 2023/2024"
-39,0.0296985011800402,,,,,0.156802981419008,,,,,0,"RH","Relative humidity","Atmospheric moisture","Retained process","ga",58,"-80:-1","Omit 2023/2024"
-38,0.0284393333565145,,,,,0.150154791746446,,,,,0,"RH","Relative humidity","Atmospheric moisture","Retained process","ga",58,"-80:-1","Omit 2023/2024"
-37,0.02713055260048,,,,,0.143244654318098,,,,,0,"RH","Relative humidity","Atmospheric moisture","Retained process","ga",58,"-80:-1","Omit 2023/2024"
-36,0.0257801830381754,,,,,0.136114935141255,,,,,0,"RH","Relative humidity","Atmospheric moisture","Retained process","ga",58,"-80:-1","Omit 2023/2024"
-35,0.0243962487958396,,,,,0.128808000223207,,,,,0,"RH","Relative humidity","Atmospheric moisture","Retained process","ga",58,"-80:-1","Omit 2023/2024"
-34,0.0229867739997112,,,,,0.121366215571246,,,,,0,"RH","Relative humidity","Atmospheric moisture","Retained process","ga",58,"-80:-1","Omit 2023/2024"
-33,0.021559782776029,,,,,0.113831947192662,,,,,0,"RH","Relative humidity","Atmospheric moisture","Retained process","ga",58,"-80:-1","Omit 2023/2024"
-32,0.0201232992510319,,,,,0.106247561094746,,,,,0,"RH","Relative humidity","Atmospheric moisture","Retained process","ga",58,"-80:-1","Omit 2023/2024"
-31,0.0186853475509585,,,,,0.0986554232847887,,,,,0,"RH","Relative humidity","Atmospheric moisture","Retained process","ga",58,"-80:-1","Omit 2023/2024"
-30,0.0172539518020477,,,,,0.0910978997700816,,,,,0,"RH","Relative humidity","Atmospheric moisture","Retained process","ga",58,"-80:-1","Omit 2023/2024"
-29,0.0158371361305382,,,,,0.0836173565579152,,,,,0,"RH","Relative humidity","Atmospheric moisture","Retained process","ga",58,"-80:-1","Omit 2023/2024"
-28,0.0144429246626687,,,,,0.0762561596555803,,,,,0,"RH","Relative humidity","Atmospheric moisture","Retained process","ga",58,"-80:-1","Omit 2023/2024"
-27,0.0130793415246781,,,,,0.0690566750703678,,,,,0,"RH","Relative humidity","Atmospheric moisture","Retained process","ga",58,"-80:-1","Omit 2023/2024"
-26,0.0117544108428051,,,,,0.0620612688095687,,,,,0,"RH","Relative humidity","Atmospheric moisture","Retained process","ga",58,"-80:-1","Omit 2023/2024"
-25,0.0104761567432885,,,,,0.0553123068804735,,,,,0,"RH","Relative humidity","Atmospheric moisture","Retained process","ga",58,"-80:-1","Omit 2023/2024"
-24,0.00925260335236703,,,,,0.0488521552903734,,,,,0,"RH","Relative humidity","Atmospheric moisture","Retained process","ga",58,"-80:-1","Omit 2023/2024"
-23,0.00809177479627944,,,,,0.0427231800465591,,,,,0,"RH","Relative humidity","Atmospheric moisture","Retained process","ga",58,"-80:-1","Omit 2023/2024"
-22,0.00700169520126453,,,,,0.0369677471563215,,,,,0,"RH","Relative humidity","Atmospheric moisture","Retained process","ga",58,"-80:-1","Omit 2023/2024"
-21,0.00599038869356106,,,,,0.0316282226269515,,,,,0,"RH","Relative humidity","Atmospheric moisture","Retained process","ga",58,"-80:-1","Omit 2023/2024"
-20,0.00506587939940779,,,,,0.0267469724657398,,,,,0,"RH","Relative humidity","Atmospheric moisture","Retained process","ga",58,"-80:-1","Omit 2023/2024"
-19,0.00423619144504349,,,,,0.0223663626799774,,,,,0,"RH","Relative humidity","Atmospheric moisture","Retained process","ga",58,"-80:-1","Omit 2023/2024"
-18,0.00350934895670692,,,,,0.0185287592769551,,,,,0,"RH","Relative humidity","Atmospheric moisture","Retained process","ga",58,"-80:-1","Omit 2023/2024"
-17,0.00289337606063685,,,,,0.0152765282639637,,,,,0,"RH","Relative humidity","Atmospheric moisture","Retained process","ga",58,"-80:-1","Omit 2023/2024"
-16,0.00239629688307206,,,,,0.0126520356482942,,,,,0,"RH","Relative humidity","Atmospheric moisture","Retained process","ga",58,"-80:-1","Omit 2023/2024"
-15,0.0020261355502513,,,,,0.0106976474372373,,,,,0,"RH","Relative humidity","Atmospheric moisture","Retained process","ga",58,"-80:-1","Omit 2023/2024"
-14,0.00179091618841334,,,,,0.00945572963808397,,,,,0,"RH","Relative humidity","Atmospheric moisture","Retained process","ga",58,"-80:-1","Omit 2023/2024"
-13,0.00169866292379694,,,,,0.00896864825812498,,,,,0,"RH","Relative humidity","Atmospheric moisture","Retained process","ga",58,"-80:-1","Omit 2023/2024"
-12,0.00175739988264088,,,,,0.00927876930465124,,,,,0,"RH","Relative humidity","Atmospheric moisture","Retained process","ga",58,"-80:-1","Omit 2023/2024"
-11,0.00197515119118392,,,,,0.0104284587849536,,,,,0,"RH","Relative humidity","Atmospheric moisture","Retained process","ga",58,"-80:-1","Omit 2023/2024"
-10,0.00235994097566482,,,,,0.0124600827063228,,,,,0,"RH","Relative humidity","Atmospheric moisture","Retained process","ga",58,"-80:-1","Omit 2023/2024"
-9,0.00291979336232235,,,,,0.0154160070760499,,,,,0,"RH","Relative humidity","Atmospheric moisture","Retained process","ga",58,"-80:-1","Omit 2023/2024"
-8,0.00366273247739529,,,,,0.0193385979014256,,,,,0,"RH","Relative humidity","Atmospheric moisture","Retained process","ga",58,"-80:-1","Omit 2023/2024"
-7,0.00459678244712238,,,,,0.0242702211897409,,,,,0,"RH","Relative humidity","Atmospheric moisture","Retained process","ga",58,"-80:-1","Omit 2023/2024"
-6,0.00572996739774241,,,,,0.0302532429482864,,,,,0,"RH","Relative humidity","Atmospheric moisture","Retained process","ga",58,"-80:-1","Omit 2023/2024"
-5,0.00707031145549413,,,,,0.0373300291843532,,,,,0,"RH","Relative humidity","Atmospheric moisture","Retained process","ga",58,"-80:-1","Omit 2023/2024"
-4,0.00862583874661632,,,,,0.0455429459052321,,,,,0,"RH","Relative humidity","Atmospheric moisture","Retained process","ga",58,"-80:-1","Omit 2023/2024"
-3,0.0104045733973477,,,,,0.0549343591182139,,,,,0,"RH","Relative humidity","Atmospheric moisture","Retained process","ga",58,"-80:-1","Omit 2023/2024"
-2,0.0124145395339271,,,,,0.0655466348305894,,,,,0,"RH","Relative humidity","Atmospheric moisture","Retained process","ga",58,"-80:-1","Omit 2023/2024"
-1,0.0146637612825933,,,,,0.0774221390496496,,,,,0,"RH","Relative humidity","Atmospheric moisture","Retained process","ga",58,"-80:-1","Omit 2023/2024"
-80,-0.256564788954716,,,,,-0.216203404968728,,,,,0,"Tmin","Minimum temperature","Thermal","Retained process","ga",55,"-80:-1","Omit 2024/2025"
-79,-0.151188360614836,,,,,-0.127404226003658,,,,,0,"Tmin","Minimum temperature","Thermal","Retained process","ga",55,"-80:-1","Omit 2024/2025"
-78,-0.0534910391081476,,,,,-0.0450761183466145,,,,,0,"Tmin","Minimum temperature","Thermal","Retained process","ga",55,"-80:-1","Omit 2024/2025"
-77,0.0367321415211765,,,,,0.0309536398234026,,,,,0,"Tmin","Minimum temperature","Thermal","Retained process","ga",55,"-80:-1","Omit 2024/2025"
-76,0.119686147228963,,,,,0.100857770327392,,,,,0,"Tmin","Minimum temperature","Thermal","Retained process","ga",55,"-80:-1","Omit 2024/2025"
-75,0.19557594397104,,,,,0.164808994986352,,,,,0,"Tmin","Minimum temperature","Thermal","Retained process","ga",55,"-80:-1","Omit 2024/2025"
-74,0.264606497703233,,,,,0.222980035621281,,,,,0,"Tmin","Minimum temperature","Thermal","Retained process","ga",55,"-80:-1","Omit 2024/2025"
-73,0.32698277438137,,,,,0.27554361405318,,,,,0,"Tmin","Minimum temperature","Thermal","Retained process","ga",55,"-80:-1","Omit 2024/2025"
-72,0.382909739961277,,,,,0.322672452103045,,,,,0,"Tmin","Minimum temperature","Thermal","Retained process","ga",55,"-80:-1","Omit 2024/2025"
-71,0.432592360398781,,,,,0.364539271591877,,,,,0,"Tmin","Minimum temperature","Thermal","Retained process","ga",55,"-80:-1","Omit 2024/2025"
-70,0.47623560164971,,,,,0.401316794340675,,,,,0,"Tmin","Minimum temperature","Thermal","Retained process","ga",55,"-80:-1","Omit 2024/2025"
-69,0.514044429669889,,,,,0.433177742170436,,,,,0,"Tmin","Minimum temperature","Thermal","Retained process","ga",55,"-80:-1","Omit 2024/2025"
-68,0.546223810415147,,,,,0.46029483690216,,,,,0,"Tmin","Minimum temperature","Thermal","Retained process","ga",55,"-80:-1","Omit 2024/2025"
-67,0.57297870984131,,,,,0.482840800356847,,,,,0,"Tmin","Minimum temperature","Thermal","Retained process","ga",55,"-80:-1","Omit 2024/2025"
-66,0.594514093904205,,,,,0.500988354355493,,,,,0,"Tmin","Minimum temperature","Thermal","Retained process","ga",55,"-80:-1","Omit 2024/2025"
-65,0.611034928559659,,,,,0.5149102207191,,,,,0,"Tmin","Minimum temperature","Thermal","Retained process","ga",55,"-80:-1","Omit 2024/2025"
-64,0.622746179763498,,,,,0.524779121268665,,,,,0,"Tmin","Minimum temperature","Thermal","Retained process","ga",55,"-80:-1","Omit 2024/2025"
-63,0.62985281347155,,,,,0.530767777825187,,,,,0,"Tmin","Minimum temperature","Thermal","Retained process","ga",55,"-80:-1","Omit 2024/2025"
-62,0.632559795639642,,,,,0.533048912209665,,,,,0,"Tmin","Minimum temperature","Thermal","Retained process","ga",55,"-80:-1","Omit 2024/2025"
-61,0.6310720922236,,,,,0.531795246243099,,,,,0,"Tmin","Minimum temperature","Thermal","Retained process","ga",55,"-80:-1","Omit 2024/2025"
-60,0.625594669179252,,,,,0.527179501746487,,,,,0,"Tmin","Minimum temperature","Thermal","Retained process","ga",55,"-80:-1","Omit 2024/2025"
-59,0.616332492462424,,,,,0.519374400540827,,,,,0,"Tmin","Minimum temperature","Thermal","Retained process","ga",55,"-80:-1","Omit 2024/2025"
-58,0.603490528028944,,,,,0.508552664447119,,,,,0,"Tmin","Minimum temperature","Thermal","Retained process","ga",55,"-80:-1","Omit 2024/2025"
-57,0.587273741834637,,,,,0.494887015286362,,,,,0,"Tmin","Minimum temperature","Thermal","Retained process","ga",55,"-80:-1","Omit 2024/2025"
-56,0.567887099835332,,,,,0.478550174879554,,,,,0,"Tmin","Minimum temperature","Thermal","Retained process","ga",55,"-80:-1","Omit 2024/2025"
-55,0.545535567986855,,,,,0.459714865047694,,,,,0,"Tmin","Minimum temperature","Thermal","Retained process","ga",55,"-80:-1","Omit 2024/2025"
-54,0.520424112245033,,,,,0.438553807611782,,,,,0,"Tmin","Minimum temperature","Thermal","Retained process","ga",55,"-80:-1","Omit 2024/2025"
-53,0.492757698565693,,,,,0.415239724392816,,,,,0,"Tmin","Minimum temperature","Thermal","Retained process","ga",55,"-80:-1","Omit 2024/2025"
-52,0.462741292904661,,,,,0.389945337211795,,,,,0,"Tmin","Minimum temperature","Thermal","Retained process","ga",55,"-80:-1","Omit 2024/2025"
-51,0.430579861217766,,,,,0.362843367889717,,,,,0,"Tmin","Minimum temperature","Thermal","Retained process","ga",55,"-80:-1","Omit 2024/2025"
-50,0.396478369460833,,,,,0.334106538247582,,,,,0,"Tmin","Minimum temperature","Thermal","Retained process","ga",55,"-80:-1","Omit 2024/2025"
-49,0.36064178358969,,,,,0.303907570106389,,,,,0,"Tmin","Minimum temperature","Thermal","Retained process","ga",55,"-80:-1","Omit 2024/2025"
-48,0.323275069560163,,,,,0.272419185287136,,,,,0,"Tmin","Minimum temperature","Thermal","Retained process","ga",55,"-80:-1","Omit 2024/2025"
-47,0.28458319332808,,,,,0.239814105610823,,,,,0,"Tmin","Minimum temperature","Thermal","Retained process","ga",55,"-80:-1","Omit 2024/2025"
-46,0.244771120849267,,,,,0.206265052898448,,,,,0,"Tmin","Minimum temperature","Thermal","Retained process","ga",55,"-80:-1","Omit 2024/2025"
-45,0.204043818079551,,,,,0.17194474897101,,,,,0,"Tmin","Minimum temperature","Thermal","Retained process","ga",55,"-80:-1","Omit 2024/2025"
-44,0.16260625097476,,,,,0.137025915649508,,,,,0,"Tmin","Minimum temperature","Thermal","Retained process","ga",55,"-80:-1","Omit 2024/2025"
-43,0.120663385490719,,,,,0.10168127475494,,,,,0,"Tmin","Minimum temperature","Thermal","Retained process","ga",55,"-80:-1","Omit 2024/2025"
-42,0.0784201875832568,,,,,0.0660835481083068,,,,,0,"Tmin","Minimum temperature","Thermal","Retained process","ga",55,"-80:-1","Omit 2024/2025"
-41,0.0360816232081995,,,,,0.0304054575306057,,,,,0,"Tmin","Minimum temperature","Thermal","Retained process","ga",55,"-80:-1","Omit 2024/2025"
-40,-0.0061473416786257,,,,,-0.00518027515716368,,,,,0,"Tmin","Minimum temperature","Thermal","Retained process","ga",55,"-80:-1","Omit 2024/2025"
-39,-0.0480617411213924,,,,,-0.040500928134003,,,,,0,"Tmin","Minimum temperature","Thermal","Retained process","ga",55,"-80:-1","Omit 2024/2025"
-38,-0.089456609164273,,,,,-0.0753837795789129,,,,,0,"Tmin","Minimum temperature","Thermal","Retained process","ga",55,"-80:-1","Omit 2024/2025"
-37,-0.130126979851441,,,,,-0.109656107670895,,,,,0,"Tmin","Minimum temperature","Thermal","Retained process","ga",55,"-80:-1","Omit 2024/2025"
-36,-0.16986788722707,,,,,-0.14314519058895,,,,,0,"Tmin","Minimum temperature","Thermal","Retained process","ga",55,"-80:-1","Omit 2024/2025"
-35,-0.208474365335332,,,,,-0.175678306512079,,,,,0,"Tmin","Minimum temperature","Thermal","Retained process","ga",55,"-80:-1","Omit 2024/2025"
-34,-0.245741448220401,,,,,-0.207082733619284,,,,,0,"Tmin","Minimum temperature","Thermal","Retained process","ga",55,"-80:-1","Omit 2024/2025"
-33,-0.281464169926449,,,,,-0.237185750089565,,,,,0,"Tmin","Minimum temperature","Thermal","Retained process","ga",55,"-80:-1","Omit 2024/2025"
-32,-0.31543756449765,,,,,-0.265814634101923,,,,,0,"Tmin","Minimum temperature","Thermal","Retained process","ga",55,"-80:-1","Omit 2024/2025"
-31,-0.347456665978177,,,,,-0.29279666383536,,,,,0,"Tmin","Minimum temperature","Thermal","Retained process","ga",55,"-80:-1","Omit 2024/2025"
-30,-0.377316508412203,,,,,-0.317959117468877,,,,,0,"Tmin","Minimum temperature","Thermal","Retained process","ga",55,"-80:-1","Omit 2024/2025"
-29,-0.4048121258439,,,,,-0.341129273181475,,,,,0,"Tmin","Minimum temperature","Thermal","Retained process","ga",55,"-80:-1","Omit 2024/2025"
-28,-0.429738552317443,,,,,-0.362134409152155,,,,,0,"Tmin","Minimum temperature","Thermal","Retained process","ga",55,"-80:-1","Omit 2024/2025"
-27,-0.451890821877004,,,,,-0.380801803559918,,,,,0,"Tmin","Minimum temperature","Thermal","Retained process","ga",55,"-80:-1","Omit 2024/2025"
-26,-0.471063968566756,,,,,-0.396958734583765,,,,,0,"Tmin","Minimum temperature","Thermal","Retained process","ga",55,"-80:-1","Omit 2024/2025"
-25,-0.487053026430872,,,,,-0.410432480402698,,,,,0,"Tmin","Minimum temperature","Thermal","Retained process","ga",55,"-80:-1","Omit 2024/2025"
-24,-0.499653029513526,,,,,-0.421050319195717,,,,,0,"Tmin","Minimum temperature","Thermal","Retained process","ga",55,"-80:-1","Omit 2024/2025"
-23,-0.50865901185889,,,,,-0.428639529141824,,,,,0,"Tmin","Minimum temperature","Thermal","Retained process","ga",55,"-80:-1","Omit 2024/2025"
-22,-0.513866007511138,,,,,-0.43302738842002,,,,,0,"Tmin","Minimum temperature","Thermal","Retained process","ga",55,"-80:-1","Omit 2024/2025"
-21,-0.515069050514442,,,,,-0.434041175209306,,,,,0,"Tmin","Minimum temperature","Thermal","Retained process","ga",55,"-80:-1","Omit 2024/2025"
-20,-0.512063174912976,,,,,-0.431508167688683,,,,,0,"Tmin","Minimum temperature","Thermal","Retained process","ga",55,"-80:-1","Omit 2024/2025"
-19,-0.504643414750912,,,,,-0.425255644037152,,,,,0,"Tmin","Minimum temperature","Thermal","Retained process","ga",55,"-80:-1","Omit 2024/2025"
-18,-0.492604804072425,,,,,-0.415110882433714,,,,,0,"Tmin","Minimum temperature","Thermal","Retained process","ga",55,"-80:-1","Omit 2024/2025"
-17,-0.475742376921686,,,,,-0.400901161057371,,,,,0,"Tmin","Minimum temperature","Thermal","Retained process","ga",55,"-80:-1","Omit 2024/2025"
-16,-0.45385116734287,,,,,-0.382453758087123,,,,,0,"Tmin","Minimum temperature","Thermal","Retained process","ga",55,"-80:-1","Omit 2024/2025"
-15,-0.426726209380148,,,,,-0.359595951701972,,,,,0,"Tmin","Minimum temperature","Thermal","Retained process","ga",55,"-80:-1","Omit 2024/2025"
-14,-0.394162537077695,,,,,-0.332155020080919,,,,,0,"Tmin","Minimum temperature","Thermal","Retained process","ga",55,"-80:-1","Omit 2024/2025"
-13,-0.355955184479683,,,,,-0.299958241402965,,,,,0,"Tmin","Minimum temperature","Thermal","Retained process","ga",55,"-80:-1","Omit 2024/2025"
-12,-0.311899185630284,,,,,-0.26283289384711,,,,,0,"Tmin","Minimum temperature","Thermal","Retained process","ga",55,"-80:-1","Omit 2024/2025"
-11,-0.261789574573674,,,,,-0.220606255592357,,,,,0,"Tmin","Minimum temperature","Thermal","Retained process","ga",55,"-80:-1","Omit 2024/2025"
-10,-0.205421385354024,,,,,-0.173105604817706,,,,,0,"Tmin","Minimum temperature","Thermal","Retained process","ga",55,"-80:-1","Omit 2024/2025"
-9,-0.142589652015507,,,,,-0.120158219702159,,,,,0,"Tmin","Minimum temperature","Thermal","Retained process","ga",55,"-80:-1","Omit 2024/2025"
-8,-0.0730894086022974,,,,,-0.0615913784247163,,,,,0,"Tmin","Minimum temperature","Thermal","Retained process","ga",55,"-80:-1","Omit 2024/2025"
-7,0.00328431084143294,,,,,0.00276764083562083,,,,,0,"Tmin","Minimum temperature","Thermal","Retained process","ga",55,"-80:-1","Omit 2024/2025"
-6,0.0867364722715103,,,,,0.073091559899851,,,,,0,"Tmin","Minimum temperature","Thermal","Retained process","ga",55,"-80:-1","Omit 2024/2025"
-5,0.177472041643762,,,,,0.149553100588973,,,,,0,"Tmin","Minimum temperature","Thermal","Retained process","ga",55,"-80:-1","Omit 2024/2025"
-4,0.275695984914015,,,,,0.232324984723987,,,,,0,"Tmin","Minimum temperature","Thermal","Retained process","ga",55,"-80:-1","Omit 2024/2025"
-3,0.381613268038095,,,,,0.32157993412589,,,,,0,"Tmin","Minimum temperature","Thermal","Retained process","ga",55,"-80:-1","Omit 2024/2025"
-2,0.495428856971831,,,,,0.417490670615682,,,,,0,"Tmin","Minimum temperature","Thermal","Retained process","ga",55,"-80:-1","Omit 2024/2025"
-1,0.617347717671049,,,,,0.520229916014361,,,,,0,"Tmin","Minimum temperature","Thermal","Retained process","ga",55,"-80:-1","Omit 2024/2025"
-80,-0.368697719712262,,,,,-0.363381627331006,,,,,0,"LogRain","Log rainfall amount","Rainfall","Retained process","ga",55,"-80:-1","Omit 2024/2025"
-79,-0.321763210764123,,,,,-0.3171238466947,,,,,0,"LogRain","Log rainfall amount","Rainfall","Retained process","ga",55,"-80:-1","Omit 2024/2025"
-78,-0.276076286475838,,,,,-0.272095662336571,,,,,0,"LogRain","Log rainfall amount","Rainfall","Retained process","ga",55,"-80:-1","Omit 2024/2025"
-77,-0.231636494801742,,,,,-0.228296628728805,,,,,0,"LogRain","Log rainfall amount","Rainfall","Retained process","ga",55,"-80:-1","Omit 2024/2025"
-76,-0.18844338369617,,,,,-0.185726300343588,,,,,0,"LogRain","Log rainfall amount","Rainfall","Retained process","ga",55,"-80:-1","Omit 2024/2025"
-75,-0.146496501113458,,,,,-0.144384231653106,,,,,0,"LogRain","Log rainfall amount","Rainfall","Retained process","ga",55,"-80:-1","Omit 2024/2025"
-74,-0.105795395007942,,,,,-0.104269977129544,,,,,0,"LogRain","Log rainfall amount","Rainfall","Retained process","ga",55,"-80:-1","Omit 2024/2025"
-73,-0.0663396133339578,,,,,-0.0653830912450897,,,,,0,"LogRain","Log rainfall amount","Rainfall","Retained process","ga",55,"-80:-1","Omit 2024/2025"
-72,-0.0281287040458402,,,,,-0.0277231284719273,,,,,0,"LogRain","Log rainfall amount","Rainfall","Retained process","ga",55,"-80:-1","Omit 2024/2025"
-71,0.0088377849020749,,,,,0.00871035671775697,,,,,0,"LogRain","Log rainfall amount","Rainfall","Retained process","ga",55,"-80:-1","Omit 2024/2025"
-70,0.0445603055554517,,,,,0.0439178098517772,,,,,0,"LogRain","Log rainfall amount","Rainfall","Retained process","ga",55,"-80:-1","Omit 2024/2025"
-69,0.0790393099599548,,,,,0.0778996764579475,,,,,0,"LogRain","Log rainfall amount","Rainfall","Retained process","ga",55,"-80:-1","Omit 2024/2025"
-68,0.112275250161249,,,,,0.110656402064082,,,,,0,"LogRain","Log rainfall amount","Rainfall","Retained process","ga",55,"-80:-1","Omit 2024/2025"
-67,0.144268578204997,,,,,0.142188432197996,,,,,0,"LogRain","Log rainfall amount","Rainfall","Retained process","ga",55,"-80:-1","Omit 2024/2025"
-66,0.175019746136866,,,,,0.172496212387502,,,,,0,"LogRain","Log rainfall amount","Rainfall","Retained process","ga",55,"-80:-1","Omit 2024/2025"
-65,0.204529206002518,,,,,0.201580188160415,,,,,0,"LogRain","Log rainfall amount","Rainfall","Retained process","ga",55,"-80:-1","Omit 2024/2025"
-64,0.232797409847618,,,,,0.229440805044549,,,,,0,"LogRain","Log rainfall amount","Rainfall","Retained process","ga",55,"-80:-1","Omit 2024/2025"
-63,0.259824809717831,,,,,0.256078508567718,,,,,0,"LogRain","Log rainfall amount","Rainfall","Retained process","ga",55,"-80:-1","Omit 2024/2025"
-62,0.285611857658821,,,,,0.281493744257737,,,,,0,"LogRain","Log rainfall amount","Rainfall","Retained process","ga",55,"-80:-1","Omit 2024/2025"
-61,0.310159005716252,,,,,0.305686957642419,,,,,0,"LogRain","Log rainfall amount","Rainfall","Retained process","ga",55,"-80:-1","Omit 2024/2025"
-60,0.333466705935789,,,,,0.328658594249579,,,,,0,"LogRain","Log rainfall amount","Rainfall","Retained process","ga",55,"-80:-1","Omit 2024/2025"
-59,0.355535410363097,,,,,0.350409099607031,,,,,0,"LogRain","Log rainfall amount","Rainfall","Retained process","ga",55,"-80:-1","Omit 2024/2025"
-58,0.376365571043838,,,,,0.370938919242589,,,,,0,"LogRain","Log rainfall amount","Rainfall","Retained process","ga",55,"-80:-1","Omit 2024/2025"
-57,0.395957640023679,,,,,0.390248498684068,,,,,0,"LogRain","Log rainfall amount","Rainfall","Retained process","ga",55,"-80:-1","Omit 2024/2025"
-56,0.414312069348284,,,,,0.408338283459281,,,,,0,"LogRain","Log rainfall amount","Rainfall","Retained process","ga",55,"-80:-1","Omit 2024/2025"
-55,0.431429311063316,,,,,0.425208719096043,,,,,0,"LogRain","Log rainfall amount","Rainfall","Retained process","ga",55,"-80:-1","Omit 2024/2025"
-54,0.44730981721444,,,,,0.440860251122167,,,,,0,"LogRain","Log rainfall amount","Rainfall","Retained process","ga",55,"-80:-1","Omit 2024/2025"
-53,0.461954039847321,,,,,0.455293325065469,,,,,0,"LogRain","Log rainfall amount","Rainfall","Retained process","ga",55,"-80:-1","Omit 2024/2025"
-52,0.475362431007622,,,,,0.468508386453762,,,,,0,"LogRain","Log rainfall amount","Rainfall","Retained process","ga",55,"-80:-1","Omit 2024/2025"
-51,0.48753544274101,,,,,0.48050588081486,,,,,0,"LogRain","Log rainfall amount","Rainfall","Retained process","ga",55,"-80:-1","Omit 2024/2025"
-50,0.498473527093146,,,,,0.491286253676578,,,,,0,"LogRain","Log rainfall amount","Rainfall","Retained process","ga",55,"-80:-1","Omit 2024/2025"
-49,0.508177136109697,,,,,0.50084995056673,,,,,0,"LogRain","Log rainfall amount","Rainfall","Retained process","ga",55,"-80:-1","Omit 2024/2025"
-48,0.516646721836327,,,,,0.509197417013129,,,,,0,"LogRain","Log rainfall amount","Rainfall","Retained process","ga",55,"-80:-1","Omit 2024/2025"
-47,0.5238827363187,,,,,0.516329098543591,,,,,0,"LogRain","Log rainfall amount","Rainfall","Retained process","ga",55,"-80:-1","Omit 2024/2025"
-46,0.529885631602479,,,,,0.522245440685929,,,,,0,"LogRain","Log rainfall amount","Rainfall","Retained process","ga",55,"-80:-1","Omit 2024/2025"
-45,0.534655859733331,,,,,0.526946888967957,,,,,0,"LogRain","Log rainfall amount","Rainfall","Retained process","ga",55,"-80:-1","Omit 2024/2025"
-44,0.538193872756919,,,,,0.53043388891749,,,,,0,"LogRain","Log rainfall amount","Rainfall","Retained process","ga",55,"-80:-1","Omit 2024/2025"
-43,0.540500122718907,,,,,0.532706886062342,,,,,0,"LogRain","Log rainfall amount","Rainfall","Retained process","ga",55,"-80:-1","Omit 2024/2025"
-42,0.54157506166496,,,,,0.533766325930327,,,,,0,"LogRain","Log rainfall amount","Rainfall","Retained process","ga",55,"-80:-1","Omit 2024/2025"
-41,0.541419141640743,,,,,0.533612654049259,,,,,0,"LogRain","Log rainfall amount","Rainfall","Retained process","ga",55,"-80:-1","Omit 2024/2025"
-40,0.540032814691919,,,,,0.532246315946952,,,,,0,"LogRain","Log rainfall amount","Rainfall","Retained process","ga",55,"-80:-1","Omit 2024/2025"
-39,0.537416532864153,,,,,0.529667757151221,,,,,0,"LogRain","Log rainfall amount","Rainfall","Retained process","ga",55,"-80:-1","Omit 2024/2025"
-38,0.53357074820311,,,,,0.52587742318988,,,,,0,"LogRain","Log rainfall amount","Rainfall","Retained process","ga",55,"-80:-1","Omit 2024/2025"
-37,0.528495912754453,,,,,0.520875759590742,,,,,0,"LogRain","Log rainfall amount","Rainfall","Retained process","ga",55,"-80:-1","Omit 2024/2025"
-36,0.522192478563848,,,,,0.514663211881623,,,,,0,"LogRain","Log rainfall amount","Rainfall","Retained process","ga",55,"-80:-1","Omit 2024/2025"
-35,0.514660897676959,,,,,0.507240225590336,,,,,0,"LogRain","Log rainfall amount","Rainfall","Retained process","ga",55,"-80:-1","Omit 2024/2025"
-34,0.50590162213945,,,,,0.498607246244695,,,,,0,"LogRain","Log rainfall amount","Rainfall","Retained process","ga",55,"-80:-1","Omit 2024/2025"
-33,0.495915103996985,,,,,0.488764719372515,,,,,0,"LogRain","Log rainfall amount","Rainfall","Retained process","ga",55,"-80:-1","Omit 2024/2025"
-32,0.484701795295229,,,,,0.47771309050161,,,,,0,"LogRain","Log rainfall amount","Rainfall","Retained process","ga",55,"-80:-1","Omit 2024/2025"
-31,0.472262148079847,,,,,0.465452805159793,,,,,0,"LogRain","Log rainfall amount","Rainfall","Retained process","ga",55,"-80:-1","Omit 2024/2025"
-30,0.458596614396502,,,,,0.45198430887488,,,,,0,"LogRain","Log rainfall amount","Rainfall","Retained process","ga",55,"-80:-1","Omit 2024/2025"
-29,0.443705646290859,,,,,0.437308047174684,,,,,0,"LogRain","Log rainfall amount","Rainfall","Retained process","ga",55,"-80:-1","Omit 2024/2025"
-28,0.427589695808582,,,,,0.42142446558702,,,,,0,"LogRain","Log rainfall amount","Rainfall","Retained process","ga",55,"-80:-1","Omit 2024/2025"
-27,0.410249214995337,,,,,0.404334009639701,,,,,0,"LogRain","Log rainfall amount","Rainfall","Retained process","ga",55,"-80:-1","Omit 2024/2025"
-26,0.391684655896786,,,,,0.386037124860542,,,,,0,"LogRain","Log rainfall amount","Rainfall","Retained process","ga",55,"-80:-1","Omit 2024/2025"
-25,0.371896470558596,,,,,0.366534256777357,,,,,0,"LogRain","Log rainfall amount","Rainfall","Retained process","ga",55,"-80:-1","Omit 2024/2025"
-24,0.350885111026429,,,,,0.345825850917961,,,,,0,"LogRain","Log rainfall amount","Rainfall","Retained process","ga",55,"-80:-1","Omit 2024/2025"
-23,0.328651029345951,,,,,0.323912352810167,,,,,0,"LogRain","Log rainfall amount","Rainfall","Retained process","ga",55,"-80:-1","Omit 2024/2025"
-22,0.305194677562825,,,,,0.300794207981789,,,,,0,"LogRain","Log rainfall amount","Rainfall","Retained process","ga",55,"-80:-1","Omit 2024/2025"
-21,0.280516507722717,,,,,0.276471861960642,,,,,0,"LogRain","Log rainfall amount","Rainfall","Retained process","ga",55,"-80:-1","Omit 2024/2025"
-20,0.254616971871291,,,,,0.25094576027454,,,,,0,"LogRain","Log rainfall amount","Rainfall","Retained process","ga",55,"-80:-1","Omit 2024/2025"
-19,0.22749652205421,,,,,0.224216348451297,,,,,0,"LogRain","Log rainfall amount","Rainfall","Retained process","ga",55,"-80:-1","Omit 2024/2025"
-18,0.19915561031714,,,,,0.196284072018727,,,,,0,"LogRain","Log rainfall amount","Rainfall","Retained process","ga",55,"-80:-1","Omit 2024/2025"
-17,0.169594688705745,,,,,0.167149376504645,,,,,0,"LogRain","Log rainfall amount","Rainfall","Retained process","ga",55,"-80:-1","Omit 2024/2025"
-16,0.138814209265689,,,,,0.136812707436865,,,,,0,"LogRain","Log rainfall amount","Rainfall","Retained process","ga",55,"-80:-1","Omit 2024/2025"
-15,0.106814624042636,,,,,0.1052745103432,,,,,0,"LogRain","Log rainfall amount","Rainfall","Retained process","ga",55,"-80:-1","Omit 2024/2025"
-14,0.0735963850822517,,,,,0.0725352307514654,,,,,0,"LogRain","Log rainfall amount","Rainfall","Retained process","ga",55,"-80:-1","Omit 2024/2025"
-13,0.0391599444301996,,,,,0.038595314189475,,,,,0,"LogRain","Log rainfall amount","Rainfall","Retained process","ga",55,"-80:-1","Omit 2024/2025"
-12,0.0035057541321441,,,,,0.00345520618504264,,,,,0,"LogRain","Log rainfall amount","Rainfall","Retained process","ga",55,"-80:-1","Omit 2024/2025"
-11,-0.03336573376625,,,,,-0.0328846477340169,,,,,0,"LogRain","Log rainfall amount","Rainfall","Retained process","ga",55,"-80:-1","Omit 2024/2025"
-10,-0.0714540672193185,,,,,-0.0704238020398898,,,,,0,"LogRain","Log rainfall amount","Rainfall","Retained process","ga",55,"-80:-1","Omit 2024/2025"
-9,-0.110758794181397,,,,,-0.109161811204762,,,,,0,"LogRain","Log rainfall amount","Rainfall","Retained process","ga",55,"-80:-1","Omit 2024/2025"
-8,-0.151279462606821,,,,,-0.149098229700819,,,,,0,"LogRain","Log rainfall amount","Rainfall","Retained process","ga",55,"-80:-1","Omit 2024/2025"
-7,-0.193015620449927,,,,,-0.190232612000247,,,,,0,"LogRain","Log rainfall amount","Rainfall","Retained process","ga",55,"-80:-1","Omit 2024/2025"
-6,-0.235966815665049,,,,,-0.232564512575231,,,,,0,"LogRain","Log rainfall amount","Rainfall","Retained process","ga",55,"-80:-1","Omit 2024/2025"
-5,-0.280132596206524,,,,,-0.276093485897958,,,,,0,"LogRain","Log rainfall amount","Rainfall","Retained process","ga",55,"-80:-1","Omit 2024/2025"
-4,-0.325512510028687,,,,,-0.320819086440612,,,,,0,"LogRain","Log rainfall amount","Rainfall","Retained process","ga",55,"-80:-1","Omit 2024/2025"
-3,-0.372106105085873,,,,,-0.366740868675381,,,,,0,"LogRain","Log rainfall amount","Rainfall","Retained process","ga",55,"-80:-1","Omit 2024/2025"
-2,-0.419912929332419,,,,,-0.41385838707445,,,,,0,"LogRain","Log rainfall amount","Rainfall","Retained process","ga",55,"-80:-1","Omit 2024/2025"
-1,-0.46893253072266,,,,,-0.462171196110005,,,,,0,"LogRain","Log rainfall amount","Rainfall","Retained process","ga",55,"-80:-1","Omit 2024/2025"
-80,0.270316870951133,,,,,0.610034295448311,,,,,0,"Tmax","Maximum temperature","Thermal","Retained process","ga",55,"-80:-1","Omit 2024/2025"
-79,0.246110689673684,,,,,0.555407291631919,,,,,0,"Tmax","Maximum temperature","Thermal","Retained process","ga",55,"-80:-1","Omit 2024/2025"
-78,0.22291570882611,,,,,0.503062302029532,,,,,0,"Tmax","Maximum temperature","Thermal","Retained process","ga",55,"-80:-1","Omit 2024/2025"
-77,0.200714835063837,,,,,0.452960751444649,,,,,0,"Tmax","Maximum temperature","Thermal","Retained process","ga",55,"-80:-1","Omit 2024/2025"
-76,0.179490975042289,,,,,0.40506406468077,,,,,0,"Tmax","Maximum temperature","Thermal","Retained process","ga",55,"-80:-1","Omit 2024/2025"
-75,0.159227035416893,,,,,0.359333666541394,,,,,0,"Tmax","Maximum temperature","Thermal","Retained process","ga",55,"-80:-1","Omit 2024/2025"
-74,0.139905922843074,,,,,0.31573098183002,,,,,0,"Tmax","Maximum temperature","Thermal","Retained process","ga",55,"-80:-1","Omit 2024/2025"
-73,0.121510543976257,,,,,0.274217435350149,,,,,0,"Tmax","Maximum temperature","Thermal","Retained process","ga",55,"-80:-1","Omit 2024/2025"
-72,0.104023805471868,,,,,0.234754451905278,,,,,0,"Tmax","Maximum temperature","Thermal","Retained process","ga",55,"-80:-1","Omit 2024/2025"
-71,0.0874286139853325,,,,,0.197303456298909,,,,,0,"Tmax","Maximum temperature","Thermal","Retained process","ga",55,"-80:-1","Omit 2024/2025"
-70,0.0717078761720758,,,,,0.161825873334539,,,,,0,"Tmax","Maximum temperature","Thermal","Retained process","ga",55,"-80:-1","Omit 2024/2025"
-69,0.0568444986875235,,,,,0.128283127815669,,,,,0,"Tmax","Maximum temperature","Thermal","Retained process","ga",55,"-80:-1","Omit 2024/2025"
-68,0.0428213881871009,,,,,0.0966366445457968,,,,,0,"Tmax","Maximum temperature","Thermal","Retained process","ga",55,"-80:-1","Omit 2024/2025"
-67,0.0296214513262337,,,,,0.0668478483284235,,,,,0,"Tmax","Maximum temperature","Thermal","Retained process","ga",55,"-80:-1","Omit 2024/2025"
-66,0.0172275947603471,,,,,0.0388781639670475,,,,,0,"Tmax","Maximum temperature","Thermal","Retained process","ga",55,"-80:-1","Omit 2024/2025"
-65,0.00562272514486688,,,,,0.0126890162651684,,,,,0,"Tmax","Maximum temperature","Thermal","Retained process","ga",55,"-80:-1","Omit 2024/2025"
-64,-0.00521025086478164,,,,,-0.0117581699737143,,,,,0,"Tmax","Maximum temperature","Thermal","Retained process","ga",55,"-80:-1","Omit 2024/2025"
-63,-0.015288426613173,,,,,-0.0345019699461014,,,,,0,"Tmax","Maximum temperature","Thermal","Retained process","ga",55,"-80:-1","Omit 2024/2025"
-62,-0.0246288954448816,,,,,-0.0555809588484934,,,,,0,"Tmax","Maximum temperature","Thermal","Retained process","ga",55,"-80:-1","Omit 2024/2025"
-61,-0.0332487507044821,,,,,-0.0750337118773911,,,,,0,"Tmax","Maximum temperature","Thermal","Retained process","ga",55,"-80:-1","Omit 2024/2025"
-60,-0.0411650857365489,,,,,-0.092898804229295,,,,,0,"Tmax","Maximum temperature","Thermal","Retained process","ga",55,"-80:-1","Omit 2024/2025"
-59,-0.0483949938856566,,,,,-0.109214811100706,,,,,0,"Tmax","Maximum temperature","Thermal","Retained process","ga",55,"-80:-1","Omit 2024/2025"
-58,-0.0549555684963798,,,,,-0.124020307688124,,,,,0,"Tmax","Maximum temperature","Thermal","Retained process","ga",55,"-80:-1","Omit 2024/2025"
-57,-0.0608639029132928,,,,,-0.13735386918805,,,,,0,"Tmax","Maximum temperature","Thermal","Retained process","ga",55,"-80:-1","Omit 2024/2025"
-56,-0.0661370904809703,,,,,-0.149254070796985,,,,,0,"Tmax","Maximum temperature","Thermal","Retained process","ga",55,"-80:-1","Omit 2024/2025"
-55,-0.0707922245439867,,,,,-0.159759487711429,,,,,0,"Tmax","Maximum temperature","Thermal","Retained process","ga",55,"-80:-1","Omit 2024/2025"
-54,-0.0748463984469167,,,,,-0.168908695127883,,,,,0,"Tmax","Maximum temperature","Thermal","Retained process","ga",55,"-80:-1","Omit 2024/2025"
-53,-0.0783167055343346,,,,,-0.176740268242848,,,,,0,"Tmax","Maximum temperature","Thermal","Retained process","ga",55,"-80:-1","Omit 2024/2025"
-52,-0.081220239150815,,,,,-0.183292782252824,,,,,0,"Tmax","Maximum temperature","Thermal","Retained process","ga",55,"-80:-1","Omit 2024/2025"
-51,-0.0835740926409326,,,,,-0.188604812354312,,,,,0,"Tmax","Maximum temperature","Thermal","Retained process","ga",55,"-80:-1","Omit 2024/2025"
-50,-0.0853953593492616,,,,,-0.192714933743812,,,,,0,"Tmax","Maximum temperature","Thermal","Retained process","ga",55,"-80:-1","Omit 2024/2025"
-49,-0.0867011326203768,,,,,-0.195661721617825,,,,,0,"Tmax","Maximum temperature","Thermal","Retained process","ga",55,"-80:-1","Omit 2024/2025"
-48,-0.0875085057988526,,,,,-0.197483751172852,,,,,0,"Tmax","Maximum temperature","Thermal","Retained process","ga",55,"-80:-1","Omit 2024/2025"
-47,-0.0878345722292635,,,,,-0.198219597605393,,,,,0,"Tmax","Maximum temperature","Thermal","Retained process","ga",55,"-80:-1","Omit 2024/2025"
-46,-0.0876964252561841,,,,,-0.197907836111949,,,,,0,"Tmax","Maximum temperature","Thermal","Retained process","ga",55,"-80:-1","Omit 2024/2025"
-45,-0.0871111582241888,,,,,-0.19658704188902,,,,,0,"Tmax","Maximum temperature","Thermal","Retained process","ga",55,"-80:-1","Omit 2024/2025"
-44,-0.0860958644778523,,,,,-0.194295790133108,,,,,0,"Tmax","Maximum temperature","Thermal","Retained process","ga",55,"-80:-1","Omit 2024/2025"
-43,-0.0846676373617489,,,,,-0.191072656040713,,,,,0,"Tmax","Maximum temperature","Thermal","Retained process","ga",55,"-80:-1","Omit 2024/2025"
-42,-0.0828435702204533,,,,,-0.186956214808334,,,,,0,"Tmax","Maximum temperature","Thermal","Retained process","ga",55,"-80:-1","Omit 2024/2025"
-41,-0.0806407563985399,,,,,-0.181985041632474,,,,,0,"Tmax","Maximum temperature","Thermal","Retained process","ga",55,"-80:-1","Omit 2024/2025"
-40,-0.0780762892405834,,,,,-0.176197711709633,,,,,0,"Tmax","Maximum temperature","Thermal","Retained process","ga",55,"-80:-1","Omit 2024/2025"
-39,-0.0751672620911581,,,,,-0.169632800236311,,,,,0,"Tmax","Maximum temperature","Thermal","Retained process","ga",55,"-80:-1","Omit 2024/2025"
-38,-0.0719307682948387,,,,,-0.162328882409008,,,,,0,"Tmax","Maximum temperature","Thermal","Retained process","ga",55,"-80:-1","Omit 2024/2025"
-37,-0.0683839011961995,,,,,-0.154324533424226,,,,,0,"Tmax","Maximum temperature","Thermal","Retained process","ga",55,"-80:-1","Omit 2024/2025"
-36,-0.0645437541398153,,,,,-0.145658328478466,,,,,0,"Tmax","Maximum temperature","Thermal","Retained process","ga",55,"-80:-1","Omit 2024/2025"
-35,-0.0604274204702605,,,,,-0.136368842768227,,,,,0,"Tmax","Maximum temperature","Thermal","Retained process","ga",55,"-80:-1","Omit 2024/2025"
-34,-0.0560519935321095,,,,,-0.12649465149001,,,,,0,"Tmax","Maximum temperature","Thermal","Retained process","ga",55,"-80:-1","Omit 2024/2025"
-33,-0.051434566669937,,,,,-0.116074329840317,,,,,0,"Tmax","Maximum temperature","Thermal","Retained process","ga",55,"-80:-1","Omit 2024/2025"
-32,-0.0465922332283174,,,,,-0.105146453015647,,,,,0,"Tmax","Maximum temperature","Thermal","Retained process","ga",55,"-80:-1","Omit 2024/2025"
-31,-0.0415420865518252,,,,,-0.0937495962125008,,,,,0,"Tmax","Maximum temperature","Thermal","Retained process","ga",55,"-80:-1","Omit 2024/2025"
-30,-0.0363012199850351,,,,,-0.0819223346273799,,,,,0,"Tmax","Maximum temperature","Thermal","Retained process","ga",55,"-80:-1","Omit 2024/2025"
-29,-0.0308867268725215,,,,,-0.0697032434567845,,,,,0,"Tmax","Maximum temperature","Thermal","Retained process","ga",55,"-80:-1","Omit 2024/2025"
-28,-0.0253157005588589,,,,,-0.0571308978972151,,,,,0,"Tmax","Maximum temperature","Thermal","Retained process","ga",55,"-80:-1","Omit 2024/2025"
-27,-0.0196052343886218,,,,,-0.0442438731451725,,,,,0,"Tmax","Maximum temperature","Thermal","Retained process","ga",55,"-80:-1","Omit 2024/2025"
-26,-0.0137724217063849,,,,,-0.0310807443971573,,,,,0,"Tmax","Maximum temperature","Thermal","Retained process","ga",55,"-80:-1","Omit 2024/2025"
-25,-0.00783435585672248,,,,,-0.0176800868496699,,,,,0,"Tmax","Maximum temperature","Thermal","Retained process","ga",55,"-80:-1","Omit 2024/2025"
-24,-0.00180813018420922,,,,,-0.00408047569921116,,,,,0,"Tmax","Maximum temperature","Thermal","Retained process","ga",55,"-80:-1","Omit 2024/2025"
-23,0.00428916196658041,,,,,0.00967951385771841,,,,,0,"Tmax","Maximum temperature","Thermal","Retained process","ga",55,"-80:-1","Omit 2024/2025"
-22,0.0104404272510719,,,,,0.0235613066246181,,,,,0,"Tmax","Maximum temperature","Thermal","Retained process","ga",55,"-80:-1","Omit 2024/2025"
-21,0.0166285723246906,,,,,0.0375263274049873,,,,,0,"Tmax","Maximum temperature","Thermal","Retained process","ga",55,"-80:-1","Omit 2024/2025"
-20,0.0228365038428622,,,,,0.0515360010023255,,,,,0,"Tmax","Maximum temperature","Thermal","Retained process","ga",55,"-80:-1","Omit 2024/2025"
-19,0.0290471284610121,,,,,0.0655517522201321,,,,,0,"Tmax","Maximum temperature","Thermal","Retained process","ga",55,"-80:-1","Omit 2024/2025"
-18,0.0352433528345658,,,,,0.0795350058619063,,,,,0,"Tmax","Maximum temperature","Thermal","Retained process","ga",55,"-80:-1","Omit 2024/2025"
-17,0.0414080836189486,,,,,0.0934471867311476,,,,,0,"Tmax","Maximum temperature","Thermal","Retained process","ga",55,"-80:-1","Omit 2024/2025"
-16,0.0475242274695862,,,,,0.107249719631355,,,,,0,"Tmax","Maximum temperature","Thermal","Retained process","ga",55,"-80:-1","Omit 2024/2025"
-15,0.053574691041904,,,,,0.120904029366029,,,,,0,"Tmax","Maximum temperature","Thermal","Retained process","ga",55,"-80:-1","Omit 2024/2025"
-14,0.0595423809913275,,,,,0.134371540738668,,,,,0,"Tmax","Maximum temperature","Thermal","Retained process","ga",55,"-80:-1","Omit 2024/2025"
-13,0.0654102039732821,,,,,0.147613678552771,,,,,0,"Tmax","Maximum temperature","Thermal","Retained process","ga",55,"-80:-1","Omit 2024/2025"
-12,0.0711610666431934,,,,,0.160591867611838,,,,,0,"Tmax","Maximum temperature","Thermal","Retained process","ga",55,"-80:-1","Omit 2024/2025"
-11,0.0767778756564867,,,,,0.173267532719369,,,,,0,"Tmax","Maximum temperature","Thermal","Retained process","ga",55,"-80:-1","Omit 2024/2025"
-10,0.0822435376685877,,,,,0.185602098678862,,,,,0,"Tmax","Maximum temperature","Thermal","Retained process","ga",55,"-80:-1","Omit 2024/2025"
-9,0.0875409593349217,,,,,0.197556990293818,,,,,0,"Tmax","Maximum temperature","Thermal","Retained process","ga",55,"-80:-1","Omit 2024/2025"
-8,0.0926530473109143,,,,,0.209093632367735,,,,,0,"Tmax","Maximum temperature","Thermal","Retained process","ga",55,"-80:-1","Omit 2024/2025"
-7,0.0975627082519909,,,,,0.220173449704112,,,,,0,"Tmax","Maximum temperature","Thermal","Retained process","ga",55,"-80:-1","Omit 2024/2025"
-6,0.102252848813577,,,,,0.23075786710645,,,,,0,"Tmax","Maximum temperature","Thermal","Retained process","ga",55,"-80:-1","Omit 2024/2025"
-5,0.106706375651098,,,,,0.240808309378248,,,,,0,"Tmax","Maximum temperature","Thermal","Retained process","ga",55,"-80:-1","Omit 2024/2025"
-4,0.11090619541998,,,,,0.250286201323005,,,,,0,"Tmax","Maximum temperature","Thermal","Retained process","ga",55,"-80:-1","Omit 2024/2025"
-3,0.114835214775647,,,,,0.25915296774422,,,,,0,"Tmax","Maximum temperature","Thermal","Retained process","ga",55,"-80:-1","Omit 2024/2025"
-2,0.118476340373526,,,,,0.267370033445392,,,,,0,"Tmax","Maximum temperature","Thermal","Retained process","ga",55,"-80:-1","Omit 2024/2025"
-1,0.121812478869042,,,,,0.274898823230022,,,,,0,"Tmax","Maximum temperature","Thermal","Retained process","ga",55,"-80:-1","Omit 2024/2025"
-80,-0.0152077516425056,,,,,-0.0918485743731757,,,,,0,"RH","Relative humidity","Atmospheric moisture","Retained process","ga",55,"-80:-1","Omit 2024/2025"
-79,-0.0136955477932633,,,,,-0.0827154841584245,,,,,0,"RH","Relative humidity","Atmospheric moisture","Retained process","ga",55,"-80:-1","Omit 2024/2025"
-78,-0.0121153539525139,,,,,-0.0731717623172259,,,,,0,"RH","Relative humidity","Atmospheric moisture","Retained process","ga",55,"-80:-1","Omit 2024/2025"
-77,-0.0104718356751167,,,,,-0.0632455868848709,,,,,0,"RH","Relative humidity","Atmospheric moisture","Retained process","ga",55,"-80:-1","Omit 2024/2025"
-76,-0.00876965851593079,,,,,-0.0529651358966507,,,,,0,"RH","Relative humidity","Atmospheric moisture","Retained process","ga",55,"-80:-1","Omit 2024/2025"
-75,-0.00701348802981554,,,,,-0.0423585873878563,,,,,0,"RH","Relative humidity","Atmospheric moisture","Retained process","ga",55,"-80:-1","Omit 2024/2025"
-74,-0.00520798977163015,,,,,-0.031454119393779,,,,,0,"RH","Relative humidity","Atmospheric moisture","Retained process","ga",55,"-80:-1","Omit 2024/2025"
-73,-0.00335782929623387,,,,,-0.0202799099497097,,,,,0,"RH","Relative humidity","Atmospheric moisture","Retained process","ga",55,"-80:-1","Omit 2024/2025"
-72,-0.00146767215848593,,,,,-0.00886413709093977,,,,,0,"RH","Relative humidity","Atmospheric moisture","Retained process","ga",55,"-80:-1","Omit 2024/2025"
-71,0.000457816086754419,,,,,0.00276502114723984,,,,,0,"RH","Relative humidity","Atmospheric moisture","Retained process","ga",55,"-80:-1","Omit 2024/2025"
-70,0.00241396988462794,,,,,0.014579386729538,,,,,0,"RH","Relative humidity","Atmospheric moisture","Retained process","ga",55,"-80:-1","Omit 2024/2025"
-69,0.00439612368027539,,,,,0.0265507816206635,,,,,0,"RH","Relative humidity","Atmospheric moisture","Retained process","ga",55,"-80:-1","Omit 2024/2025"
-68,0.00639961191883754,,,,,0.0386510277853253,,,,,0,"RH","Relative humidity","Atmospheric moisture","Retained process","ga",55,"-80:-1","Omit 2024/2025"
-67,0.00841976904545513,,,,,0.0508519471882322,,,,,0,"RH","Relative humidity","Atmospheric moisture","Retained process","ga",55,"-80:-1","Omit 2024/2025"
-66,0.0104519295052689,,,,,0.0631253617940932,,,,,0,"RH","Relative humidity","Atmospheric moisture","Retained process","ga",55,"-80:-1","Omit 2024/2025"
-65,0.0124914277434197,,,,,0.0754430935676171,,,,,0,"RH","Relative humidity","Atmospheric moisture","Retained process","ga",55,"-80:-1","Omit 2024/2025"
-64,0.0145335982050482,,,,,0.0877769644735127,,,,,0,"RH","Relative humidity","Atmospheric moisture","Retained process","ga",55,"-80:-1","Omit 2024/2025"
-63,0.0165737753352952,,,,,0.100098796476489,,,,,0,"RH","Relative humidity","Atmospheric moisture","Retained process","ga",55,"-80:-1","Omit 2024/2025"
-62,0.0186072935793014,,,,,0.112380411541255,,,,,0,"RH","Relative humidity","Atmospheric moisture","Retained process","ga",55,"-80:-1","Omit 2024/2025"
-61,0.0206294873822076,,,,,0.124593631632519,,,,,0,"RH","Relative humidity","Atmospheric moisture","Retained process","ga",55,"-80:-1","Omit 2024/2025"
-60,0.0226356911891546,,,,,0.136710278714991,,,,,0,"RH","Relative humidity","Atmospheric moisture","Retained process","ga",55,"-80:-1","Omit 2024/2025"
-59,0.0246212394452831,,,,,0.148702174753379,,,,,0,"RH","Relative humidity","Atmospheric moisture","Retained process","ga",55,"-80:-1","Omit 2024/2025"
-58,0.0265814665957339,,,,,0.160541141712392,,,,,0,"RH","Relative humidity","Atmospheric moisture","Retained process","ga",55,"-80:-1","Omit 2024/2025"
-57,0.0285117070856478,,,,,0.172199001556739,,,,,0,"RH","Relative humidity","Atmospheric moisture","Retained process","ga",55,"-80:-1","Omit 2024/2025"
-56,0.0304072953601654,,,,,0.183647576251128,,,,,0,"RH","Relative humidity","Atmospheric moisture","Retained process","ga",55,"-80:-1","Omit 2024/2025"
-55,0.0322635658644276,,,,,0.19485868776027,,,,,0,"RH","Relative humidity","Atmospheric moisture","Retained process","ga",55,"-80:-1","Omit 2024/2025"
-54,0.0340758530435751,,,,,0.205804158048872,,,,,0,"RH","Relative humidity","Atmospheric moisture","Retained process","ga",55,"-80:-1","Omit 2024/2025"
-53,0.0358394913427487,,,,,0.216455809081643,,,,,0,"RH","Relative humidity","Atmospheric moisture","Retained process","ga",55,"-80:-1","Omit 2024/2025"
-52,0.0375498152070892,,,,,0.226785462823293,,,,,0,"RH","Relative humidity","Atmospheric moisture","Retained process","ga",55,"-80:-1","Omit 2024/2025"
-51,0.0392021590817372,,,,,0.23676494123853,,,,,0,"RH","Relative humidity","Atmospheric moisture","Retained process","ga",55,"-80:-1","Omit 2024/2025"
-50,0.0407918574118336,,,,,0.246366066292063,,,,,0,"RH","Relative humidity","Atmospheric moisture","Retained process","ga",55,"-80:-1","Omit 2024/2025"
-49,0.0423142446425191,,,,,0.255560659948601,,,,,0,"RH","Relative humidity","Atmospheric moisture","Retained process","ga",55,"-80:-1","Omit 2024/2025"
-48,0.0437646552189345,,,,,0.264320544172853,,,,,0,"RH","Relative humidity","Atmospheric moisture","Retained process","ga",55,"-80:-1","Omit 2024/2025"
-47,0.0451384235862205,,,,,0.272617540929528,,,,,0,"RH","Relative humidity","Atmospheric moisture","Retained process","ga",55,"-80:-1","Omit 2024/2025"
-46,0.0464308841895179,,,,,0.280423472183335,,,,,0,"RH","Relative humidity","Atmospheric moisture","Retained process","ga",55,"-80:-1","Omit 2024/2025"
-45,0.0476373714739674,,,,,0.287710159898982,,,,,0,"RH","Relative humidity","Atmospheric moisture","Retained process","ga",55,"-80:-1","Omit 2024/2025"
-44,0.0487532198847098,,,,,0.294449426041178,,,,,0,"RH","Relative humidity","Atmospheric moisture","Retained process","ga",55,"-80:-1","Omit 2024/2025"
-43,0.049773763866886,,,,,0.300613092574632,,,,,0,"RH","Relative humidity","Atmospheric moisture","Retained process","ga",55,"-80:-1","Omit 2024/2025"
-42,0.0506943378656365,,,,,0.306172981464054,,,,,0,"RH","Relative humidity","Atmospheric moisture","Retained process","ga",55,"-80:-1","Omit 2024/2025"
-41,0.0515102763261023,,,,,0.311100914674152,,,,,0,"RH","Relative humidity","Atmospheric moisture","Retained process","ga",55,"-80:-1","Omit 2024/2025"
-40,0.052216913693424,,,,,0.315368714169635,,,,,0,"RH","Relative humidity","Atmospheric moisture","Retained process","ga",55,"-80:-1","Omit 2024/2025"
-39,0.0528095844127423,,,,,0.318948201915211,,,,,0,"RH","Relative humidity","Atmospheric moisture","Retained process","ga",55,"-80:-1","Omit 2024/2025"
-38,0.0532836229291982,,,,,0.32181119987559,,,,,0,"RH","Relative humidity","Atmospheric moisture","Retained process","ga",55,"-80:-1","Omit 2024/2025"
-37,0.0536343636879323,,,,,0.323929530015481,,,,,0,"RH","Relative humidity","Atmospheric moisture","Retained process","ga",55,"-80:-1","Omit 2024/2025"
-36,0.0538571411340854,,,,,0.325275014299592,,,,,0,"RH","Relative humidity","Atmospheric moisture","Retained process","ga",55,"-80:-1","Omit 2024/2025"
-35,0.0539472897127982,,,,,0.325819474692632,,,,,0,"RH","Relative humidity","Atmospheric moisture","Retained process","ga",55,"-80:-1","Omit 2024/2025"
-34,0.0539001438692115,,,,,0.325534733159311,,,,,0,"RH","Relative humidity","Atmospheric moisture","Retained process","ga",55,"-80:-1","Omit 2024/2025"
-33,0.053711038048466,,,,,0.324392611664336,,,,,0,"RH","Relative humidity","Atmospheric moisture","Retained process","ga",55,"-80:-1","Omit 2024/2025"
-32,0.0533753066957026,,,,,0.322364932172418,,,,,0,"RH","Relative humidity","Atmospheric moisture","Retained process","ga",55,"-80:-1","Omit 2024/2025"
-31,0.052888284256062,,,,,0.319423516648264,,,,,0,"RH","Relative humidity","Atmospheric moisture","Retained process","ga",55,"-80:-1","Omit 2024/2025"
-30,0.0522453051746849,,,,,0.315540187056585,,,,,0,"RH","Relative humidity","Atmospheric moisture","Retained process","ga",55,"-80:-1","Omit 2024/2025"
-29,0.0514417038967121,,,,,0.310686765362087,,,,,0,"RH","Relative humidity","Atmospheric moisture","Retained process","ga",55,"-80:-1","Omit 2024/2025"
-28,0.0504728148672844,,,,,0.304835073529482,,,,,0,"RH","Relative humidity","Atmospheric moisture","Retained process","ga",55,"-80:-1","Omit 2024/2025"
-27,0.0493339725315424,,,,,0.297956933523476,,,,,0,"RH","Relative humidity","Atmospheric moisture","Retained process","ga",55,"-80:-1","Omit 2024/2025"
-26,0.0480205113346271,,,,,0.29002416730878,,,,,0,"RH","Relative humidity","Atmospheric moisture","Retained process","ga",55,"-80:-1","Omit 2024/2025"
-25,0.0465277657216791,,,,,0.281008596850102,,,,,0,"RH","Relative humidity","Atmospheric moisture","Retained process","ga",55,"-80:-1","Omit 2024/2025"
-24,0.0448510701378391,,,,,0.27088204411215,,,,,0,"RH","Relative humidity","Atmospheric moisture","Retained process","ga",55,"-80:-1","Omit 2024/2025"
-23,0.0429857590282481,,,,,0.259616331059635,,,,,0,"RH","Relative humidity","Atmospheric moisture","Retained process","ga",55,"-80:-1","Omit 2024/2025"
-22,0.0409271668380466,,,,,0.247183279657265,,,,,0,"RH","Relative humidity","Atmospheric moisture","Retained process","ga",55,"-80:-1","Omit 2024/2025"
-21,0.0386706280123755,,,,,0.233554711869748,,,,,0,"RH","Relative humidity","Atmospheric moisture","Retained process","ga",55,"-80:-1","Omit 2024/2025"
-20,0.0362114769963756,,,,,0.218702449661793,,,,,0,"RH","Relative humidity","Atmospheric moisture","Retained process","ga",55,"-80:-1","Omit 2024/2025"
-19,0.0335450482351875,,,,,0.20259831499811,,,,,0,"RH","Relative humidity","Atmospheric moisture","Retained process","ga",55,"-80:-1","Omit 2024/2025"
-18,0.0306666761739521,,,,,0.185214129843408,,,,,0,"RH","Relative humidity","Atmospheric moisture","Retained process","ga",55,"-80:-1","Omit 2024/2025"
-17,0.0275716952578101,,,,,0.166521716162394,,,,,0,"RH","Relative humidity","Atmospheric moisture","Retained process","ga",55,"-80:-1","Omit 2024/2025"
-16,0.0242554399319022,,,,,0.146492895919778,,,,,0,"RH","Relative humidity","Atmospheric moisture","Retained process","ga",55,"-80:-1","Omit 2024/2025"
-15,0.0207132446413693,,,,,0.12509949108027,,,,,0,"RH","Relative humidity","Atmospheric moisture","Retained process","ga",55,"-80:-1","Omit 2024/2025"
-14,0.0169404438313521,,,,,0.102313323608577,,,,,0,"RH","Relative humidity","Atmospheric moisture","Retained process","ga",55,"-80:-1","Omit 2024/2025"
-13,0.0129323719469913,,,,,0.0781062154694087,,,,,0,"RH","Relative humidity","Atmospheric moisture","Retained process","ga",55,"-80:-1","Omit 2024/2025"
-12,0.00868436343342765,,,,,0.0524499886274738,,,,,0,"RH","Relative humidity","Atmospheric moisture","Retained process","ga",55,"-80:-1","Omit 2024/2025"
-11,0.00419175273580202,,,,,0.0253164650474816,,,,,0,"RH","Relative humidity","Atmospheric moisture","Retained process","ga",55,"-80:-1","Omit 2024/2025"
-10,-0.000550125700744884,,,,,-0.00332253330585933,,,,,0,"RH","Relative humidity","Atmospheric moisture","Retained process","ga",55,"-80:-1","Omit 2024/2025"
-9,-0.00554593743107232,,,,,-0.0334951844678401,,,,,0,"RH","Relative humidity","Atmospheric moisture","Retained process","ga",55,"-80:-1","Omit 2024/2025"
-8,-0.0108003480100395,,,,,-0.0652296664737518,,,,,0,"RH","Relative humidity","Atmospheric moisture","Retained process","ga",55,"-80:-1","Omit 2024/2025"
-7,-0.0163180229925057,,,,,-0.0985541573588856,,,,,0,"RH","Relative humidity","Atmospheric moisture","Retained process","ga",55,"-80:-1","Omit 2024/2025"
-6,-0.0221036279333301,,,,,-0.133496835158533,,,,,0,"RH","Relative humidity","Atmospheric moisture","Retained process","ga",55,"-80:-1","Omit 2024/2025"
-5,-0.0281618283873721,,,,,-0.170085877907984,,,,,0,"RH","Relative humidity","Atmospheric moisture","Retained process","ga",55,"-80:-1","Omit 2024/2025"
-4,-0.0344972899094907,,,,,-0.20834946364253,,,,,0,"RH","Relative humidity","Atmospheric moisture","Retained process","ga",55,"-80:-1","Omit 2024/2025"
-3,-0.0411146780545453,,,,,-0.248315770397464,,,,,0,"RH","Relative humidity","Atmospheric moisture","Retained process","ga",55,"-80:-1","Omit 2024/2025"
-2,-0.0480186583773951,,,,,-0.290012976208074,,,,,0,"RH","Relative humidity","Atmospheric moisture","Retained process","ga",55,"-80:-1","Omit 2024/2025"
-1,-0.0552138964328994,,,,,-0.333469259109654,,,,,0,"RH","Relative humidity","Atmospheric moisture","Retained process","ga",55,"-80:-1","Omit 2024/2025"
-80,-0.142439988573587,,,,,-0.121668868540776,,,,,0,"Tmin","Minimum temperature","Thermal","Retained process","ga",55,"-80:-1","Omit 2025/2026"
-79,-0.0586578591498161,,,,,-0.0501041556184574,,,,,0,"Tmin","Minimum temperature","Thermal","Retained process","ga",55,"-80:-1","Omit 2025/2026"
-78,0.0189798409608205,,,,,0.0162121311431719,,,,,0,"Tmin","Minimum temperature","Thermal","Retained process","ga",55,"-80:-1","Omit 2025/2026"
-77,0.0906346953454842,,,,,0.0774180126216872,,,,,0,"Tmin","Minimum temperature","Thermal","Retained process","ga",55,"-80:-1","Omit 2025/2026"
-76,0.156468287591336,,,,,0.133651509694664,,,,,0,"Tmin","Minimum temperature","Thermal","Retained process","ga",55,"-80:-1","Omit 2025/2026"
-75,0.216642201285539,,,,,0.185050643239676,,,,,0,"Tmin","Minimum temperature","Thermal","Retained process","ga",55,"-80:-1","Omit 2025/2026"
-74,0.271318020015253,,,,,0.2317534341343,,,,,0,"Tmin","Minimum temperature","Thermal","Retained process","ga",55,"-80:-1","Omit 2025/2026"
-73,0.320657327367641,,,,,0.273897903256111,,,,,0,"Tmin","Minimum temperature","Thermal","Retained process","ga",55,"-80:-1","Omit 2025/2026"
-72,0.364821706929863,,,,,0.311622071482682,,,,,0,"Tmin","Minimum temperature","Thermal","Retained process","ga",55,"-80:-1","Omit 2025/2026"
-71,0.403972742289083,,,,,0.345063959691591,,,,,0,"Tmin","Minimum temperature","Thermal","Retained process","ga",55,"-80:-1","Omit 2025/2026"
-70,0.43827201703246,,,,,0.374361588760411,,,,,0,"Tmin","Minimum temperature","Thermal","Retained process","ga",55,"-80:-1","Omit 2025/2026"
-69,0.467881114747157,,,,,0.399652979566717,,,,,0,"Tmin","Minimum temperature","Thermal","Retained process","ga",55,"-80:-1","Omit 2025/2026"
-68,0.492961619020335,,,,,0.421076152988086,,,,,0,"Tmin","Minimum temperature","Thermal","Retained process","ga",55,"-80:-1","Omit 2025/2026"
-67,0.513675113439157,,,,,0.438769129902091,,,,,0,"Tmin","Minimum temperature","Thermal","Retained process","ga",55,"-80:-1","Omit 2025/2026"
-66,0.530183181590782,,,,,0.452869931186308,,,,,0,"Tmin","Minimum temperature","Thermal","Retained process","ga",55,"-80:-1","Omit 2025/2026"
-65,0.542647407062374,,,,,0.463516577718312,,,,,0,"Tmin","Minimum temperature","Thermal","Retained process","ga",55,"-80:-1","Omit 2025/2026"
-64,0.551229373441094,,,,,0.470847090375679,,,,,0,"Tmin","Minimum temperature","Thermal","Retained process","ga",55,"-80:-1","Omit 2025/2026"
-63,0.556090664314102,,,,,0.474999490035982,,,,,0,"Tmin","Minimum temperature","Thermal","Retained process","ga",55,"-80:-1","Omit 2025/2026"
-62,0.557392863268562,,,,,0.476111797576797,,,,,0,"Tmin","Minimum temperature","Thermal","Retained process","ga",55,"-80:-1","Omit 2025/2026"
-61,0.555297553891634,,,,,0.4743220338757,,,,,0,"Tmin","Minimum temperature","Thermal","Retained process","ga",55,"-80:-1","Omit 2025/2026"
-60,0.54996631977048,,,,,0.469768219810265,,,,,0,"Tmin","Minimum temperature","Thermal","Retained process","ga",55,"-80:-1","Omit 2025/2026"
-59,0.541560744492262,,,,,0.462588376258068,,,,,0,"Tmin","Minimum temperature","Thermal","Retained process","ga",55,"-80:-1","Omit 2025/2026"
-58,0.530242411644141,,,,,0.452920524096683,,,,,0,"Tmin","Minimum temperature","Thermal","Retained process","ga",55,"-80:-1","Omit 2025/2026"
-57,0.516172904813278,,,,,0.440902684203686,,,,,0,"Tmin","Minimum temperature","Thermal","Retained process","ga",55,"-80:-1","Omit 2025/2026"
-56,0.499513807586837,,,,,0.426672877456652,,,,,0,"Tmin","Minimum temperature","Thermal","Retained process","ga",55,"-80:-1","Omit 2025/2026"
-55,0.480426703551977,,,,,0.410369124733155,,,,,0,"Tmin","Minimum temperature","Thermal","Retained process","ga",55,"-80:-1","Omit 2025/2026"
-54,0.45907317629586,,,,,0.392129446910771,,,,,0,"Tmin","Minimum temperature","Thermal","Retained process","ga",55,"-80:-1","Omit 2025/2026"
-53,0.435614809405649,,,,,0.372091864867075,,,,,0,"Tmin","Minimum temperature","Thermal","Retained process","ga",55,"-80:-1","Omit 2025/2026"
-52,0.410213186468505,,,,,0.350394399479642,,,,,0,"Tmin","Minimum temperature","Thermal","Retained process","ga",55,"-80:-1","Omit 2025/2026"
-51,0.383029891071589,,,,,0.327175071626047,,,,,0,"Tmin","Minimum temperature","Thermal","Retained process","ga",55,"-80:-1","Omit 2025/2026"
-50,0.354226506802063,,,,,0.302571902183865,,,,,0,"Tmin","Minimum temperature","Thermal","Retained process","ga",55,"-80:-1","Omit 2025/2026"
-49,0.323964617247088,,,,,0.276722912030671,,,,,0,"Tmin","Minimum temperature","Thermal","Retained process","ga",55,"-80:-1","Omit 2025/2026"
-48,0.292405805993826,,,,,0.249766122044041,,,,,0,"Tmin","Minimum temperature","Thermal","Retained process","ga",55,"-80:-1","Omit 2025/2026"
-47,0.25971165662944,,,,,0.221839553101549,,,,,0,"Tmin","Minimum temperature","Thermal","Retained process","ga",55,"-80:-1","Omit 2025/2026"
-46,0.226043752741089,,,,,0.19308122608077,,,,,0,"Tmin","Minimum temperature","Thermal","Retained process","ga",55,"-80:-1","Omit 2025/2026"
-45,0.191563677915937,,,,,0.16362916185928,,,,,0,"Tmin","Minimum temperature","Thermal","Retained process","ga",55,"-80:-1","Omit 2025/2026"
-44,0.156433015741143,,,,,0.133621381314654,,,,,0,"Tmin","Minimum temperature","Thermal","Retained process","ga",55,"-80:-1","Omit 2025/2026"
-43,0.120813349803871,,,,,0.103195905324466,,,,,0,"Tmin","Minimum temperature","Thermal","Retained process","ga",55,"-80:-1","Omit 2025/2026"
-42,0.0848662636912817,,,,,0.072490754766292,,,,,0,"Tmin","Minimum temperature","Thermal","Retained process","ga",55,"-80:-1","Omit 2025/2026"
-41,0.0487533409905364,,,,,0.0416439505177067,,,,,0,"Tmin","Minimum temperature","Thermal","Retained process","ga",55,"-80:-1","Omit 2025/2026"
-40,0.0126361652887971,,,,,0.0107935134562855,,,,,0,"Tmin","Minimum temperature","Thermal","Retained process","ga",55,"-80:-1","Omit 2025/2026"
-39,-0.023323679826775,,,,,-0.0199225355403969,,,,,0,"Tmin","Minimum temperature","Thermal","Retained process","ga",55,"-80:-1","Omit 2025/2026"
-38,-0.0589646107690178,,,,,-0.050366175594765,,,,,0,"Tmin","Minimum temperature","Thermal","Retained process","ga",55,"-80:-1","Omit 2025/2026"
-37,-0.0941250439507704,,,,,-0.0803993858292443,,,,,0,"Tmin","Minimum temperature","Thermal","Retained process","ga",55,"-80:-1","Omit 2025/2026"
-36,-0.128643395784871,,,,,-0.109884145366259,,,,,0,"Tmin","Minimum temperature","Thermal","Retained process","ga",55,"-80:-1","Omit 2025/2026"
-35,-0.162358082684157,,,,,-0.138682433328235,,,,,0,"Tmin","Minimum temperature","Thermal","Retained process","ga",55,"-80:-1","Omit 2025/2026"
-34,-0.195107521061468,,,,,-0.166656228837596,,,,,0,"Tmin","Minimum temperature","Thermal","Retained process","ga",55,"-80:-1","Omit 2025/2026"
-33,-0.226730127329642,,,,,-0.193667511016768,,,,,0,"Tmin","Minimum temperature","Thermal","Retained process","ga",55,"-80:-1","Omit 2025/2026"
-32,-0.257064317901518,,,,,-0.219578258988175,,,,,0,"Tmin","Minimum temperature","Thermal","Retained process","ga",55,"-80:-1","Omit 2025/2026"
-31,-0.285948509189933,,,,,-0.244250451874243,,,,,0,"Tmin","Minimum temperature","Thermal","Retained process","ga",55,"-80:-1","Omit 2025/2026"
-30,-0.313221117607727,,,,,-0.267546068797396,,,,,0,"Tmin","Minimum temperature","Thermal","Retained process","ga",55,"-80:-1","Omit 2025/2026"
-29,-0.338720559567737,,,,,-0.289327088880059,,,,,0,"Tmin","Minimum temperature","Thermal","Retained process","ga",55,"-80:-1","Omit 2025/2026"
-28,-0.362285251482803,,,,,-0.309455491244658,,,,,0,"Tmin","Minimum temperature","Thermal","Retained process","ga",55,"-80:-1","Omit 2025/2026"
-27,-0.383753609765762,,,,,-0.327793255013617,,,,,0,"Tmin","Minimum temperature","Thermal","Retained process","ga",55,"-80:-1","Omit 2025/2026"
-26,-0.402964050829453,,,,,-0.34420235930936,,,,,0,"Tmin","Minimum temperature","Thermal","Retained process","ga",55,"-80:-1","Omit 2025/2026"
-25,-0.419754991086714,,,,,-0.358544783254314,,,,,0,"Tmin","Minimum temperature","Thermal","Retained process","ga",55,"-80:-1","Omit 2025/2026"
-24,-0.433964846950384,,,,,-0.370682505970902,,,,,0,"Tmin","Minimum temperature","Thermal","Retained process","ga",55,"-80:-1","Omit 2025/2026"
-23,-0.445432034833301,,,,,-0.380477506581551,,,,,0,"Tmin","Minimum temperature","Thermal","Retained process","ga",55,"-80:-1","Omit 2025/2026"
-22,-0.453994971148304,,,,,-0.387791764208683,,,,,0,"Tmin","Minimum temperature","Thermal","Retained process","ga",55,"-80:-1","Omit 2025/2026"
-21,-0.459492072308231,,,,,-0.392487257974726,,,,,0,"Tmin","Minimum temperature","Thermal","Retained process","ga",55,"-80:-1","Omit 2025/2026"
-20,-0.46176175472592,,,,,-0.394425967002104,,,,,0,"Tmin","Minimum temperature","Thermal","Retained process","ga",55,"-80:-1","Omit 2025/2026"
-19,-0.460642434814209,,,,,-0.39346987041324,,,,,0,"Tmin","Minimum temperature","Thermal","Retained process","ga",55,"-80:-1","Omit 2025/2026"
-18,-0.455972528985939,,,,,-0.389480947330561,,,,,0,"Tmin","Minimum temperature","Thermal","Retained process","ga",55,"-80:-1","Omit 2025/2026"
-17,-0.447590453653945,,,,,-0.382321176876492,,,,,0,"Tmin","Minimum temperature","Thermal","Retained process","ga",55,"-80:-1","Omit 2025/2026"
-16,-0.435334625231068,,,,,-0.371852538173456,,,,,0,"Tmin","Minimum temperature","Thermal","Retained process","ga",55,"-80:-1","Omit 2025/2026"
-15,-0.419043460130145,,,,,-0.35793701034388,,,,,0,"Tmin","Minimum temperature","Thermal","Retained process","ga",55,"-80:-1","Omit 2025/2026"
-14,-0.398555374764015,,,,,-0.340436572510188,,,,,0,"Tmin","Minimum temperature","Thermal","Retained process","ga",55,"-80:-1","Omit 2025/2026"
-13,-0.373708785545516,,,,,-0.319213203794805,,,,,0,"Tmin","Minimum temperature","Thermal","Retained process","ga",55,"-80:-1","Omit 2025/2026"
-12,-0.344342108887487,,,,,-0.294128883320156,,,,,0,"Tmin","Minimum temperature","Thermal","Retained process","ga",55,"-80:-1","Omit 2025/2026"
-11,-0.310293761202766,,,,,-0.265045590208666,,,,,0,"Tmin","Minimum temperature","Thermal","Retained process","ga",55,"-80:-1","Omit 2025/2026"
-10,-0.271402158904192,,,,,-0.23182530358276,,,,,0,"Tmin","Minimum temperature","Thermal","Retained process","ga",55,"-80:-1","Omit 2025/2026"
-9,-0.227505718404602,,,,,-0.194330002564862,,,,,0,"Tmin","Minimum temperature","Thermal","Retained process","ga",55,"-80:-1","Omit 2025/2026"
-8,-0.178442856116835,,,,,-0.152421666277398,,,,,0,"Tmin","Minimum temperature","Thermal","Retained process","ga",55,"-80:-1","Omit 2025/2026"
-7,-0.124051988453731,,,,,-0.105962273842793,,,,,0,"Tmin","Minimum temperature","Thermal","Retained process","ga",55,"-80:-1","Omit 2025/2026"
-6,-0.0641715318281263,,,,,-0.0548138043834713,,,,,0,"Tmin","Minimum temperature","Thermal","Retained process","ga",55,"-80:-1","Omit 2025/2026"
-5,0.00136009734713965,,,,,0.0011617629781422,,,,,0,"Tmin","Minimum temperature","Thermal","Retained process","ga",55,"-80:-1","Omit 2025/2026"
-4,0.0727044826592286,,,,,0.0621024491196222,,,,,0,"Tmin","Minimum temperature","Thermal","Retained process","ga",55,"-80:-1","Omit 2025/2026"
-3,0.150023207695302,,,,,0.128146274918544,,,,,0,"Tmin","Minimum temperature","Thermal","Retained process","ga",55,"-80:-1","Omit 2025/2026"
-2,0.233477856042522,,,,,0.199431261252483,,,,,0,"Tmin","Minimum temperature","Thermal","Retained process","ga",55,"-80:-1","Omit 2025/2026"
-1,0.32323001128805,,,,,0.276095428999013,,,,,0,"Tmin","Minimum temperature","Thermal","Retained process","ga",55,"-80:-1","Omit 2025/2026"
-80,-0.144343696988761,,,,,-0.139518510680321,,,,,0,"LogRain","Log rainfall amount","Rainfall","Retained process","ga",55,"-80:-1","Omit 2025/2026"
-79,-0.124925601933778,,,,,-0.120749532478723,,,,,0,"LogRain","Log rainfall amount","Rainfall","Retained process","ga",55,"-80:-1","Omit 2025/2026"
-78,-0.104760886167839,,,,,-0.101258891940572,,,,,0,"LogRain","Log rainfall amount","Rainfall","Retained process","ga",55,"-80:-1","Omit 2025/2026"
-77,-0.0838961924632087,,,,,-0.0810916726424696,,,,,0,"LogRain","Log rainfall amount","Rainfall","Retained process","ga",55,"-80:-1","Omit 2025/2026"
-76,-0.0623781635921507,,,,,-0.0602929581610197,,,,,0,"LogRain","Log rainfall amount","Rainfall","Retained process","ga",55,"-80:-1","Omit 2025/2026"
-75,-0.04025344232693,,,,,-0.038907832072825,,,,,0,"LogRain","Log rainfall amount","Rainfall","Retained process","ga",55,"-80:-1","Omit 2025/2026"
-74,-0.017568671439811,,,,,-0.0169813779544886,,,,,0,"LogRain","Log rainfall amount","Rainfall","Retained process","ga",55,"-80:-1","Omit 2025/2026"
-73,0.00562950629694159,,,,,0.0054413206173868,,,,,0,"LogRain","Log rainfall amount","Rainfall","Retained process","ga",55,"-80:-1","Omit 2025/2026"
-72,0.0292944481110633,,,,,0.028315180066198,,,,,0,"LogRain","Log rainfall amount","Rainfall","Retained process","ga",55,"-80:-1","Omit 2025/2026"
-71,0.0533795112302898,,,,,0.0515951168153422,,,,,0,"LogRain","Log rainfall amount","Rainfall","Retained process","ga",55,"-80:-1","Omit 2025/2026"
-70,0.0778380528823562,,,,,0.0752360472882163,,,,,0,"LogRain","Log rainfall amount","Rainfall","Retained process","ga",55,"-80:-1","Omit 2025/2026"
-69,0.102623430294998,,,,,0.0991928879082174,,,,,0,"LogRain","Log rainfall amount","Rainfall","Retained process","ga",55,"-80:-1","Omit 2025/2026"
-68,0.127689000695951,,,,,0.123420555098743,,,,,0,"LogRain","Log rainfall amount","Rainfall","Retained process","ga",55,"-80:-1","Omit 2025/2026"
-67,0.152988121312951,,,,,0.147873965283189,,,,,0,"LogRain","Log rainfall amount","Rainfall","Retained process","ga",55,"-80:-1","Omit 2025/2026"
-66,0.178474149373733,,,,,0.172508034884953,,,,,0,"LogRain","Log rainfall amount","Rainfall","Retained process","ga",55,"-80:-1","Omit 2025/2026"
-65,0.204100442106032,,,,,0.197277680327433,,,,,0,"LogRain","Log rainfall amount","Rainfall","Retained process","ga",55,"-80:-1","Omit 2025/2026"
-64,0.229820356737584,,,,,0.222137818034024,,,,,0,"LogRain","Log rainfall amount","Rainfall","Retained process","ga",55,"-80:-1","Omit 2025/2026"
-63,0.255587250496125,,,,,0.247043364428125,,,,,0,"LogRain","Log rainfall amount","Rainfall","Retained process","ga",55,"-80:-1","Omit 2025/2026"
-62,0.281354480609389,,,,,0.271949235933132,,,,,0,"LogRain","Log rainfall amount","Rainfall","Retained process","ga",55,"-80:-1","Omit 2025/2026"
-61,0.307075404305113,,,,,0.296810348972443,,,,,0,"LogRain","Log rainfall amount","Rainfall","Retained process","ga",55,"-80:-1","Omit 2025/2026"
-60,0.332703378811032,,,,,0.321581619969454,,,,,0,"LogRain","Log rainfall amount","Rainfall","Retained process","ga",55,"-80:-1","Omit 2025/2026"
-59,0.358191761354881,,,,,0.346217965347562,,,,,0,"LogRain","Log rainfall amount","Rainfall","Retained process","ga",55,"-80:-1","Omit 2025/2026"
-58,0.383493909164396,,,,,0.370674301530164,,,,,0,"LogRain","Log rainfall amount","Rainfall","Retained process","ga",55,"-80:-1","Omit 2025/2026"
-57,0.408563179467312,,,,,0.394905544940658,,,,,0,"LogRain","Log rainfall amount","Rainfall","Retained process","ga",55,"-80:-1","Omit 2025/2026"
-56,0.433352929491365,,,,,0.418866612002441,,,,,0,"LogRain","Log rainfall amount","Rainfall","Retained process","ga",55,"-80:-1","Omit 2025/2026"
-55,0.45781651646429,,,,,0.442512419138909,,,,,0,"LogRain","Log rainfall amount","Rainfall","Retained process","ga",55,"-80:-1","Omit 2025/2026"
-54,0.481907297613823,,,,,0.465797882773459,,,,,0,"LogRain","Log rainfall amount","Rainfall","Retained process","ga",55,"-80:-1","Omit 2025/2026"
-53,0.505578630167699,,,,,0.488677919329489,,,,,0,"LogRain","Log rainfall amount","Rainfall","Retained process","ga",55,"-80:-1","Omit 2025/2026"
-52,0.528783871353654,,,,,0.511107445230396,,,,,0,"LogRain","Log rainfall amount","Rainfall","Retained process","ga",55,"-80:-1","Omit 2025/2026"
-51,0.551476378399422,,,,,0.533041376899577,,,,,0,"LogRain","Log rainfall amount","Rainfall","Retained process","ga",55,"-80:-1","Omit 2025/2026"
-50,0.573609508532741,,,,,0.554434630760428,,,,,0,"LogRain","Log rainfall amount","Rainfall","Retained process","ga",55,"-80:-1","Omit 2025/2026"
-49,0.595136618981345,,,,,0.575242123236346,,,,,0,"LogRain","Log rainfall amount","Rainfall","Retained process","ga",55,"-80:-1","Omit 2025/2026"
-48,0.616011066972969,,,,,0.59541877075073,,,,,0,"LogRain","Log rainfall amount","Rainfall","Retained process","ga",55,"-80:-1","Omit 2025/2026"
-47,0.636186209735349,,,,,0.614919489726976,,,,,0,"LogRain","Log rainfall amount","Rainfall","Retained process","ga",55,"-80:-1","Omit 2025/2026"
-46,0.655615404496221,,,,,0.63369919658848,,,,,0,"LogRain","Log rainfall amount","Rainfall","Retained process","ga",55,"-80:-1","Omit 2025/2026"
-45,0.67425200848332,,,,,0.65171280775864,,,,,0,"LogRain","Log rainfall amount","Rainfall","Retained process","ga",55,"-80:-1","Omit 2025/2026"
-44,0.692049378924381,,,,,0.668915239660853,,,,,0,"LogRain","Log rainfall amount","Rainfall","Retained process","ga",55,"-80:-1","Omit 2025/2026"
-43,0.70896087304714,,,,,0.685261408718516,,,,,0,"LogRain","Log rainfall amount","Rainfall","Retained process","ga",55,"-80:-1","Omit 2025/2026"
-42,0.724939848079333,,,,,0.700706231355026,,,,,0,"LogRain","Log rainfall amount","Rainfall","Retained process","ga",55,"-80:-1","Omit 2025/2026"
-41,0.739939661248694,,,,,0.71520462399378,,,,,0,"LogRain","Log rainfall amount","Rainfall","Retained process","ga",55,"-80:-1","Omit 2025/2026"
-40,0.75391366978296,,,,,0.728711503058175,,,,,0,"LogRain","Log rainfall amount","Rainfall","Retained process","ga",55,"-80:-1","Omit 2025/2026"
-39,0.766815230909866,,,,,0.741181784971608,,,,,0,"LogRain","Log rainfall amount","Rainfall","Retained process","ga",55,"-80:-1","Omit 2025/2026"
-38,0.778597701857147,,,,,0.752570386157476,,,,,0,"LogRain","Log rainfall amount","Rainfall","Retained process","ga",55,"-80:-1","Omit 2025/2026"
-37,0.789214439852539,,,,,0.762832223039177,,,,,0,"LogRain","Log rainfall amount","Rainfall","Retained process","ga",55,"-80:-1","Omit 2025/2026"
-36,0.798618802123777,,,,,0.771922212040106,,,,,0,"LogRain","Log rainfall amount","Rainfall","Retained process","ga",55,"-80:-1","Omit 2025/2026"
-35,0.806764145898598,,,,,0.779795269583662,,,,,0,"LogRain","Log rainfall amount","Rainfall","Retained process","ga",55,"-80:-1","Omit 2025/2026"
-34,0.813603828404735,,,,,0.786406312093241,,,,,0,"LogRain","Log rainfall amount","Rainfall","Retained process","ga",55,"-80:-1","Omit 2025/2026"
-33,0.819091206869925,,,,,0.791710255992241,,,,,0,"LogRain","Log rainfall amount","Rainfall","Retained process","ga",55,"-80:-1","Omit 2025/2026"
-32,0.823179638521903,,,,,0.795662017704058,,,,,0,"LogRain","Log rainfall amount","Rainfall","Retained process","ga",55,"-80:-1","Omit 2025/2026"
-31,0.825822480588405,,,,,0.798216513652089,,,,,0,"LogRain","Log rainfall amount","Rainfall","Retained process","ga",55,"-80:-1","Omit 2025/2026"
-30,0.826973090297166,,,,,0.799328660259731,,,,,0,"LogRain","Log rainfall amount","Rainfall","Retained process","ga",55,"-80:-1","Omit 2025/2026"
-29,0.826584824875921,,,,,0.798953373950382,,,,,0,"LogRain","Log rainfall amount","Rainfall","Retained process","ga",55,"-80:-1","Omit 2025/2026"
-28,0.824611041552407,,,,,0.797045571147439,,,,,0,"LogRain","Log rainfall amount","Rainfall","Retained process","ga",55,"-80:-1","Omit 2025/2026"
-27,0.821005097554358,,,,,0.793560168274298,,,,,0,"LogRain","Log rainfall amount","Rainfall","Retained process","ga",55,"-80:-1","Omit 2025/2026"
-26,0.81572035010951,,,,,0.788452081754357,,,,,0,"LogRain","Log rainfall amount","Rainfall","Retained process","ga",55,"-80:-1","Omit 2025/2026"
-25,0.808710156445599,,,,,0.781676228011012,,,,,0,"LogRain","Log rainfall amount","Rainfall","Retained process","ga",55,"-80:-1","Omit 2025/2026"
-24,0.79992787379036,,,,,0.773187523467661,,,,,0,"LogRain","Log rainfall amount","Rainfall","Retained process","ga",55,"-80:-1","Omit 2025/2026"
-23,0.789326859371528,,,,,0.762940884547701,,,,,0,"LogRain","Log rainfall amount","Rainfall","Retained process","ga",55,"-80:-1","Omit 2025/2026"
-22,0.776860470416839,,,,,0.750891227674528,,,,,0,"LogRain","Log rainfall amount","Rainfall","Retained process","ga",55,"-80:-1","Omit 2025/2026"
-21,0.762482064154029,,,,,0.73699346927154,,,,,0,"LogRain","Log rainfall amount","Rainfall","Retained process","ga",55,"-80:-1","Omit 2025/2026"
-20,0.746144997810833,,,,,0.721202525762134,,,,,0,"LogRain","Log rainfall amount","Rainfall","Retained process","ga",55,"-80:-1","Omit 2025/2026"
-19,0.727802628614985,,,,,0.703473313569706,,,,,0,"LogRain","Log rainfall amount","Rainfall","Retained process","ga",55,"-80:-1","Omit 2025/2026"
-18,0.707408313794223,,,,,0.683760749117655,,,,,0,"LogRain","Log rainfall amount","Rainfall","Retained process","ga",55,"-80:-1","Omit 2025/2026"
-17,0.684915410576281,,,,,0.662019748829376,,,,,0,"LogRain","Log rainfall amount","Rainfall","Retained process","ga",55,"-80:-1","Omit 2025/2026"
-16,0.660277276188895,,,,,0.638205229128268,,,,,0,"LogRain","Log rainfall amount","Rainfall","Retained process","ga",55,"-80:-1","Omit 2025/2026"
-15,0.6334472678598,,,,,0.612272106437726,,,,,0,"LogRain","Log rainfall amount","Rainfall","Retained process","ga",55,"-80:-1","Omit 2025/2026"
-14,0.604378742816733,,,,,0.584175297181149,,,,,0,"LogRain","Log rainfall amount","Rainfall","Retained process","ga",55,"-80:-1","Omit 2025/2026"
-13,0.573025058287427,,,,,0.553869717781932,,,,,0,"LogRain","Log rainfall amount","Rainfall","Retained process","ga",55,"-80:-1","Omit 2025/2026"
-12,0.539339571499618,,,,,0.521310284663473,,,,,0,"LogRain","Log rainfall amount","Rainfall","Retained process","ga",55,"-80:-1","Omit 2025/2026"
-11,0.503275639681043,,,,,0.48645191424917,,,,,0,"LogRain","Log rainfall amount","Rainfall","Retained process","ga",55,"-80:-1","Omit 2025/2026"
-10,0.464786620059437,,,,,0.449249522962419,,,,,0,"LogRain","Log rainfall amount","Rainfall","Retained process","ga",55,"-80:-1","Omit 2025/2026"
-9,0.423825869862535,,,,,0.409658027226617,,,,,0,"LogRain","Log rainfall amount","Rainfall","Retained process","ga",55,"-80:-1","Omit 2025/2026"
-8,0.380346746318073,,,,,0.367632343465161,,,,,0,"LogRain","Log rainfall amount","Rainfall","Retained process","ga",55,"-80:-1","Omit 2025/2026"
-7,0.334302606653785,,,,,0.323127388101448,,,,,0,"LogRain","Log rainfall amount","Rainfall","Retained process","ga",55,"-80:-1","Omit 2025/2026"
-6,0.285646808097408,,,,,0.276098077558876,,,,,0,"LogRain","Log rainfall amount","Rainfall","Retained process","ga",55,"-80:-1","Omit 2025/2026"
-5,0.234332707876678,,,,,0.226499328260841,,,,,0,"LogRain","Log rainfall amount","Rainfall","Retained process","ga",55,"-80:-1","Omit 2025/2026"
-4,0.180313663219328,,,,,0.17428605663074,,,,,0,"LogRain","Log rainfall amount","Rainfall","Retained process","ga",55,"-80:-1","Omit 2025/2026"
-3,0.123543031353096,,,,,0.119413179091971,,,,,0,"LogRain","Log rainfall amount","Rainfall","Retained process","ga",55,"-80:-1","Omit 2025/2026"
-2,0.0639741695057161,,,,,0.0618356120679303,,,,,0,"LogRain","Log rainfall amount","Rainfall","Retained process","ga",55,"-80:-1","Omit 2025/2026"
-1,0.00156043490492426,,,,,0.00150827198201507,,,,,0,"LogRain","Log rainfall amount","Rainfall","Retained process","ga",55,"-80:-1","Omit 2025/2026"
-80,0.309164928430626,,,,,0.705279467480188,,,,,0,"Tmax","Maximum temperature","Thermal","Retained process","ga",55,"-80:-1","Omit 2025/2026"
-79,0.282049704325863,,,,,0.643423127842025,,,,,0,"Tmax","Maximum temperature","Thermal","Retained process","ga",55,"-80:-1","Omit 2025/2026"
-78,0.256236476486978,,,,,0.584536954444,,,,,0,"Tmax","Maximum temperature","Thermal","Retained process","ga",55,"-80:-1","Omit 2025/2026"
-77,0.231697479374104,,,,,0.528557607420008,,,,,0,"Tmax","Maximum temperature","Thermal","Retained process","ga",55,"-80:-1","Omit 2025/2026"
-76,0.208404947447376,,,,,0.475421746903947,,,,,0,"Tmax","Maximum temperature","Thermal","Retained process","ga",55,"-80:-1","Omit 2025/2026"
-75,0.186331115166929,,,,,0.425066033029713,,,,,0,"Tmax","Maximum temperature","Thermal","Retained process","ga",55,"-80:-1","Omit 2025/2026"
-74,0.165448216992897,,,,,0.377427125931203,,,,,0,"Tmax","Maximum temperature","Thermal","Retained process","ga",55,"-80:-1","Omit 2025/2026"
-73,0.145728487385415,,,,,0.332441685742313,,,,,0,"Tmax","Maximum temperature","Thermal","Retained process","ga",55,"-80:-1","Omit 2025/2026"
-72,0.127144160804617,,,,,0.290046372596941,,,,,0,"Tmax","Maximum temperature","Thermal","Retained process","ga",55,"-80:-1","Omit 2025/2026"
-71,0.109667471710638,,,,,0.250177846628983,,,,,0,"Tmax","Maximum temperature","Thermal","Retained process","ga",55,"-80:-1","Omit 2025/2026"
-70,0.0932706545636128,,,,,0.212772767972336,,,,,0,"Tmax","Maximum temperature","Thermal","Retained process","ga",55,"-80:-1","Omit 2025/2026"
-69,0.077925943823675,,,,,0.177767796760896,,,,,0,"Tmax","Maximum temperature","Thermal","Retained process","ga",55,"-80:-1","Omit 2025/2026"
-68,0.0636055739509594,,,,,0.145099593128561,,,,,0,"Tmax","Maximum temperature","Thermal","Retained process","ga",55,"-80:-1","Omit 2025/2026"
-67,0.0502817794056007,,,,,0.114704817209226,,,,,0,"Tmax","Maximum temperature","Thermal","Retained process","ga",55,"-80:-1","Omit 2025/2026"
-66,0.0379267946477333,,,,,0.0865201291367888,,,,,0,"Tmax","Maximum temperature","Thermal","Retained process","ga",55,"-80:-1","Omit 2025/2026"
-65,0.0265128541374918,,,,,0.060482189045146,,,,,0,"Tmax","Maximum temperature","Thermal","Retained process","ga",55,"-80:-1","Omit 2025/2026"
-64,0.0160121923350107,,,,,0.0365276570681942,,,,,0,"Tmax","Maximum temperature","Thermal","Retained process","ga",55,"-80:-1","Omit 2025/2026"
-63,0.00639704370042447,,,,,0.0145931933398301,,,,,0,"Tmax","Maximum temperature","Thermal","Retained process","ga",55,"-80:-1","Omit 2025/2026"
-62,-0.00236035730613227,,,,,-0.00538454200604933,,,,,0,"Tmax","Maximum temperature","Thermal","Retained process","ga",55,"-80:-1","Omit 2025/2026"
-61,-0.0102877762245252,,,,,-0.023468888835548,,,,,0,"Tmax","Maximum temperature","Thermal","Retained process","ga",55,"-80:-1","Omit 2025/2026"
-60,-0.0174129785946197,,,,,-0.0397231870147685,,,,,0,"Tmax","Maximum temperature","Thermal","Retained process","ga",55,"-80:-1","Omit 2025/2026"
-59,-0.0237637299562811,,,,,-0.0542107764098144,,,,,0,"Tmax","Maximum temperature","Thermal","Retained process","ga",55,"-80:-1","Omit 2025/2026"
-58,-0.0293677958493751,,,,,-0.0669949968867892,,,,,0,"Tmax","Maximum temperature","Thermal","Retained process","ga",55,"-80:-1","Omit 2025/2026"
-57,-0.0342529418137672,,,,,-0.0781391883117959,,,,,0,"Tmax","Maximum temperature","Thermal","Retained process","ga",55,"-80:-1","Omit 2025/2026"
-56,-0.0384469333893227,,,,,-0.0877066905509379,,,,,0,"Tmax","Maximum temperature","Thermal","Retained process","ga",55,"-80:-1","Omit 2025/2026"
-55,-0.0419775361159072,,,,,-0.0957608434703185,,,,,0,"Tmax","Maximum temperature","Thermal","Retained process","ga",55,"-80:-1","Omit 2025/2026"
-54,-0.0448725155333862,,,,,-0.102364986936041,,,,,0,"Tmax","Maximum temperature","Thermal","Retained process","ga",55,"-80:-1","Omit 2025/2026"
-53,-0.0471596371816252,,,,,-0.107582460814209,,,,,0,"Tmax","Maximum temperature","Thermal","Retained process","ga",55,"-80:-1","Omit 2025/2026"
-52,-0.0488666666004895,,,,,-0.111476604970925,,,,,0,"Tmax","Maximum temperature","Thermal","Retained process","ga",55,"-80:-1","Omit 2025/2026"
-51,-0.0500213693298448,,,,,-0.114110759272293,,,,,0,"Tmax","Maximum temperature","Thermal","Retained process","ga",55,"-80:-1","Omit 2025/2026"
-50,-0.0506515109095566,,,,,-0.115548263584416,,,,,0,"Tmax","Maximum temperature","Thermal","Retained process","ga",55,"-80:-1","Omit 2025/2026"
-49,-0.0507848568794902,,,,,-0.115852457773397,,,,,0,"Tmax","Maximum temperature","Thermal","Retained process","ga",55,"-80:-1","Omit 2025/2026"
-48,-0.0504491727795112,,,,,-0.11508668170534,,,,,0,"Tmax","Maximum temperature","Thermal","Retained process","ga",55,"-80:-1","Omit 2025/2026"
-47,-0.0496722241494851,,,,,-0.113314275246348,,,,,0,"Tmax","Maximum temperature","Thermal","Retained process","ga",55,"-80:-1","Omit 2025/2026"
-46,-0.0484817765292773,,,,,-0.110598578262524,,,,,0,"Tmax","Maximum temperature","Thermal","Retained process","ga",55,"-80:-1","Omit 2025/2026"
-45,-0.0469055954587533,,,,,-0.107002930619971,,,,,0,"Tmax","Maximum temperature","Thermal","Retained process","ga",55,"-80:-1","Omit 2025/2026"
-44,-0.0449714464777787,,,,,-0.102590672184794,,,,,0,"Tmax","Maximum temperature","Thermal","Retained process","ga",55,"-80:-1","Omit 2025/2026"
-43,-0.0427070951262189,,,,,-0.0974251428230941,,,,,0,"Tmax","Maximum temperature","Thermal","Retained process","ga",55,"-80:-1","Omit 2025/2026"
-42,-0.0401403069439393,,,,,-0.0915696824009758,,,,,0,"Tmax","Maximum temperature","Thermal","Retained process","ga",55,"-80:-1","Omit 2025/2026"
-41,-0.0372988474708056,,,,,-0.0850876307845423,,,,,0,"Tmax","Maximum temperature","Thermal","Retained process","ga",55,"-80:-1","Omit 2025/2026"
-40,-0.0342104822466831,,,,,-0.0780423278398967,,,,,0,"Tmax","Maximum temperature","Thermal","Retained process","ga",55,"-80:-1","Omit 2025/2026"
-39,-0.0309029768114374,,,,,-0.0704971134331423,,,,,0,"Tmax","Maximum temperature","Thermal","Retained process","ga",55,"-80:-1","Omit 2025/2026"
-38,-0.0274040967049339,,,,,-0.0625153274303825,,,,,0,"Tmax","Maximum temperature","Thermal","Retained process","ga",55,"-80:-1","Omit 2025/2026"
-37,-0.0237416074670381,,,,,-0.0541603096977205,,,,,0,"Tmax","Maximum temperature","Thermal","Retained process","ga",55,"-80:-1","Omit 2025/2026"
-36,-0.0199432746376155,,,,,-0.0454954001012595,,,,,0,"Tmax","Maximum temperature","Thermal","Retained process","ga",55,"-80:-1","Omit 2025/2026"
-35,-0.0160368637565316,,,,,-0.0365839385071031,,,,,0,"Tmax","Maximum temperature","Thermal","Retained process","ga",55,"-80:-1","Omit 2025/2026"
-34,-0.0120501403636519,,,,,-0.0274892647813542,,,,,0,"Tmax","Maximum temperature","Thermal","Retained process","ga",55,"-80:-1","Omit 2025/2026"
-33,-0.00801086999884181,,,,,-0.0182747187901165,,,,,0,"Tmax","Maximum temperature","Thermal","Retained process","ga",55,"-80:-1","Omit 2025/2026"
-32,-0.0039468182019669,,,,,-0.00900364039949294,,,,,0,"Tmax","Maximum temperature","Thermal","Retained process","ga",55,"-80:-1","Omit 2025/2026"
-31,0.000114249487107433,,,,,0.000260630524413107,,,,,0,"Tmax","Maximum temperature","Thermal","Retained process","ga",55,"-80:-1","Omit 2025/2026"
-30,0.00414456752851561,,,,,0.0094547541154982,,,,,0,"Tmax","Maximum temperature","Thermal","Retained process","ga",55,"-80:-1","Omit 2025/2026"
-29,0.00811637038239216,,,,,0.0185153905076591,,,,,0,"Tmax","Maximum temperature","Thermal","Retained process","ga",55,"-80:-1","Omit 2025/2026"
-28,0.0120018925088717,,,,,0.0273791998347927,,,,,0,"Tmax","Maximum temperature","Thermal","Retained process","ga",55,"-80:-1","Omit 2025/2026"
-27,0.0157733683680886,,,,,0.0359828422307955,,,,,0,"Tmax","Maximum temperature","Thermal","Retained process","ga",55,"-80:-1","Omit 2025/2026"
-26,0.0194030324201775,,,,,0.0442629778295642,,,,,0,"Tmax","Maximum temperature","Thermal","Retained process","ga",55,"-80:-1","Omit 2025/2026"
-25,0.0228631191252729,,,,,0.0521562667649958,,,,,0,"Tmax","Maximum temperature","Thermal","Retained process","ga",55,"-80:-1","Omit 2025/2026"
-24,0.0261258629435092,,,,,0.0595993691709866,,,,,0,"Tmax","Maximum temperature","Thermal","Retained process","ga",55,"-80:-1","Omit 2025/2026"
-23,0.029163498335021,,,,,0.0665289451814336,,,,,0,"Tmax","Maximum temperature","Thermal","Retained process","ga",55,"-80:-1","Omit 2025/2026"
-22,0.0319482597599428,,,,,0.0728816549302334,,,,,0,"Tmax","Maximum temperature","Thermal","Retained process","ga",55,"-80:-1","Omit 2025/2026"
-21,0.0344523816784091,,,,,0.0785941585512827,,,,,0,"Tmax","Maximum temperature","Thermal","Retained process","ga",55,"-80:-1","Omit 2025/2026"
-20,0.0366480985505545,,,,,0.0836031161784783,,,,,0,"Tmax","Maximum temperature","Thermal","Retained process","ga",55,"-80:-1","Omit 2025/2026"
-19,0.0385076448365134,,,,,0.0878451879457167,,,,,0,"Tmax","Maximum temperature","Thermal","Retained process","ga",55,"-80:-1","Omit 2025/2026"
-18,0.0400032549964204,,,,,0.0912570339868949,,,,,0,"Tmax","Maximum temperature","Thermal","Retained process","ga",55,"-80:-1","Omit 2025/2026"
-17,0.04110716349041,,,,,0.0937753144359094,,,,,0,"Tmax","Maximum temperature","Thermal","Retained process","ga",55,"-80:-1","Omit 2025/2026"
-16,0.0417916047786166,,,,,0.095336689426657,,,,,0,"Tmax","Maximum temperature","Thermal","Retained process","ga",55,"-80:-1","Omit 2025/2026"
-15,0.0420288133211749,,,,,0.0958778190930343,,,,,0,"Tmax","Maximum temperature","Thermal","Retained process","ga",55,"-80:-1","Omit 2025/2026"
-14,0.0417910235782193,,,,,0.0953353635689383,,,,,0,"Tmax","Maximum temperature","Thermal","Retained process","ga",55,"-80:-1","Omit 2025/2026"
-13,0.0410504700098843,,,,,0.0936459829882653,,,,,0,"Tmax","Maximum temperature","Thermal","Retained process","ga",55,"-80:-1","Omit 2025/2026"
-12,0.0397793870763045,,,,,0.0907463374849123,,,,,0,"Tmax","Maximum temperature","Thermal","Retained process","ga",55,"-80:-1","Omit 2025/2026"
-11,0.0379500092376144,,,,,0.0865730871927759,,,,,0,"Tmax","Maximum temperature","Thermal","Retained process","ga",55,"-80:-1","Omit 2025/2026"
-10,0.0355345709539484,,,,,0.0810628922457528,,,,,0,"Tmax","Maximum temperature","Thermal","Retained process","ga",55,"-80:-1","Omit 2025/2026"
-9,0.0325053066854412,,,,,0.0741524127777398,,,,,0,"Tmax","Maximum temperature","Thermal","Retained process","ga",55,"-80:-1","Omit 2025/2026"
-8,0.0288344508922271,,,,,0.0657783089226335,,,,,0,"Tmax","Maximum temperature","Thermal","Retained process","ga",55,"-80:-1","Omit 2025/2026"
-7,0.0244942380344408,,,,,0.0558772408143307,,,,,0,"Tmax","Maximum temperature","Thermal","Retained process","ga",55,"-80:-1","Omit 2025/2026"
-6,0.0194569025722168,,,,,0.044385868586728,,,,,0,"Tmax","Maximum temperature","Thermal","Retained process","ga",55,"-80:-1","Omit 2025/2026"
-5,0.0136946789656894,,,,,0.0312408523737222,,,,,0,"Tmax","Maximum temperature","Thermal","Retained process","ga",55,"-80:-1","Omit 2025/2026"
-4,0.00717980167499341,,,,,0.01637885230921,,,,,0,"Tmax","Maximum temperature","Thermal","Retained process","ga",55,"-80:-1","Omit 2025/2026"
-3,-0.000115494839736833,,,,,-0.000263471472911848,,,,,0,"Tmax","Maximum temperature","Thermal","Retained process","ga",55,"-80:-1","Omit 2025/2026"
-2,-0.00821897611836677,,,,,-0.0187494588387467,,,,,0,"Tmax","Maximum temperature","Thermal","Retained process","ga",55,"-80:-1","Omit 2025/2026"
-1,-0.0171584077007619,,,,,-0.0391424496543979,,,,,0,"Tmax","Maximum temperature","Thermal","Retained process","ga",55,"-80:-1","Omit 2025/2026"
-80,-0.00890169291274722,,,,,-0.0524753606038194,,,,,0,"RH","Relative humidity","Atmospheric moisture","Retained process","ga",55,"-80:-1","Omit 2025/2026"
-79,-0.00694382596631138,,,,,-0.0409337611535176,,,,,0,"RH","Relative humidity","Atmospheric moisture","Retained process","ga",55,"-80:-1","Omit 2025/2026"
-78,-0.00503685215358654,,,,,-0.0296921760454223,,,,,0,"RH","Relative humidity","Atmospheric moisture","Retained process","ga",55,"-80:-1","Omit 2025/2026"
-77,-0.00318009561060398,,,,,-0.018746621070482,,,,,0,"RH","Relative humidity","Atmospheric moisture","Retained process","ga",55,"-80:-1","Omit 2025/2026"
-76,-0.00137288047339502,,,,,-0.00809311201964531,,,,,0,"RH","Relative humidity","Atmospheric moisture","Retained process","ga",55,"-80:-1","Omit 2025/2026"
-75,0.000385469122009047,,,,,0.0022723353161393,,,,,0,"RH","Relative humidity","Atmospheric moisture","Retained process","ga",55,"-80:-1","Omit 2025/2026"
-74,0.00209562903957691,,,,,0.0123537051459233,,,,,0,"RH","Relative humidity","Atmospheric moisture","Retained process","ga",55,"-80:-1","Omit 2025/2026"
-73,0.00375827514327728,,,,,0.0221549816787582,,,,,0,"RH","Relative humidity","Atmospheric moisture","Retained process","ga",55,"-80:-1","Omit 2025/2026"
-72,0.00537408329707884,,,,,0.0316801491236955,,,,,0,"RH","Relative humidity","Atmospheric moisture","Retained process","ga",55,"-80:-1","Omit 2025/2026"
-71,0.00694372936495029,,,,,0.0409331916897866,,,,,0,"RH","Relative humidity","Atmospheric moisture","Retained process","ga",55,"-80:-1","Omit 2025/2026"
-70,0.00846788921086034,,,,,0.0499180935860831,,,,,0,"RH","Relative humidity","Atmospheric moisture","Retained process","ga",55,"-80:-1","Omit 2025/2026"
-69,0.00994723869877766,,,,,0.0586388390216364,,,,,0,"RH","Relative humidity","Atmospheric moisture","Retained process","ga",55,"-80:-1","Omit 2025/2026"
-68,0.011382453692671,,,,,0.067099412205498,,,,,0,"RH","Relative humidity","Atmospheric moisture","Retained process","ga",55,"-80:-1","Omit 2025/2026"
-67,0.012774210056509,,,,,0.0753037973467195,,,,,0,"RH","Relative humidity","Atmospheric moisture","Retained process","ga",55,"-80:-1","Omit 2025/2026"
-66,0.0141231836542604,,,,,0.0832559786543522,,,,,0,"RH","Relative humidity","Atmospheric moisture","Retained process","ga",55,"-80:-1","Omit 2025/2026"
-65,0.0154300503498938,,,,,0.0909599403374477,,,,,0,"RH","Relative humidity","Atmospheric moisture","Retained process","ga",55,"-80:-1","Omit 2025/2026"
-64,0.016695486007378,,,,,0.0984196666050575,,,,,0,"RH","Relative humidity","Atmospheric moisture","Retained process","ga",55,"-80:-1","Omit 2025/2026"
-63,0.0179201664906817,,,,,0.105639141666233,,,,,0,"RH","Relative humidity","Atmospheric moisture","Retained process","ga",55,"-80:-1","Omit 2025/2026"
-62,0.0191047676637736,,,,,0.112622349730026,,,,,0,"RH","Relative humidity","Atmospheric moisture","Retained process","ga",55,"-80:-1","Omit 2025/2026"
-61,0.0202499653906224,,,,,0.119373275005487,,,,,0,"RH","Relative humidity","Atmospheric moisture","Retained process","ga",55,"-80:-1","Omit 2025/2026"
-60,0.0213564355351967,,,,,0.125895901701669,,,,,0,"RH","Relative humidity","Atmospheric moisture","Retained process","ga",55,"-80:-1","Omit 2025/2026"
-59,0.0224248539614652,,,,,0.132194214027622,,,,,0,"RH","Relative humidity","Atmospheric moisture","Retained process","ga",55,"-80:-1","Omit 2025/2026"
-58,0.0234558965333967,,,,,0.138272196192399,,,,,0,"RH","Relative humidity","Atmospheric moisture","Retained process","ga",55,"-80:-1","Omit 2025/2026"
-57,0.0244502391149599,,,,,0.14413383240505,,,,,0,"RH","Relative humidity","Atmospheric moisture","Retained process","ga",55,"-80:-1","Omit 2025/2026"
-56,0.0254085575701234,,,,,0.149783106874628,,,,,0,"RH","Relative humidity","Atmospheric moisture","Retained process","ga",55,"-80:-1","Omit 2025/2026"
-55,0.026331527762856,,,,,0.155224003810183,,,,,0,"RH","Relative humidity","Atmospheric moisture","Retained process","ga",55,"-80:-1","Omit 2025/2026"
-54,0.0272198255571263,,,,,0.160460507420767,,,,,0,"RH","Relative humidity","Atmospheric moisture","Retained process","ga",55,"-80:-1","Omit 2025/2026"
-53,0.0280741268169031,,,,,0.165496601915432,,,,,0,"RH","Relative humidity","Atmospheric moisture","Retained process","ga",55,"-80:-1","Omit 2025/2026"
-52,0.028895107406155,,,,,0.170336271503229,,,,,0,"RH","Relative humidity","Atmospheric moisture","Retained process","ga",55,"-80:-1","Omit 2025/2026"
-51,0.0296834431888508,,,,,0.17498350039321,,,,,0,"RH","Relative humidity","Atmospheric moisture","Retained process","ga",55,"-80:-1","Omit 2025/2026"
-50,0.0304398100289591,,,,,0.179442272794425,,,,,0,"RH","Relative humidity","Atmospheric moisture","Retained process","ga",55,"-80:-1","Omit 2025/2026"
-49,0.0311648837904486,,,,,0.183716572915927,,,,,0,"RH","Relative humidity","Atmospheric moisture","Retained process","ga",55,"-80:-1","Omit 2025/2026"
-48,0.0318593403372881,,,,,0.187810384966768,,,,,0,"RH","Relative humidity","Atmospheric moisture","Retained process","ga",55,"-80:-1","Omit 2025/2026"
-47,0.0325238555334462,,,,,0.191727693155997,,,,,0,"RH","Relative humidity","Atmospheric moisture","Retained process","ga",55,"-80:-1","Omit 2025/2026"
-46,0.0331591052428916,,,,,0.195472481692668,,,,,0,"RH","Relative humidity","Atmospheric moisture","Retained process","ga",55,"-80:-1","Omit 2025/2026"
-45,0.033765765329593,,,,,0.199048734785832,,,,,0,"RH","Relative humidity","Atmospheric moisture","Retained process","ga",55,"-80:-1","Omit 2025/2026"
-44,0.0343445116575192,,,,,0.202460436644539,,,,,0,"RH","Relative humidity","Atmospheric moisture","Retained process","ga",55,"-80:-1","Omit 2025/2026"
-43,0.0348960200906388,,,,,0.205711571477842,,,,,0,"RH","Relative humidity","Atmospheric moisture","Retained process","ga",55,"-80:-1","Omit 2025/2026"
-42,0.0354209664929205,,,,,0.208806123494792,,,,,0,"RH","Relative humidity","Atmospheric moisture","Retained process","ga",55,"-80:-1","Omit 2025/2026"
-41,0.035920026728333,,,,,0.21174807690444,,,,,0,"RH","Relative humidity","Atmospheric moisture","Retained process","ga",55,"-80:-1","Omit 2025/2026"
-40,0.036393876660845,,,,,0.214541415915838,,,,,0,"RH","Relative humidity","Atmospheric moisture","Retained process","ga",55,"-80:-1","Omit 2025/2026"
-39,0.0368431921544252,,,,,0.217190124738038,,,,,0,"RH","Relative humidity","Atmospheric moisture","Retained process","ga",55,"-80:-1","Omit 2025/2026"
-38,0.0372686490730424,,,,,0.21969818758009,,,,,0,"RH","Relative humidity","Atmospheric moisture","Retained process","ga",55,"-80:-1","Omit 2025/2026"
-37,0.0376709232806651,,,,,0.222069588651047,,,,,0,"RH","Relative humidity","Atmospheric moisture","Retained process","ga",55,"-80:-1","Omit 2025/2026"
-36,0.0380506906412622,,,,,0.22430831215996,,,,,0,"RH","Relative humidity","Atmospheric moisture","Retained process","ga",55,"-80:-1","Omit 2025/2026"
-35,0.0384086270188022,,,,,0.226418342315881,,,,,0,"RH","Relative humidity","Atmospheric moisture","Retained process","ga",55,"-80:-1","Omit 2025/2026"
-34,0.038745408277254,,,,,0.22840366332786,,,,,0,"RH","Relative humidity","Atmospheric moisture","Retained process","ga",55,"-80:-1","Omit 2025/2026"
-33,0.0390617102805861,,,,,0.230268259404949,,,,,0,"RH","Relative humidity","Atmospheric moisture","Retained process","ga",55,"-80:-1","Omit 2025/2026"
-32,0.0393582088927673,,,,,0.232016114756201,,,,,0,"RH","Relative humidity","Atmospheric moisture","Retained process","ga",55,"-80:-1","Omit 2025/2026"
-31,0.0396355799777663,,,,,0.233651213590665,,,,,0,"RH","Relative humidity","Atmospheric moisture","Retained process","ga",55,"-80:-1","Omit 2025/2026"
-30,0.0398944993995518,,,,,0.235177540117395,,,,,0,"RH","Relative humidity","Atmospheric moisture","Retained process","ga",55,"-80:-1","Omit 2025/2026"
-29,0.0401356430220925,,,,,0.236599078545441,,,,,0,"RH","Relative humidity","Atmospheric moisture","Retained process","ga",55,"-80:-1","Omit 2025/2026"
-28,0.040359686709357,,,,,0.237919813083854,,,,,0,"RH","Relative humidity","Atmospheric moisture","Retained process","ga",55,"-80:-1","Omit 2025/2026"
-27,0.0405673063253141,,,,,0.239143727941687,,,,,0,"RH","Relative humidity","Atmospheric moisture","Retained process","ga",55,"-80:-1","Omit 2025/2026"
-26,0.0407591777339326,,,,,0.240274807327991,,,,,0,"RH","Relative humidity","Atmospheric moisture","Retained process","ga",55,"-80:-1","Omit 2025/2026"
-25,0.0409359767991809,,,,,0.241317035451817,,,,,0,"RH","Relative humidity","Atmospheric moisture","Retained process","ga",55,"-80:-1","Omit 2025/2026"
-24,0.041098379385028,,,,,0.242274396522216,,,,,0,"RH","Relative humidity","Atmospheric moisture","Retained process","ga",55,"-80:-1","Omit 2025/2026"
-23,0.0412470613554424,,,,,0.243150874748241,,,,,0,"RH","Relative humidity","Atmospheric moisture","Retained process","ga",55,"-80:-1","Omit 2025/2026"
-22,0.0413826985743929,,,,,0.243950454338943,,,,,0,"RH","Relative humidity","Atmospheric moisture","Retained process","ga",55,"-80:-1","Omit 2025/2026"
-21,0.0415059669058481,,,,,0.244677119503372,,,,,0,"RH","Relative humidity","Atmospheric moisture","Retained process","ga",55,"-80:-1","Omit 2025/2026"
-20,0.0416175422137768,,,,,0.245334854450582,,,,,0,"RH","Relative humidity","Atmospheric moisture","Retained process","ga",55,"-80:-1","Omit 2025/2026"
-19,0.0417181003621476,,,,,0.245927643389622,,,,,0,"RH","Relative humidity","Atmospheric moisture","Retained process","ga",55,"-80:-1","Omit 2025/2026"
-18,0.0418083172149293,,,,,0.246459470529546,,,,,0,"RH","Relative humidity","Atmospheric moisture","Retained process","ga",55,"-80:-1","Omit 2025/2026"
-17,0.0418888686360906,,,,,0.246934320079403,,,,,0,"RH","Relative humidity","Atmospheric moisture","Retained process","ga",55,"-80:-1","Omit 2025/2026"
-16,0.0419604304896001,,,,,0.247356176248246,,,,,0,"RH","Relative humidity","Atmospheric moisture","Retained process","ga",55,"-80:-1","Omit 2025/2026"
-15,0.0420236786394265,,,,,0.247729023245126,,,,,0,"RH","Relative humidity","Atmospheric moisture","Retained process","ga",55,"-80:-1","Omit 2025/2026"
-14,0.0420792889495386,,,,,0.248056845279095,,,,,0,"RH","Relative humidity","Atmospheric moisture","Retained process","ga",55,"-80:-1","Omit 2025/2026"
-13,0.0421279372839051,,,,,0.248343626559204,,,,,0,"RH","Relative humidity","Atmospheric moisture","Retained process","ga",55,"-80:-1","Omit 2025/2026"
-12,0.0421702995064945,,,,,0.248593351294504,,,,,0,"RH","Relative humidity","Atmospheric moisture","Retained process","ga",55,"-80:-1","Omit 2025/2026"
-11,0.0422070514812757,,,,,0.248810003694048,,,,,0,"RH","Relative humidity","Atmospheric moisture","Retained process","ga",55,"-80:-1","Omit 2025/2026"
-10,0.0422388690722174,,,,,0.248997567966886,,,,,0,"RH","Relative humidity","Atmospheric moisture","Retained process","ga",55,"-80:-1","Omit 2025/2026"
-9,0.0422664281432881,,,,,0.24916002832207,,,,,0,"RH","Relative humidity","Atmospheric moisture","Retained process","ga",55,"-80:-1","Omit 2025/2026"
-8,0.0422904045584567,,,,,0.249301368968652,,,,,0,"RH","Relative humidity","Atmospheric moisture","Retained process","ga",55,"-80:-1","Omit 2025/2026"
-7,0.0423114741816918,,,,,0.249425574115682,,,,,0,"RH","Relative humidity","Atmospheric moisture","Retained process","ga",55,"-80:-1","Omit 2025/2026"
-6,0.0423303128769622,,,,,0.249536627972213,,,,,0,"RH","Relative humidity","Atmospheric moisture","Retained process","ga",55,"-80:-1","Omit 2025/2026"
-5,0.0423475965082364,,,,,0.249638514747296,,,,,0,"RH","Relative humidity","Atmospheric moisture","Retained process","ga",55,"-80:-1","Omit 2025/2026"
-4,0.0423640009394833,,,,,0.249735218649983,,,,,0,"RH","Relative humidity","Atmospheric moisture","Retained process","ga",55,"-80:-1","Omit 2025/2026"
-3,0.0423802020346715,,,,,0.249830723889325,,,,,0,"RH","Relative humidity","Atmospheric moisture","Retained process","ga",55,"-80:-1","Omit 2025/2026"
-2,0.0423968756577697,,,,,0.249929014674372,,,,,0,"RH","Relative humidity","Atmospheric moisture","Retained process","ga",55,"-80:-1","Omit 2025/2026"
-1,0.0424146976727466,,,,,0.250034075214178,,,,,0,"RH","Relative humidity","Atmospheric moisture","Retained process","ga",55,"-80:-1","Omit 2025/2026"
