"lag_day","beta","conf_low","conf_high","pointwise_conf_low","pointwise_conf_high","beta_per_process_sd","conf_low_per_process_sd","conf_high_per_process_sd","pointwise_conf_low_per_process_sd","pointwise_conf_high_per_process_sd","bootstrap_reps","process","process_label","domain","role","response","n","days","scenario"
-80,-0.0416723681846359,-0.126074221484699,0.0427294851154267,-0.0973420614382766,0.0137073979731964,-0.0404138232921948,-0.122266660877271,0.0414390142928809,-0.0944022392112308,0.0132934216032577,499,"LogRain","Log rainfall amount","Rainfall","Retained process","log_ga",72,"-80:-1","log1p(GA)"
-79,-0.0347052957219224,-0.112890898834707,0.0434803073908627,-0.0895046277398421,0.0155191045012724,-0.0336571630005479,-0.109481487027296,0.0421671610262,-0.0868015034155242,0.0150504128824328,499,"LogRain","Log rainfall amount","Rainfall","Retained process","log_ga",72,"-80:-1","log1p(GA)"
-78,-0.0280684268247888,-0.100617976033026,0.0444811223834482,-0.0832391411099472,0.0170077902767736,-0.0272207338148144,-0.0975792180900391,0.0431377504604103,-0.0807252404016661,0.0164941389409603,499,"LogRain","Log rainfall amount","Rainfall","Retained process","log_ga",72,"-80:-1","log1p(GA)"
-77,-0.0217553367987304,-0.0892384385588968,0.0457277649614361,-0.0744389138224206,0.0201539569984561,-0.0210983050723339,-0.0865433533993468,0.0443467432546789,-0.0721907882929334,0.0195452884550582,499,"LogRain","Log rainfall amount","Rainfall","Retained process","log_ga",72,"-80:-1","log1p(GA)"
-76,-0.0157596009492425,-0.0787321351272599,0.0472129332287749,-0.0665567848824572,0.0227335214984181,-0.0152836461104462,-0.0763543502580062,0.0457870580371138,-0.0645467070942215,0.0220469476698738,499,"LogRain","Log rainfall amount","Rainfall","Retained process","log_ga",72,"-80:-1","log1p(GA)"
-75,-0.0100747945818204,-0.069074724546065,0.0489251353824241,-0.0585526602397839,0.0267577794565557,-0.00977052626649059,-0.0669886026009657,0.0474475500679845,-0.0567843145782866,0.0259496692354397,499,"LogRain","Log rainfall amount","Rainfall","Retained process","log_ga",72,"-80:-1","log1p(GA)"
-74,-0.00469449300195948,-0.0602366871519778,0.0508477011480589,-0.0518574114150696,0.0299958472014714,-0.00455271487780682,-0.0584174822866147,0.049312052531001,-0.0502912685939444,0.0290899442750384,499,"LogRain","Log rainfall amount","Rainfall","Retained process","log_ga",72,"-80:-1","log1p(GA)"
-73,0.000387728484845029,-0.0521825975640732,0.0529580545337633,-0.0450239054707997,0.0326364795832696,0.000376018718265563,-0.0506066338140028,0.0513586712505339,-0.0436641409856866,0.03165082706396,499,"LogRain","Log rainfall amount","Rainfall","Retained process","log_ga",72,"-80:-1","log1p(GA)"
-72,0.00517829457309779,-0.0448708745331194,0.055227463679315,-0.0385598446894118,0.0351011890917328,0.00502190518438697,-0.0435157317269123,0.0535595420956862,-0.0373953009473291,0.0340411000165385,499,"LogRain","Log rainfall amount","Rainfall","Retained process","log_ga",72,"-80:-1","log1p(GA)"
-71,0.00968362995730353,-0.0382541790900285,0.0576214390046356,-0.0328292039208876,0.0376369316173255,0.00939117518321782,-0.037098866737849,0.0558812171042846,-0.0318377309444905,0.0365002607220149,499,"LogRain","Log rainfall amount","Rainfall","Retained process","log_ga",72,"-80:-1","log1p(GA)"
-70,0.0139101593319669,-0.032280517826832,0.0601008364907659,-0.0270954816041359,0.0404547496313546,0.0134900593774185,-0.0313056156888899,0.058285734443727,-0.0262771724590922,0.039232977969664,499,"LogRain","Log rainfall amount","Rainfall","Retained process","log_ga",72,"-80:-1","log1p(GA)"
-69,0.0178643073915927,-0.0268949525578028,0.0626235673409881,-0.022127268806321,0.0415009510181312,0.0173247884296495,-0.026082699579424,0.060732276438723,-0.0214590043818832,0.0402475830860784,499,"LogRain","Log rainfall amount","Rainfall","Retained process","log_ga",72,"-80:-1","log1p(GA)"
-68,0.0215524988306855,-0.0220416770772962,0.0651466747386672,-0.0169493769550546,0.0442197544115815,0.0209015930025713,-0.0213759976039445,0.063179183609087,-0.0164374897567478,0.0428842760482421,499,"LogRain","Log rainfall amount","Rainfall","Retained process","log_ga",72,"-80:-1","log1p(GA)"
-67,0.0249811583437501,-0.0176661510449985,0.0676284677324987,-0.0120900671078353,0.0471770851582514,0.0242267037588441,-0.0171326165919464,0.0655860241096346,-0.0117249356581318,0.0457522926121904,499,"LogRain","Log rainfall amount","Rainfall","Retained process","log_ga",72,"-80:-1","log1p(GA)"
-66,0.0281567106252911,-0.0137170020768255,0.0700304233274077,-0.00731832403236813,0.0494700089592337,0.0273063513611284,-0.013302735653883,0.0679154383761398,-0.00709730373202528,0.047975967947962,499,"LogRain","Log rainfall amount","Rainfall","Retained process","log_ga",72,"-80:-1","log1p(GA)"
-65,0.0310855803698132,-0.0101474994622875,0.072318660201914,-0.00371051269852266,0.0513941565325246,0.0301467664720847,-0.0098410353908739,0.0701345683350434,-0.00359845170922699,0.049842004446549,499,"LogRain","Log rainfall amount","Rainfall","Retained process","log_ga",72,"-80:-1","log1p(GA)"
-64,0.0337741922718213,-0.00691652134528584,0.0744649058889284,0.000753422531169001,0.0540953865574023,0.0327541797543734,-0.00670763586572774,0.0722159953744745,0.000730668458872183,0.0524616547724747,499,"LogRain","Log rainfall amount","Rainfall","Retained process","log_ga",72,"-80:-1","log1p(GA)"
-63,0.0362289710258198,-0.00398903914265807,0.0764469811942977,0.00390823468539797,0.0567287567759289,0.0351348218706549,-0.00386856639158963,0.0741382101328994,0.00379020230528519,0.0550154947223171,499,"LogRain","Log rainfall amount","Rainfall","Retained process","log_ga",72,"-80:-1","log1p(GA)"
-62,0.0384563413263136,-0.00133620595702946,0.0782488886096567,0.00615081338597065,0.0588897389741406,0.0372949234835895,-0.00129585127464093,0.07588569824182,0.00596505301024701,0.0571112132163839,499,"LogRain","Log rainfall amount","Rainfall","Retained process","log_ga",72,"-80:-1","log1p(GA)"
-61,0.0404627278678074,0.00106484157940251,0.0798606141562122,0.0082731437699628,0.0610981031041829,0.0392407152558378,0.00103268235761127,0.0774487481540644,0.00802328701140314,0.0592528826631724,499,"LogRain","Log rainfall amount","Rainfall","Retained process","log_ga",72,"-80:-1","log1p(GA)"
-60,0.0422545553448057,0.00323136522233484,0.0812777454672766,0.0105405192570583,0.0624333804030918,0.0409784278500601,0.00313377493953252,0.0788230807605877,0.0102221856165061,0.0605478333260454,499,"LogRain","Log rainfall amount","Rainfall","Retained process","log_ga",72,"-80:-1","log1p(GA)"
-59,0.0438382484518134,0.00517551015786828,0.0825009867457586,0.0126737520951759,0.0644740996298351,0.0425142919289169,0.00501920486112818,0.0800093789967056,0.0122909928073722,0.0625269209040101,499,"LogRain","Log rainfall amount","Rainfall","Retained process","log_ga",72,"-80:-1","log1p(GA)"
-58,0.0452202318833352,0.00690483932401993,0.0835356244426504,0.0143341371907805,0.0663777640164708,0.0438545381550686,0.00669630665254158,0.0810127696575955,0.0139012327043094,0.064373092827532,499,"LogRain","Log rainfall amount","Rainfall","Retained process","log_ga",72,"-80:-1","log1p(GA)"
-57,0.0464069303338756,0.00842288799825786,0.0843909726694934,0.0158562317427677,0.0680429964083004,0.0450053971911755,0.008168508822521,0.08184228555983,0.0153773585627073,0.0659880336277683,499,"LogRain","Log rainfall amount","Rainfall","Retained process","log_ga",72,"-80:-1","log1p(GA)"
-56,0.0474047684979395,0.00972972946507028,0.0850798075308087,0.0171904690463053,0.0691463099949702,0.0459730996998981,0.00943588244229386,0.0825103169575024,0.0166713006390519,0.067058026101678,499,"LogRain","Log rainfall amount","Rainfall","Retained process","log_ga",72,"-80:-1","log1p(GA)"
-55,0.0482201710700315,0.0108225563918403,0.0856177857482228,0.0185932966751226,0.0702332065706316,0.0467638763438969,0.0104957049633407,0.0830320477244531,0.0180317615480466,0.0681120973738229,499,"LogRain","Log rainfall amount","Rainfall","Retained process","log_ga",72,"-80:-1","log1p(GA)"
-54,0.0488595627446563,0.0116962901400777,0.0860228353492349,0.0197749377330683,0.0704605312682951,0.0473839577858322,0.0113430511268524,0.083424864444812,0.0191777159295935,0.068332556650834,499,"LogRain","Log rainfall amount","Rainfall","Retained process","log_ga",72,"-80:-1","log1p(GA)"
-53,0.0493293682163187,0.0123442315398077,0.0863145048928297,0.0202617829494944,0.0714167722900968,0.0478395746883645,0.0119714240841167,0.0837077252926124,0.019649857960498,0.0692599182902929,499,"LogRain","Log rainfall amount","Rainfall","Retained process","log_ga",72,"-80:-1","log1p(GA)"
-52,0.0496360121795233,0.0127587615838984,0.0865132627751481,0.0221917366261123,0.072031207147452,0.0481369577141542,0.0123734349292157,0.0839004804990926,0.0215215252126057,0.0698557966344201,499,"LogRain","Log rainfall amount","Rainfall","Retained process","log_ga",72,"-80:-1","log1p(GA)"
-51,0.0497859193287747,0.012932089355705,0.0866397493018445,0.0226262651503641,0.0725479425447435,0.0482823375258616,0.0125415280385486,0.0840231470131746,0.0219429305648699,0.0703569261344868,499,"LogRain","Log rainfall amount","Rainfall","Retained process","log_ga",72,"-80:-1","log1p(GA)"
-50,0.0497855143585778,0.0128570286041077,0.086714000113048,0.0223461635735488,0.0730147831549061,0.0482819447861473,0.0124687341925692,0.0840951553797254,0.0216712883203226,0.0708096677171379,499,"LogRain","Log rainfall amount","Rainfall","Retained process","log_ga",72,"-80:-1","log1p(GA)"
-49,0.0496412219634372,0.0125277666335862,0.0867546772932882,0.0223167602881518,0.0730286004882202,0.0481420101576715,0.0121494162446537,0.0841346040706894,0.0216427730419257,0.0708230677539309,499,"LogRain","Log rainfall amount","Rainfall","Retained process","log_ga",72,"-80:-1","log1p(GA)"
-48,0.0493594668378576,0.0119405741058097,0.0867783595699055,0.0218524754557498,0.0735666312439345,0.0478687643030949,0.0115799574860126,0.0841575711201771,0.0211925100501319,0.0713448494724755,499,"LogRain","Log rainfall amount","Rainfall","Retained process","log_ga",72,"-80:-1","log1p(GA)"
-47,0.0489466736763437,0.0110943971467965,0.0867989502058909,0.0208384946698315,0.0741748617528885,0.0474684378850777,0.0107593358706542,0.0841775398995011,0.0202091524419869,0.0719347108453852,499,"LogRain","Log rainfall amount","Rainfall","Retained process","log_ga",72,"-80:-1","log1p(GA)"
-46,0.0484092671734002,0.009991277817712,0.0868272565290884,0.0200560264254286,0.0737508662372234,0.0469472615662804,0.00968953178756731,0.0842049913449934,0.0194503154778638,0.0715235203948965,499,"LogRain","Log rainfall amount","Rainfall","Retained process","log_ga",72,"-80:-1","log1p(GA)"
-45,0.0477536720235318,0.00863656629887293,0.0868707777481906,0.0191520262702349,0.0739371759751744,0.0463114660093633,0.00837573383656802,0.0842471981821587,0.0185736169814825,0.0717042034027305,499,"LogRain","Log rainfall amount","Rainfall","Retained process","log_ga",72,"-80:-1","log1p(GA)"
-44,0.0469863129212432,0.00703891458176582,0.0869337112607205,0.0178971597616341,0.0742729042552505,0.045567281876987,0.00682633271082533,0.0843082310431487,0.0173566486270759,0.0720297923715424,499,"LogRain","Log rainfall amount","Rainfall","Retained process","log_ga",72,"-80:-1","log1p(GA)"
-43,0.046113614561039,0.0052100702798378,0.0870171588422403,0.0172706861476363,0.0755530695286561,0.0447209398318119,0.00505272123476082,0.0843891584288629,0.0167490951081313,0.0732712954441539,499,"LogRain","Log rainfall amount","Rainfall","Retained process","log_ga",72,"-80:-1","log1p(GA)"
-42,0.0451420016374241,0.00316451286498116,0.0871194904098671,0.015377377650141,0.0760001364380867,0.0437786705364982,0.00306894158653496,0.0844883994864615,0.0149129663161132,0.0737048605105178,499,"LogRain","Log rainfall amount","Rainfall","Retained process","log_ga",72,"-80:-1","log1p(GA)"
-41,0.0440778988449031,0.000918987923652831,0.0872368097661533,0.0140524193703612,0.0755806461202078,0.0427467046537066,0.000891233620072005,0.0846021756873411,0.0136280230282419,0.0732980391965855,499,"LogRain","Log rainfall amount","Rainfall","Retained process","log_ga",72,"-80:-1","log1p(GA)"
-40,0.0429277308779806,-0.00150800352230375,0.0873634652782649,0.0128544498396016,0.0761638374726597,0.0416312728460973,-0.0014624603911246,0.0847250060833192,0.0124662333091877,0.0738636176191772,499,"LogRain","Log rainfall amount","Rainfall","Retained process","log_ga",72,"-80:-1","log1p(GA)"
-39,0.0416979224311614,-0.00409671178083199,0.0874925566431548,0.0103271823029868,0.075863465083742,0.0404386057763308,-0.00397298721435846,0.0848501987670201,0.0100152916400145,0.0735723167602054,499,"LogRain","Log rainfall amount","Rainfall","Retained process","log_ga",72,"-80:-1","log1p(GA)"
-38,0.0403948981989502,-0.00682660615842284,0.0876164025563232,0.00802581023778337,0.075661606201994,0.0391749341070676,-0.00662043620246248,0.0849703044165977,0.00778342318558344,0.0733765542074084,499,"LogRain","Log rainfall amount","Rainfall","Retained process","log_ga",72,"-80:-1","log1p(GA)"
-37,0.0390250828758517,-0.00967678322022967,0.087726948971933,0.00602392864338032,0.0757232359910822,0.037846488500968,-0.00938453522407259,0.0850775122260085,0.0058420003067673,0.0734363227186365,499,"LogRain","Log rainfall amount","Rainfall","Retained process","log_ga",72,"-80:-1","log1p(GA)"
-36,0.0375949011563705,-0.0126263083165012,0.0878161106292422,0.00452667104637513,0.0750360335993975,0.0364594996206924,-0.0122449818756397,0.0851639811170245,0.00438996130384419,0.0727698744884694,499,"LogRain","Log rainfall amount","Rainfall","Retained process","log_ga",72,"-80:-1","log1p(GA)"
-35,0.0361107777350114,-0.01565449263914,0.0878760481091628,0.00287713911212956,0.0741446252984655,0.0350201981289013,-0.0151817121706182,0.0852221084284208,0.00279024679253856,0.0719053875604541,499,"LogRain","Log rainfall amount","Rainfall","Retained process","log_ga",72,"-80:-1","log1p(GA)"
-34,0.0345791373062791,-0.0187411140557775,0.0878993886683356,0.000927330171120963,0.0733964096869731,0.0335348146882551,-0.0181751147041435,0.0852447440806538,0.000899323923784602,0.0711797687673646,499,"LogRain","Log rainfall amount","Rainfall","Retained process","log_ga",72,"-80:-1","log1p(GA)"
-33,0.0330064045646782,-0.0218665929247353,0.0878794020540918,-0.00198145645261052,0.0729127024599113,0.0320095799614142,-0.0212062011582156,0.085225361081044,-0.00192161459560401,0.0707106699555807,499,"LogRain","Log rainfall amount","Rainfall","Retained process","log_ga",72,"-80:-1","log1p(GA)"
-32,0.0313990042047135,-0.0250121348963034,0.0878101433057304,-0.0040087039579238,0.0712392193617995,0.0304507246110391,-0.0242567447902427,0.0851581940123208,-0.00388763731085445,0.0690877276281874,499,"LogRain","Log rainfall amount","Rainfall","Retained process","log_ga",72,"-80:-1","log1p(GA)"
-31,0.0297633609208897,-0.0281598522003405,0.0876865740421199,-0.00615155676553359,0.0710780381068526,0.02886447929979,-0.0273093980576431,0.0850383566572232,-0.00596577393904478,0.0689314141994287,499,"LogRain","Log rainfall amount","Rainfall","Retained process","log_ga",72,"-80:-1","log1p(GA)"
-30,0.0281058994077114,-0.0312928737729356,0.0875046725883585,-0.00913866966257023,0.0715526299679232,0.0272570746903276,-0.030347799418576,0.0848619487992311,-0.0088626732042798,0.0693916729378867,499,"LogRain","Log rainfall amount","Rainfall","Retained process","log_ga",72,"-80:-1","log1p(GA)"
-29,0.0264330443596834,-0.0343954532355142,0.087261541954881,-0.011830378144451,0.0719252403807796,0.0256347414453121,-0.0333566780499774,0.0846261609406016,-0.0114730895468034,0.0697530301642217,499,"LogRain","Log rainfall amount","Rainfall","Retained process","log_ga",72,"-80:-1","log1p(GA)"
-28,0.0247512204713103,-0.0374530824687173,0.0869555234113379,-0.014358761533707,0.0718981062690009,0.024003710227404,-0.0363219639914008,0.0843293844462087,-0.0139251133688137,0.0697267155282558,499,"LogRain","Log rainfall amount","Rainfall","Retained process","log_ga",72,"-80:-1","log1p(GA)"
-27,0.0230668524370969,-0.0404526174380736,0.0865863223122674,-0.0166132332506513,0.0708429865535306,0.0223702116992637,-0.0392309101706346,0.083971333569162,-0.0161114979098158,0.0687034614251005,499,"LogRain","Log rainfall amount","Rainfall","Retained process","log_ga",72,"-80:-1","log1p(GA)"
-26,0.0213863649515478,-0.0433824220473192,0.0861551519504148,-0.0185728620556662,0.0700168429769433,0.0207404765235516,-0.0420722319125164,0.0835531849596197,-0.018011944073405,0.0679022681650906,499,"LogRain","Log rainfall amount","Rainfall","Retained process","log_ga",72,"-80:-1","log1p(GA)"
-25,0.0197161827091678,-0.0462325350691543,0.0856649004874898,-0.0208547222426956,0.0698846507360034,0.0191207353629282,-0.0448362688282225,0.0830777395540789,-0.0202248899268183,0.0677740682547261,499,"LogRain","Log rainfall amount","Rainfall","Retained process","log_ga",72,"-80:-1","log1p(GA)"
-24,0.0180627304044615,-0.0489948645338397,0.0851203253427626,-0.023270898370307,0.0702792500755216,0.0175172188800539,-0.0475151733331452,0.0825496110932529,-0.0225680952525023,0.068156750321362,499,"LogRain","Log rainfall amount","Rainfall","Retained process","log_ga",72,"-80:-1","log1p(GA)"
-23,0.0164324327319336,-0.0516634132017519,0.0845282786656191,-0.0255617596906579,0.0707000573538092,0.015936157737589,-0.050103129309964,0.081975444785142,-0.0247897703965063,0.0685648488222544,499,"LogRain","Log rainfall amount","Rainfall","Retained process","log_ga",72,"-80:-1","log1p(GA)"
-22,0.0148317143860889,-0.0542345377198645,0.0838979664920422,-0.0275943742545796,0.0702997951322826,0.014383782598194,-0.0525966034383564,0.0813641686347444,-0.0267609980801242,0.0681766748979972,499,"LogRain","Log rainfall amount","Rainfall","Retained process","log_ga",72,"-80:-1","log1p(GA)"
-21,0.013267000061432,-0.0567072425252734,0.0832412426481374,-0.02972936885389,0.0700908495934929,0.0128663241245293,-0.0549946302223586,0.0807272784714173,-0.0288315138253304,0.0679740397118968,499,"LogRain","Log rainfall amount","Rainfall","Retained process","log_ga",72,"-80:-1","log1p(GA)"
-20,0.0117447144524676,-0.0590835072156673,0.0825729361206026,-0.0316942265610214,0.0692772170362391,0.0113900129792554,-0.0572991294739387,0.0800791554324495,-0.0307370309732518,0.0671849796266157,499,"LogRain","Log rainfall amount","Rainfall","Retained process","log_ga",72,"-80:-1","log1p(GA)"
-19,0.0102712822537005,-0.0613686426099884,0.0819112071173894,-0.0325856375106995,0.0684138899169975,0.00996107982503263,-0.0595152516202889,0.0794374112703542,-0.0316015204700186,0.0663477258020718,499,"LogRain","Log rainfall amount","Rainfall","Retained process","log_ga",72,"-80:-1","log1p(GA)"
-18,0.00885312815963529,-0.063571665703333,0.0812779220226036,-0.0335440802715375,0.0680718487155029,0.00858575532452142,-0.0616517413347343,0.0788232519837771,-0.0325310173539147,0.0660160145680329,499,"LogRain","Log rainfall amount","Rainfall","Retained process","log_ga",72,"-80:-1","log1p(GA)"
-17,0.00749667686477671,-0.0657056768603741,0.0806990305899275,-0.0353243788418843,0.0675950127337425,0.00727027014038218,-0.0637213033385569,0.0782618436193212,-0.0342575492253592,0.0655535794834501,499,"LogRain","Log rainfall amount","Rainfall","Retained process","log_ga",72,"-80:-1","log1p(GA)"
-16,0.00620835306362944,-0.0677882137650969,0.0802049198923558,-0.0369311408827689,0.0666187429432074,0.00602085493527535,-0.0657409456611156,0.0777826555316663,-0.0358157855344936,0.0646067939629972,499,"LogRain","Log rainfall amount","Rainfall","Retained process","log_ga",72,"-80:-1","log1p(GA)"
-15,0.0049945814506982,-0.0698415461464089,0.0798307090478053,-0.0371818655807906,0.0660780485413623,0.00484374037186134,-0.0677322654644639,0.0774197462081865,-0.0360589381097431,0.0640824290429516,499,"LogRain","Log rainfall amount","Rainfall","Retained process","log_ga",72,"-80:-1","log1p(GA)"
-14,0.00386178672048767,-0.0718928641603602,0.0796164376013355,-0.0384358461572206,0.0638554094017289,0.00374515711280056,-0.0697216317362489,0.0772119459618501,-0.0372750472879676,0.0619269157053493,499,"LogRain","Log rainfall amount","Rainfall","Retained process","log_ga",72,"-80:-1","log1p(GA)"
-13,0.00281639356750255,-0.0739743036378491,0.0796070907728542,-0.0396160311373332,0.062373296555239,0.00273133582075344,-0.0717402097749131,0.07720288141642,-0.0384195895666076,0.0604895640671666,499,"LogRain","Log rainfall amount","Rainfall","Retained process","log_ga",72,"-80:-1","log1p(GA)"
-12,0.00186482668624753,-0.0761227465887461,0.0798523999612412,-0.042283575644702,0.0610462591139268,0.00180850715838038,-0.0738237677187817,0.0774407820355425,-0.0410065717094803,0.0592026044104056,499,"LogRain","Log rainfall amount","Rainfall","Retained process","log_ga",72,"-80:-1","log1p(GA)"
-11,0.00101351077122733,-0.0783793398355895,0.0804063613780442,-0.0423376601109003,0.0594013337397822,0.000982901788341819,-0.0760122097174755,0.0779780132941592,-0.0410590227736988,0.0576073573367336,499,"LogRain","Log rainfall amount","Rainfall","Retained process","log_ga",72,"-80:-1","log1p(GA)"
-10,0.000268870516946629,-0.080788692948206,0.0813264339820992,-0.0435388487345943,0.060094863185963,0.000260750373298159,-0.0783487980896641,0.0788702988362604,-0.0422239343660394,0.0582799415383729,499,"LogRain","Log rainfall amount","Rainfall","Retained process","log_ga",72,"-80:-1","log1p(GA)"
-9,-0.000362669382089872,-0.0833977514057849,0.0826724126416052,-0.0467640108911325,0.0626710996872899,-0.000351716424090181,-0.0808790605167099,0.0801756276685295,-0.0453516935782232,0.0607783732632565,499,"LogRain","Log rainfall amount","Rainfall","Retained process","log_ga",72,"-80:-1","log1p(GA)"
-8,-0.000874684231377472,-0.086254390340295,0.08450502187754,-0.0490330287624496,0.0645760552893382,-0.000848267941162779,-0.0836494262563622,0.0819528903740366,-0.0475521849659924,0.0626257974062655,499,"LogRain","Log rainfall amount","Rainfall","Retained process","log_ga",72,"-80:-1","log1p(GA)"
-7,-0.00126074933641148,-0.0894058301256653,0.0868843314528423,-0.0506129703000143,0.0675921817585032,-0.00122267351525922,-0.0867056895826424,0.0842603425521239,-0.0490844107763479,0.0655508340063378,499,"LogRain","Log rainfall amount","Rainfall","Retained process","log_ga",72,"-80:-1","log1p(GA)"
-6,-0.00151444000268719,-0.0928970232469731,0.0898681432415988,-0.0536037318937261,0.0693702795795489,-0.00146870248371909,-0.090091445373106,0.0871540404056678,-0.0519848485441712,0.0672752315931894,499,"LogRain","Log rainfall amount","Rainfall","Retained process","log_ga",72,"-80:-1","log1p(GA)"
-5,-0.00162933153569991,-0.0967691860359253,0.0935105229645255,-0.0578393940248052,0.0720653866183117,-0.00158012418388196,-0.0938466651872998,0.0906864168195359,-0.0560925896769149,0.0698889438529661,499,"LogRain","Log rainfall amount","Rainfall","Retained process","log_ga",72,"-80:-1","log1p(GA)"
-4,-0.00159899924094494,-0.101058637480779,0.0978606389988895,-0.0627369429764653,0.0755260394772946,-0.00155070795308743,-0.0980065711457208,0.094905155239546,-0.0608422280228883,0.0732450817258823,499,"LogRain","Log rainfall amount","Rainfall","Retained process","log_ga",72,"-80:-1","log1p(GA)"
-3,-0.00141701842391759,-0.105796059979133,0.102962023131298,-0.0660120867266368,0.0789765811369578,-0.00137422312867507,-0.102600919008569,0.0998524727512192,-0.0640184593373535,0.0765914137672515,499,"LogRain","Log rainfall amount","Rainfall","Retained process","log_ga",72,"-80:-1","log1p(GA)"
-2,-0.00107696439011315,-0.111006225911774,0.108852297131548,-0.0696900450385667,0.0819441950805004,-0.00104443904798446,-0.107653733007329,0.10556485491136,-0.0675853398332211,0.0794694029658112,499,"LogRain","Log rainfall amount","Rainfall","Retained process","log_ga",72,"-80:-1","log1p(GA)"
-1,-0.000572412445026932,-0.116708159586114,0.11556333469606,-0.0740592111677562,0.0862450869449096,-0.000555125048355197,-0.113183462897351,0.112073212800641,-0.0718225530171939,0.0836404038323075,499,"LogRain","Log rainfall amount","Rainfall","Retained process","log_ga",72,"-80:-1","log1p(GA)"
-80,-0.00622391618146817,-0.0173214855060386,0.00487365314310227,-0.0136744197764181,0.0024877500510032,-0.0360959179860429,-0.10045683489184,0.0282649989197544,-0.0793054919707927,0.0144278327651905,499,"RH","Relative humidity","Atmospheric moisture","Retained process","log_ga",72,"-80:-1","log1p(GA)"
-79,-0.00534549247525925,-0.0152824328108008,0.00459144786028234,-0.0121953628876789,0.00232358158281118,-0.0310014550897201,-0.08863124522923,0.0266283350497899,-0.0707276264282611,0.0134757293963505,499,"RH","Relative humidity","Atmospheric moisture","Retained process","log_ga",72,"-80:-1","log1p(GA)"
-78,-0.00451406881409521,-0.0134003940083396,0.00437225638014912,-0.010781007985442,0.002173223438528,-0.0261795713416081,-0.0777162656119808,0.0253571229287646,-0.0625250033424442,0.0126037197023994,499,"RH","Relative humidity","Atmospheric moisture","Retained process","log_ga",72,"-80:-1","log1p(GA)"
-77,-0.00372854900068192,-0.0116780124467984,0.0042209144454346,-0.00939514091872446,0.00205842268985436,-0.0216239092898275,-0.0677272262718985,0.0244794076922436,-0.0544875969055221,0.0119379269301255,499,"RH","Relative humidity","Atmospheric moisture","Retained process","log_ga",72,"-80:-1","log1p(GA)"
-76,-0.00298783683772524,-0.0101187218774512,0.00414304820200069,-0.00795408061938863,0.00197305632981376,-0.0173281114824987,-0.0586840414238833,0.0240278184588859,-0.0461300945129532,0.0114428403896018,499,"RH","Relative humidity","Atmospheric moisture","Retained process","log_ga",72,"-80:-1","log1p(GA)"
-75,-0.00229083612793103,-0.00872623584736528,0.00414456359150323,-0.0067492400660735,0.00196757671630414,-0.0132858204677423,-0.050608247972752,0.0240366070372674,-0.039142560534232,0.0114110610927618,499,"RH","Relative humidity","Atmospheric moisture","Retained process","log_ga",72,"-80:-1","log1p(GA)"
-74,-0.00163645067400515,-0.00750346817023776,0.00423056682222746,-0.00588807221164432,0.00227647241822998,-0.00949067879367883,-0.0435167447290229,0.0245353871416653,-0.034148173826672,0.013202517403847,499,"RH","Relative humidity","Atmospheric moisture","Retained process","log_ga",72,"-80:-1","log1p(GA)"
-73,-0.00102358427865346,-0.00645080082006855,0.00440363226276163,-0.00497046783342415,0.00260673157854032,-0.00593632900842868,-0.037411746970308,0.0255390889534506,-0.0288264806331663,0.0151178721768107,499,"RH","Relative humidity","Atmospheric moisture","Retained process","log_ga",72,"-80:-1","log1p(GA)"
-72,-0.000451140744581826,-0.00556400340542238,0.00466172191625873,-0.00426166996892091,0.00285576090612433,-0.0026164136601124,-0.032268720326631,0.0270358930064062,-0.0247157714205374,0.0165621304094901,499,"RH","Relative humidity","Atmospheric moisture","Retained process","log_ga",72,"-80:-1","log1p(GA)"
-71,8.1976125503893e-05,-0.00483265444528049,0.00499660669628827,-0.00353429839761349,0.00318508240025603,0.000475424703149534,-0.028027224889552,0.0289780742958511,-0.020497343052002,0.0184720471398299,499,"RH","Relative humidity","Atmospheric moisture","Retained process","log_ga",72,"-80:-1","log1p(GA)"
-70,0.000576862528897831,-0.00424009259340918,0.00539381765120484,-0.00298001234033951,0.00370658271691383,0.00334554353323659,-0.0245906323354153,0.0312817194018885,-0.0172827329125304,0.0214965147115213,499,"RH","Relative humidity","Atmospheric moisture","Retained process","log_ga",72,"-80:-1","log1p(GA)"
-69,0.00103461466289413,-0.00376524230706613,0.00583447163285439,-0.0026118539433324,0.00410651060876165,0.0060003002820283,-0.0218367139837314,0.033837314547788,-0.0151475795915699,0.0238159168312755,499,"RH","Relative humidity","Atmospheric moisture","Retained process","log_ga",72,"-80:-1","log1p(GA)"
-68,0.00145632872478693,-0.0033855296475839,0.00629818709715776,-0.00231279931693965,0.004558248689098,0.00844605240140417,-0.0196345511307446,0.0365266559335529,-0.0134131970978338,0.0264357947704329,499,"RH","Relative humidity","Atmospheric moisture","Retained process","log_ga",72,"-80:-1","log1p(GA)"
-67,0.00184310091187037,-0.00307959976655624,0.00676580159029697,-0.00204051527654668,0.00490320990075032,0.0106891573432437,-0.0178602952485824,0.0392386099350697,-0.0118340719771908,0.0284364148368219,499,"RH","Relative humidity","Atmospheric moisture","Retained process","log_ga",72,"-80:-1","log1p(GA)"
-66,0.00219602742143858,-0.00282900840402982,0.00722106324690697,-0.00172589925008384,0.00534811664460901,0.0127359725594263,-0.016406977914924,0.0418789230337767,-0.0100094403534374,0.0310166740931366,499,"RH","Relative humidity","Atmospheric moisture","Retained process","log_ga",72,"-80:-1","log1p(GA)"
-65,0.0025162044507857,-0.00261881916149997,0.00765122806307138,-0.00152937776943181,0.00556236281273388,0.0145928555018317,-0.0151879747280726,0.0443736857317359,-0.00886970404573567,0.0322592056260139,499,"RH","Relative humidity","Atmospheric moisture","Retained process","log_ga",72,"-80:-1","log1p(GA)"
-64,0.00280472819720588,-0.00243746415548958,0.00804692054990134,-0.00146241729708412,0.00594960273477121,0.0162661636223391,-0.014136197160309,0.0466685244049872,-0.00848136338565971,0.0345050232204732,499,"RH","Relative humidity","Atmospheric moisture","Retained process","log_ga",72,"-80:-1","log1p(GA)"
-63,0.00306269485799324,-0.00227626248180216,0.00840165219778865,-0.00142170246925301,0.00631002256471795,0.0177622543728283,-0.0132012998668719,0.0487258086125284,-0.00824523567388495,0.0365952963287515,499,"RH","Relative humidity","Atmospheric moisture","Retained process","log_ga",72,"-80:-1","log1p(GA)"
-62,0.00329120063044194,-0.00212885942658997,0.00871126068747384,-0.00136708445706682,0.00661437451600552,0.0190874852051785,-0.0123464283620669,0.050521398772424,-0.00792847573834734,0.0383604009272483,499,"RH","Relative humidity","Atmospheric moisture","Retained process","log_ga",72,"-80:-1","log1p(GA)"
-61,0.0034913417118461,-0.00199071516450134,0.00897339858819355,-0.00122893318843775,0.00688794117652797,0.0202482135712695,-0.0115452536982049,0.0520416808407438,-0.00712726043969814,0.0399469646684722,499,"RH","Relative humidity","Atmospheric moisture","Retained process","log_ga",72,"-80:-1","log1p(GA)"
-60,0.00366421429949987,-0.00185868659536552,0.00918711519436525,-0.000984039648443893,0.00709147890413462,0.0212507969229806,-0.0107795473062179,0.0532811411521791,-0.0057069879171905,0.0411273920567186,499,"RH","Relative humidity","Atmospheric moisture","Retained process","log_ga",72,"-80:-1","log1p(GA)"
-59,0.00381091459069738,-0.00173070440798208,0.00935253358937683,-0.000728063998280533,0.00727644740015313,0.0221015927121914,-0.0100373081107059,0.0542404935350886,-0.00422244413393198,0.0422001262433013,499,"RH","Relative humidity","Atmospheric moisture","Retained process","log_ga",72,"-80:-1","log1p(GA)"
-58,0.00393253878273277,-0.00160553178733939,0.00947060935280493,-0.000483769058080066,0.00734280455890539,0.0228069583907813,-0.00931136314019526,0.0549252799217579,-0.00280564322132695,0.0425849679555404,499,"RH","Relative humidity","Atmospheric moisture","Retained process","log_ga",72,"-80:-1","log1p(GA)"
-57,0.00403018307290018,-0.00148258792448473,0.00954295407028509,-0.000375289121240615,0.00741194218332947,0.0233732514106299,-0.00859834396366736,0.0553448467849272,-0.00217650831829806,0.0429859351196535,499,"RH","Relative humidity","Atmospheric moisture","Retained process","log_ga",72,"-80:-1","log1p(GA)"
-56,0.00410494365849375,-0.00136182110833846,0.00957170842532596,-0.000212054351426498,0.00748846789379321,0.0238068292236167,-0.00789795068008959,0.055511609127323,-0.00122981998062012,0.0434297498639696,499,"RH","Relative humidity","Atmospheric moisture","Retained process","log_ga",72,"-80:-1","log1p(GA)"
-55,0.00415791673680762,-0.00124361912138597,0.0095594525950012,-0.000188217568627205,0.0075270209836828,0.0241140492816212,-0.00721243225368011,0.0554405308169225,-0.00109157734818617,0.0436533404667651,499,"RH","Relative humidity","Atmospheric moisture","Retained process","log_ga",72,"-80:-1","log1p(GA)"
-54,0.00419019850513592,-0.00112874747285913,0.00950914448313097,-3.90493197508829e-05,0.00752269170974385,0.0243012690365228,-0.00654622829410683,0.0551487663671525,-0.000226468513077909,0.043628232622687,499,"RH","Relative humidity","Atmospheric moisture","Retained process","log_ga",72,"-80:-1","log1p(GA)"
-53,0.0042028851607728,-0.00101830818872058,0.00942407851026617,0.000106091051417503,0.00740456168317509,0.0243748459402012,-0.00590573005690821,0.0546554219373105,0.00061528044070091,0.0429431315341776,499,"RH","Relative humidity","Atmospheric moisture","Retained process","log_ga",72,"-80:-1","log1p(GA)"
-52,0.00419707290101238,-0.000913713321506943,0.00930785912353171,0.000182570293393732,0.00728130281740796,0.0243411374445356,-0.00529912681248376,0.053981401701555,0.00105882568866366,0.0422282854822609,499,"RH","Relative humidity","Atmospheric moisture","Retained process","log_ga",72,"-80:-1","log1p(GA)"
-51,0.00417385792314882,-0.000816668046567564,0.0091643838928652,0.000123799109202378,0.0071752192592007,0.0242065010014058,-0.00473630781187207,0.0531493098146837,0.000717979221156556,0.0416130484988133,499,"RH","Relative humidity","Atmospheric moisture","Retained process","log_ga",72,"-80:-1","log1p(GA)"
-50,0.00413433642447624,-0.00072915819506591,0.0089978310440184,5.07038821463976e-05,0.00709214593561436,0.0239772940626912,-0.00422878998375933,0.0521833781091417,0.000294059739586439,0.0411312605396617,499,"RH","Relative humidity","Atmospheric moisture","Retained process","log_ga",72,"-80:-1","log1p(GA)"
-49,0.00407960460228879,-0.000653436367093242,0.00881264557167083,6.83231620497529e-05,0.00692592898929742,0.0236598740802712,-0.00378963739677672,0.0511093855573192,0.000396243648209486,0.040167276917901,499,"RH","Relative humidity","Atmospheric moisture","Retained process","log_ga",72,"-80:-1","log1p(GA)"
-48,0.00401075865388061,-0.000591999460200636,0.00861351676796186,0.00019867665678168,0.00673932018206595,0.0232605985060255,-0.00343333093508067,0.0499545279471317,0.0011522353611197,0.0390850296631329,499,"RH","Relative humidity","Atmospheric moisture","Retained process","log_ga",72,"-80:-1","log1p(GA)"
-47,0.00392889477654583,-0.000547548805624825,0.00840533835871649,0.000348994352692951,0.00657735124415897,0.0227858247918334,-0.00317553710637009,0.048747186690037,0.00202401047268366,0.0381456825818877,499,"RH","Relative humidity","Atmospheric moisture","Retained process","log_ga",72,"-80:-1","log1p(GA)"
-46,0.00383510916757859,-0.000522922738229023,0.00819314107338621,0.000453194603210769,0.00642036031434544,0.0222419103895746,-0.0030327169778336,0.0475165377569827,0.00262832511753948,0.0372352057113967,499,"RH","Relative humidity","Atmospheric moisture","Retained process","log_ga",72,"-80:-1","log1p(GA)"
-45,0.00373049802427303,-0.000520991456603732,0.0079819875051498,0.000294303706196305,0.006404445547785,0.0216352127511284,-0.00302151641196448,0.0462919419142213,0.0017068292907737,0.0371429072144723,499,"RH","Relative humidity","Atmospheric moisture","Retained process","log_ga",72,"-80:-1","log1p(GA)"
-44,0.00361615754392329,-0.000544507067031851,0.00777682215487843,0.000182761478098101,0.00633348747237248,0.0209720893283744,-0.00315789638892054,0.0451020750456694,0.00105993447406627,0.0367313822523972,499,"RH","Relative humidity","Atmospheric moisture","Retained process","log_ga",72,"-80:-1","log1p(GA)"
-43,0.0034931839238235,-0.000595909356795111,0.00758227720444212,0.000179517730615491,0.00609143162217655,0.0202588975731921,-0.00345600657895073,0.043973801725335,0.00104112219580193,0.0353275670559892,499,"RH","Relative humidity","Atmospheric moisture","Retained process","log_ga",72,"-80:-1","log1p(GA)"
-42,0.00336267336126781,-0.000677100511403414,0.00740244723393904,7.78323144226984e-05,0.0060100377986579,0.0195019949374611,-0.00392687880352528,0.0429308686784474,0.000451392460334019,0.0348555194427763,499,"RH","Relative humidity","Atmospheric moisture","Retained process","log_ga",72,"-80:-1","log1p(GA)"
-41,0.00322572205355036,-0.000789217264215363,0.00724066137131607,8.60458103942923e-05,0.00591663860862068,0.0187077388730607,-0.00457710560548824,0.0419925833516096,0.000499027047356913,0.0343138460967269,499,"RH","Relative humidity","Atmospheric moisture","Retained process","log_ga",72,"-80:-1","log1p(GA)"
-40,0.00308342619796527,-0.000932440901560093,0.00709929329749063,-0.00012758612724114,0.00587485780288212,0.0178824868318705,-0.00540773836411234,0.0411727120278534,-0.000739942224602176,0.0340715361919406,499,"RH","Relative humidity","Atmospheric moisture","Retained process","log_ga",72,"-80:-1","log1p(GA)"
-39,0.00293688199180669,-0.00110588664023473,0.00697965062384811,-0.000255228221078196,0.00567285219837075,0.0170325962657701,-0.00641364573427737,0.0404788382658175,-0.00148020903031971,0.0328999944293966,499,"RH","Relative humidity","Atmospheric moisture","Retained process","log_ga",72,"-80:-1","log1p(GA)"
-38,0.00278718563236877,-0.00130759994088663,0.00688197120562416,-0.000307834596108135,0.00552491198756179,0.0161644246266389,-0.00758349226574328,0.039912341519021,-0.00178530237400542,0.0320420076634279,499,"RH","Relative humidity","Atmospheric moisture","Retained process","log_ga",72,"-80:-1","log1p(GA)"
-37,0.00263543331694562,-0.00153466186423884,0.00680552849813008,-0.000567340224591097,0.00557587748627367,0.0152843293663563,-0.00890034942193032,0.0394690081546429,-0.00329031844580411,0.0323375846615724,499,"RH","Relative humidity","Atmospheric moisture","Retained process","log_ga",72,"-80:-1","log1p(GA)"
-36,0.0024827212428314,-0.00178337923836098,0.00674882172402379,-0.00079187706189411,0.00544329598992764,0.014398667936802,-0.0103427984646645,0.0391401343382685,-0.00459253123720824,0.0315686715401486,499,"RH","Relative humidity","Atmospheric moisture","Retained process","log_ga",72,"-80:-1","log1p(GA)"
-35,0.00233014560732025,-0.00204951937858735,0.00670981059322785,-0.000977117776913535,0.00531202989384345,0.0135137977898554,-0.0118862917242635,0.0389138873039743,-0.00566684417171178,0.030807387149348,499,"RH","Relative humidity","Atmospheric moisture","Retained process","log_ga",72,"-80:-1","log1p(GA)"
-34,0.00217880260770629,-0.0023285481518579,0.00668615336727048,-0.00117294246908379,0.00519303306974505,0.012636076377396,-0.0135045332657722,0.0387766860205642,-0.00680253941922592,0.0301172590245437,499,"RH","Relative humidity","Atmospheric moisture","Retained process","log_ga",72,"-80:-1","log1p(GA)"
-33,0.00202978844128368,-0.00261584101565932,0.00667541789822668,-0.00142297517703899,0.00523159343956512,0.0117718611513034,-0.0151707028200198,0.0387144251226266,-0.00825261680732628,0.0303408918476658,499,"RH","Relative humidity","Atmospheric moisture","Retained process","log_ga",72,"-80:-1","log1p(GA)"
-32,0.00188419930534654,-0.00290685192093497,0.00667525053162805,-0.00143978755731962,0.00530922640106235,0.0109275095634569,-0.0168584353446239,0.0387134544715378,-0.00835012106060764,0.0307911281505841,499,"RH","Relative humidity","Atmospheric moisture","Retained process","log_ga",72,"-80:-1","log1p(GA)"
-31,0.00174313139718902,-0.00319723827584065,0.00668350107021869,-0.00165315881177409,0.00539518132485066,0.0101093790657362,-0.0185425457576387,0.0387613038891111,-0.00958757848721951,0.0312896280964538,499,"RH","Relative humidity","Atmospheric moisture","Retained process","log_ga",72,"-80:-1","log1p(GA)"
-30,0.00160768091410525,-0.00348294859118887,0.00669831041939938,-0.00180802232113574,0.00554705089873137,0.00932382711002075,-0.0201995372417597,0.0388471914618012,-0.0104857172747554,0.0321704034031162,499,"RH","Relative humidity","Atmospheric moisture","Retained process","log_ga",72,"-80:-1","log1p(GA)"
-29,0.00147894405338938,-0.00376028304678793,0.00671817115356669,-0.00204136376457047,0.00564093035417354,0.00857721114819,-0.0218079525018839,0.0389623747982639,-0.0118389928265766,0.0327148620727725,499,"RH","Relative humidity","Atmospheric moisture","Retained process","log_ga",72,"-80:-1","log1p(GA)"
-28,0.00135801701233554,-0.00402593753149,0.00674197155616108,-0.00240618132872498,0.00560044024278658,0.00787588863212348,-0.0233486291776049,0.0391004064418519,-0.0139547708177389,0.0324800376154283,499,"RH","Relative humidity","Atmospheric moisture","Retained process","log_ga",72,"-80:-1","log1p(GA)"
-27,0.00124599598823786,-0.00427704033867724,0.00676903231515296,-0.00246044691147231,0.00555760033674142,0.0072262170137007,-0.0248049126605482,0.0392573466879496,-0.0142694868208471,0.0322315854046256,499,"RH","Relative humidity","Atmospheric moisture","Retained process","log_ga",72,"-80:-1","log1p(GA)"
-26,0.0011439771783905,-0.00451118878803321,0.0067991431448142,-0.00265707632190902,0.0055811889120178,0.00663455374480116,-0.0261628684841947,0.039431975973797,-0.0154098490728164,0.0323683885449248,499,"RH","Relative humidity","Atmospheric moisture","Retained process","log_ga",72,"-80:-1","log1p(GA)"
-25,0.00105305678008758,-0.0047264911855358,0.00683260474571095,-0.00267941248412958,0.00562654135809851,0.00610725627730435,-0.0274115256729904,0.0396260382275991,-0.0155393887799926,0.032631412359267,499,"RH","Relative humidity","Atmospheric moisture","Retained process","log_ga",72,"-80:-1","log1p(GA)"
-24,0.00097433099062324,-0.00492161790054537,0.00687027988179185,-0.00284247852738094,0.00567118662781561,0.00565068206308978,-0.0285431729665132,0.0398445370926928,-0.0164850985794008,0.0328903348683733,499,"RH","Relative humidity","Atmospheric moisture","Retained process","log_ga",72,"-80:-1","log1p(GA)"
-23,0.000908896007291626,-0.0050958638448853,0.00691365585946856,-0.00295676445415737,0.00562834365426271,0.00527118855403696,-0.0295537211700739,0.0400960982781478,-0.0171479056159357,0.0326418648674038,499,"RH","Relative humidity","Atmospheric moisture","Retained process","log_ga",72,"-80:-1","log1p(GA)"
-22,0.000857848027386874,-0.00524922304701684,0.00696491910179059,-0.00295604687894952,0.00562719515664843,0.00497513320202538,-0.0304431356514301,0.0403934020554809,-0.0171437440020746,0.0326352040971615,499,"RH","Relative humidity","Atmospheric moisture","Retained process","log_ga",72,"-80:-1","log1p(GA)"
-21,0.00082228324820312,-0.00538247400348956,0.0070270404998958,-0.00286931704072293,0.00566557756027827,0.00476887345893455,-0.0312159313408583,0.0407536782587274,-0.0166407499005649,0.032857804796325,499,"RH","Relative humidity","Atmospheric moisture","Retained process","log_ga",72,"-80:-1","log1p(GA)"
-20,0.000803297867034504,-0.00549727170793064,0.00710386744199964,-0.00294255745159843,0.00569564902720063,0.00465876677664396,-0.0318817064579508,0.0411992400112387,-0.0170655113830696,0.0330322057959692,499,"RH","Relative humidity","Atmospheric moisture","Retained process","log_ga",72,"-80:-1","log1p(GA)"
-19,0.000801988081175164,-0.0055962384110853,0.00720021457343563,-0.00305206056321409,0.00574908494348019,0.00465117060703314,-0.0324556688790799,0.0417580100931462,-0.0177005802401768,0.0333421101062616,499,"RH","Relative humidity","Atmospheric moisture","Retained process","log_ga",72,"-80:-1","log1p(GA)"
-18,0.000819450087919237,-0.00568304019362014,0.00732194036945861,-0.00310379624958132,0.00587513489656667,0.00475244240198155,-0.0329590802252592,0.0424639650292223,-0.0180006239807438,0.0340731432108367,499,"RH","Relative humidity","Atmospheric moisture","Retained process","log_ga",72,"-80:-1","log1p(GA)"
-17,0.000856780084560863,-0.0057624308089922,0.00747599097811392,-0.00325074514060541,0.00588033826419385,0.00496893961336873,-0.0334195101310898,0.0433573893578273,-0.0188528615372743,0.034103320405652,499,"RH","Relative humidity","Atmospheric moisture","Retained process","log_ga",72,"-80:-1","log1p(GA)"
-16,0.00091507426839418,-0.00584023936720112,0.00767038790398948,-0.00333856758161824,0.00622696241847333,0.00530701969307417,-0.0338707648160556,0.0444848042022039,-0.0193621922441325,0.0361135847922624,499,"RH","Relative humidity","Atmospheric moisture","Retained process","log_ga",72,"-80:-1","log1p(GA)"
-15,0.000995428836713326,-0.00592327685220792,0.00791413452563457,-0.00344711046011613,0.00636216533435952,0.00577304009297736,-0.034352344927545,0.0458984251134998,-0.0199916921805061,0.0368977009694424,499,"RH","Relative humidity","Atmospheric moisture","Retained process","log_ga",72,"-80:-1","log1p(GA)"
-14,0.00109893998681244,-0.00601914163000462,0.0082170216036295,-0.00355276839799018,0.00645146706505443,0.00637335826495782,-0.0349083175750243,0.0476550341049399,-0.0206044607572154,0.03741561089194,499,"RH","Relative humidity","Atmospheric moisture","Retained process","log_ga",72,"-80:-1","log1p(GA)"
-13,0.00122670391598566,-0.00613591886546686,0.00858932669743817,-0.00387602907230695,0.00643015831106916,0.00711433166089504,-0.0355855730828078,0.0498142364045978,-0.02247922745523,0.037292029691003,499,"RH","Relative humidity","Atmospheric moisture","Retained process","log_ga",72,"-80:-1","log1p(GA)"
-12,0.00137981682152712,-0.00628179280211752,0.00904142644517176,-0.00423190353978313,0.00661454460997528,0.00800231773266853,-0.0364315763868563,0.0524362118521934,-0.0245431395030167,0.0383613873958645,499,"RH","Relative humidity","Atmospheric moisture","Retained process","log_ga",72,"-80:-1","log1p(GA)"
-11,0.00155937490073096,-0.00646461826382259,0.00958336806528451,-0.00436323879484358,0.00694525527299723,0.00904367393215778,-0.0374918819371007,0.0555792298014163,-0.0253048249848125,0.0402793606817345,499,"RH","Relative humidity","Atmospheric moisture","Retained process","log_ga",72,"-80:-1","log1p(GA)"
-10,0.00176647435089133,-0.00669151749120512,0.0102244661929878,-0.00434423096347727,0.00774515821931173,0.0102447577112423,-0.0388077955297488,0.0592973109522334,-0.0251945881014602,0.0449184384432463,499,"RH","Relative humidity","Atmospheric moisture","Retained process","log_ga",72,"-80:-1","log1p(GA)"
-9,0.00200221136930235,-0.00696856954093588,0.0109729922795406,-0.00442118627953711,0.00863657678455359,0.0116119265218016,-0.0404145729626974,0.0636384260063006,-0.0256408943652491,0.0500882656844955,499,"RH","Relative humidity","Atmospheric moisture","Retained process","log_ga",72,"-80:-1","log1p(GA)"
-8,0.00226768215325817,-0.00730063851916299,0.0118360028256793,-0.00467815390515196,0.00941917718675396,0.0131515378157152,-0.042340423866584,0.0686434994980143,-0.0271311911605176,0.0546269964626798,499,"RH","Relative humidity","Atmospheric moisture","Retained process","log_ga",72,"-80:-1","log1p(GA)"
-7,0.00256398290005293,-0.00769135174811918,0.012819317548225,-0.00474222479198304,0.0101594130251,0.0148699490448625,-0.0446063850809167,0.0743462831706417,-0.0275027735226378,0.058920031801238,499,"RH","Relative humidity","Atmospheric moisture","Retained process","log_ga",72,"-80:-1","log1p(GA)"
-6,0.00289220980698076,-0.00814320446804162,0.0139276240820031,-0.00492717940577172,0.0110373786588173,0.0167735176611232,-0.0472269278781758,0.0807739632004221,-0.0285754271985234,0.0640118380828818,499,"RH","Relative humidity","Atmospheric moisture","Retained process","log_ga",72,"-80:-1","log1p(GA)"
-5,0.0032534590713358,-0.00865774658019387,0.0151646647228655,-0.00508627395643031,0.0118248970562768,0.0188686011163766,-0.0502110409894535,0.0879482432222067,-0.0294981041249412,0.0685790910243397,499,"RH","Relative humidity","Atmospheric moisture","Retained process","log_ga",72,"-80:-1","log1p(GA)"
-4,0.0036488268904122,-0.00923580325717075,0.0165334570379951,-0.00549072951251369,0.0127470772279184,0.0211615568625023,-0.0535635100451213,0.0958866237701258,-0.0318437646633743,0.0739273217641821,499,"RH","Relative humidity","Atmospheric moisture","Retained process","log_ga",72,"-80:-1","log1p(GA)"
-3,0.00407940946150408,-0.00987769065652447,0.0180365095795326,-0.00568631980233947,0.0141019851171388,0.0236587423513797,-0.0572861686169597,0.104603653319719,-0.0329781004825871,0.0817851788788977,499,"RH","Relative humidity","Atmospheric moisture","Retained process","log_ga",72,"-80:-1","log1p(GA)"
-2,0.00454630298190558,-0.0105834027744667,0.0196760087382778,-0.00631510397789661,0.0157562693856039,0.0263665150348885,-0.0613789818856933,0.11411201195547,-0.0366247662425489,0.0913792845093551,499,"RH","Relative humidity","Atmospheric moisture","Retained process","log_ga",72,"-80:-1","log1p(GA)"
-1,0.00505060364891086,-0.0113527593259092,0.0214539666237309,-0.00636269633924105,0.017396575339196,0.0292912323649081,-0.065840904278797,0.124423369008613,-0.0369007805592208,0.100892322192795,499,"RH","Relative humidity","Atmospheric moisture","Retained process","log_ga",72,"-80:-1","log1p(GA)"
-80,0.032172279337286,-0.00343258928072996,0.0677771479553019,0.00456949765096117,0.0552891581066165,0.0710838407713691,-0.00758421954835298,0.149751901091091,0.0100961899534927,0.122160002094689,499,"Tmax","Maximum temperature","Thermal","Retained process","log_ga",72,"-80:-1","log1p(GA)"
-79,0.02879147762321,-0.00295649872999406,0.0605394539764141,0.00367144224939278,0.0490075427295245,0.0636140445470019,-0.00653230946929177,0.133760398563296,0.0081119591658727,0.108280931153803,499,"Tmax","Maximum temperature","Thermal","Retained process","log_ga",72,"-80:-1","log1p(GA)"
-78,0.0255933520123138,-0.0026393547226815,0.053826058747309,0.00357782225257728,0.0434073748264897,0.0565478665709727,-0.00583158777403801,0.118927320915984,0.0079051081412101,0.0959075012410862,499,"Tmax","Maximum temperature","Thermal","Retained process","log_ga",72,"-80:-1","log1p(GA)"
-77,0.0225735675837435,-0.0024964111135625,0.0476435462810495,0.00256936499040631,0.0382395411808266,0.0498757289448528,-0.00551575747045975,0.105267215360165,0.00567694722362746,0.0844893029794697,499,"Tmax","Maximum temperature","Thermal","Retained process","log_ga",72,"-80:-1","log1p(GA)"
-76,0.0197277894166456,-0.00254670118065545,0.0420022800139467,0.0019670878472867,0.0339338794346218,0.0435880537702132,-0.00562687210688758,0.092802979647314,0.00434623104735291,0.0749760518114717,499,"Tmax","Maximum temperature","Thermal","Retained process","log_ga",72,"-80:-1","log1p(GA)"
-75,0.0170516825901665,-0.00281245984670278,0.0369158250270357,0.00141939988197403,0.0292784504886312,0.037675263148625,-0.00621405918501996,0.08156458548227,0.00313612828433354,0.064689998826233,499,"Tmax","Maximum temperature","Thermal","Retained process","log_ga",72,"-80:-1","log1p(GA)"
-74,0.0145409121834524,-0.00331685895684475,0.0323986833237495,0.000465246473435932,0.0254799936155475,0.0321277791816594,-0.00732851631299219,0.0715840746763111,0.00102795036343081,0.0562974040488321,499,"Tmax","Maximum temperature","Thermal","Retained process","log_ga",72,"-80:-1","log1p(GA)"
-73,0.0121911432756496,-0.00407907908956731,0.0284613656408666,-0.00065638933151945,0.0221726177466784,0.0269360239708876,-0.00901262249580744,0.0628846704375826,-0.00145027569345014,0.0489898403798418,499,"Tmax","Maximum temperature","Thermal","Retained process","log_ga",72,"-80:-1","log1p(GA)"
-72,0.00999804094590464,-0.00510653922040141,0.0251026211122107,-0.00244319337288304,0.0192384323219421,0.0220904196178805,-0.0112827697730162,0.0554636090087773,-0.00539817421299106,0.0425068315964416,499,"Tmax","Maximum temperature","Thermal","Retained process","log_ga",72,"-80:-1","log1p(GA)"
-71,0.00795727027336372,-0.00638637794515969,0.0223009184918871,-0.00325119409553839,0.0170479711754211,0.0175813882242094,-0.0141105411960473,0.0492733176444661,-0.00718343145604313,0.0376670628712363,499,"Tmax","Maximum temperature","Thermal","Retained process","log_ga",72,"-80:-1","log1p(GA)"
-70,0.00606449633717322,-0.00788083225731287,0.0200098249316593,-0.00399481264888082,0.0153140874513618,0.0133993518914454,-0.0174125003532297,0.0442112041361205,-0.00882643791779444,0.0338360904597087,499,"Tmax","Maximum temperature","Thermal","Retained process","log_ga",72,"-80:-1","log1p(GA)"
-69,0.00431538421647948,-0.00953059192930533,0.0181613603622643,-0.0052950502352002,0.0135309244833857,0.00953473272115959,-0.0210576027908126,0.0401270682331318,-0.0116992801115945,0.0298962368000983,499,"Tmax","Maximum temperature","Thermal","Retained process","log_ga",72,"-80:-1","log1p(GA)"
-68,0.00270559899042884,-0.0112652656911956,0.0166764636720533,-0.00740803625101884,0.0116462259735388,0.00597795281492309,-0.0248903207710265,0.0368462264008727,-0.0163678694871228,0.0257320429184191,499,"Tmax","Maximum temperature","Thermal","Retained process","log_ga",72,"-80:-1","log1p(GA)"
-67,0.00123080573816764,-0.0130154416889789,0.0154770531653142,-0.00904521184153015,0.0104930297033578,0.00271943427430706,-0.0287572905509425,0.0341961590995566,-0.0199851677136679,0.0231840848086349,499,"Tmax","Maximum temperature","Thermal","Retained process","log_ga",72,"-80:-1","log1p(GA)"
-66,-0.000113330461157769,-0.0147212007852134,0.0144945398628979,-0.0103503911213603,0.00959580407076151,-0.000250400799117402,-0.0325261223057546,0.0320253207075198,-0.0228689284547979,0.0212016873746568,499,"Tmax","Maximum temperature","Thermal","Retained process","log_ga",72,"-80:-1","log1p(GA)"
-65,-0.00133114452840106,-0.0163356445038325,0.0136733554470304,-0.0116349390953843,0.00895603273938956,-0.00294113030377916,-0.036093195033973,0.0302109344264147,-0.0257071048454549,0.0197881287339227,499,"Tmax","Maximum temperature","Thermal","Retained process","log_ga",72,"-80:-1","log1p(GA)"
-64,-0.00242697138441587,-0.0178247808776735,0.0129708381088417,-0.0129165999620702,0.00840931013940257,-0.00536233213810709,-0.0393834043404142,0.0286587400642,-0.0285389022451751,0.0185801589212727,499,"Tmax","Maximum temperature","Thermal","Retained process","log_ga",72,"-80:-1","log1p(GA)"
-63,-0.00340514595005588,-0.0191656741416709,0.0123553822415591,-0.0141404264099748,0.00756955090252657,-0.00752358420053007,-0.0423460742299214,0.0272989058288612,-0.0312429159534554,0.0167247320410517,499,"Tmax","Maximum temperature","Thermal","Retained process","log_ga",72,"-80:-1","log1p(GA)"
-62,-0.00427000314617473,-0.0203441756463814,0.011804169354032,-0.0150978344297992,0.00679295993728875,-0.00943446438947695,-0.0449499436179562,0.0260810148390023,-0.0333582848560109,0.0150088738657973,499,"Tmax","Maximum temperature","Thermal","Retained process","log_ga",72,"-80:-1","log1p(GA)"
-61,-0.0050258778936261,-0.0213528655642503,0.0113011097769981,-0.0161958902085772,0.00613884166961563,-0.0111045506033767,-0.0471786185824427,0.0249695173756894,-0.0357844114390372,0.0135636160307072,499,"Tmax","Maximum temperature","Thermal","Retained process","log_ga",72,"-80:-1","log1p(GA)"
-60,-0.00567710511326362,-0.0221894032166638,0.0108351929901366,-0.0169891492397965,0.00551523462429722,-0.012543420740658,-0.0490269274529461,0.02394008597163,-0.0375370972862067,0.0121857719728278,499,"Tmax","Maximum temperature","Thermal","Retained process","log_ga",72,"-80:-1","log1p(GA)"
-59,-0.00622801972594096,-0.0228552843881411,0.0103992449362592,-0.0175716446634529,0.00495527114006918,-0.0137606526997499,-0.0504981751276823,0.0229768697281824,-0.0388241062516317,0.010948546759987,499,"Tmax","Maximum temperature","Thermal","Retained process","log_ga",72,"-80:-1","log1p(GA)"
-58,-0.00668295665251179,-0.0233549362576129,0.00998902295258928,-0.0180432702849263,0.00445102154200684,-0.0147658243790813,-0.0516021433469773,0.0220704945888148,-0.0398661511819596,0.00983441997518847,499,"Tmax","Maximum temperature","Thermal","Retained process","log_ga",72,"-80:-1","log1p(GA)"
-57,-0.00704625081382976,-0.0236950712399183,0.00960256961225882,-0.0184141734296058,0.00405368918666822,-0.0155685136770809,-0.0523536630223319,0.0212166356681701,-0.0406856523370251,0.00895652414492721,499,"Tmax","Maximum temperature","Thermal","Retained process","log_ga",72,"-80:-1","log1p(GA)"
-56,-0.00732223713074852,-0.0238842319529374,0.00923975769144037,-0.0186838621488838,0.00358664622968973,-0.0161782984921777,-0.0527716088527619,0.0204150118684065,-0.0412815227687721,0.00792460449636279,499,"Tmax","Maximum temperature","Thermal","Retained process","log_ga",72,"-80:-1","log1p(GA)"
-55,-0.00751525052412173,-0.0239324742850522,0.0089019732368087,-0.018628903512244,0.00322132679158407,-0.0166047567228006,-0.0528781990703381,0.019668685624737,-0.0411600930455323,0.00711744040031775,499,"Tmax","Maximum temperature","Thermal","Retained process","log_ga",72,"-80:-1","log1p(GA)"
-54,-0.00762962591480306,-0.0238511482128423,0.00859189638323615,-0.0181877593411548,0.00289336781057401,-0.0168574662673784,-0.0526985111624059,0.0189835786276492,-0.0401853961119962,0.00639282329311013,499,"Tmax","Maximum temperature","Thermal","Retained process","log_ga",72,"-80:-1","log1p(GA)"
-53,-0.00766969822364616,-0.0236527450485117,0.00831334860121942,-0.0181581358900289,0.00258475411000767,-0.0169460050243399,-0.052260144368622,0.0183681343199421,-0.0401199438429526,0.00571094909573251,499,"Tmax","Maximum temperature","Thermal","Retained process","log_ga",72,"-80:-1","log1p(GA)"
-52,-0.00763980237150469,-0.0233507851777345,0.00807118043472512,-0.0178652305505417,0.00240815505225743,-0.0168799508921142,-0.0515929716405524,0.017833069856324,-0.0394727768736834,0.00532075792618914,499,"Tmax","Maximum temperature","Thermal","Retained process","log_ga",72,"-80:-1","log1p(GA)"
-51,-0.00754427327923231,-0.0229597225478552,0.0078711759893906,-0.0175442666413005,0.00240468983460964,-0.01666888176913,-0.0507289286107583,0.0173911650724983,-0.0387636152013423,0.00531310161508567,499,"Tmax","Maximum temperature","Thermal","Retained process","log_ga",72,"-80:-1","log1p(GA)"
-50,-0.00738744586768267,-0.0224948418372157,0.00771995010185041,-0.0173306424405801,0.00260375530791061,-0.0163223755538162,-0.0497017863910126,0.0170570352833802,-0.038291617911075,0.00575293176385614,499,"Tmax","Maximum temperature","Thermal","Retained process","log_ga",72,"-80:-1","log1p(GA)"
-49,-0.00717365505770943,-0.0219721223299705,0.00762481221455161,-0.0170355621215662,0.00265232819572999,-0.0158500101446017,-0.0485468508071341,0.0168468305179306,-0.0376396453793296,0.00586025233593499,499,"Tmax","Maximum temperature","Thermal","Retained process","log_ga",72,"-80:-1","log1p(GA)"
-48,-0.00690723577016625,-0.021408040592823,0.00759356905249051,-0.0166712637153286,0.00256219445562435,-0.0152613634399154,-0.0473005264182072,0.0167777995383764,-0.0368347372274772,0.00566110410765353,499,"Tmax","Maximum temperature","Thermal","Retained process","log_ga",72,"-80:-1","log1p(GA)"
-47,-0.0065925229259068,-0.0208192845818283,0.00763423873001465,-0.016246830715274,0.00281885123297445,-0.0145660133381862,-0.0459996848427633,0.0168676581663909,-0.0358969632053852,0.00622818079198728,499,"Tmax","Maximum temperature","Thermal","Retained process","log_ga",72,"-80:-1","log1p(GA)"
-46,-0.00623385144578472,-0.0202223582189501,0.00775465532738064,-0.0157316997867169,0.00308348772884941,-0.0137735377378429,-0.0446807910806453,0.0171337156049596,-0.0347587943949606,0.00681288846339142,499,"Tmax","Maximum temperature","Thermal","Retained process","log_ga",72,"-80:-1","log1p(GA)"
-45,-0.00583555625065368,-0.0196330713286622,0.0079619588273548,-0.015209269267677,0.00338004934551829,-0.0128935145373143,-0.043378776540776,0.0175917474661474,-0.0336044973232422,0.00746813388499135,499,"Tmax","Maximum temperature","Thermal","Retained process","log_ga",72,"-80:-1","log1p(GA)"
-44,-0.00540197226136734,-0.0190659367517403,0.0082619922290056,-0.0146080276321222,0.0040159759766426,-0.0119355216350295,-0.042125706979269,0.0182546637092101,-0.0322760690748477,0.00887319775737682,499,"Tmax","Maximum temperature","Thermal","Retained process","log_ga",72,"-80:-1","log1p(GA)"
-43,-0.00493743439877933,-0.0185335311583193,0.00865866236076068,-0.0139392091199691,0.00443605000012692,-0.0109091369294172,-0.0409493702319793,0.019131096373145,-0.0307983314198803,0.00980134073054007,499,"Tmax","Maximum temperature","Thermal","Retained process","log_ga",72,"-80:-1","log1p(GA)"
-42,-0.00444627758374336,-0.0180459082492083,0.00915335308172159,-0.0133554770563692,0.0052166084132859,-0.00982393831890628,-0.03987197969759,0.0202241030597774,-0.0295085901296514,0.0115259648820357,499,"Tmax","Maximum temperature","Thermal","Retained process","log_ga",72,"-80:-1","log1p(GA)"
-41,-0.00393283673711303,-0.017610167309795,0.00974449383556894,-0.0126854050757101,0.00574006792971634,-0.00868950370192569,-0.0389092210683335,0.0215302136644821,-0.028028082967595,0.0126825354975679,499,"Tmax","Maximum temperature","Thermal","Retained process","log_ga",72,"-80:-1","log1p(GA)"
-40,-0.00340144677974205,-0.0172302637430006,0.0104273701835165,-0.0120400830980596,0.00619835195967036,-0.00751541097690428,-0.0380698337073271,0.0230390117535185,-0.0266022603137301,0.0136951025175104,499,"Tmax","Maximum temperature","Thermal","Retained process","log_ga",72,"-80:-1","log1p(GA)"
-39,-0.00285644263248404,-0.0169071009674357,0.0111942157024676,-0.011760571511628,0.00701720349895308,-0.00631123804227092,-0.0373558136952334,0.0247333376106915,-0.0259846865044468,0.015504334366567,499,"Tmax","Maximum temperature","Thermal","Retained process","log_ga",72,"-80:-1","log1p(GA)"
-38,-0.00230215921619268,-0.0166388808259643,0.0120345623935789,-0.0114636876241091,0.00788358224763065,-0.00508656279645449,-0.0367631880491564,0.0265900624562474,-0.0253287290335217,0.0174185763875642,499,"Tmax","Maximum temperature","Thermal","Retained process","log_ga",72,"-80:-1","log1p(GA)"
-37,-0.00174293145172161,-0.0164216368876971,0.0129357739842538,-0.0111322868727488,0.00865131827729302,-0.00385096313788384,-0.0362831930399611,0.0285812667641934,-0.0245965074214239,0.0191148698057217,499,"Tmax","Maximum temperature","Thermal","Retained process","log_ga",72,"-80:-1","log1p(GA)"
-36,-0.0011830942599245,-0.0162498504964726,0.0138836619766236,-0.011236349577297,0.00953288392871713,-0.00261401696498787,-0.0359036353358748,0.030675601405899,-0.0248264313457685,0.0210626669057772,499,"Tmax","Maximum temperature","Thermal","Retained process","log_ga",72,"-80:-1","log1p(GA)"
-35,-0.00062698256165502,-0.0161170564755136,0.0148630913522035,-0.0106695695250308,0.0105948266296956,-0.00138530217619546,-0.0356102302916663,0.0328396259392754,-0.0235741450975578,0.0234090025530991,499,"Tmax","Maximum temperature","Thermal","Retained process","log_ga",72,"-80:-1","log1p(GA)"
-34,-7.89312777668008e-05,-0.0160163735507298,0.0158585109951962,-0.0100881226492603,0.011736247366049,-0.000174396669935457,-0.035387773905574,0.0350389805657031,-0.0222894528722737,0.0259309429175187,499,"Tmax","Maximum temperature","Thermal","Retained process","log_ga",72,"-80:-1","log1p(GA)"
-33,0.000456724670886469,-0.0159409285727254,0.0168543779144984,-0.00971623739396356,0.0124501857443885,0.00100912165536321,-0.0352210801271432,0.0372393234378697,-0.0214677817685389,0.0275083717802488,499,"Tmax","Maximum temperature","Thermal","Retained process","log_ga",72,"-80:-1","log1p(GA)"
-32,0.00097565036345116,-0.0158841719551465,0.0178354726820488,-0.00951340906113045,0.0133243867535141,0.00215567490127174,-0.0350956778103099,0.0394070276128534,-0.0210196376764191,0.0294398968886622,499,"Tmax","Maximum temperature","Thermal","Retained process","log_ga",72,"-80:-1","log1p(GA)"
-31,0.0014735108790736,-0.0158400996487511,0.0187871214068983,-0.00925494384626905,0.0139465327526447,0.00325568516936121,-0.034998301159517,0.0415096714982394,-0.020448565294959,0.0308145128017937,499,"Tmax","Maximum temperature","Thermal","Retained process","log_ga",72,"-80:-1","log1p(GA)"
-30,0.00194597129690013,-0.0158034050516895,0.0196953476454897,-0.00930238947359087,0.0146584578005059,0.00429957456120274,-0.0349172253716516,0.0435163744940571,-0.0205533952133643,0.0323874932615482,499,"Tmax","Maximum temperature","Thermal","Retained process","log_ga",72,"-80:-1","log1p(GA)"
-29,0.00238869669607709,-0.0157695855884778,0.020546978980632,-0.00931063279149289,0.015425136465025,0.00527776517836749,-0.0348425021196025,0.0453980324763375,-0.0205716086166185,0.0340814504580568,499,"Tmax","Maximum temperature","Thermal","Retained process","log_ga",72,"-80:-1","log1p(GA)"
-28,0.00279735215575084,-0.0157350265428113,0.021329730854313,-0.0093066578112686,0.0161484290634118,0.00618067912242656,-0.0347661447787498,0.047127503023603,-0.0205628259979432,0.0356795472343474,499,"Tmax","Maximum temperature","Thermal","Retained process","log_ga",72,"-80:-1","log1p(GA)"
-27,0.0031676027550677,-0.0156970815331199,0.0220322870432552,-0.00926671778634267,0.0167064103534492,0.00699873849495107,-0.0346823062356768,0.048679783225579,-0.0204745795189644,0.0369123928390558,499,"Tmax","Maximum temperature","Thermal","Retained process","log_ga",72,"-80:-1","log1p(GA)"
-26,0.00349511357317402,-0.0156541662105027,0.0226443933568508,-0.00906925017483009,0.0169939366836991,0.00772236539751216,-0.0345874859113975,0.0500322167064218,-0.020038279805565,0.037547675022913,499,"Tmax","Maximum temperature","Thermal","Retained process","log_ga",72,"-80:-1","log1p(GA)"
-25,0.00377554968921614,-0.0156058800083179,0.0231569793867501,-0.00897686959573747,0.0174411099328139,0.00834198193168096,-0.0344807987640064,0.0511647626273683,-0.01983416724314,0.0385356930524736,499,"Tmax","Maximum temperature","Thermal","Retained process","log_ga",72,"-80:-1","log1p(GA)"
-24,0.0040045761823404,-0.0155531702740057,0.0235623226386865,-0.009021467125246,0.0175560558108918,0.00884801019902857,-0.0343643379338096,0.0520603583318668,-0.0199327043611709,0.0387896630745833,499,"Tmax","Maximum temperature","Thermal","Retained process","log_ga",72,"-80:-1","log1p(GA)"
-23,0.00417785813169316,-0.0154985537717665,0.0238542700351528,-0.00862704917595774,0.017458137020868,0.00923087230112614,-0.0342436641479095,0.0527054087501618,-0.0190612478376636,0.0385733139746143,499,"Tmax","Maximum temperature","Thermal","Retained process","log_ga",72,"-80:-1","log1p(GA)"
-22,0.00429106061642073,-0.0154464120290149,0.0240285332618564,-0.00851594258114467,0.017400481840858,0.00948099033954477,-0.034128458280758,0.0530904389598476,-0.0188157606152153,0.0384459263067245,499,"Tmax","Maximum temperature","Thermal","Retained process","log_ga",72,"-80:-1","log1p(GA)"
-21,0.00433984871566948,-0.015403378638489,0.024083076069828,-0.00859809401892239,0.0171616991743067,0.00958878641585562,-0.0340333770884083,0.0532109499201196,-0.0189972721475786,0.0379183420199493,499,"Tmax","Maximum temperature","Thermal","Retained process","log_ga",72,"-80:-1","log1p(GA)"
-20,0.00431988750858574,-0.0153788371129231,0.0240186121300946,-0.00880430089881955,0.0173944195800408,0.00954468263162979,-0.033979153205875,0.0530685184691345,-0.0194528810543302,0.038432531894158,499,"Tmax","Maximum temperature","Thermal","Retained process","log_ga",72,"-80:-1","log1p(GA)"
-19,0.00422684207431585,-0.0153855447399116,0.0238392288885433,-0.00921503668811093,0.0172016648209085,0.0093391010884384,-0.03399397353874,0.0526721757156168,-0.0203603914342757,0.0380066451093755,499,"Tmax","Maximum temperature","Thermal","Retained process","log_ga",72,"-80:-1","log1p(GA)"
-18,0.00405637749200616,-0.0154403866655934,0.0235531416496057,-0.0095111163367589,0.0171917441535916,0.00896246388785259,-0.034115145392058,0.0520400731677632,-0.0210145719596743,0.0379847256448419,499,"Tmax","Maximum temperature","Thermal","Retained process","log_ga",72,"-80:-1","log1p(GA)"
-17,0.00380415884080301,-0.0155652379468276,0.0231735556284336,-0.00927472783277693,0.0171905259000269,0.00840519313144348,-0.0343910011529231,0.05120138741581,-0.0204922775147867,0.0379820339442787,499,"Tmax","Maximum temperature","Thermal","Retained process","log_ga",72,"-80:-1","log1p(GA)"
-16,0.00346585119985273,-0.0157878596542977,0.0227195620540032,-0.00947027228209662,0.0169620951823173,0.00765771092078219,-0.0348828782077054,0.0501983000492697,-0.0209243280497656,0.037477322027702,499,"Tmax","Maximum temperature","Thermal","Retained process","log_ga",72,"-80:-1","log1p(GA)"
-15,0.00303711964830167,-0.0161426689733395,0.0222169082699429,-0.00972568934508588,0.0166950007673324,0.00671043935743985,-0.0356668204604302,0.0490876991753099,-0.0214886656164476,0.0368871836459399,499,"Tmax","Maximum temperature","Thermal","Retained process","log_ga",72,"-80:-1","log1p(GA)"
-14,0.00251362926529618,-0.0166711046043923,0.0216983631349846,-0.0102366470820841,0.016865567149092,0.00555380054298758,-0.0368343856758714,0.0479419867618466,-0.022617613865246,0.0372640457698459,499,"Tmax","Maximum temperature","Thermal","Retained process","log_ga",72,"-80:-1","log1p(GA)"
-13,0.00189104512998259,-0.0174211922917512,0.0212032825517164,-0.0104963857045815,0.0165769791418534,0.00417821657899652,-0.0384916855262738,0.0468481186842668,-0.0231914998088005,0.0366264178374257,499,"Tmax","Maximum temperature","Thermal","Retained process","log_ga",72,"-80:-1","log1p(GA)"
-12,0.00116503232150724,-0.0184458921466447,0.0207759567896592,-0.0115189403875617,0.0161755700630451,0.00257410956703777,-0.0407557340433236,0.0459039531773992,-0.0254508086225452,0.0357395145893515,499,"Tmax","Maximum temperature","Thermal","Retained process","log_ga",72,"-80:-1","log1p(GA)"
-11,0.000331255919016489,-0.0198000154597386,0.0204625272977716,-0.0124835779887351,0.0153035712876825,0.000731901608682477,-0.0437476353930426,0.0452114386104076,-0.0275821511029773,0.0338128552609628,499,"Tmax","Maximum temperature","Thermal","Retained process","log_ga",72,"-80:-1","log1p(GA)"
-10,-0.000614618998343334,-0.0215360096447363,0.0203067716480496,-0.0139467261282062,0.0149061393119829,-0.00135798519449824,-0.0475832708148507,0.0448673004258542,-0.0308149400602257,0.0329347393220236,499,"Tmax","Maximum temperature","Thermal","Retained process","log_ga",72,"-80:-1","log1p(GA)"
-9,-0.00167692735142589,-0.0236995622693182,0.0203457075664664,-0.0154095451865346,0.0145973397776826,-0.00370512874093326,-0.0523635858386612,0.0449533283567947,-0.0340470019209787,0.0322524545296918,499,"Tmax","Maximum temperature","Thermal","Retained process","log_ga",72,"-80:-1","log1p(GA)"
-8,-0.00286000406108483,-0.0263263273112083,0.0206063191890386,-0.0163435314749154,0.014654571145549,-0.00631910692905146,-0.0581673570301265,0.0455291431720236,-0.0361106210979068,0.0323789057953264,499,"Tmax","Maximum temperature","Thermal","Retained process","log_ga",72,"-80:-1","log1p(GA)"
-7,-0.00416818404817381,-0.0294407438948298,0.0211043757984822,-0.0189920630553995,0.0145467995505433,-0.00920949765728171,-0.0650485820190347,0.0466295867044713,-0.0419624849080932,0.0321407871709432,499,"Tmax","Maximum temperature","Thermal","Retained process","log_ga",72,"-80:-1","log1p(GA)"
-6,-0.00560580223354649,-0.0330570338583496,0.0218454293912566,-0.022843004890595,0.0146465712016533,-0.0123858788240529,-0.0730386835985649,0.0482669259504592,-0.0504710438871765,0.0323612301208085,499,"Tmax","Maximum temperature","Thermal","Retained process","log_ga",72,"-80:-1","log1p(GA)"
-5,-0.00717719353805654,-0.0371816385335519,0.0228272514574388,-0.0267968670476229,0.015083807644724,-0.0158578283277939,-0.0821518937290368,0.0504362370734491,-0.0592070027247706,0.0333272930277241,499,"Tmax","Maximum temperature","Thermal","Retained process","log_ga",72,"-80:-1","log1p(GA)"
-4,-0.00888669288255761,-0.0418160774832655,0.0240426917181503,-0.0313659484781525,0.0149706668115703,-0.0196349240669335,-0.0923915698462424,0.0531217217123753,-0.0693022730497046,0.0330773112069049,499,"Tmax","Maximum temperature","Thermal","Retained process","log_ga",72,"-80:-1","log1p(GA)"
-3,-0.0107386351879033,-0.0469594588952181,0.0254821885194114,-0.0353429512641975,0.0151637628789221,-0.0237267439399007,-0.103755741513431,0.0563022536336294,-0.0780893605241963,0.0335039521036008,499,"Tmax","Maximum temperature","Thermal","Retained process","log_ga",72,"-80:-1","log1p(GA)"
-2,-0.0127373553749474,-0.0526103016442713,0.0271355908943764,-0.0400130657288894,0.0155119480949678,-0.0281428658451243,-0.116241136221919,0.05995540453167,-0.088407860793075,0.0342732585676179,499,"Tmax","Maximum temperature","Thermal","Retained process","log_ga",72,"-80:-1","log1p(GA)"
-1,-0.0148871883645435,-0.0587676628769961,0.0289932861479092,-0.0459865378388057,0.0158379511560053,-0.0328928676810333,-0.129845670760805,0.0640599353987387,-0.10160609694731,0.0349935541189161,499,"Tmax","Maximum temperature","Thermal","Retained process","log_ga",72,"-80:-1","log1p(GA)"
-80,0.00918938430263558,-0.109894998614355,0.128273767219626,-0.0454937579499972,0.110405709950797,0.00755434260992237,-0.0903416859399031,0.105450371159748,-0.037399179623883,0.0907615278230152,499,"Tmin","Minimum temperature","Thermal","Retained process","log_ga",72,"-80:-1","log1p(GA)"
-79,0.0160420458600464,-0.0928994827415781,0.124983574461671,-0.0316067731036606,0.10946111344051,0.0131877290795336,-0.0763701351257202,0.102745593284787,-0.0259830675217981,0.0899850007531006,499,"Tmin","Minimum temperature","Thermal","Retained process","log_ga",72,"-80:-1","log1p(GA)"
-78,0.0223235503720514,-0.0772571758509605,0.121904276595063,-0.0198483547755735,0.108867288841509,0.01835158289462,-0.063511020568134,0.100214186357374,-0.0163167919938844,0.0894968337199984,499,"Tmin","Minimum temperature","Thermal","Retained process","log_ga",72,"-80:-1","log1p(GA)"
-77,0.0280495400861697,-0.0629534874829764,0.119052567655316,-0.0114579502666586,0.107153958186189,0.0230587631209312,-0.0517523478476644,0.0978698740895268,-0.00941926891630432,0.0880883512419437,499,"Tmin","Minimum temperature","Thermal","Retained process","log_ga",72,"-80:-1","log1p(GA)"
-76,0.0332356572499202,-0.0499755343481287,0.116446848847969,-0.00544832970190243,0.106196670596084,0.0273221288242171,-0.0410835259628253,0.0957277836112595,-0.00447892349090054,0.0873013911808862,499,"Tmin","Minimum temperature","Thermal","Retained process","log_ga",72,"-80:-1","log1p(GA)"
-75,0.0378975441108219,-0.0383113302805704,0.114106418502214,0.000682274302761665,0.106252660759771,0.0311545390702274,-0.031494701413055,0.0938037795535097,0.000560879126094366,0.0873474191698516,499,"Tmin","Minimum temperature","Thermal","Retained process","log_ga",72,"-80:-1","log1p(GA)"
-74,0.0420508429163936,-0.027948301991214,0.112049987824001,0.0105768158297661,0.106080407394808,0.0345688529247118,-0.0229755380397631,0.0921132438891867,0.00869491228886656,0.0872058143689439,499,"Tmin","Minimum temperature","Thermal","Retained process","log_ga",72,"-80:-1","log1p(GA)"
-73,0.0457111959141544,-0.0188709416050396,0.110293333433348,0.0176704877415015,0.104336811287678,0.0375779294534201,-0.0155132872411725,0.0906691461480126,0.0145264268080997,0.085772451487079,499,"Tmin","Minimum temperature","Thermal","Retained process","log_ga",72,"-80:-1","log1p(GA)"
-72,0.0488942453516231,-0.0110575422904111,0.108846032993657,0.0218377309640882,0.102885136765927,0.040194627722102,-0.00909010442206811,0.0894793598662721,0.0179522039881082,0.0845790693915827,499,"Tmin","Minimum temperature","Thermal","Retained process","log_ga",72,"-80:-1","log1p(GA)"
-71,0.0516156334763188,-0.00447626775675881,0.107707534709396,0.0245161027979306,0.100963674799808,0.0424318067965074,-0.00367981783486912,0.0885434314278839,0.0201540205411288,0.082999487830298,499,"Tmin","Minimum temperature","Thermal","Retained process","log_ga",72,"-80:-1","log1p(GA)"
-70,0.0538910025357604,0.000918741817908658,0.106863263253612,0.0278477241234226,0.0968213146084855,0.0443023257423859,0.000755272631328993,0.0878493788534428,0.022892855713369,0.0795941663127316,499,"Tmin","Minimum temperature","Thermal","Retained process","log_ga",72,"-80:-1","log1p(GA)"
-69,0.0557359947774668,0.0051901057509435,0.10628188380399,0.0287957886594699,0.0965911851015691,0.0458190436254874,0.00426664461220873,0.087371442638766,0.0236722337528275,0.0794049831114805,499,"Tmin","Minimum temperature","Thermal","Retained process","log_ga",72,"-80:-1","log1p(GA)"
-68,0.057166252448957,0.00841759615105428,0.10591490874686,0.0301884256500304,0.0941203678576371,0.0469948195115615,0.00691987658615931,0.0870697624369636,0.0248170827015136,0.0773737915351512,499,"Tmin","Minimum temperature","Thermal","Retained process","log_ga",72,"-80:-1","log1p(GA)"
-67,0.05819741779775,0.0106955452194465,0.105699290376053,0.0322633431411943,0.0912838950043572,0.047842512466358,0.00879251648714302,0.0868925084455731,0.026522815871371,0.0750420044391131,499,"Tmin","Minimum temperature","Thermal","Retained process","log_ga",72,"-80:-1","log1p(GA)"
-66,0.0588451330713647,0.0121276325229943,0.105562633619735,0.0326290752137487,0.0897630611305986,0.0483749815556268,0.00996979646391108,0.0867801666473424,0.0268234742493998,0.0737917683235278,499,"Tmin","Minimum temperature","Thermal","Retained process","log_ga",72,"-80:-1","log1p(GA)"
-65,0.05912504051732,0.0128203477353354,0.105429733299305,0.0320042498312568,0.0885611093231605,0.0486050858451175,0.0105392587774666,0.0866709129127683,0.0263098223163354,0.0728036764715635,499,"Tmin","Minimum temperature","Thermal","Retained process","log_ga",72,"-80:-1","log1p(GA)"
-64,0.059052782383135,0.0128767315976121,0.105228833168658,0.0305469176782981,0.0873481181069845,0.0485456844005799,0.0105856104153219,0.0865057583858378,0.0251117892362793,0.0718065094222769,499,"Tmin","Minimum temperature","Thermal","Retained process","log_ga",72,"-80:-1","log1p(GA)"
-63,0.0586440009163284,0.0123915997436979,0.104896402088959,0.0286900003698153,0.0855595360453077,0.0482096362877637,0.0101867967282718,0.0862324758472556,0.0235852680804985,0.0703361648121388,499,"Tmin","Minimum temperature","Thermal","Retained process","log_ga",72,"-80:-1","log1p(GA)"
-62,0.0579143383644194,0.0114487198431002,0.104379956885739,0.026906083910341,0.0843923754637967,0.0476098005724188,0.00941168083643978,0.0858079203083977,0.0221187589348875,0.0693766738796503,499,"Tmin","Minimum temperature","Thermal","Retained process","log_ga",72,"-80:-1","log1p(GA)"
-61,0.0568794369749269,0.010119780432235,0.103639093517619,0.0250388036428052,0.083059308092975,0.0467590363202948,0.00831919593354755,0.0851988767070421,0.0205837186726506,0.0682807954932815,499,"Tmin","Minimum temperature","Thermal","Retained process","log_ga",72,"-80:-1","log1p(GA)"
-60,0.0555549389953697,0.0084646672890327,0.102645210701707,0.0232667113293785,0.0819335446156774,0.0456702025971415,0.00695857248695279,0.0843818327073303,0.0191269298355361,0.0673553359929312,499,"Tmin","Minimum temperature","Thermal","Retained process","log_ga",72,"-80:-1","log1p(GA)"
-59,0.0539564866732669,0.00653251869615586,0.101380454650378,0.0206107127521943,0.0794896838484043,0.0443561584687088,0.00537020574080585,0.0833421111966117,0.0169435057275944,0.0653463046020432,499,"Tmin","Minimum temperature","Thermal","Retained process","log_ga",72,"-80:-1","log1p(GA)"
-58,0.0520997222561374,0.00436313625308653,0.0998363082591883,0.0181196775543918,0.0766500082959767,0.0428297630007463,0.00358681550625054,0.082072710495242,0.0148956935219193,0.0630118846542447,499,"Tmin","Minimum temperature","Thermal","Retained process","log_ga",72,"-80:-1","log1p(GA)"
-57,0.0500002879915002,0.00198847193565912,0.0980121040473413,0.0156041793055738,0.0742117897085673,0.0411038752590037,0.00163466863257381,0.0805730818854336,0.0128277709081289,0.0610074915457871,499,"Tmin","Minimum temperature","Thermal","Retained process","log_ga",72,"-80:-1","log1p(GA)"
-56,0.0476738261268742,-0.000565963956228835,0.0959136162099772,0.0131751445165701,0.0719281216230235,0.039191354309231,-0.000465263557319448,0.0788479721757814,0.0108309275502674,0.0591301501965309,499,"Tmin","Minimum temperature","Thermal","Retained process","log_ga",72,"-80:-1","log1p(GA)"
-55,0.0451359789097783,-0.0032798429921692,0.0935518008117259,0.0105082515936179,0.070323009401265,0.0371050592171777,-0.00269626961433018,0.0769063880486855,0.0086385474973209,0.0578106311459391,499,"Tmin","Minimum temperature","Thermal","Retained process","log_ga",72,"-80:-1","log1p(GA)"
-54,0.0424023885877316,-0.00613692402464103,0.0909417012001043,0.00774161865119849,0.0670636363251392,0.0348578490485936,-0.00504499813332494,0.0747606962305122,0.00636417389027307,0.055131189292196,499,"Tmin","Minimum temperature","Thermal","Retained process","log_ga",72,"-80:-1","log1p(GA)"
-53,0.0394886974082529,-0.00912411375356096,0.0881015085700668,0.00456066562122513,0.0641047550826276,0.0324625828692286,-0.00750068546883339,0.0724258512072907,0.00374919902110828,0.0526987735925289,499,"Tmin","Minimum temperature","Thermal","Retained process","log_ga",72,"-80:-1","log1p(GA)"
-52,0.0364105476188613,-0.0122306608861139,0.0850517561238365,0.00139045694098354,0.0612888675593661,0.0299321197448324,-0.010054493275788,0.0699187327654528,0.00114305678929127,0.0503839091357641,499,"Tmin","Minimum temperature","Thermal","Retained process","log_ga",72,"-80:-1","log1p(GA)"
-51,0.0331835814670756,-0.0154474598328833,0.0818146227670345,-0.00267733589673477,0.0579142532352497,0.0272793187411547,-0.0126989360970729,0.0672575735793823,-0.00220096493733289,0.0476097305900464,499,"Tmin","Minimum temperature","Thermal","Retained process","log_ga",72,"-80:-1","log1p(GA)"
-50,0.0298234412004148,-0.018766442104274,0.0784133245051037,-0.00564204464301775,0.0539466277375218,0.0245170389239453,-0.0154273810470956,0.0644614588949862,-0.0046381712691686,0.0443480537060898,499,"Tmin","Minimum temperature","Thermal","Retained process","log_ga",72,"-80:-1","log1p(GA)"
-49,0.0263457690663979,-0.0221800380191864,0.0748715761519823,-0.00959911444164833,0.0494156198716611,0.0216581393589539,-0.0182336052971451,0.0615498840150529,-0.00789117060032709,0.0406232355180913,499,"Tmin","Minimum temperature","Thermal","Retained process","log_ga",72,"-80:-1","log1p(GA)"
-48,0.0227662073125439,-0.025680696603126,0.0712131112282138,-0.0140323968618201,0.0466277600848675,0.0187154791119303,-0.0211114013967011,0.0585423596205617,-0.011535651360471,0.0383314119002865,499,"Tmin","Minimum temperature","Thermal","Retained process","log_ga",72,"-80:-1","log1p(GA)"
-47,0.0191003981863716,-0.0292604568312466,0.0674612532039898,-0.0169351099563396,0.0433230230191604,0.0157019172486243,-0.0240542248040147,0.0554580593012634,-0.0139218927551223,0.035614677545962,499,"Tmin","Minimum temperature","Thermal","Retained process","log_ga",72,"-80:-1","log1p(GA)"
-46,0.0153639839354,-0.0329105681553047,0.0636385360261047,-0.0211598589262941,0.0385244365796636,0.0126303128347856,-0.027054881931651,0.0523155076012221,-0.0173949438441707,0.0316698902986935,499,"Tmin","Minimum temperature","Thermal","Retained process","log_ga",72,"-80:-1","log1p(GA)"
-45,0.0115726068071481,-0.0366211621690753,0.0597663757833715,-0.0252923681774817,0.0356607070356377,0.00951352493616391,-0.0301052602315672,0.049132310103895,-0.0207921671720917,0.0293156962193879,499,"Tmin","Minimum temperature","Thermal","Retained process","log_ga",72,"-80:-1","log1p(GA)"
-44,0.00774190904913485,-0.0403809800201658,0.0558647981184355,-0.0292206412135572,0.0327972309834954,0.00636441261850906,-0.0331961041077879,0.045924929344806,-0.0240214934688843,0.0269617105288572,499,"Tmin","Minimum temperature","Thermal","Retained process","log_ga",72,"-80:-1","log1p(GA)"
-43,0.00388753290887916,-0.0441771615647637,0.051952227382522,-0.0322947395786667,0.0287892958888382,0.0031958349475708,-0.0363168415862642,0.0427085114814058,-0.0265486260276977,0.0236668962228881,499,"Tmin","Minimum temperature","Thermal","Retained process","log_ga",72,"-80:-1","log1p(GA)"
-42,2.51206339000115e-05,-0.0479951022216543,0.0480453434894544,-0.035031693953234,0.0256989672607975,2.06509890988768e-05,-0.0394554666384597,0.0394967686166574,-0.0287986016922564,0.0211264212068661,499,"Tmin","Minimum temperature","Thermal","Retained process","log_ga",72,"-80:-1","log1p(GA)"
-41,-0.00382968552828366,-0.0518183821340915,0.0441590110775241,-0.0384336789641353,0.0225144760061467,-0.00314828019115696,-0.042598480947253,0.036301920564939,-0.0315952809342811,0.0185085376595392,499,"Tmin","Minimum temperature","Thermal","Retained process","log_ga",72,"-80:-1","log1p(GA)"
-40,-0.0076612433301529,-0.055628769915944,0.0403062832556382,-0.0425628568417384,0.0201023343112562,-0.00629809952744696,-0.045730896986543,0.0331346979316491,-0.0349897656306911,0.0165255816543523,499,"Tmin","Minimum temperature","Thermal","Retained process","log_ga",72,"-80:-1","log1p(GA)"
-39,-0.0114539105241888,-0.0594063004360639,0.0364984793876863,-0.0455718948428955,0.0172693866367083,-0.00941594795402137,-0.04883630196566,0.0300044060576173,-0.0374634138358811,0.0141966925117598,499,"Tmin","Minimum temperature","Thermal","Retained process","log_ga",72,"-80:-1","log1p(GA)"
-38,-0.0151920448628723,-0.0631294233694362,0.0327453336436917,-0.0498940686902203,0.0136492199627743,-0.0124889664051304,-0.0518969799492206,0.0269190471389598,-0.0410165552637539,0.0112206520656031,499,"Tmin","Minimum temperature","Thermal","Retained process","log_ga",72,"-80:-1","log1p(GA)"
-37,-0.0188600040986845,-0.0667752171922739,0.0290552089949049,-0.0541763571428368,0.00944472698133886,-0.0155042958150243,-0.0548940877766684,0.0238854961466197,-0.044536907994709,0.00776425287314933,499,"Tmin","Minimum temperature","Thermal","Retained process","log_ga",72,"-80:-1","log1p(GA)"
-36,-0.0224421459841066,-0.0703196623885486,0.0254353704203355,-0.0582060215995196,0.00530464255755997,-0.0184490771179534,-0.0578078796579235,0.0209097254220166,-0.0478495854175129,0.00436080220211159,499,"Tmin","Minimum temperature","Thermal","Retained process","log_ga",72,"-80:-1","log1p(GA)"
-35,-0.0259228282716193,-0.0737379681627916,0.021892311619553,-0.0613099515102682,0.00204912773926539,-0.0213104512481678,-0.06061797575508,0.0179970732587443,-0.0504012416776886,0.00168453211707194,499,"Tmin","Minimum temperature","Thermal","Retained process","log_ga",72,"-80:-1","log1p(GA)"
-34,-0.029286408713704,-0.0770049490292794,0.0184321316018713,-0.0640527178064792,-0.00182003763865129,-0.0240755591399179,-0.0633036717661208,0.015152553486285,-0.0526559951647729,-0.00149620338343915,499,"Tmin","Minimum temperature","Thermal","Retained process","log_ga",72,"-80:-1","log1p(GA)"
-33,-0.0325172450628416,-0.0800954512333812,0.0150609611076981,-0.0658135794095251,-0.00429989053815689,-0.0267315417274538,-0.0658442894742963,0.0123812060193887,-0.0541035515406936,-0.00353482292617627,499,"Tmin","Minimum temperature","Thermal","Retained process","log_ga",72,"-80:-1","log1p(GA)"
-32,-0.0355996950715131,-0.082984833933854,0.0117854437908278,-0.0686911163927746,-0.0065000236417569,-0.0292655399450258,-0.068219572314986,0.00968849242493432,-0.0564690963398108,-0.00534349244141893,499,"Tmin","Minimum temperature","Thermal","Retained process","log_ga",72,"-80:-1","log1p(GA)"
-31,-0.0385181164921997,-0.085649516285128,0.00861328330072868,-0.0710020657160537,-0.00958875788574613,-0.0316646947268842,-0.0704101351171494,0.00708074566338091,-0.058368864851746,-0.00788265675772704,499,"Tmin","Minimum temperature","Thermal","Retained process","log_ga",72,"-80:-1","log1p(GA)"
-30,-0.0412568670773823,-0.088067608846535,0.00555387469177045,-0.0724817967148112,-0.0119551180886892,-0.0339161470072792,-0.0723979831676584,0.00456568915310003,-0.0595853114130168,-0.00982797704500571,499,"Tmin","Minimum temperature","Thermal","Retained process","log_ga",72,"-80:-1","log1p(GA)"
-29,-0.0438003045795419,-0.0902196558749607,0.0026190467158768,-0.0741822113594145,-0.014325718027184,-0.036007037720461,-0.0741671224298754,0.00215304698895342,-0.0609831759903616,-0.0117767827034343,499,"Tmin","Minimum temperature","Thermal","Retained process","log_ga",72,"-80:-1","log1p(GA)"
-28,-0.0461327867511598,-0.092089523504147,-0.000176049998172653,-0.0762332581328581,-0.0167811025173347,-0.0379245078006799,-0.0757042896916718,-0.000144725909688094,-0.0626692856931765,-0.0137952874331111,499,"Tmin","Minimum temperature","Thermal","Retained process","log_ga",72,"-80:-1","log1p(GA)"
-27,-0.0482386713447169,-0.0936654763097522,-0.00281186637968157,-0.0788917855664025,-0.0190352957347744,-0.0396556981821862,-0.0769998375802496,-0.00231155878412272,-0.0648547887050717,-0.0156483982958943,499,"Tmin","Minimum temperature","Thermal","Retained process","log_ga",72,"-80:-1","log1p(GA)"
-26,-0.0501023161126941,-0.0949414884414925,-0.0052631437838958,-0.0809103297510643,-0.0212904708937654,-0.04118774979923,-0.0780488124081735,-0.00432668719028638,-0.0665141789146887,-0.0175023163860886,499,"Tmin","Minimum temperature","Thermal","Retained process","log_ga",72,"-80:-1","log1p(GA)"
-25,-0.0517080788075727,-0.0959188294772935,-0.00749732813785197,-0.0810176351336421,-0.0237725627750544,-0.0425078035860616,-0.0788522578608857,-0.00616334931123743,-0.0666023917477997,-0.0195427765347828,499,"Tmin","Minimum temperature","Thermal","Retained process","log_ga",72,"-80:-1","log1p(GA)"
-24,-0.0530403171818337,-0.0966079383919285,-0.00947269597173894,-0.0821768404824155,-0.026127893368887,-0.0436030004769313,-0.0794187555352959,-0.00778724541856668,-0.0675553429000741,-0.0214790296807461,499,"Tmin","Minimum temperature","Thermal","Retained process","log_ga",72,"-80:-1","log1p(GA)"
-23,-0.054083388987958,-0.0970305331629458,-0.0111362448129703,-0.0812417247260313,-0.0278362036421503,-0.0444604814060893,-0.0797661591893699,-0.00915480362280861,-0.0667866096997838,-0.0228833850394157,499,"Tmin","Minimum temperature","Thermal","Retained process","log_ga",72,"-80:-1","log1p(GA)"
-22,-0.0548216519784268,-0.0972217729798968,-0.0124215309769568,-0.0810954058485875,-0.0288334363516448,-0.0450673873077858,-0.0799233722354598,-0.0102114023801118,-0.0666663249348738,-0.0237031828954246,499,"Tmin","Minimum temperature","Thermal","Retained process","log_ga",72,"-80:-1","log1p(GA)"
-21,-0.0552394639057211,-0.0972320710275269,-0.0132468567839153,-0.080924551092311,-0.03030979754668,-0.0454108591162711,-0.0799318379800024,-0.0108898802525398,-0.0665258698920831,-0.0249168592328144,499,"Tmin","Minimum temperature","Thermal","Retained process","log_ga",72,"-80:-1","log1p(GA)"
-20,-0.0553211825223219,-0.0971278562133008,-0.013514508831343,-0.0805523103523636,-0.0299278197155203,-0.0454780377657955,-0.0798461658189777,-0.0111099097126133,-0.0662198609158204,-0.0246028456590054,499,"Tmin","Minimum temperature","Thermal","Retained process","log_ga",72,"-80:-1","log1p(GA)"
-19,-0.0550511655807103,-0.0969903007427703,-0.0131120304186503,-0.0800252605753927,-0.0295561193628208,-0.0452560641906091,-0.0797330852122653,-0.010779043168953,-0.0657865876456428,-0.0242972809203845,499,"Tmin","Minimum temperature","Thermal","Retained process","log_ga",72,"-80:-1","log1p(GA)"
-18,-0.0544137708333674,-0.0969110184609518,-0.011916523205783,-0.0806392603684898,-0.0294915895501366,-0.0447320793249623,-0.0796679094072244,-0.00979624924270023,-0.0662913401564445,-0.0242442327185121,499,"Tmin","Minimum temperature","Thermal","Retained process","log_ga",72,"-80:-1","log1p(GA)"
-17,-0.0533933560327741,-0.096984351045601,-0.0098023610199472,-0.0798702810585546,-0.0267322001848753,-0.0438932241031053,-0.0797281941282315,-0.00805825407797899,-0.0656591832049145,-0.0219758138590046,499,"Tmin","Minimum temperature","Thermal","Retained process","log_ga",72,"-80:-1","log1p(GA)"
-16,-0.0519742789314116,-0.0972972364945817,-0.00665132136824144,-0.0792739879876124,-0.0245526754425667,-0.0427266394592882,-0.0799854087360243,-0.00546787018255211,-0.0651689869082455,-0.0201840859164177,499,"Tmin","Minimum temperature","Thermal","Retained process","log_ga",72,"-80:-1","log1p(GA)"
-15,-0.0501408972817608,-0.0979192468316227,-0.00236254773189895,-0.0788628867571063,-0.0203642676879847,-0.0412194663277614,-0.0804967464968766,-0.00194218615864622,-0.0648310317808587,-0.0167409099509623,499,"Tmin","Minimum temperature","Thermal","Retained process","log_ga",72,"-80:-1","log1p(GA)"
-14,-0.0478775688363029,-0.0988959758130357,0.00314083814042989,-0.0777254600331508,-0.014436599199648,-0.0393588456427751,-0.0812996887963426,0.0025819975107923,-0.063895984243019,-0.0118679350960427,499,"Tmin","Minimum temperature","Thermal","Retained process","log_ga",72,"-80:-1","log1p(GA)"
-13,-0.0451686513475189,-0.100247735834463,0.00991043313942529,-0.076481219088812,-0.00926922484321548,-0.0371319183385796,-0.0824109339017768,0.00814709722461763,-0.0628731276431342,-0.00761997734428961,499,"Tmin","Minimum temperature","Thermal","Retained process","log_ga",72,"-80:-1","log1p(GA)"
-12,-0.0419985025678898,-0.101973176668337,0.0179761715325569,-0.0747958282124041,-0.00130794060097427,-0.034525825349425,-0.083829371827862,0.0147777211290119,-0.0614876136965283,-0.00107522235307469,499,"Tmin","Minimum temperature","Thermal","Retained process","log_ga",72,"-80:-1","log1p(GA)"
-11,-0.0383514802498967,-0.104055644910706,0.0273526844109122,-0.073668031156565,0.00837703406214625,-0.0315277076095617,-0.0855413122646796,0.0224858970455561,-0.0605604824466331,0.00688653159736638,499,"Tmin","Minimum temperature","Thermal","Retained process","log_ga",72,"-80:-1","log1p(GA)"
-10,-0.0342119421460206,-0.106469840369872,0.0380459560778305,-0.072796888901005,0.0191098655802611,-0.0281247060532399,-0.0875259566135539,0.0312765445070741,-0.0598443401193835,0.0157097001353454,499,"Tmin","Minimum temperature","Thermal","Retained process","log_ga",72,"-80:-1","log1p(GA)"
-9,-0.0295642460087426,-0.109187199333624,0.0500587073161392,-0.071928149431337,0.030139498249681,-0.0243039616147097,-0.0897598234244613,0.0411519001950418,-0.0591301730569882,0.0247768608179706,499,"Tmin","Minimum temperature","Thermal","Retained process","log_ga",72,"-80:-1","log1p(GA)"
-8,-0.0243927495905437,-0.112179504588414,0.0633940054073264,-0.0710921898704965,0.042129318137004,-0.0200526152282216,-0.0922197160944922,0.0521144856380491,-0.0584429534650491,0.0346333652667095,499,"Tmin","Minimum temperature","Thermal","Retained process","log_ga",72,"-80:-1","log1p(GA)"
-7,-0.018681810643905,-0.115420914100707,0.0780572928128969,-0.0709011317373797,0.0532121411191712,-0.0153578078280256,-0.0948843905915529,0.0641687749355016,-0.0582858897762921,0.0437442522570817,499,"Tmin","Minimum temperature","Thermal","Retained process","log_ga",72,"-80:-1","log1p(GA)"
-6,-0.0124157869213075,-0.118888854444899,0.0940572806022842,-0.0709050891980491,0.0643692894779299,-0.0102066803483722,-0.0977352899171244,0.0773219292203801,-0.0582891430969475,0.0529162401156831,499,"Tmin","Minimum temperature","Thermal","Retained process","log_ga",72,"-80:-1","log1p(GA)"
-5,-0.00557903617523227,-0.122564212942046,0.111406140591581,-0.0689142048355429,0.0776709828646211,-0.00458637372351135,-0.100756702058281,0.091583954611258,-0.0566524912739527,0.0638512000461742,499,"Tmin","Minimum temperature","Thermal","Retained process","log_ga",72,"-80:-1","log1p(GA)"
-4,0.00184408384183962,-0.126431152115483,0.130119319799162,-0.0684121925451318,0.091685162466586,0.0015159711123065,-0.103935607456708,0.106967549681321,-0.0562398006397097,0.0753718754933709,499,"Tmin","Minimum temperature","Thermal","Retained process","log_ga",72,"-80:-1","log1p(GA)"
-3,0.00986921537742715,-0.13047675438522,0.150215185140075,-0.0672105007556768,0.106022539084676,0.00811321322483117,-0.107261386921641,0.123487813371303,-0.055251922541449,0.0871582424069277,499,"Tmin","Minimum temperature","Thermal","Retained process","log_ga",72,"-80:-1","log1p(GA)"
-2,0.0185120006790492,-0.134690616765902,0.171714618124001,-0.0650955829544539,0.12305603284183,0.0152182116798124,-0.110725488442088,0.141161911801713,-0.0535133062058933,0.101161013805727,499,"Tmin","Minimum temperature","Thermal","Retained process","log_ga",72,"-80:-1","log1p(GA)"
-1,0.0277880819942249,-0.139064457645369,0.194640621633819,-0.0643553682373195,0.141064776642687,0.022843825543,-0.1143211039302,0.1600087550162,-0.0529047958428502,0.115965511709571,499,"Tmin","Minimum temperature","Thermal","Retained process","log_ga",72,"-80:-1","log1p(GA)"
-80,-0.383641283307161,-1.00891113351339,0.241628566899065,-0.833666626739829,0.0634806105294051,-0.372733761545016,-0.980226211885551,0.23475868879552,-0.809964180550641,0.0616757574779951,499,"LogRain","Log rainfall amount","Rainfall","Retained process","ga",69,"-80:-1","Exclude high GA"
-79,-0.325076808300305,-0.892539506988788,0.242385890388179,-0.732455072747864,0.0730984947433838,-0.315834366167023,-0.867163212727307,0.235494480393261,-0.711630229350094,0.0710201901998262,499,"LogRain","Log rainfall amount","Rainfall","Retained process","ga",69,"-80:-1","Exclude high GA"
-78,-0.269670680074469,-0.785470328160451,0.246128968011514,-0.656289347677498,0.0864455964363027,-0.262003520830895,-0.763138178126769,0.239131136464979,-0.637630014979132,0.0839878129145651,499,"LogRain","Log rainfall amount","Rainfall","Retained process","ga",69,"-80:-1","Exclude high GA"
-77,-0.217351013574914,-0.687716846898511,0.253014819748682,-0.576541135718806,0.102557590502117,-0.21117138428644,-0.668163981239542,0.245821212666661,-0.560149169425674,0.0996417177872936,499,"LogRain","Log rainfall amount","Rainfall","Retained process","ga",69,"-80:-1","Exclude high GA"
-76,-0.168045923746904,-0.599265712955861,0.263173865462054,-0.495354035604044,0.125792334427523,-0.163268115283466,-0.582227651386924,0.255691420819992,-0.48127034555708,0.12221586159996,499,"LogRain","Log rainfall amount","Rainfall","Retained process","ga",69,"-80:-1","Exclude high GA"
-75,-0.121683525535698,-0.520039491462833,0.276672440391438,-0.439581205575418,0.152270704830811,-0.118223872571779,-0.505253955293713,0.268806210150155,-0.427083224323996,0.14794141051618,499,"LogRain","Log rainfall amount","Rainfall","Retained process","ga",69,"-80:-1","Exclude high GA"
-74,-0.0781919338865584,-0.449850155715319,0.293466287942203,-0.381568633810787,0.166990329113946,-0.0759688149011884,-0.437060212149103,0.285122582346726,-0.370720040715786,0.162242532857045,499,"LogRain","Log rainfall amount","Rainfall","Retained process","ga",69,"-80:-1","Exclude high GA"
-73,-0.037499263744747,-0.388353622808023,0.313355095318529,-0.323766707661493,0.190605404086455,-0.0364331010215013,-0.377312121862999,0.304445919819996,-0.314561513738584,0.185186194310246,499,"LogRain","Log rainfall amount","Rainfall","Retained process","ga",69,"-80:-1","Exclude high GA"
-72,0.000466369944474758,-0.33502164537303,0.33595438526198,-0.269496568969013,0.213370964169045,0.000453110317474459,-0.325496455966419,0.326402676601368,-0.261834359976506,0.207304493910628,499,"LogRain","Log rainfall amount","Rainfall","Retained process","ga",69,"-80:-1","Exclude high GA"
-71,0.0357768522358454,-0.289146811086969,0.36070051555866,-0.234997996751033,0.229720038662144,0.0347596603659311,-0.280925914974856,0.350445235706718,-0.228316636128093,0.223188738643261,499,"LogRain","Log rainfall amount","Rainfall","Retained process","ga",69,"-80:-1","Exclude high GA"
-70,0.0685040681841033,-0.249885551758083,0.38689368812629,-0.196425579834188,0.257547339359777,0.0665563903740607,-0.242780914659722,0.375893695407843,-0.190840893357764,0.25022486565561,499,"LogRain","Log rainfall amount","Rainfall","Retained process","ga",69,"-80:-1","Exclude high GA"
-69,0.098719902843987,-0.216327970417629,0.413767776105603,-0.163034937265628,0.282388402502082,0.0959131415920559,-0.210177427846323,0.402003711030435,-0.158399598985855,0.274359658517294,499,"LogRain","Log rainfall amount","Rainfall","Retained process","ga",69,"-80:-1","Exclude high GA"
-68,0.126496241270235,-0.187572987497247,0.440565470037718,-0.138911644029573,0.306569563915362,0.122899755270109,-0.182239994067865,0.428039504608083,-0.134962168709278,0.297853311688302,499,"LogRain","Log rainfall amount","Rainfall","Retained process","ga",69,"-80:-1","Exclude high GA"
-67,0.151904968517586,-0.162789172063181,0.466599109098352,-0.113634281081182,0.336188595597962,0.147586072658412,-0.15816082127253,0.453332966589353,-0.11040348072744,0.326630227971155,499,"LogRain","Log rainfall amount","Rainfall","Retained process","ga",69,"-80:-1","Exclude high GA"
-66,0.175017969640778,-0.141251862658593,0.491287801940148,-0.0972931762331382,0.359739458165823,0.170041935007156,-0.137235851262191,0.477319721276503,-0.0945269790503873,0.34951150267881,499,"LogRain","Log rainfall amount","Rainfall","Retained process","ga",69,"-80:-1","Exclude high GA"
-65,0.195907129694549,-0.122357516599342,0.51417177598844,-0.0781079127953596,0.378283013672212,0.190337183566536,-0.118878701015251,0.499553068148323,-0.0758871826610351,0.367527835896998,499,"LogRain","Log rainfall amount","Rainfall","Retained process","ga",69,"-80:-1","Exclude high GA"
-64,0.214644333733639,-0.105621740103149,0.534910407570427,-0.0570933931082116,0.395620036427693,0.208541659586742,-0.102618748822338,0.519702067995822,-0.055470138638739,0.384371939977601,499,"LogRain","Log rainfall amount","Rainfall","Retained process","ga",69,"-80:-1","Exclude high GA"
-63,0.231301466812785,-0.0906682320608866,0.553271165686456,-0.038367504305887,0.415899955379234,0.224725204317967,-0.0880903924034492,0.537540801039383,-0.0372766561454178,0.404075269112239,499,"LogRain","Log rainfall amount","Rainfall","Retained process","ga",69,"-80:-1","Exclude high GA"
-62,0.245950413986725,-0.0772142074965704,0.569115035470021,-0.0211537687140414,0.434154073733473,0.238957659010403,-0.0750188868017918,0.552934204822598,-0.0205523339815467,0.421810394329241,499,"LogRain","Log rainfall amount","Rainfall","Retained process","ga",69,"-80:-1","Exclude high GA"
-61,0.2586630603102,-0.0650557128291364,0.582381833449536,-0.00540133077502549,0.448272754886759,0.251308864914243,-0.0632060771556274,0.565823806984113,-0.00524776249252664,0.435527659293412,499,"LogRain","Log rainfall amount","Rainfall","Retained process","ga",69,"-80:-1","Exclude high GA"
-60,0.269511290837946,-0.0540545269655208,0.593077108641413,0.00683830744336924,0.461599483914178,0.261848663279678,-0.0525176722137687,0.576214998773125,0.00664388366652281,0.448475488569397,499,"LogRain","Log rainfall amount","Rainfall","Retained process","ga",69,"-80:-1","Exclude high GA"
-59,0.278566990624703,-0.0441272442783716,0.601261225527777,0.0139912084984217,0.472039301046377,0.270646895356901,-0.0428726377013092,0.584166428415112,0.0135934165562728,0.458618485370946,499,"LogRain","Log rainfall amount","Rainfall","Retained process","ga",69,"-80:-1","Exclude high GA"
-58,0.285902044725208,-0.0352365319638163,0.607040621414232,0.017937063860858,0.478992942701002,0.277773402396105,-0.034234702244385,0.589781507036594,0.0174270850787918,0.465374424116697,499,"LogRain","Log rainfall amount","Rainfall","Retained process","ga",69,"-80:-1","Exclude high GA"
-57,0.2915883381942,-0.0273842627604786,0.61056093914888,0.021742425300883,0.480400026062281,0.283298025647481,-0.0266056853367318,0.593201736631693,0.0211242541408691,0.466741501897106,499,"LogRain","Log rainfall amount","Rainfall","Retained process","ga",69,"-80:-1","Exclude high GA"
-56,0.295697756086419,-0.0206060997497636,0.612001611922601,0.0258342317321703,0.484619789815152,0.287290606361221,-0.0200202361025671,0.59460144882501,0.0250997241150603,0.470841291166083,499,"LogRain","Log rainfall amount","Rainfall","Retained process","ga",69,"-80:-1","Exclude high GA"
-55,0.298302183456601,-0.0149670610666214,0.611571427979824,0.0322003925753006,0.488918302925916,0.289820985787519,-0.0145415241095656,0.594183495684603,0.0312848850477035,0.47501759082553,499,"LogRain","Log rainfall amount","Rainfall","Retained process","ga",69,"-80:-1","Exclude high GA"
-54,0.299473505359486,-0.0105575698954895,0.609504580614462,0.0408670606252957,0.495106543904801,0.290959005176566,-0.0102574016695944,0.592175412022726,0.0397051461689508,0.481029890433964,499,"LogRain","Log rainfall amount","Rainfall","Retained process","ga",69,"-80:-1","Exclude high GA"
-53,0.299283606849812,-0.00748948108916198,0.606056694788786,0.0496792344981197,0.495853572816094,0.290774505778554,-0.00727654342702355,0.588825554984132,0.0482667761548889,0.481755680144833,499,"LogRain","Log rainfall amount","Rainfall","Retained process","ga",69,"-80:-1","Exclude high GA"
-52,0.297804372982318,-0.00589157525007866,0.601500321214714,0.0626797433511107,0.491781968512885,0.289337328843676,-0.0057240685503315,0.584398726237684,0.0608976602062669,0.47779983792062,499,"LogRain","Log rainfall amount","Rainfall","Retained process","ga",69,"-80:-1","Exclude high GA"
-51,0.295107688811741,-0.0059040478574533,0.596119425480936,0.0619262797679567,0.492416199167883,0.286717315622125,-0.00573618654196927,0.579170817786219,0.0601656187713223,0.478416036406055,499,"LogRain","Log rainfall amount","Rainfall","Retained process","ga",69,"-80:-1","Exclude high GA"
-50,0.291265439392821,-0.00767163165068679,0.590202510436329,0.0559617696371742,0.49243364534653,0.282984307364091,-0.00745351516317095,0.573422129891353,0.0543706889930275,0.478432986562555,499,"LogRain","Log rainfall amount","Rainfall","Retained process","ga",69,"-80:-1","Exclude high GA"
-49,0.286349509780296,-0.0113352122514184,0.58403423181201,0.0574011421931516,0.488029419447158,0.278208145319768,-0.0110129344369844,0.56742922507652,0.0557691379358243,0.474153979694432,499,"LogRain","Log rainfall amount","Rainfall","Retained process","ga",69,"-80:-1","Exclude high GA"
-48,0.280431785028904,-0.0170221450846385,0.577885715142446,0.052681962076726,0.480875577769541,0.272458670739348,-0.0165381788744628,0.561455520353158,0.0511841314916783,0.467203532925488,499,"LogRain","Log rainfall amount","Rainfall","Retained process","ga",69,"-80:-1","Exclude high GA"
-47,0.273584150193384,-0.0248359198336264,0.572004220220394,0.0452579352616281,0.475245768057677,0.265805724873022,-0.0241297957853152,0.55574124553136,0.043971181371326,0.461733787509676,499,"LogRain","Log rainfall amount","Rainfall","Retained process","ga",69,"-80:-1","Exclude high GA"
-46,0.265878490328474,-0.0348462402965654,0.566603220953513,0.0374920938737709,0.480889068785352,0.258319148970984,-0.0338555071797141,0.550493805121683,0.0364261350011719,0.467216640370617,499,"LogRain","Log rainfall amount","Rainfall","Retained process","ga",69,"-80:-1","Exclude high GA"
-45,0.257386690488913,-0.0470808324004399,0.561854213378265,0.029427750816926,0.481706700684598,0.250068784283426,-0.0457422506931721,0.545879819260024,0.0285910738313848,0.468011025716058,499,"LogRain","Log rainfall amount","Rainfall","Retained process","ga",69,"-80:-1","Exclude high GA"
-44,0.248180635729439,-0.0615202141902139,0.557881485649091,0.0185769432533614,0.478686095547739,0.241124472060539,-0.0597710982731077,0.542020042394186,0.0180487716992903,0.465076301107961,499,"LogRain","Log rainfall amount","Rainfall","Retained process","ga",69,"-80:-1","Exclude high GA"
-43,0.23833221110479,-0.078096216633836,0.554760638843416,0.0117971127028044,0.473026045602643,0.231556053552516,-0.0758758190396783,0.538987926144711,0.0114617023360496,0.459577175236048,499,"LogRain","Log rainfall amount","Rainfall","Retained process","ga",69,"-80:-1","Exclude high GA"
-42,0.227913301669706,-0.096694349076805,0.552520952416216,-0.00123423571377642,0.469837160426852,0.22143337000955,-0.0939451774867723,0.536811917505873,-0.0011991444618872,0.456478955053742,499,"LogRain","Log rainfall amount","Rainfall","Retained process","ga",69,"-80:-1","Exclude high GA"
-41,0.216995792478924,-0.117159393121285,0.551150978079132,-0.0116619910656076,0.474388436421595,0.210826262681832,-0.113828368318391,0.535480893682056,-0.0113304224183507,0.460900831153015,499,"LogRain","Log rainfall amount","Rainfall","Retained process","ga",69,"-80:-1","Exclude high GA"
-40,0.205651568587182,-0.139303119415193,0.550606256589558,-0.0247707834921181,0.470327856131982,0.199804572819555,-0.135342513837353,0.534951659476464,-0.0240665113718798,0.456955699512447,499,"LogRain","Log rainfall amount","Rainfall","Retained process","ga",69,"-80:-1","Exclude high GA"
-39,0.193952515049221,-0.162912874096266,0.550817904194707,-0.0365357890417602,0.471646530667262,0.188438141672911,-0.158281006263325,0.535157289609147,-0.0354970194113524,0.458236882068066,499,"LogRain","Log rainfall amount","Rainfall","Retained process","ga",69,"-80:-1","Exclude high GA"
-38,0.181970516919777,-0.187759944825162,0.551700978664716,-0.0589807787954646,0.475149488597005,0.176796810492093,-0.182421635906515,0.536015256890701,-0.0573038629987234,0.461640245424668,499,"LogRain","Log rainfall amount","Rainfall","Retained process","ga",69,"-80:-1","Exclude high GA"
-37,0.16977745925359,-0.213606959549494,0.553161878056673,-0.0848967118903434,0.46834985527584,0.164950420527292,-0.207533779573276,0.537434620627859,-0.0824829655789562,0.455033936314562,499,"LogRain","Log rainfall amount","Rainfall","Retained process","ga",69,"-80:-1","Exclude high GA"
-36,0.157445227105397,-0.240213947898639,0.555104402109433,-0.107475047118378,0.468678801101131,0.1529688130287,-0.233384289625973,0.539321915683373,-0.104419363420248,0.455353529695514,499,"LogRain","Log rainfall amount","Rainfall","Retained process","ga",69,"-80:-1","Exclude high GA"
-35,0.145045705529937,-0.267343004098786,0.557434415158661,-0.130538776548619,0.467239763247853,0.140921829246511,-0.259742024324067,0.54158568281709,-0.126827354947342,0.453955405939296,499,"LogRain","Log rainfall amount","Rainfall","Retained process","ga",69,"-80:-1","Exclude high GA"
-34,0.13265077958195,-0.294761691470068,0.560063250633967,-0.145581991919506,0.469514085050742,0.128879310430917,-0.286381155526071,0.544139776387904,-0.141442868175185,0.456165065215918,499,"LogRain","Log rainfall amount","Rainfall","Retained process","ga",69,"-80:-1","Exclude high GA"
-33,0.120332334316172,-0.32224542785461,0.562910096486954,-0.164249810478919,0.470654283241862,0.116911097832108,-0.313083486296141,0.546905681960358,-0.159579931453432,0.457272845789007,499,"LogRain","Log rainfall amount","Rainfall","Retained process","ga",69,"-80:-1","Exclude high GA"
-32,0.108162254787343,-0.349579116379859,0.565903625954544,-0.184727174743943,0.471715175145864,0.105087032700279,-0.339640035302257,0.549814100702815,-0.179475092222454,0.45830357487677,499,"LogRain","Log rainfall amount","Rainfall","Retained process","ga",69,"-80:-1","Exclude high GA"
-31,0.0962124260502007,-0.376558267424273,0.568983119524675,-0.204270718083775,0.472868434410525,0.0934769562856207,-0.365852126882674,0.552806039453915,-0.198462982055836,0.45942404517665,499,"LogRain","Log rainfall amount","Rainfall","Retained process","ga",69,"-80:-1","Exclude high GA"
-30,0.0845547331594841,-0.402989819744422,0.57209928606339,-0.221940028445087,0.466586026642471,0.0821507098383259,-0.391532188827089,0.555833608503741,-0.215629926285884,0.453320256088156,499,"LogRain","Log rainfall amount","Rainfall","Retained process","ga",69,"-80:-1","Exclude high GA"
-29,0.0732610611699315,-0.428692826974493,0.575214949314355,-0.240192463704464,0.476621313632701,0.0711781346085867,-0.416504419357901,0.558860688575074,-0.233363416261043,0.463070224172424,499,"LogRain","Log rainfall amount","Rainfall","Retained process","ga",69,"-80:-1","Exclude high GA"
-28,0.0624032951362812,-0.453499138290714,0.578305728563277,-0.256203817293873,0.480012609986049,0.0606290718465952,-0.440605448442274,0.561863592135464,-0.248919542023529,0.466365100665903,499,"LogRain","Log rainfall amount","Rainfall","Retained process","ga",69,"-80:-1","Exclude high GA"
-27,0.0520533201132718,-0.477254172108705,0.581360812335248,-0.264293443639979,0.480029650165209,0.050573362802544,-0.46368508949206,0.564831815097148,-0.256779167639115,0.466381656366116,499,"LogRain","Log rainfall amount","Rainfall","Retained process","ga",69,"-80:-1","Exclude high GA"
-26,0.0422830211556417,-0.499817859507334,0.584383901818618,-0.27674474784046,0.479174188505102,0.0410808487266251,-0.485607255964649,0.567768953417899,-0.2688764617853,0.465550516819088,499,"LogRain","Log rainfall amount","Rainfall","Retained process","ga",69,"-80:-1","Exclude high GA"
-25,0.0331642833181293,-0.521065818437781,0.58739438507404,-0.290646028053114,0.483041599664981,0.0322213708690308,-0.50625110218742,0.570693843925481,-0.282382506857632,0.469307971430429,499,"LogRain","Log rainfall amount","Rainfall","Retained process","ga",69,"-80:-1","Exclude high GA"
-24,0.0247689916554732,-0.540890808823697,0.590428792134643,-0.307648901529913,0.475793068055388,0.0240647704799535,-0.525512437087136,0.573641978047043,-0.298901962046211,0.462265526912385,499,"LogRain","Log rainfall amount","Rainfall","Retained process","ga",69,"-80:-1","Exclude high GA"
-23,0.0171690312224117,-0.559204510248883,0.593542572693706,-0.323118015919237,0.480095457330086,0.0166808888095852,-0.543305451335179,0.576667228954349,-0.313931265317221,0.466445592530362,499,"LogRain","Log rainfall amount","Rainfall","Retained process","ga",69,"-80:-1","Exclude high GA"
-22,0.0104362870736834,-0.57593965571793,0.596812229865297,-0.334119777609809,0.489492296137632,0.0101395671081184,-0.559564790442036,0.579843924658273,-0.324620229714374,0.475575264512417,499,"LogRain","Log rainfall amount","Rainfall","Retained process","ga",69,"-80:-1","Exclude high GA"
-21,0.00464264426402662,-0.591052544326977,0.600337832855031,-0.349799952928677,0.499009041591985,0.00451064662574528,-0.574247995988898,0.583269289240389,-0.339854593122568,0.484821434007757,499,"LogRain","Log rainfall amount","Rainfall","Retained process","ga",69,"-80:-1","Exclude high GA"
-20,-0.000140012151820176,-0.604525939517318,0.604245915213678,-0.357442033605538,0.505402528825665,-0.00013603138734202,-0.587338321479383,0.5870662587047,-0.347279397492322,0.491033144398923,499,"LogRain","Log rainfall amount","Rainfall","Retained process","ga",69,"-80:-1","Exclude high GA"
-19,-0.00383979711911837,-0.616372334257168,0.608692740018931,-0.370694356348771,0.49989567150018,-0.00373062568095103,-0.59884790468708,0.591386653325178,-0.360154935971164,0.485682855640827,499,"LogRain","Log rainfall amount","Rainfall","Retained process","ga",69,"-80:-1","Exclude high GA"
-18,-0.00638482558312975,-0.626637525810959,0.613867874644699,-0.383262022468184,0.500283433846135,-0.00620329500488973,-0.608821240788558,0.596414650778778,-0.372365283684916,0.486059593296763,499,"LogRain","Log rainfall amount","Rainfall","Retained process","ga",69,"-80:-1","Exclude high GA"
-17,-0.00770321248911571,-0.635404386310094,0.619997961331862,-0.380995386691599,0.508609432096696,-0.00748419810896573,-0.617338845730899,0.602370449512967,-0.370163091908849,0.494148870393837,499,"LogRain","Log rainfall amount","Rainfall","Retained process","ga",69,"-80:-1","Exclude high GA"
-16,-0.00772307278233779,-0.64279663745543,0.627350491890755,-0.379450280540725,0.528476014193756,-0.00750349374298676,-0.624520923613483,0.60951393612751,-0.368661915542643,0.513450614487294,499,"LogRain","Log rainfall amount","Rainfall","Retained process","ga",69,"-80:-1","Exclude high GA"
-15,-0.00637252140805758,-0.648982337231745,0.63623729441563,-0.3837169291972,0.551195918161606,-0.00619134065676061,-0.630530754269711,0.61814807295619,-0.372807256704078,0.535524556047692,499,"LogRain","Log rainfall amount","Rainfall","Retained process","ga",69,"-80:-1","Exclude high GA"
-14,-0.00357967331153664,-0.654176667909685,0.647017321286611,-0.375239119223379,0.561788277226657,-0.00347789760009503,-0.635577402001694,0.628621606801504,-0.364570484128494,0.545815757776341,499,"LogRain","Log rainfall amount","Rainfall","Retained process","ga",69,"-80:-1","Exclude high GA"
-13,0.000727356561963502,-0.658643491851573,0.660098204975501,-0.371352641191751,0.583028611615425,0.000706676677202236,-0.639917227152072,0.641330580506476,-0.360794504746393,0.566452196235079,499,"LogRain","Log rainfall amount","Rainfall","Retained process","ga",69,"-80:-1","Exclude high GA"
-12,0.00662045326718137,-0.662695042457508,0.675935948991871,-0.378378311597221,0.599407916188678,0.00643222342532353,-0.643853585836992,0.656718032687639,-0.367620424352938,0.582365811559403,499,"LogRain","Log rainfall amount","Rainfall","Retained process","ga",69,"-80:-1","Exclude high GA"
-11,0.0141715018588553,-0.666689085256614,0.695032088974325,-0.383826391711221,0.618553057682456,0.0137685838944609,-0.647734071751983,0.675271239540905,-0.372913607027608,0.600966626734379,499,"LogRain","Log rainfall amount","Rainfall","Retained process","ga",69,"-80:-1","Exclude high GA"
-10,0.0234523873917237,-0.671022972864014,0.717927747647462,-0.38467843353404,0.62129803901921,0.0227855993348068,-0.651944740155795,0.697515938825409,-0.373741423968671,0.603633563958129,499,"LogRain","Log rainfall amount","Rainfall","Retained process","ga",69,"-80:-1","Exclude high GA"
-9,0.0345349949205253,-0.676124276988025,0.745194266829076,-0.394084659008265,0.634620141365212,0.0335531109965535,-0.656901006224287,0.724007228217394,-0.38288021573979,0.616576898096487,499,"LogRain","Log rainfall amount","Rainfall","Retained process","ga",69,"-80:-1","Exclude high GA"
-8,0.0474912094999982,-0.682438128772259,0.777420547772255,-0.396483096175778,0.66133174485908,0.046140960129893,-0.663035345326397,0.755317265586183,-0.385210461587082,0.642529048921707,499,"LogRain","Log rainfall amount","Rainfall","Retained process","ga",69,"-80:-1","Exclude high GA"
-7,0.0623929161848811,-0.690411989989085,0.815197822358847,-0.397691817069442,0.694825719901803,0.0606189879850179,-0.670782497196406,0.792020473166441,-0.386384816655101,0.675070737863909,499,"LogRain","Log rainfall amount","Rainfall","Retained process","ga",69,"-80:-1","Exclude high GA"
-6,0.0793120000299124,-0.700479186146183,0.859103186206008,-0.406171550889721,0.709189257931008,0.0770570358121202,-0.680563467220016,0.834677538844256,-0.39462345837918,0.689025898040022,499,"LogRain","Log rainfall amount","Rainfall","Retained process","ga",69,"-80:-1","Exclude high GA"
-5,0.0983203460898306,-0.713042973147687,0.909683665327349,-0.414553193071969,0.740291534379418,0.0955249448613923,-0.69277004610525,0.883819935828034,-0.402766797363927,0.719243888119955,499,"LogRain","Log rainfall amount","Rainfall","Retained process","ga",69,"-80:-1","Exclude high GA"
-4,0.119489839419374,-0.72846300405745,0.967442682896198,-0.42531410488564,0.772207733794555,0.116092556383026,-0.707751661416797,0.939936774182849,-0.413221759622908,0.750252660063563,499,"LogRain","Log rainfall amount","Rainfall","Retained process","ga",69,"-80:-1","Exclude high GA"
-3,0.142892365073281,-0.747045730085709,1.03283046023227,-0.438676016510407,0.818553333278643,0.138829711627215,-0.725806051477649,1.00346547473208,-0.426203771199968,0.79528058166222,499,"LogRain","Log rainfall amount","Rainfall","Retained process","ga",69,"-80:-1","Exclude high GA"
-2,0.16859980810629,-0.769039581510782,1.10623919772336,-0.459565035803085,0.864461531745575,0.163806251844149,-0.747174583304726,1.07478708699302,-0.446498883000312,0.839883538238805,499,"LogRain","Log rainfall amount","Rainfall","Retained process","ga",69,"-80:-1","Exclude high GA"
-1,0.196684053573141,-0.794634934962578,1.18800304210886,-0.470131829872026,0.931471699938575,0.191092018284023,-0.772042220822567,1.15422625739061,-0.456765246585678,0.904988502535213,499,"LogRain","Log rainfall amount","Rainfall","Retained process","ga",69,"-80:-1","Exclude high GA"
-80,-0.058214630972842,-0.142661035080206,0.0262317731345221,-0.119475439878065,-0.00115989653027465,-0.339038277333159,-0.8308487190913,0.152772164424982,-0.695817299585348,-0.00675516300519852,499,"RH","Relative humidity","Atmospheric moisture","Retained process","ga",69,"-80:-1","Exclude high GA"
-79,-0.0497772603133584,-0.125293099165842,0.0257385785391247,-0.106751382257474,0.000274734571704744,-0.289899571722414,-0.729698974176042,0.149899830731213,-0.621713204029277,0.00160003652618005,499,"RH","Relative humidity","Atmospheric moisture","Retained process","ga",69,"-80:-1","Exclude high GA"
-78,-0.0418580438811293,-0.109261461654411,0.0255453738921522,-0.094162619118093,0.00169517989113131,-0.243778563100647,-0.636331745459247,0.148774619257952,-0.548397054854991,0.00987261896974135,499,"RH","Relative humidity","Atmospheric moisture","Retained process","ga",69,"-80:-1","Exclude high GA"
-77,-0.03444350948348,-0.0945836825786292,0.0256966636116692,-0.0818916756294011,0.00285363316224942,-0.200596790281729,-0.550849301445281,0.149655720881824,-0.476931866943734,0.0166193765261721,499,"RH","Relative humidity","Atmospheric moisture","Retained process","ga",69,"-80:-1","Exclude high GA"
-76,-0.0275201849277362,-0.0812854616955101,0.0262450918400376,-0.0710878222498628,0.00398904098310647,-0.160275792079528,-0.473401315870797,0.152849731711741,-0.414010917739959,0.0232319188582458,499,"RH","Relative humidity","Atmospheric moisture","Retained process","ga",69,"-80:-1","Exclude high GA"
-75,-0.0210745980212234,-0.0693977465733594,0.0272485505309126,-0.0604823494971396,0.0072261784117334,-0.122737107307915,-0.404168025388864,0.158693810773033,-0.352245324584099,0.0420847996366944,499,"RH","Relative humidity","Atmospheric moisture","Retained process","ga",69,"-80:-1","Exclude high GA"
-74,-0.0150932765712671,-0.0589492250119023,0.0287626718693681,-0.0509101256261976,0.0114559918715096,-0.0879022747807607,-0.343316505905258,0.167511956343737,-0.296497306650849,0.0667189619577123,499,"RH","Relative humidity","Atmospheric moisture","Retained process","ga",69,"-80:-1","Exclude high GA"
-73,-0.00956274838519286,-0.0499526718935259,0.0308271751231401,-0.042469086299983,0.0143339596722263,-0.055692833311934,-0.290921157515718,0.17953549089185,-0.247337234960344,0.0834800618576751,499,"RH","Relative humidity","Atmospheric moisture","Retained process","ga",69,"-80:-1","Exclude high GA"
-72,-0.00446954127032622,-0.0423865309546519,0.0334474484139995,-0.0349256469309166,0.0187684830176357,-0.0260303217153055,-0.24685643792362,0.194795794493009,-0.203404727854896,0.109306441424054,499,"RH","Relative humidity","Atmospheric moisture","Retained process","ga",69,"-80:-1","Exclude high GA"
-71,0.000199816966007314,-0.0361784507972399,0.0365780847292545,-0.027559934926769,0.0221183069283901,0.00116372119525523,-0.210700977226857,0.213028419617368,-0.160507293524626,0.128815601047541,499,"RH","Relative humidity","Atmospheric moisture","Retained process","ga",69,"-80:-1","Exclude high GA"
-70,0.00445879851648217,-0.0312008986179164,0.0401184956508807,-0.0225612899272596,0.027942466283989,0.0259677566058779,-0.181712032557586,0.233647545769342,-0.131395505623329,0.162735131616364,499,"RH","Relative humidity","Atmospheric moisture","Retained process","ga",69,"-80:-1","Exclude high GA"
-69,0.00832087557377285,-0.0272842573926599,0.0439260085402056,-0.018168514977137,0.0316238466097546,0.0484602457026928,-0.158901765245878,0.255822256651263,-0.105812266033669,0.184175254537319,499,"RH","Relative humidity","Atmospheric moisture","Retained process","ga",69,"-80:-1","Exclude high GA"
-68,0.0117995203305538,-0.024241776098607,0.0478408167597146,-0.0147670002736288,0.0363831387596459,0.0687196496718299,-0.141182549311394,0.278621848655054,-0.0860020625482456,0.211893066792749,499,"RH","Relative humidity","Atmospheric moisture","Retained process","ga",69,"-80:-1","Exclude high GA"
-67,0.0149082049794995,-0.0218942430403996,0.0517106529993986,-0.0136537561452715,0.0411288950736867,0.0868244296994191,-0.127510667333673,0.301159526732511,-0.0795186001398765,0.239532047208274,499,"RH","Relative humidity","Atmospheric moisture","Retained process","ga",69,"-80:-1","Exclude high GA"
-66,0.0176604017132844,-0.0200857554491408,0.0554065588757097,-0.011932957114934,0.0450958679450011,0.102853046971591,-0.116978151585101,0.322684245528282,-0.069496776946419,0.262635442798727,499,"RH","Relative humidity","Atmospheric moisture","Retained process","ga",69,"-80:-1","Exclude high GA"
-65,0.020069582724583,-0.0186894270242595,0.0588285924734256,-0.0085829506967513,0.0487870418370304,0.116883962674475,-0.108846024388693,0.342613949737643,-0.0499865544113736,0.284132602821515,499,"RH","Relative humidity","Atmospheric moisture","Retained process","ga",69,"-80:-1","Exclude high GA"
-64,0.0221492202060698,-0.0176062978596157,0.0619047382717552,-0.0064602676538377,0.0520157942304797,0.128995637994201,-0.102537949597642,0.360529225586043,-0.037624184502519,0.302936649692842,499,"RH","Relative humidity","Atmospheric moisture","Retained process","ga",69,"-80:-1","Exclude high GA"
-63,0.0239127863504191,-0.0167611551149895,0.0645867278158278,-0.00490431988225188,0.0545342863317511,0.139266534116899,-0.0976158924540975,0.376148960687896,-0.0285624444676999,0.317604186173329,499,"RH","Relative humidity","Atmospheric moisture","Retained process","ga",69,"-80:-1","Exclude high GA"
-62,0.0253737533503056,-0.016097694146028,0.0668452008466391,-0.00396040487178807,0.0565939590383935,0.1477751122287,-0.0937519383203086,0.389302162777709,-0.0230651439824343,0.329599587924754,499,"RH","Relative humidity","Atmospheric moisture","Retained process","ga",69,"-80:-1","Exclude high GA"
-61,0.0265455933984036,-0.015574164166976,0.0686653509637831,-0.00203834648553189,0.0593561702076185,0.154599833515733,-0.0907029332976218,0.399902600329089,-0.0118711992073819,0.345686528626677,499,"RH","Relative humidity","Atmospheric moisture","Retained process","ga",69,"-80:-1","Exclude high GA"
-60,0.0274417786873875,-0.0151598555639888,0.0700434129387639,-0.000957458488030747,0.0608188044454593,0.159819159164129,-0.0882900265644915,0.40792834489275,-0.00557617683003769,0.3542048166254,499,"RH","Relative humidity","Atmospheric moisture","Retained process","ga",69,"-80:-1","Exclude high GA"
-59,0.028075781409932,-0.0148324199507347,0.0709839827705986,4.23183231386329e-05,0.061752497772837,0.163511550360017,-0.0863830625521796,0.413406163272214,0.000246459199977467,0.359642586683915,499,"RH","Relative humidity","Atmospheric moisture","Retained process","ga",69,"-80:-1","Exclude high GA"
-58,0.0284610737587114,-0.0145758867259735,0.0714980342433963,-0.000200468856414828,0.0622799896152939,0.165755468289528,-0.0848890295033001,0.416399966082357,-0.0011675177631812,0.362714665344987,499,"RH","Relative humidity","Atmospheric moisture","Retained process","ga",69,"-80:-1","Exclude high GA"
-57,0.0286111279264002,-0.0143792209444653,0.0716014767972658,-0.000295396400591499,0.0624202639362918,0.166629374138792,-0.0837436606044742,0.417002408882058,-0.00172036969252076,0.363531613994329,499,"RH","Relative humidity","Atmospheric moisture","Retained process","ga",69,"-80:-1","Exclude high GA"
-56,0.0285394161056729,-0.0142352878140781,0.071314120025424,-0.000252945347586839,0.0624378510247278,0.166211729093938,-0.082905403283898,0.415328861471774,-0.00147313748231586,0.363634040069475,499,"RH","Relative humidity","Atmospheric moisture","Retained process","ga",69,"-80:-1","Exclude high GA"
-55,0.028259410489204,-0.0141401184824414,0.0706589394608494,-0.000308163119313399,0.0618062911881161,0.164580994341097,-0.0823511431998978,0.411513131882091,-0.00179472224359489,0.359955876084592,499,"RH","Relative humidity","Atmospheric moisture","Retained process","ga",69,"-80:-1","Exclude high GA"
-54,0.0277845832696678,-0.0140923984781127,0.0696615650174484,-0.00050402775987073,0.0608515626856372,0.161815631066398,-0.0820732249550928,0.405704487087889,-0.00293542534890214,0.354395598515327,499,"RH","Relative humidity","Atmospheric moisture","Retained process","ga",69,"-80:-1","Exclude high GA"
-53,0.027128406639739,-0.0140931209762036,0.0683499342556816,-0.000804275763840147,0.0596761780615155,0.157994100455972,-0.0820774327376385,0.398065633649583,-0.0046840504683502,0.347550233844854,499,"RH","Relative humidity","Atmospheric moisture","Retained process","ga",69,"-80:-1","Exclude high GA"
-52,0.0263043527920918,-0.0141453617790297,0.0667540673632134,-0.00107770566449597,0.0582161957780647,0.153194863695949,-0.0823816798229619,0.38877140721486,-0.00627648867401323,0.339047390658422,499,"RH","Relative humidity","Atmospheric moisture","Retained process","ga",69,"-80:-1","Exclude high GA"
-51,0.0253258939194009,-0.0142541421815709,0.0649059300203727,-0.00141077788137143,0.0564893671885582,0.147496381972459,-0.083015209910997,0.378007973855915,-0.00821627990432565,0.328990451699055,499,"RH","Relative humidity","Atmospheric moisture","Retained process","ga",69,"-80:-1","Exclude high GA"
-50,0.0242065022143407,-0.0144263503494665,0.0628393547781479,-0.0017948967960201,0.0544613988491082,0.140977116471631,-0.0840181392366725,0.365972372179935,-0.0104533638287144,0.317179694148877,499,"RH","Relative humidity","Atmospheric moisture","Retained process","ga",69,"-80:-1","Exclude high GA"
-49,0.0229596498695856,-0.0146706918326592,0.0605899915718305,-0.00220993099661935,0.0517904212637025,0.133715528379597,-0.0854411683645448,0.352872225123739,-0.0128704963958032,0.301624091988075,499,"RH","Relative humidity","Atmospheric moisture","Retained process","ga",69,"-80:-1","Exclude high GA"
-48,0.0215988090778102,-0.014997635544253,0.0581952536998733,-0.0025142290108873,0.0496469764972079,0.125790078882485,-0.0873452675731332,0.338925425338104,-0.0146427085154924,0.289140807132587,499,"RH","Relative humidity","Atmospheric moisture","Retained process","ga",69,"-80:-1","Exclude high GA"
-47,0.0201374520316888,-0.0154193132709972,0.0556942173343748,-0.00372462250292091,0.0470177770167406,0.117279229166427,-0.0898010916104243,0.324359549943278,-0.0216919625874763,0.27382851797561,499,"RH","Relative humidity","Atmospheric moisture","Retained process","ga",69,"-80:-1","Exclude high GA"
-46,0.0185890509238959,-0.0159493196522546,0.0531274215000464,-0.00446560820461072,0.0445756880281563,0.108261440417551,-0.0928878147842068,0.309410695619309,-0.0260074157928159,0.259605948323486,499,"RH","Relative humidity","Atmospheric moisture","Retained process","ga",69,"-80:-1","Exclude high GA"
-45,0.0169670779471061,-0.0166023484425857,0.0505365043367979,-0.00482829516181275,0.041882526721855,0.0988151738219884,-0.0966910125786945,0.294321360222671,-0.0281196813715215,0.243921149594887,499,"RH","Relative humidity","Atmospheric moisture","Retained process","ga",69,"-80:-1","Exclude high GA"
-44,0.0152850052939937,-0.0173935955587477,0.0479636061467352,-0.00642221898076138,0.0394230825228941,0.0890188905658688,-0.101299185038527,0.279336966170265,-0.0374025914706809,0.229597504310565,499,"RH","Relative humidity","Atmospheric moisture","Retained process","ga",69,"-80:-1","Exclude high GA"
-43,0.0135563051572333,-0.0183378692113454,0.045450479525812,-0.00754287073844823,0.0367885755392497,0.0789510518353222,-0.10679857423258,0.264700677903225,-0.0439291954371954,0.214254304595468,499,"RH","Relative humidity","Atmospheric moisture","Retained process","ga",69,"-80:-1","Exclude high GA"
-42,0.0117944497294993,-0.019448383594778,0.0430372830537766,-0.00837815067453914,0.0344215357397564,0.068690118816479,-0.113266138781574,0.250646376414532,-0.0487938122163574,0.200468816607514,499,"RH","Relative humidity","Atmospheric moisture","Retained process","ga",69,"-80:-1","Exclude high GA"
-41,0.0100129112034662,-0.0207352827660141,0.0407611051729465,-0.00989368422913289,0.0318716715888563,0.0583145526954688,-0.120760957022729,0.237390062413666,-0.0576201824432815,0.18561857132196,499,"RH","Relative humidity","Atmospheric moisture","Retained process","ga",69,"-80:-1","Exclude high GA"
-40,0.00822516177180841,-0.0222040396440149,0.0386543631876317,-0.0106603684549419,0.029957575422055,0.047902814658422,-0.129314902885083,0.225120532201927,-0.0620853022049794,0.174470998002376,499,"RH","Relative humidity","Atmospheric moisture","Retained process","ga",69,"-80:-1","Exclude high GA"
-39,0.00644467362720044,-0.0238539733039876,0.0367433205583884,-0.0131844253874829,0.0285488429414516,0.0375333658914683,-0.138924010706312,0.213990742489249,-0.0767852479058937,0.166266630380946,499,"RH","Relative humidity","Atmospheric moisture","Retained process","ga",69,"-80:-1","Exclude high GA"
-38,0.00468491896231675,-0.0256771782823745,0.035047016207008,-0.0156121319080084,0.0273023493382708,0.027284667580738,-0.149542239573655,0.204111574735131,-0.0909240549864263,0.159007131576833,499,"RH","Relative humidity","Atmospheric moisture","Retained process","ga",69,"-80:-1","Exclude high GA"
-37,0.00295936996983179,-0.0276581185802483,0.0335768585199119,-0.0182226540982447,0.0257726593018844,0.0172351809123608,-0.161079108825722,0.195549470650443,-0.10612756880292,0.15009831490784,499,"RH","Relative humidity","Atmospheric moisture","Retained process","ga",69,"-80:-1","Exclude high GA"
-36,0.00128149884242005,-0.0297740006959467,0.0323369983807868,-0.0206645259549626,0.0239376509154204,0.00746336707246712,-0.173401870570636,0.18832860471557,-0.120348873892979,0.139411343748839,499,"RH","Relative humidity","Atmospheric moisture","Retained process","ga",69,"-80:-1","Exclude high GA"
-35,-0.000335222227243992,-0.0319958531308235,0.0313254086763355,-0.0221481194908325,0.0223769821806996,-0.0019523127528131,-0.186341796658298,0.182437171152672,-0.12898922749925,0.130322109127489,499,"RH","Relative humidity","Atmospheric moisture","Retained process","ga",69,"-80:-1","Exclude high GA"
-34,-0.00187732104648591,-0.0342900837461762,0.0305354416532044,-0.0248050938247528,0.0213392422881621,-0.01093339737735,-0.199703248627255,0.177836453872555,-0.144463275621466,0.124278378546255,499,"RH","Relative humidity","Atmospheric moisture","Retained process","ga",69,"-80:-1","Exclude high GA"
-33,-0.00333132542263119,-0.0366202212037769,0.0299575703585145,-0.0266544543742206,0.0204940835150675,-0.0194014256150132,-0.213273819742667,0.17447096851264,-0.15523383285736,0.119356228053938,499,"RH","Relative humidity","Atmospheric moisture","Retained process","ga",69,"-80:-1","Exclude high GA"
-32,-0.00468376316300542,-0.0389485798232583,0.0295810534972474,-0.0287434541921196,0.0198893405347305,-0.0272779362796731,-0.226834031018953,0.172278158459607,-0.16740003382392,0.115834243720164,499,"RH","Relative humidity","Atmospheric moisture","Retained process","ga",69,"-80:-1","Exclude high GA"
-31,-0.0059211620749341,-0.0412376805095437,0.0293953563596754,-0.0308891179782239,0.0195322486647323,-0.0344844681851994,-0.240165606610017,0.171196670239618,-0.179896242107304,0.113754563570507,499,"RH","Relative humidity","Atmospheric moisture","Retained process","ga",69,"-80:-1","Exclude high GA"
-30,-0.00703004996574277,-0.043451363773892,0.0293912638424065,-0.0323770625490851,0.0196640857773614,-0.0409425601454622,-0.253057955972432,0.171172835681507,-0.188561935862322,0.114522374459409,499,"RH","Relative humidity","Atmospheric moisture","Retained process","ga",69,"-80:-1","Exclude high GA"
-29,-0.00799695464275696,-0.0455556099699616,0.0295617006844476,-0.0334106140538565,0.019600600623786,-0.0465737509743312,-0.265312950867668,0.172165448919006,-0.194581273541818,0.11415264099645,499,"RH","Relative humidity","Atmospheric moisture","Retained process","ga",69,"-80:-1","Exclude high GA"
-28,-0.00880840391330222,-0.047519125849638,0.0299023180230335,-0.0346469452120479,0.0199393757340146,-0.0512995794856767,-0.276748341425625,0.174149182454272,-0.201781586918056,0.11612564551191,499,"RH","Relative humidity","Atmospheric moisture","Retained process","ga",69,"-80:-1","Exclude high GA"
-27,-0.00945092558470404,-0.0493137707732282,0.0304119196038201,-0.0356116230624723,0.0203643692879381,-0.0550415844933683,-0.287200238365461,0.177117069378725,-0.207399808851679,0.11860078071404,499,"RH","Relative humidity","Atmospheric moisture","Retained process","ga",69,"-80:-1","Exclude high GA"
-26,-0.00991104746428798,-0.0509148914431281,0.0310927965145521,-0.036333016904085,0.0206541866168768,-0.0577213048112763,-0.296525062463009,0.181082452840456,-0.211601160320405,0.120288658251056,499,"RH","Relative humidity","Atmospheric moisture","Retained process","ga",69,"-80:-1","Exclude high GA"
-25,-0.0101752973593796,-0.0523016207207753,0.031951026002016,-0.0370397340592569,0.0211089899092722,-0.0592602792532706,-0.304601284841543,0.186080726335001,-0.215717035708553,0.122937403458272,499,"RH","Relative humidity","Atmospheric moisture","Retained process","ga",69,"-80:-1","Exclude high GA"
-24,-0.0102302030773044,-0.0534571801229033,0.0329967739682945,-0.038305437053338,0.0214859147596482,-0.0595800466332209,-0.311331188690566,0.192171095424124,-0.223088408773323,0.125132589613711,499,"RH","Relative humidity","Atmospheric moisture","Retained process","ga",69,"-80:-1","Exclude high GA"
-23,-0.0100622924253879,-0.0543692097153941,0.0342446248646183,-0.039050328297188,0.022409521392448,-0.0586021457649975,-0.31664279054645,0.199438499016455,-0.22742660760573,0.130511615409889,499,"RH","Relative humidity","Atmospheric moisture","Retained process","ga",69,"-80:-1","Exclude high GA"
-22,-0.0096580932109557,-0.0550301337495145,0.0357139473276031,-0.0392326956121533,0.0237764300924677,-0.0562481154624701,-0.320491969734424,0.207995738809484,-0.228488703152408,0.138472404015465,499,"RH","Relative humidity","Atmospheric moisture","Retained process","ga",69,"-80:-1","Exclude high GA"
-21,-0.00900413324133328,-0.055437554740897,0.0374292882582304,-0.0394516744712866,0.0252023992996611,-0.0524394945395089,-0.322864763459289,0.217985774380271,-0.229764021984328,0.146777157227119,499,"RH","Relative humidity","Atmospheric moisture","Retained process","ga",69,"-80:-1","Exclude high GA"
-20,-0.00808694032384618,-0.0555946517133252,0.0394207710656328,-0.0381470848991529,0.0264991060271276,-0.0470978218099837,-0.323779686151682,0.229584042531714,-0.222166175982876,0.154329094046776,499,"RH","Relative humidity","Atmospheric moisture","Retained process","ga",69,"-80:-1","Exclude high GA"
-19,-0.0068930422658199,-0.0555105394455246,0.0417244549138848,-0.0376824468212657,0.028744816246597,-0.0401446360877644,-0.323289821698346,0.243000549522817,-0.219460153615685,0.167407966341845,499,"RH","Relative humidity","Atmospheric moisture","Retained process","ga",69,"-80:-1","Exclude high GA"
-18,-0.00540896687458005,-0.0552005254937179,0.0443825917445578,-0.0365982220995293,0.0303584585867969,-0.0315014761867212,-0.321484320325008,0.258481367951566,-0.213145698370387,0.176805715844173,499,"RH","Relative humidity","Atmospheric moisture","Retained process","ga",69,"-80:-1","Exclude high GA"
-17,-0.0036212419574521,-0.0546861833859737,0.0474436994710695,-0.0362199126548104,0.0330825787246162,-0.0210898809207238,-0.318488824875576,0.276309063034128,-0.210942448426294,0.192670816822064,499,"RH","Relative humidity","Atmospheric moisture","Retained process","ga",69,"-80:-1","Exclude high GA"
-16,-0.00151639532176161,-0.0539951493412556,0.0509623586977324,-0.0350736151757728,0.0360785185748019,-0.00883138910364239,-0.314464286916913,0.296801508709628,-0.204266485423357,0.210118978372287,499,"RH","Relative humidity","Atmospheric moisture","Retained process","ga",69,"-80:-1","Exclude high GA"
-15,0.000919045225165893,-0.0531605543201939,0.0549986447705257,-0.0360384505335988,0.0398633011276923,0.00535246045065324,-0.309603659038955,0.320308579940262,-0.209885624669986,0.232161309232568,499,"RH","Relative humidity","Atmospheric moisture","Retained process","ga",69,"-80:-1","Exclude high GA"
-14,0.00369855187600487,-0.0522200317891385,0.0596171355411482,-0.0314938560740275,0.0442446714440306,0.021540128928293,-0.304126116136196,0.347206373992782,-0.183418197993869,0.257678128966476,499,"RH","Relative humidity","Atmospheric moisture","Retained process","ga",69,"-80:-1","Exclude high GA"
-13,0.00683559682342978,-0.0512142989604619,0.0648854926073215,-0.0301628461494405,0.0485716948256696,0.039810077515407,-0.298268792642193,0.377888947673007,-0.175666481554133,0.282878435638102,499,"RH","Relative humidity","Atmospheric moisture","Retained process","ga",69,"-80:-1","Exclude high GA"
-12,0.0103436522601151,-0.0501853904831509,0.0708726950033812,-0.0283346736415764,0.0526900960327385,0.0602407673981253,-0.292276495656858,0.412758030453108,-0.165019322113696,0.306863740144504,499,"RH","Relative humidity","Atmospheric moisture","Retained process","ga",69,"-80:-1","Exclude high GA"
-11,0.0142361903787353,-0.0491747102752015,0.0776470910326721,-0.0278566529951365,0.0572509212343668,0.0829106597625778,-0.286390358943258,0.452211678468414,-0.162235360525512,0.333425693621442,499,"RH","Relative humidity","Atmospheric moisture","Retained process","ga",69,"-80:-1","Exclude high GA"
-10,0.0185266833719649,-0.0482211307000071,0.0852744974439369,-0.0283494840968432,0.0652504593532579,0.107898215794895,-0.280836772652815,0.496633204242604,-0.165105577255337,0.380014490595094,499,"RH","Relative humidity","Atmospheric moisture","Retained process","ga",69,"-80:-1","Exclude high GA"
-9,0.0232286034324783,-0.047359380986937,0.0938165878518935,-0.0275862271993829,0.0712644306362586,0.135281896681206,-0.2758179975901,0.546381790952512,-0.160660418034139,0.415039473655982,499,"RH","Relative humidity","Atmospheric moisture","Retained process","ga",69,"-80:-1","Exclude high GA"
-8,0.0283554227529499,-0.0466189174256691,0.103329762931569,-0.0246457741443996,0.0796454449699331,0.165140163607642,-0.271505585297092,0.601785912512375,-0.143535408020666,0.463849963639489,499,"RH","Relative humidity","Atmospheric moisture","Retained process","ga",69,"-80:-1","Exclude high GA"
-7,0.0339206135260543,-0.0460233702434905,0.113864597295599,-0.0237940190717088,0.089019347328197,0.197551477760332,-0.268037156702042,0.663140112222706,-0.138574841102538,0.518442969801766,499,"RH","Relative humidity","Atmospheric moisture","Retained process","ga",69,"-80:-1","Exclude high GA"
-6,0.0399376479444659,-0.0455905496370866,0.125465845526018,-0.0212069570383026,0.0983397884843652,0.232594300325406,-0.265516437248235,0.730705037899047,-0.123507957734863,0.572724621351641,499,"RH","Relative humidity","Atmospheric moisture","Retained process","ga",69,"-80:-1","Exclude high GA"
-5,0.0464199982008592,-0.0453329023208773,0.138172898722596,-0.0206548050552126,0.108406318254276,0.270347092488995,-0.264015915802211,0.804710100780202,-0.120292259996262,0.63135144513939,499,"RH","Relative humidity","Atmospheric moisture","Retained process","ga",69,"-80:-1","Exclude high GA"
-4,0.0533811364879086,-0.0452582622698127,0.15202053524563,-0.0194201550647746,0.120124986352011,0.310888315437229,-0.263581216931667,0.885357847806125,-0.113101737633201,0.699600216592541,499,"RH","Relative humidity","Atmospheric moisture","Retained process","ga",69,"-80:-1","Exclude high GA"
-3,0.0608345349982886,-0.0453707367972534,0.167039806793831,-0.0170583343518339,0.133434117524282,0.354296430356237,-0.264236261366204,0.972829122078679,-0.0993466452706173,0.777111742991338,499,"RH","Relative humidity","Atmospheric moisture","Retained process","ga",69,"-80:-1","Exclude high GA"
-2,0.0687936659246737,-0.045671598308526,0.183258930157873,-0.0143507455388385,0.149072097537912,0.40064989843215,-0.26598845951284,1.06728825637714,-0.0835778216683044,0.868186335687203,499,"RH","Relative humidity","Atmospheric moisture","Retained process","ga",69,"-80:-1","Exclude high GA"
-1,0.0772720014597384,-0.0461600947800992,0.200704097699576,-0.0113214520383403,0.165531180508107,0.450027180851098,-0.268833431634759,1.16888779333695,-0.0659354105977167,0.964042979342676,499,"RH","Relative humidity","Atmospheric moisture","Retained process","ga",69,"-80:-1","Exclude high GA"
-80,0.282275666030953,-0.0493843704020223,0.613935702463928,0.017125270615881,0.486233910737854,0.620822073142575,-0.108613355323595,1.35025750160874,0.0376644085420847,1.06939697899214,499,"Tmax","Maximum temperature","Thermal","Retained process","ga",69,"-80:-1","Exclude high GA"
-79,0.251046778925717,-0.0460731690801654,0.548166726931599,0.0145667265870178,0.431298143696072,0.552138921288875,-0.101330875405534,1.20560871798328,0.0320372830071077,0.948574177423351,499,"Tmax","Maximum temperature","Thermal","Retained process","ga",69,"-80:-1","Exclude high GA"
-78,0.221687813551119,-0.0434945540140029,0.486870181116241,0.0118052756320755,0.383133813825616,0.487568375745711,-0.0956596066995872,1.07079635819101,0.0259638947805051,0.842644114296973,499,"Tmax","Maximum temperature","Thermal","Retained process","ga",69,"-80:-1","Exclude high GA"
-77,0.194150849043657,-0.0417243773755384,0.430026075462853,0.00270396515420958,0.338072472767974,0.427005041916923,-0.0917663744349272,0.945776458268774,0.00594695701668311,0.743538599580297,499,"Tmax","Maximum temperature","Thermal","Retained process","ga",69,"-80:-1","Exclude high GA"
-76,0.16838796453983,-0.0408612904857662,0.377637219565426,-0.00364544488480332,0.299045230938856,0.370343525206358,-0.0898681470753226,0.830555197488038,-0.00801759741720856,0.657704161486251,499,"Tmax","Maximum temperature","Thermal","Retained process","ga",69,"-80:-1","Exclude high GA"
-75,0.144351239176135,-0.041030620145574,0.329733098497843,-0.00942042601957256,0.259064662318178,0.317478431017857,-0.0902405617149711,0.725197423750686,-0.0207187834983834,0.569773027196459,499,"Tmax","Maximum temperature","Thermal","Retained process","ga",69,"-80:-1","Exclude high GA"
-74,0.121992752089069,-0.0423855925190943,0.286371096697233,-0.0142893286449692,0.222101415964179,0.268304364755265,-0.0932206158223893,0.629829345332919,-0.0314271887404301,0.488478030875192,499,"Tmax","Maximum temperature","Thermal","Retained process","ga",69,"-80:-1","Exclude high GA"
-73,0.101264582415132,-0.0451015577396261,0.24763072256989,-0.0215465601024837,0.18914119731659,0.222715931822425,-0.0991939651461274,0.544625828790978,-0.0473883572750059,0.415987080593332,499,"Tmax","Maximum temperature","Thermal","Retained process","ga",69,"-80:-1","Exclude high GA"
-72,0.0821188092908206,-0.0493563203409442,0.213593938922585,-0.0255299479022955,0.161592810720941,0.180607737623181,-0.108551663512483,0.469767138758845,-0.0561492083493555,0.355398625631831,499,"Tmax","Maximum temperature","Thermal","Retained process","ga",69,"-80:-1","Exclude high GA"
-71,0.0645075118526331,-0.05528940795127,0.184304431656536,-0.0367060011737696,0.140682877858399,0.141874387561376,-0.121600580559322,0.405349355682073,-0.0807292249661175,0.309410432417997,499,"Tmax","Maximum temperature","Thermal","Retained process","ga",69,"-80:-1","Exclude high GA"
-70,0.0483827692370676,-0.0629407444467218,0.159706282920857,-0.0539725805945822,0.117002421644906,0.106410487040854,-0.138428522734461,0.351249496816168,-0.118704420571304,0.257328897632739,499,"Tmax","Maximum temperature","Thermal","Retained process","ga",69,"-80:-1","Exclude high GA"
-69,0.0336966605806219,-0.0721881095806061,0.13958143074185,-0.0575663828251789,0.0977777193694792,0.0741106414654582,-0.158766685333623,0.30698796826454,-0.126608437884007,0.215047110860263,499,"Tmax","Maximum temperature","Thermal","Retained process","ga",69,"-80:-1","Exclude high GA"
-68,0.0204012650197939,-0.0827207126509377,0.123523242690526,-0.0662185626754797,0.0817113633290817,0.0448694562390323,-0.181931531831565,0.271670444309629,-0.145637581654683,0.179711622665002,499,"Tmax","Maximum temperature","Thermal","Retained process","ga",69,"-80:-1","Exclude high GA"
-67,0.00844866169108172,-0.094076117002138,0.110973440384301,-0.0734933683226794,0.0666264541380281,0.0185815367654201,-0.206906003665461,0.244069077196301,-0.161637401926504,0.146534676423626,499,"Tmax","Maximum temperature","Thermal","Retained process","ga",69,"-80:-1","Exclude high GA"
-66,-0.00220907026901679,-0.105726409964861,0.101308269426828,-0.0838057223644323,0.0606233201186758,-0.00485851155153504,-0.232529037813375,0.222812014710305,-0.184317844435775,0.133331703033641,499,"Tmax","Maximum temperature","Thermal","Retained process","ga",69,"-80:-1","Exclude high GA"
-65,-0.0116198517240036,-0.117168309860899,0.0939286064128912,-0.0985000179432031,0.0551159120567217,-0.0255560833079895,-0.257693743344062,0.206581576728083,-0.216635695892308,0.121219002924771,499,"Tmax","Maximum temperature","Thermal","Retained process","ga",69,"-80:-1","Exclude high GA"
-64,-0.0198316035373808,-0.12798145646328,0.0883182493885182,-0.108727468453753,0.0473692903351836,-0.0436165731000997,-0.281475602351877,0.194242456151677,-0.239129406094825,0.104181495495813,499,"Tmax","Maximum temperature","Thermal","Retained process","ga",69,"-80:-1","Exclude high GA"
-63,-0.0268922465726505,-0.137848842557145,0.084064349411844,-0.113296979252421,0.0406036437568443,-0.0591453755240222,-0.303177406044086,0.184886654996042,-0.249179344891056,0.0893014925753554,499,"Tmax","Maximum temperature","Thermal","Retained process","ga",69,"-80:-1","Exclude high GA"
-62,-0.0328497016933146,-0.146551907382064,0.0808525039954351,-0.117702587242717,0.0375289448382872,-0.0722478851759132,-0.322318463519115,0.177822693167289,-0.258868804575793,0.0825391634530905,499,"Tmax","Maximum temperature","Thermal","Retained process","ga",69,"-80:-1","Exclude high GA"
-61,-0.0377518897628752,-0.15395469559864,0.0784509160728892,-0.125316186580318,0.0356933898484285,-0.0830294966519294,-0.338599761840969,0.17254076853711,-0.275613749654863,0.0785021415227398,499,"Tmax","Maximum temperature","Thermal","Retained process","ga",69,"-80:-1","Exclude high GA"
-60,-0.0416467316448343,-0.159986219303466,0.0766927560137972,-0.130160192587511,0.0337762664623805,-0.0915956045482269,-0.351865173993883,0.168673964897429,-0.286267398600185,0.0742857224040408,499,"Tmax","Maximum temperature","Thermal","Retained process","ga",69,"-80:-1","Exclude high GA"
-59,-0.0445821482026941,-0.164625057521045,0.0754607611156572,-0.135690736848732,0.0318419696353936,-0.0980516034609624,-0.362067587824676,0.165964380902751,-0.298430983234084,0.0700315329335555,499,"Tmax","Maximum temperature","Thermal","Retained process","ga",69,"-80:-1","Exclude high GA"
-58,-0.0466060602999565,-0.167887259816089,0.0746751392161764,-0.140393231851833,0.0301085537472165,-0.102502887986292,-0.36924230189159,0.164236525919005,-0.308773400410235,0.0662191503061476,499,"Tmax","Maximum temperature","Thermal","Retained process","ga",69,"-80:-1","Exclude high GA"
-57,-0.0477663888001235,-0.169817334243287,0.0742845566430397,-0.143629191064031,0.0292849523319267,-0.105054852720373,-0.373487204840754,0.163377499400008,-0.315890396837768,0.0644077651971409,499,"Tmax","Maximum temperature","Thermal","Retained process","ga",69,"-80:-1","Exclude high GA"
-56,-0.0481110545666974,-0.170481705694552,0.0742595965611575,-0.145292598104842,0.0295889546797591,-0.105812892259361,-0.374948388043369,0.163322603524647,-0.319548805733145,0.0650763717776346,499,"Tmax","Maximum temperature","Thermal","Retained process","ga",69,"-80:-1","Exclude high GA"
-55,-0.0476879784631799,-0.169964009264242,0.0745880523378823,-0.145730900936629,0.0290557413326628,-0.104882401199413,-0.373809794073713,0.164044991674888,-0.320512785648666,0.0639036507272295,499,"Tmax","Maximum temperature","Thermal","Retained process","ga",69,"-80:-1","Exclude high GA"
-54,-0.0465450813530733,-0.168361678555391,0.0752715158492443,-0.145757113708806,0.0287957983292422,-0.102368774136684,-0.370285713211497,0.165548164938128,-0.320570436624375,0.0633319459233702,499,"Tmax","Maximum temperature","Thermal","Retained process","ga",69,"-80:-1","Exclude high GA"
-53,-0.0447302840998796,-0.165783396242673,0.0763228280429141,-0.145315372089225,0.0288672617295989,-0.0983774056673327,-0.364615176345762,0.167860365011097,-0.319598893622042,0.0634891187218161,499,"Tmax","Maximum temperature","Thermal","Retained process","ga",69,"-80:-1","Exclude high GA"
-52,-0.0422915075671007,-0.162347059744149,0.0777640446099477,-0.14374264558503,0.0297343262398116,-0.0930136903875139,-0.357057480781613,0.171030100006585,-0.316139922671588,0.065396094248072,499,"Tmax","Maximum temperature","Thermal","Retained process","ga",69,"-80:-1","Exclude high GA"
-51,-0.0392766726182388,-0.158177974044877,0.0796246288083995,-0.14155090996105,0.0316757351060452,-0.0863830228933846,-0.347888215632674,0.175122169845905,-0.311319536015551,0.0696659255590726,499,"Tmax","Maximum temperature","Thermal","Retained process","ga",69,"-80:-1","Exclude high GA"
-50,-0.0357337001167958,-0.153407023937951,0.0819396237043589,-0.13961147813806,0.0333262137409581,-0.0785907977811011,-0.337395241945325,0.180213646383123,-0.307054052908215,0.0732959004067514,499,"Tmax","Maximum temperature","Thermal","Retained process","ga",69,"-80:-1","Exclude high GA"
-49,-0.0317105109262739,-0.148168612073965,0.0847475902214176,-0.134565013083035,0.0346750957701291,-0.0697424096468198,-0.325874157754464,0.186389338460824,-0.295955126310841,0.0762625597350227,499,"Tmax","Maximum temperature","Thermal","Retained process","ga",69,"-80:-1","Exclude high GA"
-48,-0.027255025910175,-0.142598193253536,0.0880881414331862,-0.128932852255688,0.0353370567978983,-0.0599432530866973,-0.313622875137733,0.193736368964338,-0.283568051610883,0.0777184415805169,499,"Tmax","Maximum temperature","Thermal","Retained process","ga",69,"-80:-1","Exclude high GA"
-47,-0.0224151659320013,-0.136829305972099,0.0919989741080959,-0.123011176998443,0.0361308346633433,-0.04929872269689,-0.300935091553174,0.202337646159394,-0.270544234285883,0.0794642343616285,499,"Tmax","Maximum temperature","Thermal","Retained process","ga",69,"-80:-1","Exclude high GA"
-46,-0.0172388518552547,-0.130990111241324,0.0965124075308148,-0.119599454686172,0.0411184799668204,-0.0379142130735542,-0.288092677507306,0.212264251360198,-0.263040673852662,0.090433795928671,499,"Tmax","Maximum temperature","Thermal","Retained process","ga",69,"-80:-1","Exclude high GA"
-45,-0.0117740045434374,-0.125199594817111,0.101651585730236,-0.114341381276874,0.04671872213663,-0.0258951188128464,-0.275357323937537,0.223567086311844,-0.251476347105706,0.102750670432407,499,"Tmax","Maximum temperature","Thermal","Retained process","ga",69,"-80:-1","Exclude high GA"
-44,-0.00606854486005118,-0.119563748864014,0.107426659143912,-0.109691302843182,0.0532228063194828,-0.013346834510923,-0.26296214436818,0.236268475346334,-0.24124921214196,0.117055406944302,499,"Tmax","Maximum temperature","Thermal","Retained process","ga",69,"-80:-1","Exclude high GA"
-43,-0.000170393668598279,-0.114172176028465,0.113831388691269,-0.107213175798605,0.0580108848711935,-0.000374754763940412,-0.251104206089867,0.250354696561986,-0.235798951441286,0.12758605202129,499,"Tmax","Maximum temperature","Thermal","Retained process","ga",69,"-80:-1","Exclude high GA"
-42,0.00587252816741921,-0.109095596158034,0.120840652492873,-0.101719765833398,0.0648559256396145,0.0129157258319446,-0.239939046570629,0.265770498234518,-0.223717038001224,0.142640670296925,499,"Tmax","Maximum temperature","Thermal","Retained process","ga",69,"-80:-1","Exclude high GA"
-41,0.0120122997844994,-0.104384645148914,0.128409244717913,-0.100421212176323,0.0743506455044509,0.0264192126805762,-0.229578031704988,0.282416457066141,-0.220861068215349,0.163522851723607,499,"Tmax","Maximum temperature","Thermal","Retained process","ga",69,"-80:-1","Exclude high GA"
-40,0.0182010003191402,-0.100070145322089,0.136472145960369,-0.0947418789191413,0.083125301931034,0.0400303111857974,-0.220088950464918,0.300149572836512,-0.208370244984399,0.182821363956212,499,"Tmax","Maximum temperature","Thermal","Retained process","ga",69,"-80:-1","Exclude high GA"
-39,0.0243907089078395,-0.0961647595326249,0.144946177348304,-0.0884656850357829,0.0910786848067445,0.0536436267514521,-0.211499652859751,0.318786906362655,-0.194566718265649,0.200313610860888,499,"Tmax","Maximum temperature","Thermal","Retained process","ga",69,"-80:-1","Exclude high GA"
-38,0.0305335046870953,-0.0926657061576992,0.15373271553189,-0.0847498303335295,0.0987827961014744,0.0671537647813836,-0.203804021136328,0.338111550699096,-0.186394265244153,0.217257623120134,499,"Tmax","Maximum temperature","Thermal","Retained process","ga",69,"-80:-1","Exclude high GA"
-37,0.0365814667934056,-0.0895580810258243,0.162721014612635,-0.0771843995734261,0.10685732635177,0.0804553306794358,-0.196969275853294,0.357879937212165,-0.169755259570213,0.235016315111286,499,"Tmax","Maximum temperature","Thermal","Retained process","ga",69,"-80:-1","Exclude high GA"
-36,0.0424866743632683,-0.0868183276188262,0.171791676345363,-0.0699348964707166,0.114942195680511,0.0934429298494522,-0.190943608058587,0.377829467757492,-0.153811088367783,0.252797746321177,499,"Tmax","Maximum temperature","Thermal","Retained process","ga",69,"-80:-1","Exclude high GA"
-35,0.0482012065331813,-0.0844174909542225,0.180819904020585,-0.0641933269228587,0.12304459131061,0.106011167695276,-0.185663335705134,0.397685671095685,-0.141183385952221,0.270617723945276,499,"Tmax","Maximum temperature","Thermal","Retained process","ga",69,"-80:-1","Exclude high GA"
-34,0.0536771424396427,-0.0823240307435484,0.189678315622834,-0.0585316877818,0.131425266953916,0.118054649620751,-0.181059090761506,0.417168390003008,-0.12873147821834,0.289049735816404,499,"Tmax","Maximum temperature","Thermal","Retained process","ga",69,"-80:-1","Exclude high GA"
-33,0.0588665612191503,-0.0805061066166781,0.198239229054979,-0.050044574003687,0.13856914561485,0.129467981029721,-0.177060845212647,0.435996807272088,-0.11006537197967,0.304761602244428,499,"Tmax","Maximum temperature","Thermal","Retained process","ga",69,"-80:-1","Exclude high GA"
-32,0.0637215420082023,-0.0789333532145976,0.206376437231002,-0.0444769276686861,0.146296980657948,0.140145767326029,-0.173601815104417,0.453893349756475,-0.0978201870197988,0.321757791252921,499,"Tmax","Maximum temperature","Thermal","Retained process","ga",69,"-80:-1","Exclude high GA"
-31,0.0681941639432964,-0.0775782278052307,0.213966555691824,-0.039902503341742,0.15299591355079,0.149982613913519,-0.170621424418104,0.470586652245143,-0.087759441671045,0.336491067644947,499,"Tmax","Maximum temperature","Thermal","Retained process","ga",69,"-80:-1","Exclude high GA"
-30,0.0722365061609307,-0.0764170437691245,0.220890056090986,-0.0340702821340858,0.159455148860795,0.158873126196035,-0.168067578063823,0.485813830455893,-0.0749323648206934,0.350697165933395,499,"Tmax","Maximum temperature","Thermal","Retained process","ga",69,"-80:-1","Exclude high GA"
-29,0.0758006477976031,-0.0754308114073226,0.227032107002529,-0.033036172216374,0.167107635342671,0.16671190957742,-0.16589851110859,0.499322330263429,-0.0726579985177166,0.367527637327458,499,"Tmax","Maximum temperature","Thermal","Retained process","ga",69,"-80:-1","Exclude high GA"
-28,0.0788386679898116,-0.0746060044913744,0.232283340470998,-0.0333086866836882,0.171103526281927,0.173393569461517,-0.164084474685609,0.510871613608643,-0.0732573523300314,0.376315987141104,499,"Tmax","Maximum temperature","Thermal","Retained process","ga",69,"-80:-1","Exclude high GA"
-27,0.081302645874054,-0.0739353656696483,0.236540657417756,-0.0319093442533233,0.175027461805394,0.17881271125217,-0.162609507362042,0.520234929866382,-0.0701797130815945,0.384946082043757,499,"Tmax","Maximum temperature","Thermal","Retained process","ga",69,"-80:-1","Exclude high GA"
-26,0.0831446605868285,-0.073418862278774,0.239708183452431,-0.0280536799754094,0.177600585083052,0.182863940353224,-0.16147353729981,0.527201418006257,-0.0616997703220447,0.390605272402418,499,"Tmax","Maximum temperature","Thermal","Retained process","ga",69,"-80:-1","Exclude high GA"
-25,0.084316791264633,-0.0730649101601461,0.241698492689412,-0.0252906548420058,0.182570867125791,0.18544186216852,-0.160695073852466,0.531578798189506,-0.0556229199311344,0.401536646138114,499,"Tmax","Maximum temperature","Thermal","Retained process","ga",69,"-80:-1","Exclude high GA"
-24,0.0847711170439653,-0.0728919993397154,0.242434233427646,-0.0274386864921775,0.182839098029891,0.186441082101904,-0.160314782998784,0.533196947202591,-0.0603471863937251,0.402126578909527,499,"Tmax","Maximum temperature","Thermal","Retained process","ga",69,"-80:-1","Exclude high GA"
-23,0.0844597170613235,-0.0729308837058126,0.24185031782846,-0.0292290920509624,0.185487908686839,0.185756205557218,-0.160400303203599,0.531912714318034,-0.0642849090688667,0.407952232061041,499,"Tmax","Maximum temperature","Thermal","Retained process","ga",69,"-80:-1","Exclude high GA"
-22,0.0833346704532055,-0.0732275379221919,0.239896878828603,-0.0312486832988206,0.185210051681668,0.183281837938305,-0.161052748694946,0.527616424571557,-0.0687266905480341,0.407341128155369,499,"Tmax","Maximum temperature","Thermal","Retained process","ga",69,"-80:-1","Exclude high GA"
-21,0.0813480563561093,-0.0738471369953256,0.236543249707544,-0.0334932080862795,0.186099558934978,0.178912584649011,-0.162415461912521,0.520240631210543,-0.0736631788800372,0.409297463056071,499,"Tmax","Maximum temperature","Thermal","Retained process","ga",69,"-80:-1","Exclude high GA"
-20,0.0784519539065328,-0.0748793687955689,0.231783276608635,-0.0337983030797397,0.183235662232282,0.172543051093178,-0.164685697583918,0.509771799770273,-0.0743341885671584,0.402998761105478,499,"Tmax","Maximum temperature","Thermal","Retained process","ga",69,"-80:-1","Exclude high GA"
-19,0.074598442240974,-0.0764454235413854,0.225642308023333,-0.0324327140541297,0.178682995385953,0.164067842674649,-0.168129995024158,0.496265680373456,-0.0713307847603031,0.392985868001346,499,"Tmax","Maximum temperature","Thermal","Retained process","ga",69,"-80:-1","Exclude high GA"
-18,0.0697396004959309,-0.0787069603798139,0.218186161371676,-0.0361833875757141,0.174864427327349,0.153381564797269,-0.17310389875544,0.479867028349977,-0.0795798164394832,0.384587512691758,499,"Tmax","Maximum temperature","Thermal","Retained process","ga",69,"-80:-1","Exclude high GA"
-17,0.0638275078079013,-0.0818771127271568,0.209532128342959,-0.0375520270479416,0.170390960615197,0.14037882286488,-0.180076163067588,0.460833808797348,-0.0825899292362409,0.37474880814658,499,"Tmax","Maximum temperature","Thermal","Retained process","ga",69,"-80:-1","Exclude high GA"
-16,0.0568142433133833,-0.0862329509032806,0.199861437530047,-0.0402235038574348,0.163368164922712,0.124954222281327,-0.189656161672491,0.439564606235145,-0.0884654331170465,0.359303245153603,499,"Tmax","Maximum temperature","Thermal","Retained process","ga",69,"-80:-1","Exclude high GA"
-15,0.0486518861488748,-0.0921274746199883,0.189431246917738,-0.0420620594978124,0.157403346948597,0.107002368450453,-0.202620263344625,0.41662500024553,-0.0925090545184112,0.346184542033788,499,"Tmax","Maximum temperature","Thermal","Retained process","ga",69,"-80:-1","Exclude high GA"
-14,0.0392925154508738,-0.099996940752426,0.178581971654174,-0.0508745442517249,0.150948354475143,0.0864178667761012,-0.219927948231389,0.392763681783592,-0.111890764360383,0.331987775214185,499,"Tmax","Maximum temperature","Thermal","Retained process","ga",69,"-80:-1","Exclude high GA"
-13,0.0286882103558782,-0.110356555450633,0.16773297616239,-0.0591013760008029,0.142136613379729,0.0630953226621157,-0.242712333312582,0.368902978636813,-0.129984420160305,0.312607700935128,499,"Tmax","Maximum temperature","Thermal","Retained process","ga",69,"-80:-1","Exclude high GA"
-12,0.0167910500003859,-0.123776267548611,0.157358367549383,-0.0708414608838852,0.125913223199573,0.0369293415123398,-0.27222693371292,0.3460856167376,-0.155804937877853,0.276926840212472,499,"Tmax","Maximum temperature","Thermal","Retained process","ga",69,"-80:-1","Exclude high GA"
-11,0.0035531135208951,-0.140832407630593,0.147938634672383,-0.0823288678914037,0.114319933695253,0.00781452873061728,-0.309739300238857,0.325368357700092,-0.181069729326997,0.251429176436436,499,"Tmax","Maximum temperature","Thermal","Retained process","ga",69,"-80:-1","Exclude high GA"
-10,-0.0110735199460964,-0.162042721884397,0.139895681992204,-0.106082005176267,0.108890386228145,-0.0243545102792084,-0.356388136294065,0.307679115735648,-0.233311114991506,0.239487718775021,499,"Tmax","Maximum temperature","Thermal","Retained process","ga",69,"-80:-1","Exclude high GA"
-9,-0.0271367712640908,-0.187806579760914,0.133533037232733,-0.128958633547842,0.103483815337853,-0.0596831701132938,-0.413051793788707,0.29368545356212,-0.2836247536124,0.227596794573516,499,"Tmax","Maximum temperature","Thermal","Retained process","ga",69,"-80:-1","Exclude high GA"
-8,-0.0446845612965898,-0.218375195396631,0.129006072803452,-0.141237925767586,0.0916976106951647,-0.0982768453677952,-0.480282779721386,0.283729088985795,-0.310631175241918,0.20167484351184,499,"Tmax","Maximum temperature","Thermal","Retained process","ga",69,"-80:-1","Exclude high GA"
-7,-0.0637648109070958,-0.253861557067967,0.126331935253775,-0.167907098992146,0.0860377574352343,-0.140240930638869,-0.558329594492411,0.277847733214673,-0.369285935119286,0.189226863549843,499,"Tmax","Maximum temperature","Thermal","Retained process","ga",69,"-80:-1","Exclude high GA"
-6,-0.0844254409591105,-0.294278511198511,0.12542762928029,-0.201628602451658,0.0800048151979275,-0.185680820522672,-0.647220491841959,0.275858850796615,-0.443451214690085,0.175958331552106,499,"Tmax","Maximum temperature","Thermal","Retained process","ga",69,"-80:-1","Exclude high GA"
-5,-0.106714372316136,-0.339584036416046,0.126155291783774,-0.239850494943122,0.0820645361798611,-0.23470190961536,-0.74686305220095,0.277459232970229,-0.52751441032304,0.180488372232124,499,"Tmax","Maximum temperature","Thermal","Retained process","ga",69,"-80:-1","Exclude high GA"
-4,-0.130679525841675,-0.389718176570175,0.128359124886825,-0.287187657641331,0.0843366792727759,-0.28740959251309,-0.857125411203916,0.282306226177736,-0.63162524600438,0.185485602794907,499,"Tmax","Maximum temperature","Thermal","Retained process","ga",69,"-80:-1","Exclude high GA"
-3,-0.156368822399229,-0.444626445388667,0.13188880059021,-0.324710456377346,0.0788347733842815,-0.343909263812018,-0.977887734644253,0.290069207020216,-0.714150892047318,0.17338500387344,499,"Tmax","Maximum temperature","Thermal","Retained process","ga",69,"-80:-1","Exclude high GA"
-2,-0.183830182852299,-0.504271469310519,0.136611103605921,-0.368027193096515,0.072061224805306,-0.404306318108301,-1.10906782510144,0.300455188884836,-0.809419416854612,0.158487621713441,499,"Tmax","Maximum temperature","Thermal","Retained process","ga",69,"-80:-1","Exclude high GA"
-1,-0.213111528064389,-0.568636854763779,0.142413798635001,-0.418389635062275,0.0712054420855675,-0.468706149998095,-1.25062962742602,0.313217327429832,-0.920183890708612,0.156605458756576,499,"Tmax","Maximum temperature","Thermal","Retained process","ga",69,"-80:-1","Exclude high GA"
-80,0.099639141709821,-0.819641695288082,1.01891997870772,-0.323312300294701,1.0087314157466,0.0813611232787346,-0.669284860049648,0.832007106607117,-0.264003196639495,0.823687555546276,499,"Tmin","Minimum temperature","Thermal","Retained process","ga",69,"-80:-1","Exclude high GA"
-79,0.135332387933709,-0.718152472312507,0.988817248179926,-0.259984774978764,0.977902008167514,0.110506723656319,-0.586413038391184,0.807426485703823,-0.212292608754541,0.798513560792716,499,"Tmin","Minimum temperature","Thermal","Retained process","ga",69,"-80:-1","Exclude high GA"
-78,0.168214082262696,-0.624127419025806,0.960555583551198,-0.198733777510481,0.946582426251618,0.137356529264899,-0.50963614308203,0.784349201611827,-0.162277625983254,0.772939310336818,499,"Tmin","Minimum temperature","Thermal","Retained process","ga",69,"-80:-1","Exclude high GA"
-77,0.198356110849497,-0.537430511951532,0.934142733650526,-0.142726010573277,0.91865791697603,0.161969239306741,-0.43884310308478,0.762781581698262,-0.116544044258761,0.750137333094923,499,"Tmin","Minimum temperature","Thermal","Retained process","ga",69,"-80:-1","Exclude high GA"
-76,0.225830359846827,-0.457925478015523,0.909586197709176,-0.0960189114566713,0.905987468259819,0.184403552984114,-0.373922643551054,0.742729749519283,-0.0784049958485954,0.739791178739251,499,"Tmin","Minimum temperature","Thermal","Retained process","ga",69,"-80:-1","Exclude high GA"
-75,0.2507087154074,-0.385473111258741,0.88689054207354,-0.0525131335431598,0.881777474313832,0.204718169499287,-0.314761094762306,0.72419743376088,-0.0428800113955272,0.72002231814676,499,"Tmin","Minimum temperature","Thermal","Retained process","ga",69,"-80:-1","Exclude high GA"
-74,0.273063063683931,-0.319927599854085,0.866053727221948,-0.0109810264463495,0.8319524672587,0.222971788054528,-0.261239392926567,0.707182969035623,-0.00896664334012851,0.679337317535431,499,"Tmin","Minimum temperature","Thermal","Retained process","ga",69,"-80:-1","Exclude high GA"
-73,0.292965290829137,-0.261131815078457,0.84706239673673,0.0318575181918621,0.807672541826917,0.239223107852105,-0.213229233351615,0.691675449055825,0.0260135065445585,0.659511353839287,499,"Tmin","Minimum temperature","Thermal","Retained process","ga",69,"-80:-1","Exclude high GA"
-72,0.31048728299573,-0.208911689490877,0.829886255482337,0.0622598862977052,0.779960134598215,0.253530828094287,-0.170588479902177,0.67765013609075,0.0508387988642048,0.636882570188669,499,"Tmin","Minimum temperature","Thermal","Retained process","ga",69,"-80:-1","Exclude high GA"
-71,0.325700926336427,-0.163070076187523,0.814471928860377,0.0933721951188633,0.75596400192725,0.265953647983342,-0.133156150726437,0.66506344669312,0.0762437988476079,0.617288339698997,499,"Tmin","Minimum temperature","Thermal","Retained process","ga",69,"-80:-1","Exclude high GA"
-70,0.338678107003942,-0.123380804558764,0.800737018566647,0.120861569485004,0.733790391130005,0.276550266721538,-0.100747564437778,0.653848097880854,0.09869046326361,0.599182303751163,499,"Tmin","Minimum temperature","Thermal","Retained process","ga",69,"-80:-1","Exclude high GA"
-69,0.34949071115099,-0.089583947010198,0.788565369312177,0.13756358401472,0.715239278906964,0.285379383511144,-0.0731504751186945,0.643909242140983,0.11232862433,0.584034247448831,499,"Tmin","Minimum temperature","Thermal","Retained process","ga",69,"-80:-1","Exclude high GA"
-68,0.358210624930285,-0.0613834537591025,0.777804703619673,0.151732046940073,0.693973598222587,0.292499697554429,-0.0501231409952679,0.635122536104125,0.123897993946782,0.566669588961439,499,"Tmin","Minimum temperature","Thermal","Retained process","ga",69,"-80:-1","Exclude high GA"
-67,0.364909734494544,-0.038448163817087,0.768267632806176,0.15775346691071,0.675236174688745,0.297969908053659,-0.0313951499629856,0.627334966070304,0.12881483168883,0.551369398695825,499,"Tmin","Minimum temperature","Thermal","Retained process","ga",69,"-80:-1","Exclude high GA"
-66,0.369659925996481,-0.0204167012129553,0.759736553205917,0.165619326125553,0.666914755461249,0.301848714211105,-0.0166714176359532,0.620368846058163,0.135237760773624,0.544574478506788,499,"Tmin","Minimum temperature","Thermal","Retained process","ga",69,"-80:-1","Exclude high GA"
-65,0.37253308558881,-0.00690600589874385,0.751972177076364,0.170627607814552,0.663040733498271,0.304194815229034,-0.00563915332518349,0.614028783783252,0.13932731249919,0.541411115463856,499,"Tmin","Minimum temperature","Thermal","Retained process","ga",69,"-80:-1","Exclude high GA"
-64,0.373601099424247,0.00247753648322341,0.744724662365271,0.170986180911798,0.64485703269968,0.305066910309715,0.00202305186275238,0.608110768756677,0.139620108176359,0.526563071844147,499,"Tmin","Minimum temperature","Thermal","Retained process","ga",69,"-80:-1","Exclude high GA"
-63,0.372935853655506,0.00812593410503504,0.737745773205978,0.167506720062592,0.634847975434682,0.304523698655415,0.00663529527783421,0.602412102032996,0.136778927107977,0.518390097568505,499,"Tmin","Minimum temperature","Thermal","Retained process","ga",69,"-80:-1","Exclude high GA"
-62,0.370609234435303,0.0104180679578538,0.730800400912752,0.162903196951624,0.632314773791361,0.302623879468404,0.00850695516741518,0.596740803769393,0.133019884176448,0.516321591882333,499,"Tmin","Minimum temperature","Thermal","Retained process","ga",69,"-80:-1","Exclude high GA"
-61,0.366693127916352,0.00971016319229789,0.723676092640407,0.157665811341356,0.62462746571815,0.29942615195095,0.0079289099744153,0.590923393927485,0.128743255845623,0.51004446013377,499,"Tmin","Minimum temperature","Thermal","Retained process","ga",69,"-80:-1","Exclude high GA"
-60,0.361259420251369,0.00632903852681438,0.716189801975923,0.145853772647067,0.612752150090452,0.294989215305321,0.00516802608873988,0.584810404521902,0.119098042931424,0.500347577942906,499,"Tmin","Minimum temperature","Thermal","Retained process","ga",69,"-80:-1","Exclude high GA"
-59,0.354379997593067,0.000568322314175584,0.708191672871959,0.135479913577679,0.600153693911865,0.289371768733785,0.000464068046675454,0.578279469420895,0.110627186878902,0.490060209658934,499,"Tmin","Minimum temperature","Thermal","Retained process","ga",69,"-80:-1","Exclude high GA"
-58,0.346126746094163,-0.00731263877799515,0.699566130966321,0.123720507825862,0.584419241999557,0.282632511438612,-0.00597119259459333,0.571236215471817,0.101024951807021,0.477212119442653,499,"Tmin","Minimum temperature","Thermal","Retained process","ga",69,"-80:-1","Exclude high GA"
-57,0.33657155190737,-0.0170877152167431,0.690230819031483,0.110468357252499,0.566870167411663,0.274830142622068,-0.0139531079899327,0.563613393234069,0.0902038042338336,0.462882284836775,499,"Tmin","Minimum temperature","Thermal","Retained process","ga",69,"-80:-1","Exclude high GA"
-56,0.325786301185405,-0.0285613912762405,0.68013399364705,0.0992537247037899,0.557412813347127,0.266023361486423,-0.0233220282387211,0.555368751211567,0.0810464079971362,0.455159808140055,499,"Tmin","Minimum temperature","Thermal","Retained process","ga",69,"-80:-1","Exclude high GA"
-55,0.313842880080981,-0.0415651965050964,0.669250956667058,0.0769977671964392,0.545921256338828,0.256270867233945,-0.0339403874714694,0.546482121939359,0.0628731311967866,0.445776287062166,499,"Tmin","Minimum temperature","Thermal","Retained process","ga",69,"-80:-1","Exclude high GA"
-54,0.300813174746814,-0.0559536405373169,0.657579990030944,0.0562830497389512,0.531800345512406,0.245631359066902,-0.0456893843878015,0.536952102521606,0.0459583660570874,0.434245746485026,499,"Tmin","Minimum temperature","Thermal","Retained process","ga",69,"-80:-1","Exclude high GA"
-53,0.286769071335618,-0.0716000000083986,0.645138142679635,0.0369806035787147,0.514328029630597,0.234163536187563,-0.0584655420297194,0.526792614404846,0.030196802130756,0.419978589803118,499,"Tmin","Minimum temperature","Thermal","Retained process","ga",69,"-80:-1","Exclude high GA"
-52,0.271782456000109,-0.0883921986530726,0.63195711065329,0.0191833187031002,0.496227890693092,0.221926097798197,-0.0721773436430773,0.51602953923947,0.015664289466118,0.405198779276996,499,"Tmin","Minimum temperature","Thermal","Retained process","ga",69,"-80:-1","Exclude high GA"
-51,0.255925214893001,-0.106228936932371,0.618079366718373,0.00191638359672911,0.475845041096146,0.20897774310107,-0.0867420722941817,0.504697558496322,0.00156483806852638,0.388555003443813,499,"Tmin","Minimum temperature","Thermal","Retained process","ga",69,"-80:-1","Exclude high GA"
-50,0.23926923416701,-0.125016166627912,0.603554634961932,-0.0145286697929734,0.445838013840655,0.195377171298453,-0.102082932172084,0.49283727476899,-0.0118634993619743,0.364052529798742,499,"Tmin","Minimum temperature","Thermal","Retained process","ga",69,"-80:-1","Exclude high GA"
-49,0.22188639997485,-0.144663964759333,0.588436764709033,-0.0369314049616885,0.41423935341655,0.181183081592612,-0.11812649596132,0.480492659146545,-0.0301566286138396,0.338250395596345,499,"Tmin","Minimum temperature","Thermal","Retained process","ga",69,"-80:-1","Exclude high GA"
-48,0.203848598469236,-0.165083834469937,0.572781031408408,-0.0587181875532668,0.393908578075283,0.166454173185817,-0.134800500858899,0.467708847230534,-0.0479467969539355,0.321649141405392,499,"Tmin","Minimum temperature","Thermal","Retained process","ga",69,"-80:-1","Exclude high GA"
-47,0.185227715802883,-0.186186443107455,0.55664187471322,-0.0851612185195703,0.371423644029798,0.151249145280337,-0.152032001586397,0.45453029214707,-0.0695390614535479,0.303288892015482,499,"Tmin","Minimum temperature","Thermal","Retained process","ga",69,"-80:-1","Exclude high GA"
-46,0.166095638128506,-0.20787979569302,0.540071071950032,-0.102451307820183,0.353706443085242,0.135626697078438,-0.169745878921706,0.440999273078582,-0.0836574195901958,0.288821772513367,499,"Tmin","Minimum temperature","Thermal","Retained process","ga",69,"-80:-1","Exclude high GA"
-45,0.14652425159882,-0.230067832763119,0.523116335960759,-0.123022757670572,0.342507171206485,0.11964552778239,-0.187863694755877,0.427154750320657,-0.100455198440742,0.279676919152293,499,"Tmin","Minimum temperature","Thermal","Retained process","ga",69,"-80:-1","Exclude high GA"
-44,0.126585442366539,-0.25264943383769,0.505820318570768,-0.147232948889645,0.321111816686818,0.103364336594461,-0.206302878367174,0.413031551556096,-0.120224220118119,0.262206374476824,499,"Tmin","Minimum temperature","Thermal","Retained process","ga",69,"-80:-1","Exclude high GA"
-43,0.106351096584379,-0.275517801091406,0.488219994260165,-0.173275330260035,0.302679009058116,0.0868418227169196,-0.224976223153016,0.398659868586856,-0.141489331045297,0.247154920719628,499,"Tmin","Minimum temperature","Thermal","Retained process","ga",69,"-80:-1","Exclude high GA"
-42,0.0858931004050553,-0.298560192364462,0.470346393174573,-0.198441364323543,0.28472713237659,0.0701366853520339,-0.24379166861785,0.384065039321918,-0.162038853700169,0.232496174902407,499,"Tmin","Minimum temperature","Thermal","Retained process","ga",69,"-80:-1","Exclude high GA"
-41,0.0652833399812816,-0.321657968917757,0.45222464888032,-0.224682822300841,0.265791760547501,0.0533076237020723,-0.262652339368008,0.369267586772153,-0.183466522193365,0.217034348402517,499,"Tmin","Minimum temperature","Thermal","Retained process","ga",69,"-80:-1","Exclude high GA"
-40,0.0445937014657734,-0.34468692183459,0.433874324766137,-0.24326074134134,0.247121503967193,0.0364133369693033,-0.281456811637584,0.35428348557619,-0.198636467812913,0.201789003840038,499,"Tmin","Minimum temperature","Thermal","Retained process","ga",69,"-80:-1","Exclude high GA"
-39,0.0238960710112454,-0.367517842097855,0.415309984120345,-0.260105196346185,0.230045342184459,0.0195125243559951,-0.300099578789434,0.339124627501424,-0.212390939767353,0.187845329897333,499,"Tmin","Minimum temperature","Thermal","Retained process","ga",69,"-80:-1","Exclude high GA"
-38,0.00326233477041265,-0.390017303337694,0.396541972878519,-0.276181064834007,0.21302616133988,0.00266388506441624,-0.318471690473926,0.323799460602758,-0.225517816368314,0.17394818418695,499,"Tmin","Minimum temperature","Thermal","Retained process","ga",69,"-80:-1","Exclude high GA"
-37,-0.0172356211040101,-0.412048633078559,0.377577390870539,-0.303851749847511,0.194273597551903,-0.0140738817031651,-0.33646154570834,0.30831378230201,-0.248112531416615,0.158635631027979,499,"Tmin","Minimum temperature","Thermal","Retained process","ga",69,"-80:-1","Exclude high GA"
-36,-0.0375259104593078,-0.43347305793738,0.358421237018764,-0.330093748101691,0.175918854703674,-0.0306420767444805,-0.353955827997433,0.292671674508472,-0.26954064107714,0.143647921680046,499,"Tmin","Minimum temperature","Thermal","Retained process","ga",69,"-80:-1","Exclude high GA"
-35,-0.0575366471427654,-0.454151020558615,0.339077726273084,-0.35556169509639,0.156217403744462,-0.0469820008572613,-0.370840580687083,0.27687657897256,-0.290336693105836,0.127560547253131,499,"Tmin","Minimum temperature","Thermal","Retained process","ga",69,"-80:-1","Exclude high GA"
-34,-0.0771959450016684,-0.473943681162161,0.319551791158824,-0.378549394734121,0.141677436276779,-0.0630349548392396,-0.387002433065028,0.260932523386549,-0.309107479686544,0.115687822686192,499,"Tmin","Minimum temperature","Thermal","Retained process","ga",69,"-80:-1","Exclude high GA"
-33,-0.0964319178833015,-0.492714634707271,0.299850798940668,-0.398513485526005,0.130501102165564,-0.0787422394881465,-0.402330002524537,0.244845523548244,-0.325409314730414,0.106561699339253,499,"Tmin","Minimum temperature","Thermal","Retained process","ga",69,"-80:-1","Exclude high GA"
-32,-0.11517267963495,-0.510331896447051,0.279986537177151,-0.413528077713272,0.11579242062676,-0.0940451556017141,-0.416715515884521,0.228625204681093,-0.337669597837688,0.0945512099732218,499,"Tmin","Minimum temperature","Thermal","Retained process","ga",69,"-80:-1","Exclude high GA"
-31,-0.133346344103899,-0.5266702350523,0.259977546844502,-0.430933927588778,0.0993113860860077,-0.108885003977674,-0.43005671452012,0.212286706564772,-0.351882481180425,0.0810934918513982,499,"Tmin","Minimum temperature","Thermal","Retained process","ga",69,"-80:-1","Exclude high GA"
-30,-0.150881025137433,-0.541613964877629,0.239851914602762,-0.434993052820131,0.0830471508238934,-0.123203085413757,-0.44225913440952,0.195852963582005,-0.355196991750114,0.067812802882308,499,"Tmin","Minimum temperature","Thermal","Retained process","ga",69,"-80:-1","Exclude high GA"
-29,-0.167704836582838,-0.555060348908473,0.219650675742796,-0.439780150151612,0.066159002486919,-0.136940700707696,-0.453238884837046,0.179357483421653,-0.359105933652366,0.054022652794547,499,"Tmin","Minimum temperature","Thermal","Retained process","ga",69,"-80:-1","Exclude high GA"
-28,-0.183745892287399,-0.566923812841497,0.199432028266698,-0.445911879785783,0.0531421445986304,-0.150039150657222,-0.462926089433595,0.16284778811915,-0.364112845616045,0.0433936353102823,499,"Tmin","Minimum temperature","Thermal","Retained process","ga",69,"-80:-1","Exclude high GA"
-27,-0.198932306098401,-0.57714122876057,0.179276616563768,-0.452166037779054,0.0381580726525288,-0.162439736060067,-0.471269200603729,0.146389728483595,-0.369219727417347,0.0311582737455004,499,"Tmin","Minimum temperature","Thermal","Retained process","ga",69,"-80:-1","Exclude high GA"
-26,-0.213192191863128,-0.585678590663154,0.159294206936898,-0.467554605250261,0.0205190498816904,-0.174083757713962,-0.478240450479147,0.130072935051223,-0.381785382978234,0.0167549912447928,499,"Tmin","Minimum temperature","Thermal","Retained process","ga",69,"-80:-1","Exclude high GA"
-25,-0.226453663428867,-0.592539462352226,0.139632135494492,-0.482431437758049,0.00215134269192397,-0.184912516416639,-0.483842749111143,0.114017716277865,-0.393933177337887,0.00175669576201476,499,"Tmin","Minimum temperature","Thermal","Retained process","ga",69,"-80:-1","Exclude high GA"
-24,-0.238644834642901,-0.597775602965694,0.120485933679891,-0.486143172236362,-0.015629173411027,-0.194867312965829,-0.488118360830058,0.0983837348983992,-0.396964023261344,-0.0127621242296786,499,"Tmin","Minimum temperature","Thermal","Retained process","ga",69,"-80:-1","Exclude high GA"
-23,-0.249693819352517,-0.601500106947148,0.102112468242114,-0.494334448743481,-0.0324366663929575,-0.203889448159265,-0.491159633791539,0.0833807374730084,-0.403652674390504,-0.0264864145541759,499,"Tmin","Minimum temperature","Thermal","Retained process","ga",69,"-80:-1","Exclude high GA"
-22,-0.259528731404999,-0.603903119355157,0.0848456565451589,-0.511684902009537,-0.0527662083340409,-0.211920222794678,-0.4931218324357,0.0692813868463445,-0.41782032319696,-0.043086661602527,499,"Tmin","Minimum temperature","Thermal","Retained process","ga",69,"-80:-1","Exclude high GA"
-21,-0.268077684647633,-0.605269510998943,0.0691141417036777,-0.519029460980774,-0.0718657882494286,-0.218900937669799,-0.494237570257898,0.0564356949183013,-0.423817580475903,-0.0586825735042323,499,"Tmin","Minimum temperature","Thermal","Retained process","ga",69,"-80:-1","Exclude high GA"
-20,-0.275268792927703,-0.605996552148902,0.0554589662934973,-0.521028442359284,-0.096519088619782,-0.22477289358236,-0.494831241415794,0.0452854542510744,-0.425449864411491,-0.0788134194372648,499,"Tmin","Minimum temperature","Thermal","Retained process","ga",69,"-80:-1","Exclude high GA"
-19,-0.281030170092494,-0.606607374522016,0.0445470343370278,-0.52973947022605,-0.101961663559575,-0.229477391330092,-0.495330013219198,0.0363752305590133,-0.43256292259315,-0.0832575967257427,499,"Tmin","Minimum temperature","Thermal","Retained process","ga",69,"-80:-1","Exclude high GA"
-18,-0.285289929989292,-0.607753022089732,0.0371731621111478,-0.533690760760614,-0.109088840045768,-0.232955731710729,-0.496265500733356,0.0303540373118988,-0.435789379894729,-0.0890773486301824,499,"Tmin","Minimum temperature","Thermal","Retained process","ga",69,"-80:-1","Exclude high GA"
-17,-0.287976186465382,-0.610193424527136,0.0342410515963721,-0.54233384558639,-0.111796249940393,-0.235149215522,-0.498258230499511,0.027959799455512,-0.442846958652949,-0.0912881054314018,499,"Tmin","Minimum temperature","Thermal","Retained process","ga",69,"-80:-1","Exclude high GA"
-16,-0.289017053368048,-0.614748657860779,0.0367145511246826,-0.539718491268204,-0.106912037711523,-0.235999143561637,-0.501977842034317,0.0299795549110423,-0.44071137055526,-0.0872998635973857,499,"Tmin","Minimum temperature","Thermal","Retained process","ga",69,"-80:-1","Exclude high GA"
-15,-0.288340644544577,-0.62222005203795,0.0455387629487968,-0.537767725373894,-0.0950060252138017,-0.235446816627373,-0.508078667596255,0.0371850343415085,-0.43911845735176,-0.0775779156363486,499,"Tmin","Minimum temperature","Thermal","Retained process","ga",69,"-80:-1","Exclude high GA"
-14,-0.285875073842252,-0.633296108342152,0.0615459606576475,-0.533054217557514,-0.0748788119231689,-0.233433535516939,-0.517122908312748,0.0502558372788697,-0.435269605545704,-0.0611428816356979,499,"Tmin","Minimum temperature","Thermal","Retained process","ga",69,"-80:-1","Exclude high GA"
-13,-0.28154845510836,-0.648472330648561,0.0853754204318413,-0.540481146082392,-0.0507974057230233,-0.229900601028066,-0.529515171762519,0.0697139697063867,-0.44133412233023,-0.0414790203764213,499,"Tmin","Minimum temperature","Thermal","Retained process","ga",69,"-80:-1","Exclude high GA"
-12,-0.275288902190185,-0.668013574543411,0.117435770163042,-0.5415479631909,-0.0263036555632474,-0.224789313958487,-0.545471727853488,0.0958930999365147,-0.442205240214143,-0.0214784564202223,499,"Tmin","Minimum temperature","Thermal","Retained process","ga",69,"-80:-1","Exclude high GA"
-11,-0.267024528935012,-0.691968598944039,0.157919541074016,-0.544213176035775,0.00807383135539231,-0.218040975105932,-0.565032391062337,0.128950440850473,-0.444381540683164,0.00659275036863388,499,"Tmin","Minimum temperature","Thermal","Retained process","ga",69,"-80:-1","Exclude high GA"
-10,-0.256683449190126,-0.720222738495759,0.206855840115506,-0.543744484224326,0.0497231749008112,-0.209596885268133,-0.588103530493634,0.168909759957367,-0.443998826705538,0.0406018487663893,499,"Tmin","Minimum temperature","Thermal","Retained process","ga",69,"-80:-1","Exclude high GA"
-9,-0.244193776802813,-0.752563292343553,0.264175738737927,-0.542154026476384,0.0968233603912445,-0.199398345242823,-0.614511463594623,0.215714773108977,-0.442700125947187,0.079061874940628,499,"Tmin","Minimum temperature","Thermal","Retained process","ga",69,"-80:-1","Exclude high GA"
-8,-0.229483625620358,-0.788736875183642,0.329769623942927,-0.558441418513986,0.156154360816527,-0.187386655827732,-0.64404928660656,0.269275974951095,-0.455999723763071,0.127509069055472,499,"Tmin","Minimum temperature","Thermal","Retained process","ga",69,"-80:-1","Exclude high GA"
-7,-0.212481109490045,-0.828489533350876,0.403527314370786,-0.591344838587796,0.224699543996268,-0.173503117820593,-0.676509631670762,0.329503396029576,-0.482867269699121,0.183480176425023,499,"Tmin","Minimum temperature","Thermal","Retained process","ga",69,"-80:-1","Exclude high GA"
-6,-0.19311434225916,-0.871589752051881,0.485361067533561,-0.609111725963499,0.29114474119462,-0.157689032019136,-0.711703453565428,0.396325389527156,-0.497374961046602,0.23773652375767,499,"Tmin","Minimum temperature","Thermal","Retained process","ga",69,"-80:-1","Exclude high GA"
-5,-0.171311437774987,-0.917838687075718,0.575215811525743,-0.635928534485376,0.352204151026197,-0.139885699221094,-0.749468384489294,0.469696986047105,-0.519272436543177,0.28759506414034,499,"Tmin","Minimum temperature","Thermal","Retained process","ga",69,"-80:-1","Exclude high GA"
-4,-0.147000509884813,-0.967072437079189,0.673071417309563,-0.666273301043425,0.431920274236948,-0.120034420224198,-0.789670589514028,0.549601749065631,-0.54405069386683,0.352687890278298,499,"Tmin","Minimum temperature","Thermal","Retained process","ga",69,"-80:-1","Exclude high GA"
-3,-0.120109672435922,-1.01916007697098,0.778940732099141,-0.687978129141406,0.510404306548357,-0.0980764958261803,-0.832203160728629,0.636050169076269,-0.561773941621879,0.416774642921123,499,"Tmin","Minimum temperature","Thermal","Retained process","ga",69,"-80:-1","Exclude high GA"
-2,-0.0905670392755984,-1.07399984577152,0.892865767220325,-0.699649224706466,0.5934089449338,-0.0739532268247716,-0.876983004406448,0.729076550756905,-0.571304066317575,0.484552731938115,499,"Tmin","Minimum temperature","Thermal","Retained process","ga",69,"-80:-1","Exclude high GA"
-1,-0.0583007242511284,-1.13151484320767,1.01491339470541,-0.71913913931442,0.685311445021848,-0.0476059140177041,-0.92394732702583,0.828735498990422,-0.58721870907642,0.559596439771966,499,"Tmin","Minimum temperature","Thermal","Retained process","ga",69,"-80:-1","Exclude high GA"
-80,0.0748162142977122,-0.890713763755915,1.04034619235134,-0.593133612149917,0.650758951675349,0.0725566939373867,-0.863813366518225,1.008926754393,-0.575220416653108,0.631105416478774,499,"LogRain","Log rainfall amount","Rainfall","Retained process","ga",72,"-80:-1","Sowing day + cultivar"
-79,0.0996435076607357,-0.796799534910447,0.996086550231918,-0.525522874630615,0.613354278154933,0.0966341795832983,-0.772735436116783,0.96600379528338,-0.509651587287478,0.594830399439699,499,"LogRain","Log rainfall amount","Rainfall","Retained process","ga",72,"-80:-1","Sowing day + cultivar"
-78,0.123460340003228,-0.711228796928466,0.958149476934922,-0.455699106078808,0.606098555668071,0.119731721086211,-0.68974901527158,0.929212457444003,-0.441936562517463,0.587793806627357,499,"LogRain","Log rainfall amount","Rainfall","Retained process","ga",72,"-80:-1","Sowing day + cultivar"
-77,0.146277825643234,-0.63369960392682,0.926255255213289,-0.391754273543859,0.589662921524769,0.141860097101266,-0.61456127715042,0.898281471352951,-0.379922924342006,0.571854544164048,499,"LogRain","Log rainfall amount","Rainfall","Retained process","ga",72,"-80:-1","Sowing day + cultivar"
-76,0.168107078898802,-0.563842301014355,0.900056458811959,-0.344851272432806,0.578598922199912,0.163030086283602,-0.546813730789122,0.872873903356326,-0.334436438179827,0.56112468807239,499,"LogRain","Log rainfall amount","Rainfall","Retained process","ga",72,"-80:-1","Sowing day + cultivar"
-75,0.188959214087976,-0.501212696443943,0.879131124619895,-0.334211013274929,0.573506461953931,0.18325246728836,-0.486075599451007,0.852580534027726,-0.324117524901743,0.556186024937342,499,"LogRain","Log rainfall amount","Rainfall","Retained process","ga",72,"-80:-1","Sowing day + cultivar"
-74,0.208845345528804,-0.445291426077578,0.862982117135185,-0.295284829104941,0.567550132522737,0.202538018770679,-0.431843204285749,0.836919241827107,-0.28636694827228,0.550409582282684,499,"LogRain","Log rainfall amount","Rainfall","Retained process","ga",72,"-80:-1","Sowing day + cultivar"
-73,0.227776587539331,-0.395491226539942,0.851044401618603,-0.255363870481464,0.56289220437936,0.2208975193857,-0.383547017826825,0.825342056598226,-0.247651640317714,0.545892327970183,499,"LogRain","Log rainfall amount","Rainfall","Retained process","ga",72,"-80:-1","Sowing day + cultivar"
-72,0.245764054437603,-0.351172443504735,0.842700552379941,-0.224091030615865,0.560973326715288,0.238341747788563,-0.340566703912957,0.817250199490083,-0.217323269763545,0.544031402224577,499,"LogRain","Log rainfall amount","Rainfall","Retained process","ga",72,"-80:-1","Sowing day + cultivar"
-71,0.262818860541668,-0.311665347363538,0.837303068446873,-0.201515910861908,0.562609190589767,0.254881482634408,-0.302252759402677,0.812015724671493,-0.195429939955787,0.545617861464435,499,"LogRain","Log rainfall amount","Rainfall","Retained process","ga",72,"-80:-1","Sowing day + cultivar"
-70,0.27895212016957,-0.276296329181609,0.83420056952075,-0.179093636283448,0.556265594202312,0.270527502578375,-0.26795191898752,0.80900692414427,-0.173684839254813,0.539465847681495,499,"LogRain","Log rainfall amount","Rainfall","Retained process","ga",72,"-80:-1","Sowing day + cultivar"
-69,0.294174947639357,-0.244414368099859,0.832764263378573,-0.166424481469167,0.56839300104364,0.285290586275604,-0.237032823253442,0.807613995804651,-0.161398304886109,0.551226995377888,499,"LogRain","Log rainfall amount","Rainfall","Retained process","ga",72,"-80:-1","Sowing day + cultivar"
-68,0.308498457269073,-0.215414493293189,0.832411407831336,-0.151516097685091,0.563252707573473,0.299181512381235,-0.208908772065858,0.807271796828328,-0.146940168378187,0.546241943627219,499,"LogRain","Log rainfall amount","Rainfall","Retained process","ga",72,"-80:-1","Sowing day + cultivar"
-67,0.321933763376767,-0.188756062703518,0.832623589457052,-0.145770216236594,0.565786044818383,0.312211059550409,-0.183055451267655,0.807477570368473,-0.14136781797831,0.548698771693762,499,"LogRain","Log rainfall amount","Rainfall","Retained process","ga",72,"-80:-1","Sowing day + cultivar"
-66,0.334491980280483,-0.163975049926118,0.832959010487084,-0.135199422482217,0.56116080469789,0.324390006438264,-0.159022848489955,0.807802861366482,-0.131116272182909,0.544213218194969,499,"LogRain","Log rainfall amount","Rainfall","Retained process","ga",72,"-80:-1","Sowing day + cultivar"
-65,0.346184222298268,-0.14069070708141,0.833059151677946,-0.107134241620679,0.562883678280725,0.335729131699942,-0.13644171479888,0.807899978198764,-0.103898686300188,0.545884059367782,499,"LogRain","Log rainfall amount","Rainfall","Retained process","ga",72,"-80:-1","Sowing day + cultivar"
-64,0.357021603748169,-0.118607707012731,0.832650914509068,-0.0731081204449762,0.574099337110298,0.346239213990582,-0.115025642196936,0.807504070178101,-0.0709001861328601,0.556760994703821,499,"LogRain","Log rainfall amount","Rainfall","Retained process","ga",72,"-80:-1","Sowing day + cultivar"
-63,0.36701523894823,-0.0975151412271906,0.831545619123651,-0.0436208749323411,0.571424350014666,0.355931031965325,-0.0945700918269887,0.806432155757638,-0.0423034832951135,0.554166794745883,499,"LogRain","Log rainfall amount","Rainfall","Retained process","ga",72,"-80:-1","Sowing day + cultivar"
-62,0.376176242216499,-0.0772836740838262,0.829636158516825,-0.0221620126182268,0.580307149882236,0.36481536427931,-0.0749496341066324,0.804580362665252,-0.0214926988978424,0.562781325664724,499,"LogRain","Log rainfall amount","Rainfall","Retained process","ga",72,"-80:-1","Sowing day + cultivar"
-61,0.384515727871022,-0.0578618736012471,0.826893329343291,-0.0160734104289575,0.583834046957152,0.372902989587678,-0.0561143903489089,0.801920369524264,-0.0155879782473775,0.566201707115663,499,"LogRain","Log rainfall amount","Rainfall","Retained process","ga",72,"-80:-1","Sowing day + cultivar"
-60,0.392044810229845,-0.0392723669522875,0.823361987411977,-0.00461647306898645,0.59100514700822,0.380204686545568,-0.0380863043646543,0.79849567745579,-0.00447705122052508,0.573156233169726,499,"LogRain","Log rainfall amount","Rainfall","Retained process","ga",72,"-80:-1","Sowing day + cultivar"
-59,0.398774603611014,-0.0216080641841941,0.819157271406221,0.0101605443179857,0.586772760277413,0.386731233808121,-0.0209554802299041,0.794417947846146,0.00985368627960485,0.56905166851707,499,"LogRain","Log rainfall amount","Rainfall","Retained process","ga",72,"-80:-1","Sowing day + cultivar"
-58,0.404716222332575,-0.00502827459369132,0.814460719258841,0.0277948012278063,0.581307402852535,0.392493410030477,-0.0048764159501018,0.789863236011056,0.0269553719693902,0.563751370050253,499,"LogRain","Log rainfall amount","Rainfall","Retained process","ga",72,"-80:-1","Sowing day + cultivar"
-57,0.409880780712574,0.0102458935952677,0.809515667829881,0.0439637992219192,0.583260489645177,0.397501993867776,0.00993645792807242,0.785067529807479,0.0426360509471415,0.565645471776423,499,"LogRain","Log rainfall amount","Rainfall","Retained process","ga",72,"-80:-1","Sowing day + cultivar"
-56,0.414279393069059,0.0239378925609711,0.804620893577147,0.0619862155591926,0.591415243996967,0.401767763975157,0.0232149455884128,0.780320582361902,0.0601141732829263,0.57355394484194,499,"LogRain","Log rainfall amount","Rainfall","Retained process","ga",72,"-80:-1","Sowing day + cultivar"
-55,0.417923173720074,0.0357252563499751,0.800121091090173,0.0684303253547398,0.588056778378208,0.405301499007762,0.0346463198539449,0.775956678161579,0.0663636648740656,0.570296908058044,499,"LogRain","Log rainfall amount","Rainfall","Retained process","ga",72,"-80:-1","Sowing day + cultivar"
-54,0.420823236983666,0.0452538115951597,0.796392662372173,0.0769388660973839,0.589056087167048,0.40811397762073,0.0438871037278689,0.77234085151359,0.0746152396471652,0.571266036777285,499,"LogRain","Log rainfall amount","Rainfall","Retained process","ga",72,"-80:-1","Sowing day + cultivar"
-53,0.422990697177882,0.0521577315669476,0.793823662788816,0.0715488210660477,0.594025460023635,0.4102159784692,0.0505825187934845,0.769849438144916,0.0693879790684466,0.576085329878395,499,"LogRain","Log rainfall amount","Rainfall","Retained process","ga",72,"-80:-1","Sowing day + cultivar"
-52,0.424436668620767,0.0560854550266617,0.792787882214872,0.0786880690016299,0.592975764306815,0.411618280208314,0.0543916212936879,0.768844939122941,0.0763116149710052,0.575067335964006,499,"LogRain","Log rainfall amount","Rainfall","Retained process","ga",72,"-80:-1","Sowing day + cultivar"
-51,0.425172265630367,0.0567295664967034,0.793614964764031,0.0846378806822942,0.602333641587494,0.412331661493212,0.055016279988759,0.769647042997664,0.0820817367173584,0.584142596509214,499,"LogRain","Log rainfall amount","Rainfall","Retained process","ga",72,"-80:-1","Sowing day + cultivar"
-50,0.42520860252473,0.0538565037222755,0.796560701327184,0.0950613655665908,0.598330891573311,0.412366900979032,0.0522299864246722,0.772503815533392,0.0921904225097376,0.580260733327373,499,"LogRain","Log rainfall amount","Rainfall","Retained process","ga",72,"-80:-1","Sowing day + cultivar"
-49,0.4245567936219,0.0473304804727602,0.80178310677104,0.103767461798788,0.599807059551732,0.411734777320916,0.0459010552432687,0.777568499398563,0.100633586409949,0.581692319638121,499,"LogRain","Log rainfall amount","Rainfall","Retained process","ga",72,"-80:-1","Sowing day + cultivar"
-48,0.423227953239925,0.0371264212073217,0.809329485272528,0.107408274212925,0.605753032796598,0.410446069174004,0.0360051682087384,0.784886970139269,0.104164442849235,0.587458718873063,499,"LogRain","Log rainfall amount","Rainfall","Retained process","ga",72,"-80:-1","Sowing day + cultivar"
-47,0.42123319569685,0.0233292984102174,0.819137092983483,0.113586216270318,0.619311166476213,0.408511555193434,0.0226247315560293,0.79439837883084,0.110155805219395,0.600607384105434,499,"LogRain","Log rainfall amount","Rainfall","Retained process","ga",72,"-80:-1","Sowing day + cultivar"
-46,0.418583635310722,0.00612100171043933,0.831046268911005,0.116838653175097,0.62770438517305,0.405942014034349,0.00593614167548368,0.805947886393214,0.113310015456653,0.60874711966747,499,"LogRain","Log rainfall amount","Rainfall","Retained process","ga",72,"-80:-1","Sowing day + cultivar"
-45,0.415290386399586,-0.0142410481339078,0.844821820933081,0.100059304621257,0.63771818025468,0.402748224351887,-0.0138109550249074,0.819307403728682,0.0970374190827543,0.61845848867631,499,"LogRain","Log rainfall amount","Rainfall","Retained process","ga",72,"-80:-1","Sowing day + cultivar"
-44,0.41136456328149,-0.0374481851710587,0.860177311734039,0.0887231395817937,0.646584151582829,0.398940964801189,-0.0363172145967586,0.834199144199137,0.0860436169382216,0.627056699293521,499,"LogRain","Log rainfall amount","Rainfall","Retained process","ga",72,"-80:-1","Sowing day + cultivar"
-43,0.406817280274479,-0.0631631470750511,0.876797707624009,0.0763603272262501,0.658908473738306,0.394531014037395,-0.0612555603550067,0.850317588429796,0.07405417319656,0.639008815275525,499,"LogRain","Log rainfall amount","Rainfall","Retained process","ga",72,"-80:-1","Sowing day + cultivar"
-42,0.401659651696599,-0.0910383986496018,0.8943577020428,0.0567535560459968,0.671642975096463,0.389529150715644,-0.0882889529946578,0.867347254425946,0.0550395450309979,0.651358722660739,499,"LogRain","Log rainfall amount","Rainfall","Retained process","ga",72,"-80:-1","Sowing day + cultivar"
-41,0.395902791865897,-0.120729286282916,0.91253487001471,0.0405028778357478,0.690069274127456,0.383946153491078,-0.117083147768632,0.884975454750788,0.0392796526568116,0.669228530051292,499,"LogRain","Log rainfall amount","Rainfall","Retained process","ga",72,"-80:-1","Sowing day + cultivar"
-40,0.389557815100418,-0.151902439385212,0.931018069586049,0.0200093680874345,0.709138145356227,0.377792801018835,-0.147314842193937,0.902900444231608,0.0194050662657613,0.687721503352131,499,"LogRain","Log rainfall amount","Rainfall","Retained process","ga",72,"-80:-1","Sowing day + cultivar"
-39,0.382635835718209,-0.18424042591502,0.949512097351439,-0.00255953325436525,0.720766019385195,0.371079871954057,-0.178676190976675,0.920835934884788,-0.00248223293176198,0.698998204599071,499,"LogRain","Log rainfall amount","Rainfall","Retained process","ga",72,"-80:-1","Sowing day + cultivar"
-38,0.375147968037317,-0.21744377469463,0.967739710769265,-0.0160451391990503,0.728794914691417,0.363818144951882,-0.210876767251652,0.938513057155417,-0.0155605608353249,0.70678461968111,499,"LogRain","Log rainfall amount","Rainfall","Retained process","ga",72,"-80:-1","Sowing day + cultivar"
-37,0.367105326375787,-0.251231327875617,0.985441980627192,-0.0379900471940832,0.749039126664801,0.356018398667452,-0.243643904403111,0.955680701738015,-0.0368427118747207,0.726417437325578,499,"LogRain","Log rainfall amount","Rainfall","Retained process","ga",72,"-80:-1","Sowing day + cultivar"
-36,0.358519025051666,-0.285339653427772,1.0023777035311,-0.0638206779946021,0.770460297527436,0.347691411755906,-0.276722126297053,0.972104949808866,-0.0618932332195329,0.747191668588817,499,"LogRain","Log rainfall amount","Rainfall","Retained process","ga",72,"-80:-1","Sowing day + cultivar"
-35,0.349400178382999,-0.319522023366545,1.01832238013254,-0.0938307429883108,0.788626014042031,0.338847962872385,-0.309872156367177,0.987568082111947,-0.0909969658960497,0.764808763301174,499,"LogRain","Log rainfall amount","Rainfall","Retained process","ga",72,"-80:-1","Sowing day + cultivar"
-34,0.339759900687833,-0.353547285376378,1.03306708675204,-0.119899924819259,0.80669569360051,0.329498830672028,-0.342869823316257,1.00186748466031,-0.116278833804782,0.782332721464228,499,"LogRain","Log rainfall amount","Rainfall","Retained process","ga",72,"-80:-1","Sowing day + cultivar"
-33,0.329609306284214,-0.387198829036727,1.04641744160516,-0.140574154412875,0.815901639450759,0.319654793809975,-0.375505058563106,1.01481464618306,-0.136328682131058,0.791260639051754,499,"LogRain","Log rainfall amount","Rainfall","Retained process","ga",72,"-80:-1","Sowing day + cultivar"
-32,0.318959509490189,-0.420273765369673,1.05819278435005,-0.159250752325844,0.821243950423959,0.309326630941367,-0.407581100568636,1.02623436245137,-0.154441229140862,0.796441607185993,499,"LogRain","Log rainfall amount","Rainfall","Retained process","ga",72,"-80:-1","Sowing day + cultivar"
-31,0.307821624623803,-0.452582389021759,1.06822563826937,-0.180192942269095,0.827360144793579,0.298525120721343,-0.438913973260302,1.03596421470299,-0.174750945161038,0.802373086706892,499,"LogRain","Log rainfall amount","Rainfall","Retained process","ga",72,"-80:-1","Sowing day + cultivar"
-30,0.296206766003103,-0.483947966269895,1.0763614982761,-0.19812772496894,0.833997162779022,0.287261041805044,-0.469332280440434,1.04385436405052,-0.192144080478043,0.808809660478327,499,"LogRain","Log rainfall amount","Rainfall","Retained process","ga",72,"-80:-1","Sowing day + cultivar"
-29,0.284126047946135,-0.514206881799314,1.08245897769158,-0.2154581047871,0.842525933182303,0.27554517284761,-0.498677348131362,1.04976769382658,-0.208951066451448,0.817080853957199,499,"LogRain","Log rainfall amount","Rainfall","Retained process","ga",72,"-80:-1","Sowing day + cultivar"
-28,0.271590584770945,-0.543209177819041,1.08639034736093,-0.228843240985039,0.862920077082062,0.263388292504181,-0.526803747409081,1.05358033241744,-0.221931958889543,0.836859075442206,499,"LogRain","Log rainfall amount","Rainfall","Retained process","ga",72,"-80:-1","Sowing day + cultivar"
-27,0.258611490795579,-0.570819527459396,1.08804250905055,-0.240087807474381,0.874458127401415,0.250801179429897,-0.553580238403236,1.05518259726303,-0.232836928846714,0.848048665740428,499,"LogRain","Log rainfall amount","Rainfall","Retained process","ga",72,"-80:-1","Sowing day + cultivar"
-26,0.245199880338083,-0.596918698847545,1.08731845952371,-0.247744759458724,0.874126439891112,0.237794612279897,-0.578891190156207,1.054480414716,-0.240262633646619,0.847726995506324,499,"LogRain","Log rainfall amount","Rainfall","Retained process","ga",72,"-80:-1","Sowing day + cultivar"
-25,0.231366867716505,-0.621405586053761,1.08413932148677,-0.256498342418899,0.870740064797897,0.224379369709323,-0.602638550232872,1.05139728965152,-0.248751850130757,0.84444289214047,499,"LogRain","Log rainfall amount","Rainfall","Retained process","ga",72,"-80:-1","Sowing day + cultivar"
-24,0.217123567248889,-0.644199908100885,1.07844704259866,-0.267736813277496,0.864687686410468,0.210566230373313,-0.624744462217435,1.04587692296406,-0.25965090855099,0.838573301298805,499,"LogRain","Log rainfall amount","Rainfall","Retained process","ga",72,"-80:-1","Sowing day + cultivar"
-23,0.202481093253282,-0.665245707511485,1.07020789401805,-0.275569077288086,0.855858831700313,0.196365972927009,-0.645154658601152,1.03788660445517,-0.26724663078831,0.830011086342655,499,"LogRain","Log rainfall amount","Rainfall","Retained process","ga",72,"-80:-1","Sowing day + cultivar"
-22,0.18745056004773,-0.684515815279,1.05941693537446,-0.275202173251549,0.845057325469564,0.18178937602555,-0.663842790907129,1.02742154295823,-0.266890807600338,0.819535795805652,499,"LogRain","Log rainfall amount","Rainfall","Retained process","ga",72,"-80:-1","Sowing day + cultivar"
-21,0.17204308195028,-0.702017488614845,1.04610365251541,-0.29085287282441,0.839701459006462,0.166847218324076,-0.680815897172142,1.01451033382029,-0.282068841258862,0.814341681570114,499,"LogRain","Log rainfall amount","Rainfall","Retained process","ga",72,"-80:-1","Sowing day + cultivar"
-20,0.156269773278978,-0.71779946818279,1.03033901474075,-0.294244133535702,0.830927768936516,0.151550278477727,-0.696121246045862,0.999221803001316,-0.285357682692511,0.805832965229918,499,"LogRain","Log rainfall amount","Rainfall","Retained process","ga",72,"-80:-1","Sowing day + cultivar"
-19,0.140141748351869,-0.731960735572337,1.01224423227608,-0.297305446244171,0.823785825585423,0.135909335141644,-0.709854829780267,0.981673500063556,-0.288326540864767,0.798906715315943,499,"LogRain","Log rainfall amount","Rainfall","Retained process","ga",72,"-80:-1","Sowing day + cultivar"
-18,0.123670121487001,-0.744661264987888,0.992001507961889,-0.309117027151066,0.841991659688496,0.119935166970967,-0.722171791207639,0.962042125149572,-0.299781400868349,0.816562716027702,499,"LogRain","Log rainfall amount","Rainfall","Retained process","ga",72,"-80:-1","Sowing day + cultivar"
-17,0.106866007002418,-0.756135028774088,0.969867042778924,-0.311838096559828,0.818839121679298,0.103638552620835,-0.733299036486751,0.94057614172842,-0.302420291410021,0.794109406541573,499,"LogRain","Log rainfall amount","Rainfall","Retained process","ga",72,"-80:-1","Sowing day + cultivar"
-16,0.0897405192161681,-0.766705388525939,0.946186426958275,-0.314165959786152,0.788714263024537,0.0870302707463881,-0.743550161386912,0.917610702879688,-0.304677850967477,0.764894347081028,499,"LogRain","Log rainfall amount","Rainfall","Retained process","ga",72,"-80:-1","Sowing day + cultivar"
-15,0.0723047724462967,-0.776802709417053,0.921412254309647,-0.324783937152364,0.769395779424831,0.0701211000027673,-0.753342533646872,0.893584733652407,-0.314975155385056,0.746159299938698,499,"LogRain","Log rainfall amount","Rainfall","Retained process","ga",72,"-80:-1","Sowing day + cultivar"
-14,0.0545698810108502,-0.786983471939022,0.896123233960722,-0.33327637780909,0.760982267508986,0.0529218190451123,-0.763215827521597,0.869059465611822,-0.323211116310043,0.737999884032043,499,"LogRain","Log rainfall amount","Rainfall","Retained process","ga",72,"-80:-1","Sowing day + cultivar"
-13,0.0365469592278746,-0.797949201951948,0.871043120407697,-0.355112040102497,0.749293655187502,0.035443206528563,-0.773850382127393,0.844736795184519,-0.344387320971221,0.726664278846408,499,"LogRain","Log rainfall amount","Rainfall","Retained process","ga",72,"-80:-1","Sowing day + cultivar"
-12,0.0182471214154161,-0.81056211269656,0.847056355527392,-0.354369854194796,0.742198631736716,0.0176960411082597,-0.786082371050472,0.821474453266991,-0.343667549779172,0.71978353180742,499,"LogRain","Log rainfall amount","Rainfall","Retained process","ga",72,"-80:-1","Sowing day + cultivar"
-11,-0.00031851810847891,-0.825852532637307,0.825215496420349,-0.37679771773812,0.732707956308005,-0.000308898560657677,-0.800911005862175,0.80029320874086,-0.36541807065299,0.710579483743723,499,"LogRain","Log rainfall amount","Rainfall","Retained process","ga",72,"-80:-1","Sowing day + cultivar"
-10,-0.0191388450257644,-0.845011447540489,0.80673375748896,-0.388886646031302,0.717312497190026,-0.018560833823049,-0.819491303433381,0.782369635787283,-0.377141901889746,0.695648982037184,499,"LogRain","Log rainfall amount","Rainfall","Retained process","ga",72,"-80:-1","Sowing day + cultivar"
-9,-0.0382027450183941,-0.869360892505145,0.792955402468357,-0.416654393156943,0.704316393683089,-0.0370489860237743,-0.843105372154041,0.769007400106493,-0.404071036816418,0.683045373135253,499,"LogRain","Log rainfall amount","Rainfall","Retained process","ga",72,"-80:-1","Sowing day + cultivar"
-8,-0.0574991037683219,-0.900297113204285,0.785298905667641,-0.442620046368049,0.677642727221583,-0.0557625765076935,-0.873107289758626,0.761582136743239,-0.429252502767445,0.65717727660294,499,"LogRain","Log rainfall amount","Rainfall","Retained process","ga",72,"-80:-1","Sowing day + cultivar"
-7,-0.0770168069575015,-0.939207709136634,0.785174095221631,-0.480586956621549,0.640944135958306,-0.0746908266196664,-0.910842748929956,0.761461095690623,-0.466072776459048,0.621587017469709,499,"LogRain","Log rainfall amount","Rainfall","Retained process","ga",72,"-80:-1","Sowing day + cultivar"
-6,-0.0967447402678867,-0.987373710229547,0.793884229693773,-0.525178680887264,0.623835975543459,-0.0938229577045531,-0.957554091281225,0.769908175872119,-0.509317788520381,0.604995539663679,499,"LogRain","Log rainfall amount","Rainfall","Retained process","ga",72,"-80:-1","Sowing day + cultivar"
-5,-0.116671789381431,-1.0458766898719,0.812533111109037,-0.5748649943285,0.622307165976674,-0.113148191107213,-1.01429022566306,0.787993843448636,-0.557503528350619,0.603512901590274,499,"LogRain","Log rainfall amount","Rainfall","Retained process","ga",72,"-80:-1","Sowing day + cultivar"
-4,-0.13678683998009,-1.11553352931624,0.841959849356066,-0.623751601858036,0.6167238695658,-0.132655748172507,-1.08184336274238,0.816531866397366,-0.604913714143274,0.598098226006269,499,"LogRain","Log rainfall amount","Rainfall","Retained process","ga",72,"-80:-1","Sowing day + cultivar"
-3,-0.157078777745815,-1.1968739101879,0.882716354696271,-0.691581056358445,0.624947451283221,-0.152334850245295,-1.16072718725896,0.856057486768366,-0.670694655030529,0.606073447785945,499,"LogRain","Log rainfall amount","Rainfall","Retained process","ga",72,"-80:-1","Sowing day + cultivar"
-2,-0.17753648836056,-1.29016123962809,0.935088262906971,-0.74627413532251,0.672595017168368,-0.172174718670435,-1.25119715120947,0.906847713868602,-0.723735951334269,0.652282012162555,499,"LogRain","Log rainfall amount","Rainfall","Retained process","ga",72,"-80:-1","Sowing day + cultivar"
-1,-0.198148857506281,-1.39544453448057,0.999146819468005,-0.802034847225952,0.743772134124909,-0.19216457479279,-1.35330079108268,0.968971641497105,-0.777812637053885,0.721309512936799,499,"LogRain","Log rainfall amount","Rainfall","Retained process","ga",72,"-80:-1","Sowing day + cultivar"
-80,0.00811007736559333,-0.135412536709346,0.151632691440533,-0.0557098419118935,0.131408052087893,0.0470348055651136,-0.785331883789861,0.879401494920088,-0.32309205748217,0.762107671853535,499,"RH","Relative humidity","Atmospheric moisture","Retained process","ga",72,"-80:-1","Sowing day + cultivar"
-79,0.0112236591324499,-0.114247937266814,0.136695255531714,-0.0452936503306672,0.121302228025562,0.0650921811502687,-0.66258671444459,0.792771076745127,-0.262682825403765,0.703498431963479,499,"RH","Relative humidity","Atmospheric moisture","Retained process","ga",72,"-80:-1","Sowing day + cultivar"
-78,0.0141229364674222,-0.0947322303258536,0.122978103260698,-0.0376367279016792,0.109606550770856,0.0819066872989143,-0.549404380903845,0.713217755501673,-0.218276114907698,0.63566875774098,499,"RH","Relative humidity","Atmospheric moisture","Retained process","ga",72,"-80:-1","Sowing day + cultivar"
-77,0.0168134421122539,-0.076911327770365,0.110538211994873,-0.0291328778363664,0.097650559285488,0.0975104114277828,-0.446051151470019,0.641071974325584,-0.168957604572179,0.566329377917286,499,"RH","Relative humidity","Atmospheric moisture","Retained process","ga",72,"-80:-1","Sowing day + cultivar"
-76,0.0193007088086887,-0.0608672595775329,0.0994686771949104,-0.021542681164853,0.0874928582495463,0.111935440953606,-0.353002763161818,0.57687364506903,-0.124937873495362,0.507419274884117,499,"RH","Relative humidity","Atmospheric moisture","Retained process","ga",72,"-80:-1","Sowing day + cultivar"
-75,0.0215902692984706,-0.0467330548777163,0.0899135934746575,-0.0151514488860886,0.0753871688803904,0.125213863293117,-0.271030725176857,0.521458451763091,-0.0878715973056316,0.437211714580745,499,"RH","Relative humidity","Atmospheric moisture","Retained process","ga",72,"-80:-1","Sowing day + cultivar"
-74,0.0236876563233432,-0.034706349497655,0.0820816621443413,-0.0099580044126127,0.0663779033350199,0.137377765863047,-0.201281236529567,0.476036768255662,-0.057751952324257,0.384962021500292,499,"RH","Relative humidity","Atmospheric moisture","Retained process","ga",72,"-80:-1","Sowing day + cultivar"
-73,0.0255984026250503,-0.0250441473790356,0.0762409526291361,-0.00569048258153949,0.0597388499415489,0.148459236080129,-0.145244804632121,0.44216327679238,-0.0330022427319711,0.346458494169826,499,"RH","Relative humidity","Atmospheric moisture","Retained process","ga",72,"-80:-1","Sowing day + cultivar"
-72,0.0273280409453356,-0.0180003252327336,0.0726564071234049,-0.0015724680310704,0.0560301339998066,0.158490361361095,-0.104393800362778,0.421374523084968,-0.0091196082065171,0.324949607712572,499,"RH","Relative humidity","Atmospheric moisture","Retained process","ga",72,"-80:-1","Sowing day + cultivar"
-71,0.028882104025943,-0.0136749338128912,0.0714391418647773,0.000875699684578814,0.0537095985091748,0.167503229122677,-0.0793084731514247,0.414314931396779,0.00507866479453523,0.311491544282517,499,"RH","Relative humidity","Atmospheric moisture","Retained process","ga",72,"-80:-1","Sowing day + cultivar"
-70,0.0302661246086163,-0.0118495718388154,0.0723818210560479,0.00135722229461005,0.0545175888488334,0.175529926781607,-0.0687221936788209,0.419782047242035,0.00787127962631353,0.31617752529246,499,"RH","Relative humidity","Atmospheric moisture","Retained process","ga",72,"-80:-1","Sowing day + cultivar"
-69,0.0314856354350991,-0.0119904405364027,0.0749617114066009,0.00161886831929706,0.0557881028261105,0.182602541754618,-0.0695391688447227,0.434744252353959,0.00938870903460106,0.323545935628779,499,"RH","Relative humidity","Atmospheric moisture","Retained process","ga",72,"-80:-1","Sowing day + cultivar"
-68,0.0325461692471353,-0.0134464526538797,0.0785387911481503,-0.000302284878519418,0.0577899024244233,0.188753161458441,-0.0779833850659537,0.455489707982837,-0.0017531165049983,0.335155474063814,499,"RH","Relative humidity","Atmospheric moisture","Retained process","ga",72,"-80:-1","Sowing day + cultivar"
-67,0.0334532587864686,-0.0156468622963223,0.0825533798692595,-0.00261860796767548,0.0604524172594863,0.19401387330981,-0.0907447725386506,0.47877251915827,-0.0151867498987616,0.350596864069871,499,"RH","Relative humidity","Atmospheric moisture","Retained process","ga",72,"-80:-1","Sowing day + cultivar"
-66,0.0342124367948428,-0.018175397276574,0.0866002708662597,-0.00878949043084786,0.0612001253988303,0.198416764725455,-0.105409139572347,0.502242669023257,-0.0509750961421453,0.354933235397559,499,"RH","Relative humidity","Atmospheric moisture","Retained process","ga",72,"-80:-1","Sowing day + cultivar"
-65,0.0348292360140017,-0.0207565499364205,0.090415021964424,-0.0126578469969176,0.0617361738385689,0.20199392312211,-0.120378665511126,0.524366511755346,-0.0734098265077922,0.358042075547907,499,"RH","Relative humidity","Atmospheric moisture","Retained process","ga",72,"-80:-1","Sowing day + cultivar"
-64,0.0353091891856891,-0.023217058595574,0.0938354369669521,-0.0136888561859125,0.0632301504554514,0.204777435916507,-0.134648510440785,0.544203382273799,-0.0793892166608317,0.366706468811529,499,"RH","Relative humidity","Atmospheric moisture","Retained process","ga",72,"-80:-1","Sowing day + cultivar"
-63,0.0356578290516486,-0.0254518168602742,0.0967674749635714,-0.0142214327804911,0.0645872694923462,0.206799390525377,-0.147609104492716,0.561207885543469,-0.0824779216688513,0.374577149589479,499,"RH","Relative humidity","Atmospheric moisture","Retained process","ga",72,"-80:-1","Sowing day + cultivar"
-62,0.0358806883536242,-0.0274000506422191,0.0991614273494675,-0.0167339679131171,0.0653809010567675,0.208091874365453,-0.158907985255299,0.575091733986205,-0.0970494967736637,0.379179856153199,499,"RH","Relative humidity","Atmospheric moisture","Retained process","ga",72,"-80:-1","Sowing day + cultivar"
-61,0.0359832998333595,-0.0290299861810584,0.100996585847777,-0.0192398399010469,0.0655179114019786,0.208686974853467,-0.168360879191702,0.585734828898637,-0.111582428632412,0.379974454608542,499,"RH","Relative humidity","Atmospheric moisture","Retained process","ga",72,"-80:-1","Sowing day + cultivar"
-60,0.0359711962325983,-0.030329244503931,0.102271636969128,-0.0216552913352742,0.0657311803128307,0.208616779406152,-0.175895993820131,0.593129552632435,-0.125590961897809,0.381211318488234,499,"RH","Relative humidity","Atmospheric moisture","Retained process","ga",72,"-80:-1","Sowing day + cultivar"
-59,0.0358499102930845,-0.0312988532628126,0.102998673848982,-0.0234970744987979,0.0647013067423189,0.207913375440239,-0.181519289060409,0.597346039940888,-0.136272476892592,0.375238514412261,499,"RH","Relative humidity","Atmospheric moisture","Retained process","ga",72,"-80:-1","Sowing day + cultivar"
-58,0.0356249747565617,-0.0319495104916401,0.103199460004763,-0.0248596131320613,0.0635412911015639,0.206608850372462,-0.18529280870367,0.598510509448593,-0.144174588894924,0.368510944790438,499,"RH","Relative humidity","Atmospheric moisture","Retained process","ga",72,"-80:-1","Sowing day + cultivar"
-57,0.0353019223647737,-0.0322992634862104,0.102903108215758,-0.0264807838280928,0.0630210147452011,0.204735291619551,-0.18732121895845,0.596791802197552,-0.153576650680326,0.365493575638638,499,"RH","Relative humidity","Atmospheric moisture","Retained process","ga",72,"-80:-1","Sowing day + cultivar"
-56,0.0348862858594644,-0.0323720976264655,0.102144669345394,-0.0278059079715995,0.062241920608973,0.202324786598239,-0.187743624253859,0.592393197450338,-0.16126177544916,0.360975179628032,499,"RH","Relative humidity","Atmospheric moisture","Retained process","ga",72,"-80:-1","Sowing day + cultivar"
-55,0.0343835979823775,-0.032197128778804,0.100964324743559,-0.0273022607969147,0.0616229991399935,0.199409422725259,-0.186728883535771,0.58554772898629,-0.158340848081042,0.35738571313576,499,"RH","Relative humidity","Atmospheric moisture","Retained process","ga",72,"-80:-1","Sowing day + cultivar"
-54,0.0337993914752567,-0.031808209235819,0.0994069921863324,-0.025178313764162,0.060820962680962,0.196021287417343,-0.184473324894324,0.576515899729009,-0.146022909396518,0.352734261958892,499,"RH","Relative humidity","Atmospheric moisture","Retained process","ga",72,"-80:-1","Sowing day + cultivar"
-53,0.0331391990798458,-0.0312438221625812,0.0975222203222728,-0.0232722096607109,0.0591142874922479,0.192192468091222,-0.181200133399773,0.565585069582218,-0.134968361843983,0.342836312525693,499,"RH","Relative humidity","Atmospheric moisture","Retained process","ga",72,"-80:-1","Sowing day + cultivar"
-52,0.0324085535378886,-0.0305471703347385,0.0953642774105157,-0.0222766022007771,0.057676588346779,0.18795505216363,-0.177159865743613,0.553069970070873,-0.129194285816567,0.334498303315678,499,"RH","Relative humidity","Atmospheric moisture","Retained process","ga",72,"-80:-1","Sowing day + cultivar"
-51,0.0316129875911289,-0.0297663695479648,0.0929923447302226,-0.0213267487330545,0.0561506063057408,0.183341127051297,-0.172631571926492,0.539313826029087,-0.12368556239067,0.325648292969218,499,"RH","Relative humidity","Atmospheric moisture","Retained process","ga",72,"-80:-1","Sowing day + cultivar"
-50,0.0307580339813104,-0.0289546379537899,0.0904707059164108,-0.0205232020464533,0.0544463816852829,0.178382780170958,-0.167923893320978,0.524689453662893,-0.119025352572312,0.315764555731078,499,"RH","Relative humidity","Atmospheric moisture","Retained process","ga",72,"-80:-1","Sowing day + cultivar"
-49,0.029849225450177,-0.0281703302048571,0.087868781105211,-0.020368195895275,0.0521440014731597,0.173112098939343,-0.163375260698708,0.509599458577393,-0.118126386526316,0.302411784760778,499,"RH","Relative humidity","Atmospheric moisture","Retained process","ga",72,"-80:-1","Sowing day + cultivar"
-48,0.0288920947394723,-0.0274766029789607,0.0852607924579053,-0.0200817653131506,0.0509780919667063,0.167561170773184,-0.159351954420066,0.494474295966435,-0.116465217818447,0.295650033365507,499,"RH","Relative humidity","Atmospheric moisture","Retained process","ga",72,"-80:-1","Sowing day + cultivar"
-47,0.0278921745909402,-0.0269404301735902,0.0827247793554706,-0.0188798743769609,0.0496850067776071,0.161762083089216,-0.15624239300492,0.479766559183351,-0.109494790294046,0.28815072013991,499,"RH","Relative humidity","Atmospheric moisture","Retained process","ga",72,"-80:-1","Sowing day + cultivar"
-46,0.0268549977463244,-0.0266306468433819,0.0803406423360307,-0.0186397542085933,0.0486093810586092,0.155746923304168,-0.154445788848531,0.465939635456866,-0.108102201182708,0.281912574155196,499,"RH","Relative humidity","Atmospheric moisture","Retained process","ga",72,"-80:-1","Sowing day + cultivar"
-45,0.0257860969473687,-0.0266147532636661,0.0781869471584034,-0.0185803198645652,0.0466433696443265,0.149547778834774,-0.154353613225788,0.453449170895335,-0.107757508686048,0.270510591111003,499,"RH","Relative humidity","Atmospheric moisture","Retained process","ga",72,"-80:-1","Sowing day + cultivar"
-44,0.0246910049358168,-0.0269544300882592,0.0763364399598929,-0.0184243359016827,0.0451438989686606,0.143196737097765,-0.156323586221051,0.442717060416581,-0.106852871771413,0.261814334774443,499,"RH","Relative humidity","Atmospheric moisture","Retained process","ga",72,"-80:-1","Sowing day + cultivar"
-43,0.0235752544534126,-0.0277001365427315,0.0748506454495567,-0.0181169516653722,0.0448031042197287,0.136725885509875,-0.160648348675667,0.434100119695417,-0.105070181281927,0.259837878320202,499,"RH","Relative humidity","Atmospheric moisture","Retained process","ga",72,"-80:-1","Sowing day + cultivar"
-42,0.0224443782418998,-0.0288856911827339,0.0737744476665335,-0.0198063238488997,0.0448467064807,0.130167311487835,-0.167524033020665,0.427858655996334,-0.114867781057785,0.260090751847116,499,"RH","Relative humidity","Atmospheric moisture","Retained process","ga",72,"-80:-1","Sowing day + cultivar"
-41,0.0213039090430222,-0.0305241044041233,0.0731319224901676,-0.0200919904866876,0.0442346235394632,0.123553102448377,-0.17702609370757,0.424132298604323,-0.116524519231676,0.256540945743794,499,"RH","Relative humidity","Atmospheric moisture","Retained process","ga",72,"-80:-1","Sowing day + cultivar"
-40,0.0201593795985235,-0.0326058309502195,0.0729245901472664,-0.0215186530747974,0.0447726143926412,0.116915345808233,-0.189099172535494,0.422929864151961,-0.124798521366779,0.259661051019533,499,"RH","Relative humidity","Atmospheric moisture","Retained process","ga",72,"-80:-1","Sowing day + cultivar"
-39,0.0190163226501475,-0.03509994896526,0.0731325942655551,-0.0229410873010733,0.0465106413980206,0.110286128984137,-0.203563936631526,0.4241361945998,-0.133048000902682,0.269740826905735,499,"RH","Relative humidity","Atmospheric moisture","Retained process","ga",72,"-80:-1","Sowing day + cultivar"
-38,0.0178802709396381,-0.037957847496219,0.0737183893754951,-0.0248679716488787,0.0488310782221152,0.103697539392819,-0.220138464304808,0.427533543090447,-0.144223064537707,0.283198318114196,499,"RH","Relative humidity","Atmospheric moisture","Retained process","ga",72,"-80:-1","Sowing day + cultivar"
-37,0.0167567572087388,-0.0411183165951767,0.0746318310126543,-0.0264007639441995,0.0499378724992449,0.0971816644510131,-0.238467765353732,0.432831094255758,-0.153112571299748,0.289617227734742,499,"RH","Relative humidity","Atmospheric moisture","Retained process","ga",72,"-80:-1","Sowing day + cultivar"
-36,0.0156513141991936,-0.0445127921086139,0.0758154205070012,-0.0280765694661259,0.051833314713365,0.0907705915754502,-0.258154198487823,0.439695381638723,-0.162831490532646,0.30060994111862,499,"RH","Relative humidity","Atmospheric moisture","Retained process","ga",72,"-80:-1","Sowing day + cultivar"
-35,0.0145694746527463,-0.0480698372344261,0.0772087865399187,-0.0298500477408768,0.0531510285973621,0.084496408182863,-0.278783462345243,0.447776278710969,-0.173116867856018,0.308252089711086,499,"RH","Relative humidity","Atmospheric moisture","Retained process","ga",72,"-80:-1","Sowing day + cultivar"
-34,0.0135167713111405,-0.0517184454950684,0.0787519881173493,-0.0312608441632728,0.054110423916181,0.0783912016899836,-0.299943751253291,0.456726154633258,-0.181298853357274,0.313816151587014,499,"RH","Relative humidity","Atmospheric moisture","Retained process","ga",72,"-80:-1","Sowing day + cultivar"
-33,0.01249873691612,-0.0553901639726077,0.0803876378048477,-0.0332121296484326,0.0562285449268334,0.0724870595135443,-0.321238069037923,0.466212188065012,-0.192615432627638,0.326100301960484,499,"RH","Relative humidity","Atmospheric moisture","Retained process","ga",72,"-80:-1","Sowing day + cultivar"
-32,0.0115209042094286,-0.0590202617188717,0.082062070137729,-0.0354660446201576,0.0569616089148073,0.0668160690702772,-0.342291005277748,0.475923143418302,-0.205687126974863,0.330351743788575,499,"RH","Relative humidity","Atmospheric moisture","Retained process","ga",72,"-80:-1","Sowing day + cultivar"
-31,0.0105888059328102,-0.0625482323177703,0.0837258441833907,-0.0369187955918556,0.0599494876911512,0.0614103177769146,-0.362751649939735,0.485572285493565,-0.214112430015526,0.347680098496222,499,"RH","Relative humidity","Atmospheric moisture","Retained process","ga",72,"-80:-1","Sowing day + cultivar"
-30,0.00970797482800838,-0.0659178910688188,0.0853338407248355,-0.0378465616287707,0.0606558878719185,0.0563018930501887,-0.382294156999994,0.494897943100371,-0.219493056264709,0.351776902220254,499,"RH","Relative humidity","Atmospheric moisture","Retained process","ga",72,"-80:-1","Sowing day + cultivar"
-29,0.008883943636767,-0.0690772653995874,0.0868451526731214,-0.0383201825757342,0.0610698040543145,0.0515228823068317,-0.400617108885206,0.503662873498869,-0.222239845000227,0.354177430141461,499,"RH","Relative humidity","Atmospheric moisture","Retained process","ga",72,"-80:-1","Sowing day + cultivar"
-28,0.00812224510082981,-0.0719784158341792,0.0882229060358388,-0.038668029926873,0.0630059987157895,0.0471053729635756,-0.417442478170223,0.511653224097374,-0.224257203379145,0.365406489413452,499,"RH","Relative humidity","Atmospheric moisture","Retained process","ga",72,"-80:-1","Sowing day + cultivar"
-27,0.0074284119619406,-0.0745772777113667,0.0894341016352479,-0.0387958479057173,0.0628616102446933,0.043081452437153,-0.432514709614363,0.518677614488669,-0.224998490238895,0.364569101142329,499,"RH","Relative humidity","Atmospheric moisture","Retained process","ga",72,"-80:-1","Sowing day + cultivar"
-26,0.00680797696184313,-0.0768335831756444,0.0904495370993306,-0.0394901211207011,0.0643384905387607,0.039483208144296,-0.445600267744552,0.524566684033144,-0.229024963008978,0.37313434341352,499,"RH","Relative humidity","Atmospheric moisture","Retained process","ga",72,"-80:-1","Sowing day + cultivar"
-25,0.00626647284228117,-0.0787109066305398,0.0912438523151022,-0.0404984358113053,0.0662522401054698,0.0363427275017365,-0.456487900464117,0.52917335546759,-0.234872735266024,0.384233231218506,499,"RH","Relative humidity","Atmospheric moisture","Retained process","ga",72,"-80:-1","Sowing day + cultivar"
-24,0.00580943234499849,-0.0801768719463347,0.0917957366363317,-0.0409749117265421,0.0678340167622369,0.0336920979262071,-0.464989840764481,0.532374036616895,-0.237636081535038,0.393406825272505,499,"RH","Relative humidity","Atmospheric moisture","Retained process","ga",72,"-80:-1","Sowing day + cultivar"
-23,0.00544238821173887,-0.0812035641183499,0.0920883405418277,-0.0410015018923291,0.0688915087844255,0.0315634068344398,-0.470944194158301,0.534071007827181,-0.237790292551944,0.399539803961625,499,"RH","Relative humidity","Atmospheric moisture","Retained process","ga",72,"-80:-1","Sowing day + cultivar"
-22,0.00517087318424607,-0.0817682008546691,0.0921099472231613,-0.0401602167906102,0.0699933545605279,0.0299887416431669,-0.474218833586571,0.534196316872905,-0.232911216878505,0.405930014499145,499,"RH","Relative humidity","Atmospheric moisture","Retained process","ga",72,"-80:-1","Sowing day + cultivar"
-21,0.00500042000426387,-0.0818541410060848,0.0918549810146125,-0.0393373088726143,0.0700475465106455,0.0290001897691205,-0.474717247859315,0.532717627397556,-0.228138720615382,0.406244303466078,499,"RH","Relative humidity","Atmospheric moisture","Retained process","ga",72,"-80:-1","Sowing day + cultivar"
-20,0.00493656141353602,-0.0814523380341769,0.0913254608612489,-0.0390076466150357,0.0695437561483683,0.0286298386290329,-0.472386971117524,0.52964664837559,-0.226226827610126,0.403322545674245,499,"RH","Relative humidity","Atmospheric moisture","Retained process","ga",72,"-80:-1","Sowing day + cultivar"
-19,0.00498483015380632,-0.0805633893001073,0.09053304960772,-0.0374447134707258,0.0684235031362186,0.0289097756396363,-0.467231467787593,0.525051019066865,-0.217162517463621,0.396825581436428,499,"RH","Relative humidity","Atmospheric moisture","Retained process","ga",72,"-80:-1","Sowing day + cultivar"
-18,0.00515075896681852,-0.0792003858643842,0.0895019037980212,-0.0382043471229686,0.066754174438186,0.0298720882176629,-0.459326660139789,0.519070836575115,-0.221568051409023,0.387144224872638,499,"RH","Relative humidity","Atmospheric moisture","Retained process","ga",72,"-80:-1","Sowing day + cultivar"
-17,0.0054398805943164,-0.0773928271057837,0.0882725882944166,-0.0369596035384253,0.064989965063809,0.0315488637798448,-0.4488436313195,0.51194135887919,-0.214349097774154,0.376912603007721,499,"RH","Relative humidity","Atmospheric moisture","Retained process","ga",72,"-80:-1","Sowing day + cultivar"
-16,0.00585772777804374,-0.075191908852552,0.0869073644086395,-0.0362514125391468,0.064756733905143,0.0339721897429144,-0.4360792941327,0.504023673618529,-0.210241908107217,0.375559967058017,499,"RH","Relative humidity","Atmospheric moisture","Retained process","ga",72,"-80:-1","Sowing day + cultivar"
-15,0.00640983325974429,-0.0726774661838487,0.0854971327033373,-0.033290869096163,0.063728768494329,0.0371741535236039,-0.421496656175531,0.495844963222738,-0.19307208605366,0.369598229451121,499,"RH","Relative humidity","Atmospheric moisture","Retained process","ga",72,"-80:-1","Sowing day + cultivar"
-14,0.00710172978116184,-0.0699666234324296,0.0841700829947533,-0.0318214930465539,0.0631291010341161,0.0411868425386453,-0.405774985964155,0.488148671041446,-0.184550365029321,0.366120427560537,499,"RH","Relative humidity","Atmospheric moisture","Retained process","ga",72,"-80:-1","Sowing day + cultivar"
-13,0.00793895008404014,-0.0672235261451815,0.0831014263132618,-0.0306785328243834,0.0620426731370491,0.046042344204771,-0.389866253934142,0.481950942343684,-0.177921709173765,0.359819633795504,499,"RH","Relative humidity","Atmospheric moisture","Retained process","ga",72,"-80:-1","Sowing day + cultivar"
-12,0.00892702691012299,-0.0646680431261682,0.0825220969464142,-0.029877234636638,0.0606655734207635,0.0517727459387132,-0.375045600381049,0.478591092258475,-0.173274539638715,0.351833074052677,499,"RH","Relative humidity","Atmospheric moisture","Retained process","ga",72,"-80:-1","Sowing day + cultivar"
-11,0.0100714930011541,-0.0625788302146461,0.0827218162169543,-0.0287747184704799,0.0630679438107716,0.058410135157204,-0.36292910399663,0.479749374311038,-0.16688044114002,0.365765743137782,499,"RH","Relative humidity","Atmospheric moisture","Retained process","ga",72,"-80:-1","Sowing day + cultivar"
-10,0.0113778810988773,-0.0612834836004813,0.0840392457982359,-0.0289472427046246,0.0637701262370945,0.0659865992769756,-0.355416675521515,0.487389874075466,-0.167881004197864,0.369838085780709,499,"RH","Relative humidity","Atmospheric moisture","Retained process","ga",72,"-80:-1","Sowing day + cultivar"
-9,0.0128517239450364,-0.061128852615492,0.0868323005055648,-0.0317472926303359,0.0624918007708285,0.0745342257147604,-0.354519885270886,0.503588336700406,-0.184120035947076,0.362424372317279,499,"RH","Relative humidity","Atmospheric moisture","Retained process","ga",72,"-80:-1","Sowing day + cultivar"
-8,0.0144985542813751,-0.0624325521262948,0.091429660689045,-0.0324957251233405,0.0636325995143165,0.0840851018872904,-0.362080756794268,0.530250960568849,-0.188460608200608,0.369040492567441,499,"RH","Relative humidity","Atmospheric moisture","Retained process","ga",72,"-80:-1","Sowing day + cultivar"
-7,0.0163239048496372,-0.0654315187239358,0.0980793284232101,-0.033060641577246,0.0685604003168684,0.0946713152112979,-0.379473415884641,0.568816046307237,-0.191736869865225,0.39761952358815,499,"RH","Relative humidity","Atmospheric moisture","Retained process","ga",72,"-80:-1","Sowing day + cultivar"
-6,0.0183333083915664,-0.0702521080575296,0.106918724840662,-0.0364071913314119,0.0757034620593938,0.106324953103515,-0.40743066854622,0.620080574753251,-0.211145355124436,0.439046072935834,499,"RH","Relative humidity","Atmospheric moisture","Retained process","ga",72,"-80:-1","Sowing day + cultivar"
-5,0.0205322976489065,-0.0769152645319942,0.117979859829807,-0.041893022015749,0.0879841450579568,0.119078102980674,-0.446073982919022,0.684230188880371,-0.242960708785005,0.510268517680287,499,"RH","Relative humidity","Atmospheric moisture","Retained process","ga",72,"-80:-1","Sowing day + cultivar"
-4,0.0229264053634014,-0.0853680203250985,0.131220831051901,-0.0477937591559458,0.0978596503163331,0.132962852259508,-0.495096169427962,0.761021873946977,-0.277182333508026,0.567542011969697,499,"RH","Relative humidity","Atmospheric moisture","Retained process","ga",72,"-80:-1","Sowing day + cultivar"
-3,0.0255211642767947,-0.0955211037986273,0.146563432352217,-0.0548351288158649,0.108164843661761,0.148011288356747,-0.553979492673407,0.850002069386901,-0.318019114458038,0.627307504142368,499,"RH","Relative humidity","Atmospheric moisture","Retained process","ga",72,"-80:-1","Sowing day + cultivar"
-2,0.0283221071308303,-0.10727793669155,0.163922150953211,-0.0669510050176666,0.121844948113337,0.164255498689125,-0.622163842125627,0.950674839503877,-0.388285753814694,0.706645964675441,499,"RH","Relative humidity","Atmospheric moisture","Retained process","ga",72,"-80:-1","Sowing day + cultivar"
-1,0.0313347666672519,-0.120551176479859,0.183220709814362,-0.0741867431956497,0.135244414909656,0.181727570673374,-0.699142670380805,1.06259781172755,-0.430249784856537,0.784356852874219,499,"RH","Relative humidity","Atmospheric moisture","Retained process","ga",72,"-80:-1","Sowing day + cultivar"
-80,0.172399752261606,-0.333601564781828,0.67840106930504,-0.260249628515173,0.39268680937133,0.380912909847353,-0.737084253913839,1.49891007360855,-0.575014998478535,0.867631613468496,499,"Tmax","Maximum temperature","Thermal","Retained process","ga",72,"-80:-1","Sowing day + cultivar"
-79,0.15541050034608,-0.295510107008114,0.606331107700275,-0.230411929242422,0.354638527799803,0.34337558570171,-0.652922137492141,1.33967330889556,-0.509089353551348,0.783564893777918,499,"Tmax","Maximum temperature","Thermal","Retained process","ga",72,"-80:-1","Sowing day + cultivar"
-78,0.139301343471037,-0.26077605465908,0.539378741601154,-0.205008602768114,0.321575985504976,0.307782809378291,-0.576178123782747,1.19174374253933,-0.452961343619829,0.710514039427714,499,"Tmax","Maximum temperature","Thermal","Retained process","ga",72,"-80:-1","Sowing day + cultivar"
-77,0.124052908284653,-0.229502415857473,0.47760823242678,-0.176597850722478,0.282705088552648,0.274091775944261,-0.507079806638076,1.0552633585266,-0.390188502645944,0.624629771775055,499,"Tmax","Maximum temperature","Thermal","Retained process","ga",72,"-80:-1","Sowing day + cultivar"
-76,0.109645821435106,-0.20184456484094,0.421136207711152,-0.14651309192319,0.258512138677136,0.242259680466785,-0.445970481522309,0.930489842455878,-0.323716985918338,0.571176058449014,499,"Tmax","Maximum temperature","Thermal","Retained process","ga",72,"-80:-1","Sowing day + cultivar"
-75,0.0960607095705719,-0.178021139734157,0.370142558875301,-0.11963440252641,0.234815691753969,0.212243718013027,-0.393333223864392,0.817820659890446,-0.26432919877422,0.518819355889198,499,"Tmax","Maximum temperature","Thermal","Retained process","ga",72,"-80:-1","Sowing day + cultivar"
-74,0.0832781993392282,-0.158318429744657,0.324874828423113,-0.105911926316229,0.213139787818864,0.184001083650153,-0.349800582456703,0.717802749757008,-0.234009733258984,0.470926992163734,499,"Tmax","Maximum temperature","Thermal","Retained process","ga",72,"-80:-1","Sowing day + cultivar"
-73,0.0712789173892519,-0.14307526859237,0.285633103370874,-0.0849716299138771,0.192314456043912,0.157488972445326,-0.316121201868156,0.631099146758808,-0.187742675847079,0.424913946200093,499,"Tmax","Maximum temperature","Thermal","Retained process","ga",72,"-80:-1","Sowing day + cultivar"
-72,0.0600434903688201,-0.132627413250878,0.252714393988519,-0.0749903905933637,0.180229241438878,0.132664579465712,-0.293036928674116,0.558366087605539,-0.165689378997265,0.398211968958572,499,"Tmax","Maximum temperature","Thermal","Retained process","ga",72,"-80:-1","Sowing day + cultivar"
-71,0.0495525449261097,-0.127192464935074,0.226297554787294,-0.0726348176548604,0.158947841666237,0.109485099778474,-0.28102854727748,0.499998746834429,-0.160484799926864,0.351191252242458,499,"Tmax","Maximum temperature","Thermal","Retained process","ga",72,"-80:-1","Sowing day + cultivar"
-70,0.0397867077092979,-0.126709779246003,0.206283194664599,-0.0726093217749985,0.152119078510179,0.0879077284507787,-0.279962065406399,0.455777522307956,-0.160428467422554,0.336103272066677,499,"Tmax","Maximum temperature","Thermal","Retained process","ga",72,"-80:-1","Sowing day + cultivar"
-69,0.0307266053665615,-0.130714371858089,0.192167582591212,-0.0742300910181047,0.144550497892666,0.0678896605497896,-0.288810111906538,0.424589433006117,-0.164009516237786,0.319380683845921,499,"Tmax","Maximum temperature","Thermal","Retained process","ga",72,"-80:-1","Sowing day + cultivar"
-68,0.0223528645460776,-0.138349623005507,0.183055352097662,-0.0786511317179909,0.139784119529615,0.0493880911426713,-0.305680006983677,0.40445618926902,-0.173777694297531,0.308849490918521,499,"Tmax","Maximum temperature","Thermal","Retained process","ga",72,"-80:-1","Sowing day + cultivar"
-67,0.0146461118960232,-0.148536129373021,0.177828353165068,-0.0889904679787142,0.143497513268588,0.0323602152965888,-0.328186836203134,0.392907266796311,-0.196622197316225,0.317054140843856,499,"Tmax","Maximum temperature","Thermal","Retained process","ga",72,"-80:-1","Sowing day + cultivar"
-66,0.00758697406457543,-0.160192008737638,0.175365956866789,-0.0953046579642251,0.140858489059831,0.0167632280787067,-0.35394020804597,0.387466664203383,-0.210573241033853,0.311223283332009,499,"Tmax","Maximum temperature","Thermal","Retained process","ga",72,"-80:-1","Sowing day + cultivar"
-65,0.00115607769991117,-0.172388938384266,0.174701093784088,-0.102058182134466,0.135484204236724,0.00255432455618947,-0.380889016857773,0.385997665970152,-0.225494982565751,0.299348936394364,499,"Tmax","Maximum temperature","Thermal","Retained process","ga",72,"-80:-1","Sowing day + cultivar"
-64,-0.00466595054979249,-0.184410745733646,0.175078844634061,-0.111619804377115,0.129604736970361,-0.0103093002037981,-0.407450897365165,0.386832296957569,-0.246621146052238,0.286358401573966,499,"Tmax","Maximum temperature","Thermal","Retained process","ga",72,"-80:-1","Sowing day + cultivar"
-63,-0.00989848403635855,-0.195744826633692,0.175947858560975,-0.116435967256574,0.124661710884204,-0.0218704511340914,-0.432493263606682,0.388752361338499,-0.257262336614564,0.275436909952142,499,"Tmax","Maximum temperature","Thermal","Retained process","ga",72,"-80:-1","Sowing day + cultivar"
-62,-0.01456089611161,-0.206045881603658,0.176924089380438,-0.120298234817496,0.123334744349464,-0.0321719331675257,-0.455253185077758,0.390909318742707,-0.265795919499343,0.272505010820112,499,"Tmax","Maximum temperature","Thermal","Retained process","ga",72,"-80:-1","Sowing day + cultivar"
-61,-0.0186725601273698,-0.215096189025496,0.177751068770756,-0.12489890697048,0.126299786978418,-0.0412565512369365,-0.475249611347758,0.392736508873885,-0.275960988729765,0.279056197818935,499,"Tmax","Maximum temperature","Thermal","Retained process","ga",72,"-80:-1","Sowing day + cultivar"
-60,-0.0222528494354609,-0.222772095779662,0.17826639690874,-0.128009171350422,0.130029402886828,-0.0491671102751589,-0.492209333963887,0.393875113413569,-0.282833039529238,0.287296690219002,499,"Tmax","Maximum temperature","Thermal","Retained process","ga",72,"-80:-1","Sowing day + cultivar"
-59,-0.0253211373877064,-0.229018645596153,0.178376370820741,-0.132272282772444,0.128559998027751,-0.0559464152150285,-0.506010928431934,0.394118098001877,-0.292252276827804,0.284050077197393,499,"Tmax","Maximum temperature","Thermal","Retained process","ga",72,"-80:-1","Sowing day + cultivar"
-58,-0.0278967973359292,-0.233831328100877,0.178037733429019,-0.137379889862725,0.132557480975735,-0.0616372709893805,-0.516644429193953,0.393369887215193,-0.303537406032419,0.292882415073791,499,"Tmax","Maximum temperature","Thermal","Retained process","ga",72,"-80:-1","Sowing day + cultivar"
-57,-0.0299992026319522,-0.237243270557341,0.177244865293436,-0.140646464710882,0.135257084869882,-0.0662824825310503,-0.524183030104186,0.391618065042085,-0.310754820873929,0.298847121874496,499,"Tmax","Maximum temperature","Thermal","Retained process","ga",72,"-80:-1","Sowing day + cultivar"
-56,-0.0316477266275986,-0.239316350047409,0.176020896792212,-0.142053591223597,0.136107445842348,-0.0699248547728733,-0.52876344701632,0.388913737470573,-0.313863831458054,0.300725973022445,499,"Tmax","Maximum temperature","Thermal","Retained process","ga",72,"-80:-1","Sowing day + cultivar"
-55,-0.0328617426746911,-0.240135048839389,0.174411563490007,-0.143565592572945,0.13863745796307,-0.0726071926476847,-0.53057234137406,0.38535795607869,-0.317204560351905,0.306315971071809,499,"Tmax","Maximum temperature","Thermal","Retained process","ga",72,"-80:-1","Sowing day + cultivar"
-54,-0.0336606241250529,-0.239802192472402,0.172480944222296,-0.142469826637311,0.140640218185992,-0.07437230108832,-0.529836903615901,0.381092301439261,-0.314783493119625,0.310741019334535,499,"Tmax","Maximum temperature","Thermal","Retained process","ga",72,"-80:-1","Sowing day + cultivar"
-53,-0.034063744330507,-0.23843594541777,0.170308456756756,-0.141678905664492,0.135774472548995,-0.0752629850276145,-0.526818215164651,0.376292245109423,-0.313035973153595,0.299990276918427,499,"Tmax","Maximum temperature","Thermal","Retained process","ga",72,"-80:-1","Sowing day + cultivar"
-52,-0.0340904766428761,-0.2361675950407,0.167986641754948,-0.142014562340141,0.129925899724376,-0.0753220493984034,-0.52180635214659,0.371162253349784,-0.3137775981232,0.287068002588825,499,"Tmax","Maximum temperature","Thermal","Retained process","ga",72,"-80:-1","Sowing day + cultivar"
-51,-0.0337601944139836,-0.233139747053595,0.165619358225628,-0.141016817867365,0.12845482437697,-0.0745922991335223,-0.51511639829101,0.365931800023965,-0.311573106843928,0.283817698665333,499,"Tmax","Maximum temperature","Thermal","Retained process","ga",72,"-80:-1","Sowing day + cultivar"
-50,-0.0330922709956521,-0.229504602358248,0.163320060366944,-0.143358650585269,0.13030322911322,-0.0731165391658064,-0.507084637656461,0.360851559324849,-0.316747327243034,0.287901702368494,499,"Tmax","Maximum temperature","Thermal","Retained process","ga",72,"-80:-1","Sowing day + cultivar"
-49,-0.0321060797397048,-0.22542200375178,0.161209844272371,-0.143989863578706,0.131045473599153,-0.070937574428091,-0.498064238876719,0.356189090020536,-0.318141976451687,0.289541672862917,499,"Tmax","Maximum temperature","Thermal","Retained process","ga",72,"-80:-1","Sowing day + cultivar"
-48,-0.0308209939979646,-0.221056951280851,0.159414963284922,-0.144077354774451,0.130471450769236,-0.0680982098532115,-0.488419765398503,0.35222334569208,-0.318335286044769,0.288273383879934,499,"Tmax","Maximum temperature","Thermal","Retained process","ga",72,"-80:-1","Sowing day + cultivar"
-47,-0.0292563871222546,-0.216576311719941,0.158063537475432,-0.141085130517144,0.130409270292463,-0.0646412503740034,-0.47851990515663,0.349237404408624,-0.311724041922811,0.288135997682838,499,"Tmax","Maximum temperature","Thermal","Retained process","ga",72,"-80:-1","Sowing day + cultivar"
-46,-0.0274316324643976,-0.212144520157505,0.15728125522871,-0.136446266095348,0.130552194975304,-0.0606095009233018,-0.468727973336898,0.347508971490295,-0.301474587836517,0.288451786169283,499,"Tmax","Maximum temperature","Thermal","Retained process","ga",72,"-80:-1","Sowing day + cultivar"
-45,-0.0253661033762167,-0.207918218287242,0.157186011534808,-0.1329028188964,0.124226916034772,-0.0560457664339422,-0.459390065815705,0.347298532947821,-0.293645430510388,0.274476241684868,499,"Tmax","Maximum temperature","Thermal","Retained process","ga",72,"-80:-1","Sowing day + cultivar"
-44,-0.0230791732095348,-0.204040007508907,0.157881661089837,-0.133818221268348,0.124055612809084,-0.0509928518387598,-0.450821256793664,0.348835553116145,-0.29566798899209,0.274097751522864,499,"Tmax","Maximum temperature","Thermal","Retained process","ga",72,"-80:-1","Sowing day + cultivar"
-43,-0.0205902153161749,-0.200631792212751,0.159451361580401,-0.134158621425764,0.123853803915748,-0.0454935620705901,-0.443290890950243,0.352303766809063,-0.296420094565171,0.273651859856632,499,"Tmax","Maximum temperature","Thermal","Retained process","ga",72,"-80:-1","Sowing day + cultivar"
-42,-0.0179186030479601,-0.197788475797404,0.161951269701484,-0.133916831674116,0.123288108528913,-0.0395907020622684,-0.437008654954086,0.357827250829549,-0.295885866199623,0.272401970149369,499,"Tmax","Maximum temperature","Thermal","Retained process","ga",72,"-80:-1","Sowing day + cultivar"
-41,-0.0150837097567132,-0.195572934637006,0.16540551512358,-0.135859242684191,0.124462112370647,-0.03332707674663,-0.432113472569988,0.365459319076728,-0.300177574396769,0.274995902064354,499,"Tmax","Maximum temperature","Thermal","Retained process","ga",72,"-80:-1","Sowing day + cultivar"
-40,-0.0121049087942574,-0.19401312593184,0.169803308343326,-0.136608967500118,0.125203023651791,-0.0267454910565104,-0.428667114527731,0.37517613241471,-0.301834072491885,0.276632926876379,499,"Tmax","Maximum temperature","Thermal","Retained process","ga",72,"-80:-1","Sowing day + cultivar"
-39,-0.00900157351241545,-0.193101852461757,0.175098705436926,-0.135995615028385,0.124655952728937,-0.0198887499247447,-0.426653678750692,0.386876178901203,-0.300478885656028,0.27542418745313,499,"Tmax","Maximum temperature","Thermal","Retained process","ga",72,"-80:-1","Sowing day + cultivar"
-38,-0.00579307726301052,-0.192799197027115,0.181213042501093,-0.134245075067469,0.12345646868943,-0.0127996582841686,-0.425984969191784,0.400385652623447,-0.296611111708739,0.272773957683014,499,"Tmax","Maximum temperature","Thermal","Retained process","ga",72,"-80:-1","Sowing day + cultivar"
-37,-0.00249879339786544,-0.193037127893164,0.188039541097433,-0.13033175232492,0.125566660672337,-0.00552102106761702,-0.426510671446806,0.415468629311572,-0.28796472368624,0.277436373713206,499,"Tmax","Maximum temperature","Thermal","Retained process","ga",72,"-80:-1","Sowing day + cultivar"
-36,0.000861904731196749,-0.193725439218764,0.195449248681157,-0.131400361666192,0.128957703573116,0.00190435679207452,-0.428031477982058,0.431840191566207,-0.290325789107359,0.284928797581617,499,"Tmax","Maximum temperature","Thermal","Retained process","ga",72,"-80:-1","Sowing day + cultivar"
-35,0.00426964377235297,-0.194758112494928,0.203297400039634,-0.135211440334125,0.133931411921409,0.00943367036207045,-0.430313143572554,0.449180484296695,-0.298746271422535,0.295918080888739,499,"Tmax","Maximum temperature","Thermal","Retained process","ga",72,"-80:-1","Sowing day + cultivar"
-34,0.00770505037378039,-0.196019335206263,0.211429435953824,-0.128749124150345,0.139130351546155,0.0170241147095358,-0.433099783382866,0.467148012801938,-0.28446794660115,0.307405007027575,499,"Tmax","Maximum temperature","Thermal","Retained process","ga",72,"-80:-1","Sowing day + cultivar"
-33,0.0111487511836559,-0.197388686161759,0.219686188529071,-0.131689543102972,0.145319045818174,0.0246328849016349,-0.436125329824888,0.485391099628157,-0.290964728207402,0.321078771127498,499,"Tmax","Maximum temperature","Thermal","Retained process","ga",72,"-80:-1","Sowing day + cultivar"
-32,0.0145813728501567,-0.198745281554938,0.227908027255252,-0.134038518916921,0.15017692566966,0.0322171760055326,-0.439122693173282,0.503557045184347,-0.296154731097282,0.331812134288661,499,"Tmax","Maximum temperature","Thermal","Retained process","ga",72,"-80:-1","Sowing day + cultivar"
-31,0.0179835420214596,-0.199970899322371,0.23593798336529,-0.136532489050503,0.152458695489358,0.0397341830883935,-0.441830664756936,0.521299030933723,-0.301665095283963,0.336853647227173,499,"Tmax","Maximum temperature","Thermal","Retained process","ga",72,"-80:-1","Sowing day + cultivar"
-30,0.0213358853457417,-0.200952237916973,0.243624008608457,-0.13854413684895,0.155601984002831,0.0471411012173822,-0.443998907661649,0.538281110096414,-0.306109780420934,0.343798664017798,499,"Tmax","Maximum temperature","Thermal","Retained process","ga",72,"-80:-1","Sowing day + cultivar"
-29,0.0246190294711801,-0.201582529548833,0.250820588491194,-0.140142113587535,0.157820802229691,0.0543951254596634,-0.445391521145107,0.554181772064434,-0.309640469771573,0.348701086997694,499,"Tmax","Maximum temperature","Thermal","Retained process","ga",72,"-80:-1","Sowing day + cultivar"
-28,0.0278136010459517,-0.201762742117447,0.25738994420935,-0.140048005414959,0.162152363313331,0.0614534508824019,-0.445789696275878,0.568696598040682,-0.309432540134864,0.358271562099347,499,"Tmax","Maximum temperature","Thermal","Retained process","ga",72,"-80:-1","Sowing day + cultivar"
-27,0.0309002267182335,-0.201402593806249,0.263203047242716,-0.13739064113946,0.164799873522586,0.068273272552762,-0.444993957654475,0.581540502759999,-0.303561160707539,0.364121169215532,499,"Tmax","Maximum temperature","Thermal","Retained process","ga",72,"-80:-1","Sowing day + cultivar"
-26,0.0338595331362027,-0.200421589338159,0.268140655610564,-0.136733089068679,0.169707748022072,0.0748117855379087,-0.442826452993872,0.59245002406969,-0.302108315970979,0.374964994292078,499,"Tmax","Maximum temperature","Thermal","Retained process","ga",72,"-80:-1","Sowing day + cultivar"
-25,0.0366721469480362,-0.198750280671986,0.272094574568058,-0.136056369500505,0.172911882137728,0.0810261849050065,-0.43913373859647,0.601186108406483,-0.300613121131763,0.38204444790802,499,"Tmax","Maximum temperature","Thermal","Retained process","ga",72,"-80:-1","Sowing day + cultivar"
-24,0.0393186948019109,-0.196331966683927,0.274969356287748,-0.136893263332567,0.176222009475981,0.0868736657212199,-0.433790534757532,0.607537866199972,-0.302462216972227,0.389358090879303,499,"Tmax","Maximum temperature","Thermal","Retained process","ga",72,"-80:-1","Sowing day + cultivar"
-23,0.041779803346004,-0.193125083725115,0.276684690417123,-0.138594929652751,0.178259563653077,0.0923114230537139,-0.426705007641883,0.611327853749311,-0.306222005841454,0.393860015507313,499,"Tmax","Maximum temperature","Thermal","Retained process","ga",72,"-80:-1","Sowing day + cultivar"
-22,0.0440360992284925,-0.189106610129281,0.277178808586266,-0.139060947591247,0.175051099112602,0.0972966519696529,-0.417826291457819,0.612419595397125,-0.307251660737501,0.386770993926819,499,"Tmax","Maximum temperature","Thermal","Retained process","ga",72,"-80:-1","Sowing day + cultivar"
-21,0.0460682090975533,-0.18427692309744,0.276413341292547,-0.137207281317791,0.170478698176186,0.101786547536202,-0.40715521962148,0.610728314693883,-0.303156031800422,0.376668389237248,499,"Tmax","Maximum temperature","Thermal","Retained process","ga",72,"-80:-1","Sowing day + cultivar"
-20,0.0478567596013636,-0.178666717896729,0.274380237099456,-0.133966792885287,0.171372716362595,0.105738304820525,-0.394759612552388,0.606236222193438,-0.295996254237177,0.37864369989967,499,"Tmax","Maximum temperature","Thermal","Retained process","ga",72,"-80:-1","Sowing day + cultivar"
-19,0.0493823773881002,-0.172346835489152,0.271111590265352,-0.131550941864821,0.17103673167773,0.109109118889787,-0.380795991571597,0.599014229351171,-0.290658492263092,0.377901350201966,499,"Tmax","Maximum temperature","Thermal","Retained process","ga",72,"-80:-1","Sowing day + cultivar"
-18,0.0506256891059403,-0.16544213321998,0.266693511431861,-0.124967735473491,0.169081831732536,0.111856184811153,-0.365540225838311,0.589252595460616,-0.276113063573368,0.37358204801727,499,"Tmax","Maximum temperature","Thermal","Retained process","ga",72,"-80:-1","Sowing day + cultivar"
-17,0.0515673214030608,-0.158150793581002,0.261285436387124,-0.120610976619072,0.170893240145162,0.113936697651787,-0.349430194575887,0.577303589879461,-0.266486914631915,0.377584309275329,499,"Tmax","Maximum temperature","Thermal","Retained process","ga",72,"-80:-1","Sowing day + cultivar"
-16,0.0521879009276387,-0.150770437023075,0.255146238878352,-0.107644616924363,0.166108106072786,0.115307852478854,-0.333123482673394,0.563739187631103,-0.237838069510929,0.367011676080632,499,"Tmax","Maximum temperature","Thermal","Retained process","ga",72,"-80:-1","Sowing day + cultivar"
-15,0.0524680543278512,-0.143731416406023,0.248667525061726,-0.0969845528451181,0.16758005778274,0.115926844359519,-0.317570943933965,0.549424632653003,-0.214284926456392,0.370263916305099,499,"Tmax","Maximum temperature","Thermal","Retained process","ga",72,"-80:-1","Sowing day + cultivar"
-14,0.0523884082518752,-0.137634318800557,0.242411135304308,-0.0889726169665355,0.165500772421291,0.115750868360946,-0.304099560361458,0.53560129708335,-0.196582755954486,0.365669787676476,499,"Tmax","Maximum temperature","Thermal","Retained process","ga",72,"-80:-1","Sowing day + cultivar"
-13,0.0519295893478877,-0.133280859388427,0.237140038084202,-0.0820809285019329,0.162759380309056,0.1147371195503,-0.294480701454627,0.523954940555227,-0.181355743894574,0.359612750860556,499,"Tmax","Maximum temperature","Thermal","Retained process","ga",72,"-80:-1","Sowing day + cultivar"
-12,0.0510722242640657,-0.131674177324484,0.233818625852616,-0.0827595991078394,0.163576584143247,0.112842792994746,-0.2909307779069,0.516616363896391,-0.182855249502514,0.36141834214672,499,"Tmax","Maximum temperature","Thermal","Retained process","ga",72,"-80:-1","Sowing day + cultivar"
-11,0.0497969396485863,-0.133953125695069,0.233547004992241,-0.0825769758766304,0.163912471824934,0.110025083761448,-0.295966056924667,0.516016224447562,-0.182451748073463,0.362160477518347,499,"Tmax","Maximum temperature","Thermal","Retained process","ga",72,"-80:-1","Sowing day + cultivar"
-10,0.0480843621496264,-0.141237965067043,0.237406689366296,-0.0909408261615492,0.165970914933015,0.106241186917571,-0.312061726010887,0.524544099846029,-0.200931464591394,0.366708555713173,499,"Tmax","Maximum temperature","Thermal","Retained process","ga",72,"-80:-1","Sowing day + cultivar"
-9,0.0459151184153632,-0.154423134997812,0.246253371828538,-0.09580559983142,0.173244552469981,0.101448297530279,-0.341194026836586,0.544090621897144,-0.211680059470622,0.382779474627119,499,"Tmax","Maximum temperature","Thermal","Retained process","ga",72,"-80:-1","Sowing day + cultivar"
-8,0.0432698350939736,-0.174021120584408,0.260560790772355,-0.106693890731193,0.181181491203977,0.0956036106667377,-0.384495282314082,0.575702503647558,-0.23573746393605,0.400315940827249,499,"Tmax","Maximum temperature","Thermal","Retained process","ga",72,"-80:-1","Sowing day + cultivar"
-7,0.0401291388336346,-0.200148283472879,0.280406561140149,-0.119859379144558,0.198391916182044,0.0886643213941112,-0.442222590569152,0.619551233357374,-0.264826278944824,0.438341941283197,499,"Tmax","Maximum temperature","Thermal","Retained process","ga",72,"-80:-1","Sowing day + cultivar"
-6,0.0364736562825232,-0.232639057765595,0.305586370330642,-0.13729917275285,0.212618365385921,0.0805876247795642,-0.51401013792161,0.675185387480738,-0.303359063611425,0.469774922432854,499,"Tmax","Maximum temperature","Thermal","Retained process","ga",72,"-80:-1","Sowing day + cultivar"
-5,0.0322840140888166,-0.271197486598986,0.335765514776619,-0.166691548117942,0.234100648092839,0.0713307158902614,-0.599204015136594,0.741865446917116,-0.368300776582415,0.517239484931983,499,"Tmax","Maximum temperature","Thermal","Retained process","ga",72,"-80:-1","Sowing day + cultivar"
-4,0.0275408389006916,-0.315512306121004,0.370593983922387,-0.198873977196084,0.262909627095166,0.0608507897933675,-0.697116492573788,0.818818072160523,-0.439407042950531,0.580892198335283,499,"Tmax","Maximum temperature","Thermal","Retained process","ga",72,"-80:-1","Sowing day + cultivar"
-3,0.0222247573663253,-0.365317264050729,0.40976677878338,-0.239206281109147,0.298458384015033,0.049105041556047,-0.80715929252543,0.905369375637524,-0.528520252469882,0.659436281271405,499,"Tmax","Maximum temperature","Thermal","Retained process","ga",72,"-80:-1","Sowing day + cultivar"
-2,0.0163163961338947,-0.420411080538073,0.453043872805863,-0.277004897866021,0.328763615026824,0.0360506662454646,-0.92888769223302,1.00098902472395,-0.612035344041579,0.726394925798811,499,"Tmax","Maximum temperature","Thermal","Retained process","ga",72,"-80:-1","Sowing day + cultivar"
-1,0.00979638185157689,-0.480656261212948,0.500249024916102,-0.298899098823073,0.356596880344963,0.0216448589287851,-1.06199790134935,1.10528761920692,-0.6604100295381,0.787891824395264,499,"Tmax","Maximum temperature","Thermal","Retained process","ga",72,"-80:-1","Sowing day + cultivar"
-80,-0.148117216158857,-1.73110381252942,1.4348693802117,-1.3498729884623,0.856314353414777,-0.12176313019916,-1.42309330663637,1.17956704623805,-1.10969382701726,0.703952712657152,499,"Tmin","Minimum temperature","Thermal","Retained process","ga",72,"-80:-1","Sowing day + cultivar"
-79,-0.0641943969330202,-1.51246221778208,1.38407342391604,-1.17031693190975,0.855101170496305,-0.0527724657168052,-1.24335400516571,1.1378090737321,-0.962085682204392,0.702955388014629,499,"Tmin","Minimum temperature","Thermal","Retained process","ga",72,"-80:-1","Sowing day + cultivar"
-78,0.0133957220257341,-1.31235077854102,1.33914222259249,-1.01719592801578,0.835184277976407,0.0110122583142654,-1.07884783996397,1.1008723565925,-0.836209074360425,0.686582253007405,499,"Tmin","Minimum temperature","Thermal","Retained process","ga",72,"-80:-1","Sowing day + cultivar"
-77,0.0848246049854618,-1.13061435761843,1.30026356758936,-0.932255643218548,0.84776082559764,0.0697319979998795,-0.929447276973422,1.06891127297318,-0.766381979137231,0.696921090349702,499,"Tmin","Minimum temperature","Thermal","Retained process","ga",72,"-80:-1","Sowing day + cultivar"
-76,0.150263716214219,-0.967070169448719,1.26759760187716,-0.823962976748362,0.851651674594702,0.123527709445865,-0.795002053157796,1.04205747204953,-0.677357526821835,0.700119651363071,499,"Tmin","Minimum temperature","Thermal","Retained process","ga",72,"-80:-1","Sowing day + cultivar"
-75,0.209884519980063,-0.821471648379816,1.24124068833994,-0.69327137628192,0.876600254466501,0.17254034875805,-0.675309473608474,1.02039017112457,-0.569919520787042,0.720629199530354,499,"Tmin","Minimum temperature","Thermal","Retained process","ga",72,"-80:-1","Sowing day + cultivar"
-74,0.263858480551049,-0.693461508565821,1.22117846966792,-0.576523764995063,0.9248679195506,0.216910872042263,-0.570075823360369,1.00389756744489,-0.47394448856448,0.760308732676192,499,"Tmin","Minimum temperature","Thermal","Retained process","ga",72,"-80:-1","Sowing day + cultivar"
-73,0.312357062195234,-0.582518700062446,1.20723282445291,-0.466520354274443,0.914925908948433,0.256780235404331,-0.478872761442376,0.992433232251037,-0.383513679984058,0.752135676479304,499,"Tmin","Minimum temperature","Thermal","Retained process","ga",72,"-80:-1","Sowing day + cultivar"
-72,0.355551729180673,-0.487909477819097,1.19901293618044,-0.367456650729469,0.915313364299053,0.292289394950082,-0.401097096028148,0.985675885928313,-0.302076106786485,0.752454192972709,499,"Tmin","Minimum temperature","Thermal","Retained process","ga",72,"-80:-1","Sowing day + cultivar"
-71,0.393613945775423,-0.408657146137025,1.19588503768787,-0.277003956355366,0.92094856149983,0.323579306785345,-0.33594591217899,0.98310452574968,-0.22771740975206,0.757086735146066,499,"Tmin","Minimum temperature","Thermal","Retained process","ga",72,"-80:-1","Sowing day + cultivar"
-70,0.426715176247541,-0.343544531366356,1.19697488386144,-0.190980072366198,0.929563606554969,0.350790927015948,-0.28241860458076,0.984000458612655,-0.156999517139385,0.764168929099775,499,"Tmin","Minimum temperature","Thermal","Retained process","ga",72,"-80:-1","Sowing day + cultivar"
-69,0.455026884865082,-0.29115561560084,1.20120938533101,-0.147938776315922,0.938723414759559,0.374065211747718,-0.23935110347064,0.987481526966076,-0.121616439663168,0.771698958004847,499,"Tmin","Minimum temperature","Thermal","Retained process","ga",72,"-80:-1","Sowing day + cultivar"
-68,0.478720535896104,-0.249950275935939,1.20739134772815,-0.079293971169925,0.963724989665263,0.393543117086483,-0.20547731574608,0.992563549919046,-0.0651854145382862,0.792252071946458,499,"Tmin","Minimum temperature","Thermal","Retained process","ga",72,"-80:-1","Sowing day + cultivar"
-67,0.497967593608661,-0.218355171224453,1.21429035844178,-0.0111342499136757,0.956176689263109,0.409365599138073,-0.17950384049176,0.998235038767906,-0.00915316367041921,0.786046819724703,499,"Tmin","Minimum temperature","Thermal","Retained process","ga",72,"-80:-1","Sowing day + cultivar"
-66,0.51293952227081,-0.194850453459461,1.22072949800108,0.06781240845746,0.94759765179495,0.421673614008313,-0.160181252046379,1.003528480063,0.055746734473247,0.77899422662777,499,"Tmin","Minimum temperature","Thermal","Retained process","ga",72,"-80:-1","Sowing day + cultivar"
-65,0.523807786150608,-0.178036919506809,1.22565249180803,0.0522496932220649,0.966273751551304,0.430608117803033,-0.146359303613395,1.00757553921946,0.042953050048153,0.794347339690646,499,"Tmin","Minimum temperature","Thermal","Retained process","ga",72,"-80:-1","Sowing day + cultivar"
-64,0.530743849516111,-0.166677242221148,1.22816494125337,0.0546358324111654,0.991324840769419,0.436310066628061,-0.137020822238813,1.00964095549493,0.0449146301013734,0.814941158000225,499,"Tmin","Minimum temperature","Thermal","Retained process","ga",72,"-80:-1","Sowing day + cultivar"
-63,0.533919176635375,-0.159712937143211,1.22755129041396,0.0786458565203729,1.00630506104373,0.438920416589224,-0.13129565667101,1.00913648984946,0.0646526171329342,0.827255989179046,499,"Tmin","Minimum temperature","Thermal","Retained process","ga",72,"-80:-1","Sowing day + cultivar"
-62,0.533505231776457,-0.156263115100972,1.22327357865389,0.0712181377219528,1.00629675066935,0.438580123792351,-0.128459651908116,1.00561989949282,0.058546491764194,0.827249157446556,499,"Tmin","Minimum temperature","Thermal","Retained process","ga",72,"-80:-1","Sowing day + cultivar"
-61,0.529673479207412,-0.155611991640354,1.21495895005518,0.0750090108598556,1.00934342844454,0.435430144343269,-0.127924381041116,0.998784669727654,0.0616628653460733,0.829753748285058,499,"Tmin","Minimum temperature","Thermal","Retained process","ga",72,"-80:-1","Sowing day + cultivar"
-60,0.522595383196296,-0.157191003824699,1.20238177021729,0.0683270435991609,1.00423380033139,0.429611434347807,-0.12922244396165,0.988445312657264,0.0561698020098174,0.825553262147487,499,"Tmin","Minimum temperature","Thermal","Retained process","ga",72,"-80:-1","Sowing day + cultivar"
-59,0.512442408011167,-0.160559598853319,1.18544441487565,0.0712371254976768,0.982267660416365,0.421264949911792,-0.131991674208445,0.974521574032029,0.058562101097583,0.807495496657364,499,"Tmin","Minimum temperature","Thermal","Retained process","ga",72,"-80:-1","Sowing day + cultivar"
-58,0.499386017920081,-0.165387112707425,1.16415914854759,0.0755439132440297,0.983759601978373,0.410531647141053,-0.135960241895575,0.957023536177681,0.0621025940308075,0.808721981190192,499,"Tmin","Minimum temperature","Thermal","Retained process","ga",72,"-80:-1","Sowing day + cultivar"
-57,0.483597677191092,-0.171436943217806,1.13863229759999,0.0556191524053685,0.963392724719142,0.397552482141417,-0.140933642822368,0.936038607105202,0.045722990692982,0.791978925981766,499,"Tmin","Minimum temperature","Thermal","Retained process","ga",72,"-80:-1","Sowing day + cultivar"
-56,0.465248850092259,-0.178553443280478,1.109051143465,0.0385609417814001,0.937802126987107,0.382468411018713,-0.146783923742879,0.911720745780306,0.0316999002310111,0.770941592413613,499,"Tmin","Minimum temperature","Thermal","Retained process","ga",72,"-80:-1","Sowing day + cultivar"
-55,0.444511000891637,-0.186651509637542,1.07567351142082,0.0150573175825587,0.894807010078084,0.365420389878769,-0.153441123586138,0.884281903343676,0.0123782107765841,0.735596477551971,499,"Tmin","Minimum temperature","Thermal","Retained process","ga",72,"-80:-1","Sowing day + cultivar"
-54,0.421555593857282,-0.195708600192613,1.03881978790718,0.0235728483907275,0.872178857885905,0.346549374827412,-0.160886711108522,0.853985460763346,0.0193785967776143,0.716994489795276,499,"Tmin","Minimum temperature","Thermal","Retained process","ga",72,"-80:-1","Sowing day + cultivar"
-53,0.396554093257251,-0.205758779202506,0.998866965717008,0.013043016515404,0.831785364761701,0.325996321970471,-0.169148689607997,0.821141333548938,0.0107223087183304,0.683788099005389,499,"Tmin","Minimum temperature","Thermal","Retained process","ga",72,"-80:-1","Sowing day + cultivar"
-52,0.369677963359599,-0.216888292456889,0.956244219176087,-0.000191882130430702,0.78901776670275,0.303902187413773,-0.17829795939979,0.786102334227335,-0.000157741074511336,0.648630021195093,499,"Tmin","Minimum temperature","Thermal","Retained process","ga",72,"-80:-1","Sowing day + cultivar"
-51,0.341098668432384,-0.229232063248256,0.911429400113023,-0.0171747974539368,0.744217742018623,0.280407927263147,-0.188445437248723,0.749261291775017,-0.0141189333202497,0.61180114079885,499,"Tmin","Minimum temperature","Thermal","Retained process","ga",72,"-80:-1","Sowing day + cultivar"
-50,0.310987672743661,-0.242970342192709,0.864945687680031,-0.0420313025246649,0.694153606880231,0.25565449762442,-0.199739302278105,0.711048297526945,-0.0345527893007529,0.570644778538934,499,"Tmin","Minimum temperature","Thermal","Retained process","ga",72,"-80:-1","Sowing day + cultivar"
-49,0.279516440561486,-0.258324528276465,0.817357409399437,-0.0527119069064095,0.647250591223195,0.229782854603421,-0.212361560565848,0.671927269772689,-0.0433330233320575,0.532087086527927,499,"Tmin","Minimum temperature","Thermal","Retained process","ga",72,"-80:-1","Sowing day + cultivar"
-48,0.246856436153917,-0.275550926834883,0.769263799142716,-0.0727832057471451,0.59935426119831,0.202933954305977,-0.226522913749002,0.632390822360957,-0.059833091571185,0.492712817822882,499,"Tmin","Minimum temperature","Thermal","Retained process","ga",72,"-80:-1","Sowing day + cultivar"
-47,0.213179123789008,-0.294931000562417,0.721289248140433,-0.101266835502189,0.562040466772154,0.175248752837918,-0.242454744644502,0.592952250320337,-0.0832487079887148,0.46203816347302,499,"Tmin","Minimum temperature","Thermal","Retained process","ga",72,"-80:-1","Sowing day + cultivar"
-46,0.178655967734817,-0.316756659825228,0.674068595294863,-0.126249029030118,0.5185004726286,0.146868206305069,-0.260397024815701,0.554133437425839,-0.103785889027408,0.426245119873779,499,"Tmin","Minimum temperature","Thermal","Retained process","ga",72,"-80:-1","Sowing day + cultivar"
-45,0.1434584322594,-0.341309563344329,0.628226427863129,-0.146825488591674,0.475964265149685,0.117933270813261,-0.280581298227626,0.516447839854148,-0.120701236139687,0.391277261958608,499,"Tmin","Minimum temperature","Thermal","Retained process","ga",72,"-80:-1","Sowing day + cultivar"
-44,0.107757981630812,-0.36883449572762,0.584350458989245,-0.169024280727172,0.434231960694228,0.0885849024683194,-0.303208795640994,0.480378600577633,-0.138950258685181,0.356970270828887,499,"Tmin","Minimum temperature","Thermal","Retained process","ga",72,"-80:-1","Sowing day + cultivar"
-43,0.0717260801171108,-0.399508704499613,0.542960864733835,-0.197322301906173,0.396579787159641,0.0589640573760738,-0.328425227419287,0.446353342171434,-0.162213291346434,0.326017444227986,499,"Tmin","Minimum temperature","Thermal","Retained process","ga",72,"-80:-1","Sowing day + cultivar"
-42,0.0355341919863519,-0.433411233915832,0.504479617888536,-0.225620032469886,0.367441554040442,0.029211691642352,-0.356295573692609,0.414718956977313,-0.185476085100771,0.302063696209515,499,"Tmin","Minimum temperature","Thermal","Retained process","ga",72,"-80:-1","Sowing day + cultivar"
-41,-0.000646218493408526,-0.470497879637076,0.469205442650259,-0.253584666843929,0.353168441673256,-0.000531238627018325,-0.386783495277382,0.385721018023345,-0.20846504954773,0.290330159186723,499,"Tmin","Minimum temperature","Thermal","Retained process","ga",72,"-80:-1","Sowing day + cultivar"
-40,-0.036643687054114,-0.510587320164538,0.43729994605631,-0.299791621470284,0.316791782833336,-0.0301237773262089,-0.419739932706785,0.359492378054367,-0.246450528739031,0.260425898484273,499,"Tmin","Minimum temperature","Thermal","Retained process","ga",72,"-80:-1","Sowing day + cultivar"
-39,-0.0722867494277084,-0.55336175453391,0.408788255678493,-0.33727478119165,0.296799571162474,-0.059424968349392,-0.454903630461726,0.336053693762942,-0.277264413686299,0.243990845653969,499,"Tmin","Minimum temperature","Thermal","Retained process","ga",72,"-80:-1","Sowing day + cultivar"
-38,-0.107403941346135,-0.59838168460918,0.383573801916909,-0.377965017508684,0.281418529151835,-0.0882938555907394,-0.491913289092043,0.315325577910564,-0.310714748974748,0.231346509840018,499,"Tmin","Minimum temperature","Thermal","Retained process","ga",72,"-80:-1","Sowing day + cultivar"
-37,-0.141823798541339,-0.645110964280863,0.361463367198186,-0.422943346625685,0.267916283832603,-0.116589482944423,-0.530328157480291,0.297149191591444,-0.347690208590059,0.220246681626778,499,"Tmin","Minimum temperature","Thermal","Retained process","ga",72,"-80:-1","Sowing day + cultivar"
-36,-0.175374856745262,-0.692946412584684,0.342196699094159,-0.469624248080352,0.236654235038697,-0.144170894304616,-0.569652376980247,0.281310588371016,-0.386065306563428,0.194547002573248,499,"Tmin","Minimum temperature","Thermal","Retained process","ga",72,"-80:-1","Sowing day + cultivar"
-35,-0.20788565168985,-0.741246589518051,0.325475286138352,-0.505788370805883,0.21147067490436,-0.170897133565488,-0.609358637232076,0.2675643701011,-0.415794847113559,0.173844283530602,499,"Tmin","Minimum temperature","Thermal","Retained process","ga",72,"-80:-1","Sowing day + cultivar"
-34,-0.239184719107045,-0.789356081659222,0.310986643445132,-0.543741804276329,0.189736580123011,-0.196627244621213,-0.648908140708553,0.255653651466127,-0.446995331304476,0.15597727602633,499,"Tmin","Minimum temperature","Thermal","Retained process","ga",72,"-80:-1","Sowing day + cultivar"
-33,-0.269100594728791,-0.836623748721313,0.298422559263731,-0.591553403444355,0.168702812075076,-0.221220271365962,-0.687765602710264,0.24532505997834,-0.486299945079303,0.138685988059827,499,"Tmin","Minimum temperature","Thermal","Retained process","ga",72,"-80:-1","Sowing day + cultivar"
-32,-0.297461814287032,-0.882415039924895,0.28749141135083,-0.64415121821643,0.153085967696459,-0.244535257693908,-0.725409376320143,0.236338860932327,-0.529539176374432,0.125847805540016,499,"Tmin","Minimum temperature","Thermal","Retained process","ga",72,"-80:-1","Sowing day + cultivar"
-31,-0.324096913513713,-0.926119423317556,0.27792559629013,-0.700095179212055,0.133266485535897,-0.266431247499222,-0.761337559844786,0.228475064846341,-0.575529183364984,0.109554748936736,499,"Tmin","Minimum temperature","Thermal","Retained process","ga",72,"-80:-1","Sowing day + cultivar"
-30,-0.348834428140775,-0.967154284449465,0.269485428167915,-0.728346764253208,0.114687369413462,-0.286767284676076,-0.795071201809473,0.221536632457321,-0.59875404214176,0.0942813634784586,499,"Tmin","Minimum temperature","Thermal","Retained process","ga",72,"-80:-1","Sowing day + cultivar"
-29,-0.371502893900165,-1.00496658408029,0.261960796279962,-0.768545910995848,0.0958626366365233,-0.305402413118643,-0.826155663713887,0.215350837476601,-0.631800666063381,0.0788060632566094,499,"Tmin","Minimum temperature","Thermal","Retained process","ga",72,"-80:-1","Sowing day + cultivar"
-28,-0.391930846523824,-1.03903333647837,0.255171643430718,-0.814374522864742,0.0705135060643653,-0.322195676721094,-0.854161013228832,0.209769659786644,-0.669475119975978,0.057967233265484,499,"Tmin","Minimum temperature","Thermal","Retained process","ga",72,"-80:-1","Sowing day + cultivar"
-27,-0.409946821743697,-1.0688617213115,0.248968077824107,-0.842466293331174,0.0519306137754724,-0.337006119377601,-0.878682116178622,0.20466987742342,-0.692568599542597,0.0426907435235849,499,"Tmin","Minimum temperature","Thermal","Retained process","ga",72,"-80:-1","Sowing day + cultivar"
-26,-0.425379355291728,-1.09398944310807,0.243230732524611,-0.862948249460299,0.041319273383145,-0.349692784982337,-0.899338932044254,0.19995336207958,-0.709406257956386,0.0339674495319343,499,"Tmin","Minimum temperature","Thermal","Retained process","ga",72,"-80:-1","Sowing day + cultivar"
-25,-0.43805698289986,-1.1139858280612,0.237871862261479,-0.87698654426018,0.0240736677792896,-0.360114717429473,-0.915777415616274,0.195547980757328,-0.720946757851137,0.0197903067597297,499,"Tmin","Minimum temperature","Thermal","Retained process","ga",72,"-80:-1","Sowing day + cultivar"
-24,-0.447808240300037,-1.12845410302972,0.232837622429642,-0.885243190309391,0.0259223537334938,-0.368130960613181,-0.927671390499379,0.191409469273016,-0.727734321741213,0.0213100611432964,499,"Tmin","Minimum temperature","Thermal","Retained process","ga",72,"-80:-1","Sowing day + cultivar"
-23,-0.454461663224203,-1.13703533536626,0.228112008917855,-0.896416065324475,0.0294926655803992,-0.373600558427634,-0.934725787937846,0.187524671082578,-0.736919238055745,0.0242451172936908,499,"Tmin","Minimum temperature","Thermal","Retained process","ga",72,"-80:-1","Sowing day + cultivar"
-22,-0.457845787404302,-1.13941462772585,0.223723052917245,-0.904095802215726,0.033045440879729,-0.376382554767003,-0.936681739398962,0.183916629864955,-0.743232540636195,0.0271657571258403,499,"Tmin","Minimum temperature","Thermal","Retained process","ga",72,"-80:-1","Sowing day + cultivar"
-21,-0.457789148572277,-1.13533037006285,0.219752072918299,-0.904773191784951,0.0265031182372676,-0.37633599352546,-0.933324182387811,0.18065219533689,-0.743789404155859,0.0217874918277364,499,"Tmin","Minimum temperature","Thermal","Retained process","ga",72,"-80:-1","Sowing day + cultivar"
-20,-0.454120282460072,-1.12458767075308,0.216347105832938,-0.891693173566655,0.0100426321094025,-0.373319918597178,-0.92449290180701,0.177853064612654,-0.733036677345131,0.00825577439808182,499,"Tmin","Minimum temperature","Thermal","Retained process","ga",72,"-80:-1","Sowing day + cultivar"
-19,-0.44666772479963,-1.10707754298718,0.213742093387922,-0.880666541637124,-0.000392130412886326,-0.367193373876328,-0.910098302568281,0.175711554815624,-0.723971983489059,-0.000322359734793551,499,"Tmin","Minimum temperature","Thermal","Retained process","ga",72,"-80:-1","Sowing day + cultivar"
-18,-0.435260011322897,-1.08280402018284,0.212283997537046,-0.864159194514036,0.00121931067951028,-0.357815403257082,-0.89014370043447,0.174512893920305,-0.710401742911248,0.00100236210801589,499,"Tmin","Minimum temperature","Thermal","Retained process","ga",72,"-80:-1","Sowing day + cultivar"
-17,-0.419725677761815,-1.051922060241,0.212470704717368,-0.837000056093952,0.00268128617878461,-0.345045050633613,-0.864756482076471,0.174666380809245,-0.688074954754529,0.0022042123566406,499,"Tmin","Minimum temperature","Thermal","Retained process","ga",72,"-80:-1","Sowing day + cultivar"
-16,-0.399893259848327,-1.01478962894692,0.215003109250269,-0.822377018326448,0.00397633672504807,-0.328741359900092,-0.834230921419009,0.176748201618825,-0.676053753588541,0.00326883814673139,499,"Tmin","Minimum temperature","Thermal","Retained process","ga",72,"-80:-1","Sowing day + cultivar"
-15,-0.375591293314379,-0.972037014175574,0.220854427546817,-0.817209348959736,0.00508700295841208,-0.308763374950691,-0.799085160961459,0.181558411060077,-0.67180555331687,0.00418188661393907,499,"Tmin","Minimum temperature","Thermal","Retained process","ga",72,"-80:-1","Sowing day + cultivar"
-14,-0.346648313891913,-0.924653504280579,0.231356876496753,-0.784257468949329,0.019134047070933,-0.284970139679583,-0.760132467721197,0.190192188362032,-0.644716710034054,0.0157295790803692,499,"Tmin","Minimum temperature","Thermal","Retained process","ga",72,"-80:-1","Sowing day + cultivar"
-13,-0.312892857312874,-0.874082694855674,0.248296980229927,-0.734603611117123,0.0359835489291395,-0.257220697980938,-0.718559582326987,0.20411818636511,-0.603897625575775,0.0295810957491093,499,"Tmin","Minimum temperature","Thermal","Retained process","ga",72,"-80:-1","Sowing day + cultivar"
-12,-0.274153459309204,-0.822298154160585,0.273991235542177,-0.705115285503133,0.0493332317615271,-0.22537409374893,-0.675988921505242,0.225240734007381,-0.579656076050293,0.0405555064961635,499,"Tmin","Minimum temperature","Thermal","Retained process","ga",72,"-80:-1","Sowing day + cultivar"
-11,-0.230258655612848,-0.771799913020886,0.311282601795189,-0.656016430612568,0.0758683705453741,-0.189289370877731,-0.634475692522278,0.255896950766817,-0.539293244397707,0.062369321543329,499,"Tmin","Minimum temperature","Thermal","Retained process","ga",72,"-80:-1","Sowing day + cultivar"
-10,-0.18103698195575,-0.725446648518333,0.363372684606833,-0.61587805564138,0.112125886403916,-0.148825573261511,-0.596369935965747,0.298718789442725,-0.506296579294592,0.0921756380450297,499,"Tmin","Minimum temperature","Thermal","Retained process","ga",72,"-80:-1","Sowing day + cultivar"
-9,-0.126316974069853,-0.686069329688869,0.433435381549162,-0.575467066043898,0.199672283829093,-0.103841744794444,-0.563998914393322,0.356315424804434,-0.473075805130448,0.164145147495683,499,"Tmin","Minimum temperature","Thermal","Retained process","ga",72,"-80:-1","Sowing day + cultivar"
-8,-0.0659271676871018,-0.655946626535824,0.524092291161621,-0.542511330837495,0.272764610545221,-0.0541969293707011,-0.539235860366969,0.430842001625567,-0.44598379259598,0.224232358998161,499,"Tmin","Minimum temperature","Thermal","Retained process","ga",72,"-80:-1","Sowing day + cultivar"
-7,0.000303901460561196,-0.636385854907402,0.636993657828524,-0.522329648375776,0.366909647641444,0.000249829115545493,-0.52315548264752,0.523655140878611,-0.429392980987768,0.301626430442614,499,"Tmin","Minimum temperature","Thermal","Retained process","ga",72,"-80:-1","Sowing day + cultivar"
-6,0.0725476976411915,-0.627641294135446,0.772736689417829,-0.504095058860684,0.481867845611724,0.0596394867701238,-0.515966817349705,0.635245790889952,-0.414402821471989,0.39613043470302,499,"Tmin","Minimum temperature","Thermal","Retained process","ga",72,"-80:-1","Sowing day + cultivar"
-5,0.150975685122846,-0.629168174311857,0.931119544557549,-0.465334770311359,0.61559533282396,0.124112999698862,-0.517222023966062,0.765448023363786,-0.382539043691243,0.506064160564883,499,"Tmin","Minimum temperature","Thermal","Retained process","ga",72,"-80:-1","Sowing day + cultivar"
-4,0.23575932817358,-0.640006253079598,1.11152490942676,-0.427459906010578,0.77655559515818,0.193811324007588,-0.526131713402094,0.91375436141727,-0.351403149075284,0.638385209310982,499,"Tmin","Minimum temperature","Thermal","Retained process","ga",72,"-80:-1","Sowing day + cultivar"
-3,0.32707009106145,-0.659097557634434,1.31323773975733,-0.404569723281973,0.919602173306299,0.268875415802129,-0.541826155023852,1.07957698662811,-0.332585753149638,0.755979906074072,499,"Tmin","Minimum temperature","Thermal","Retained process","ga",72,"-80:-1","Sowing day + cultivar"
-2,0.425079438054513,-0.685470125088707,1.53562900119773,-0.388108182214526,1.09115526540904,0.349446231188315,-0.563506324607762,1.26239878698439,-0.319053168482879,0.897009031732033,499,"Tmin","Minimum temperature","Thermal","Retained process","ga",72,"-80:-1","Sowing day + cultivar"
-1,0.529958833420824,-0.718311222590538,1.77822888943219,-0.364151897757426,1.27170251769171,0.435664726271972,-0.590504096606866,1.46183354915081,-0.299359359355994,1.04543201156455,499,"Tmin","Minimum temperature","Thermal","Retained process","ga",72,"-80:-1","Sowing day + cultivar"
-80,-0.344619877734876,-1.10711573024519,0.417875974775441,-0.824475044399499,0.219714969087306,-0.334212031820402,-1.07367978915666,0.405255725515851,-0.79957511907064,0.213079369427778,499,"LogRain","Log rainfall amount","Rainfall","Retained process","ga",72,"-80:-1","Cycle duration + cultivar"
-79,-0.302338476779507,-0.993142028142549,0.388465074583535,-0.760025889547313,0.20246938378395,-0.293207569122583,-0.96314820054318,0.376733062298015,-0.737072389588425,0.196354617094714,499,"LogRain","Log rainfall amount","Rainfall","Retained process","ga",72,"-80:-1","Cycle duration + cultivar"
-78,-0.261239549854602,-0.889231513595524,0.36675241388632,-0.701680172725246,0.180253932409814,-0.253349868622271,-0.86237588171315,0.355676144468609,-0.680488768541115,0.174810093341881,499,"LogRain","Log rainfall amount","Rainfall","Retained process","ga",72,"-80:-1","Cycle duration + cultivar"
-77,-0.221317495317596,-0.795390815552683,0.352755824917491,-0.647291195778412,0.163542439627788,-0.2146334978518,-0.771369261414623,0.342102265711023,-0.627742390086362,0.158603303431377,499,"LogRain","Log rainfall amount","Rainfall","Retained process","ga",72,"-80:-1","Cycle duration + cultivar"
-76,-0.182566711525924,-0.711518070833795,0.346384647781947,-0.589280240753618,0.170772549078462,-0.177053024343504,-0.690029552831653,0.335923504144646,-0.571483420713753,0.165615056745423,499,"LogRain","Log rainfall amount","Rainfall","Retained process","ga",72,"-80:-1","Cycle duration + cultivar"
-75,-0.144981596837021,-0.637337984004121,0.347374790330079,-0.538066734868959,0.172858851220001,-0.140603015629715,-0.618089774711738,0.336883743452308,-0.521816611094821,0.167638350591088,499,"LogRain","Log rainfall amount","Rainfall","Retained process","ga",72,"-80:-1","Cycle duration + cultivar"
-74,-0.108556549608322,-0.572343898775549,0.355230799558904,-0.492726701629455,0.175155643014299,-0.105278039242767,-0.55505857226537,0.344502493779837,-0.477845889697732,0.169865777103123,499,"LogRain","Log rainfall amount","Rainfall","Retained process","ga",72,"-80:-1","Cycle duration + cultivar"
-73,-0.0732859681972633,-0.515770706795486,0.369198770400959,-0.445707982358247,0.191316412110681,-0.0710726627149924,-0.500193944135102,0.358048618705117,-0.432247180173167,0.185538475703629,499,"LogRain","Log rainfall amount","Rainfall","Retained process","ga",72,"-80:-1","Cycle duration + cultivar"
-72,-0.0391642509612789,-0.466618127481744,0.388289625559187,-0.398789059626873,0.217700023731783,-0.0379814535787252,-0.452525819157422,0.376562911999971,-0.386745253238643,0.211125277325771,499,"LogRain","Log rainfall amount","Rainfall","Retained process","ga",72,"-80:-1","Cycle duration + cultivar"
-71,-0.00618579625780427,-0.423725466963965,0.411353874448356,-0.363697497912195,0.225350966849801,-0.00599897936629842,-0.410928557513512,0.398930598780915,-0.352713489843276,0.218545154732791,499,"LogRain","Log rainfall amount","Rainfall","Retained process","ga",72,"-80:-1","Cycle duration + cultivar"
-70,0.0256549975557252,-0.385876637121827,0.437186632233277,-0.331122432821798,0.240624239526983,0.0248801923899547,-0.374222798093281,0.423983182873191,-0.321122222496478,0.233357160144491,499,"LogRain","Log rainfall amount","Rainfall","Retained process","ga",72,"-80:-1","Cycle duration + cultivar"
-69,0.0563637321218746,-0.351903711381907,0.464631175625656,-0.293416819791903,0.267316380946461,0.0546614941577011,-0.341275886809315,0.450598875124717,-0.284555354605445,0.259243173673589,499,"LogRain","Log rainfall amount","Rainfall","Retained process","ga",72,"-80:-1","Cycle duration + cultivar"
-68,0.0859460090832087,-0.320764236613253,0.49265625477967,-0.25863034732841,0.292023872102873,0.0833503584046075,-0.311076853600156,0.477777570409371,-0.25081946647762,0.283204475252721,499,"LogRain","Log rainfall amount","Rainfall","Retained process","ga",72,"-80:-1","Cycle duration + cultivar"
-67,0.114407430082292,-0.291583505529476,0.52039836569406,-0.234262694601076,0.314878565092531,0.110952217598341,-0.282777408165912,0.504681843362593,-0.227187739885918,0.305368934920313,499,"LogRain","Log rainfall amount","Rainfall","Retained process","ga",72,"-80:-1","Cycle duration + cultivar"
-66,0.14175359676169,-0.263666408197956,0.547173601721336,-0.198028726267019,0.335099462656216,0.137472504206567,-0.255703433550689,0.530648441963823,-0.192048071630457,0.324979142272283,499,"LogRain","Log rainfall amount","Rainfall","Retained process","ga",72,"-80:-1","Cycle duration + cultivar"
-65,0.167990110763967,-0.236489269559932,0.572469491087865,-0.168989426158399,0.357845259532308,0.162916650696954,-0.229347070177284,0.555180371571192,-0.163885785822292,0.347037994591826,499,"LogRain","Log rainfall amount","Rainfall","Retained process","ga",72,"-80:-1","Cycle duration + cultivar"
-64,0.193122573731688,-0.209681765387203,0.595926912850579,-0.13474686778481,0.377660292134714,0.187290089537168,-0.203349177959081,0.577929357033417,-0.130677385064951,0.366254594487821,499,"LogRain","Log rainfall amount","Rainfall","Retained process","ga",72,"-80:-1","Cycle duration + cultivar"
-63,0.217156587307417,-0.183006093658644,0.617319268273479,-0.107929670423827,0.395558479769026,0.210598253194876,-0.177479136720675,0.598675643110427,-0.104670092401936,0.383612239944849,499,"LogRain","Log rainfall amount","Rainfall","Retained process","ga",72,"-80:-1","Cycle duration + cultivar"
-62,0.240097753133721,-0.156337523190112,0.636533029457554,-0.0845832196067152,0.414879330498034,0.232846574137744,-0.151615982277533,0.617309130553022,-0.0820287264579072,0.402349582726939,499,"LogRain","Log rainfall amount","Rainfall","Retained process","ga",72,"-80:-1","Cycle duration + cultivar"
-61,0.261951672853163,-0.129648204722119,0.653551550428444,-0.0605750365551603,0.433682556038473,0.25404048483344,-0.125732706444118,0.633813676110998,-0.0587456132181387,0.420584933090223,499,"LogRain","Log rainfall amount","Rainfall","Retained process","ga",72,"-80:-1","Cycle duration + cultivar"
-60,0.282723948108308,-0.102994769610383,0.668442665826999,-0.0398455311672303,0.452826842299153,0.27418541774963,-0.0998842302556969,0.648255065754958,-0.0386421584787635,0.439151043817752,499,"LogRain","Log rainfall amount","Rainfall","Retained process","ga",72,"-80:-1","Cycle duration + cultivar"
-59,0.302420180541721,-0.0765094964932484,0.68134985757669,-0.00909481784255635,0.471138434367544,0.293286805353981,-0.0741988374107555,0.660772448118718,-0.00882014575066281,0.456909608504353,499,"LogRain","Log rainfall amount","Rainfall","Retained process","ga",72,"-80:-1","Cycle duration + cultivar"
-58,0.321045971795967,-0.050394409307098,0.692486352899032,0.005443023074826,0.489158346530808,0.31135008011416,-0.0488724505319205,0.671572610760241,0.0052786386352398,0.47438530229455,499,"LogRain","Log rainfall amount","Rainfall","Retained process","ga",72,"-80:-1","Cycle duration + cultivar"
-57,0.338606923513611,-0.0249173583427058,0.702131205369927,0.014806761088566,0.498507292236506,0.328380674497833,-0.0241648305781114,0.680926179573778,0.0143595829138329,0.483451901006779,499,"LogRain","Log rainfall amount","Rainfall","Retained process","ga",72,"-80:-1","Cycle duration + cultivar"
-56,0.355108637337217,-0.00040878258990118,0.710626057264336,0.0250210043436817,0.515706683931981,0.344384020972668,-0.000396436969456488,0.689164478914792,0.0242653463719302,0.500131854822566,499,"LogRain","Log rainfall amount","Rainfall","Retained process","ga",72,"-80:-1","Cycle duration + cultivar"
-55,0.370556714909351,0.0227426116160498,0.718370818202653,0.0521035994307445,0.532683403184307,0.359365552006331,0.0220557632573644,0.696675340755297,0.0505300214989404,0.516595861113373,499,"LogRain","Log rainfall amount","Rainfall","Retained process","ga",72,"-80:-1","Cycle duration + cultivar"
-54,0.384956757872578,0.0440975494802943,0.725815966264861,0.072490458453871,0.546044081191242,0.373330700066488,0.0427657618213425,0.703895638311634,0.0703011781174713,0.529553034020942,499,"LogRain","Log rainfall amount","Rainfall","Retained process","ga",72,"-80:-1","Cycle duration + cultivar"
-53,0.398314367869461,0.0631799285156129,0.733448807223309,0.107260266590208,0.560060780119475,0.386284897620807,0.0612718349802079,0.711297960261407,0.104020905196565,0.543146415398158,499,"LogRain","Log rainfall amount","Rainfall","Retained process","ga",72,"-80:-1","Cycle duration + cultivar"
-52,0.410635146542566,0.0794990188243931,0.741771274260739,0.142626310438966,0.573383520532138,0.398233577136955,0.077098073342912,0.719369080930998,0.138318861106224,0.556066796462646,499,"LogRain","Log rainfall amount","Rainfall","Retained process","ga",72,"-80:-1","Cycle duration + cultivar"
-51,0.421924695534458,0.0925810722663489,0.751268318802568,0.156973881900684,0.589422936495632,0.409182171082598,0.0897850364106162,0.728579305754579,0.152233122353796,0.571621806909536,499,"LogRain","Log rainfall amount","Rainfall","Retained process","ga",72,"-80:-1","Cycle duration + cultivar"
-50,0.432188616487702,0.102008260013106,0.762368972962298,0.162498805777798,0.604634261724321,0.419136111925402,0.0989275141803406,0.739344709670464,0.157591188309712,0.586373735744216,499,"LogRain","Log rainfall amount","Rainfall","Retained process","ga",72,"-80:-1","Cycle duration + cultivar"
-49,0.441432511044862,0.107458885389038,0.775406136700686,0.173179714678497,0.624157845729871,0.428100832133036,0.10421352552001,0.751988138746062,0.167949523669977,0.605307689066349,499,"LogRain","Log rainfall amount","Rainfall","Retained process","ga",72,"-80:-1","Cycle duration + cultivar"
-48,0.449661980848503,0.108739855661425,0.790584106035582,0.188508439550539,0.639388549555502,0.436081764173165,0.105455809279873,0.766707719066457,0.182815306567858,0.620078411246034,499,"LogRain","Log rainfall amount","Rainfall","Retained process","ga",72,"-80:-1","Cycle duration + cultivar"
-47,0.456882627541191,0.105802837705819,0.807962417376562,0.191496842247922,0.65513615170611,0.443084340513456,0.102607492041506,0.783561188985406,0.185713456680251,0.635350420932901,499,"LogRain","Log rainfall amount","Rainfall","Retained process","ga",72,"-80:-1","Cycle duration + cultivar"
-46,0.463100052765489,0.0987401215614749,0.827459983969503,0.188245954150716,0.676424911215254,0.449113993621577,0.0957580765977806,0.802469910645373,0.182560748475114,0.65599623979063,499,"LogRain","Log rainfall amount","Rainfall","Retained process","ga",72,"-80:-1","Cycle duration + cultivar"
-45,0.468319858163963,0.0877628023648728,0.848876913963053,0.179387521685516,0.687421483880143,0.454176155965193,0.0851122828126063,0.823240029117779,0.173969849040067,0.666660705571158,499,"LogRain","Log rainfall amount","Rainfall","Retained process","ga",72,"-80:-1","Cycle duration + cultivar"
-44,0.472547645379178,0.0731688005304443,0.871926490227911,0.180113971918652,0.696777712628778,0.458276260011972,0.0709590336224148,0.845593486401529,0.174674359789791,0.675734367371547,499,"LogRain","Log rainfall amount","Rainfall","Retained process","ga",72,"-80:-1","Cycle duration + cultivar"
-43,0.475789016053698,0.0553092652743071,0.896268766833089,0.176129129086138,0.711449636641598,0.46141973822958,0.053638873205221,0.869200603253939,0.170809862975815,0.689963185416719,499,"LogRain","Log rainfall amount","Rainfall","Retained process","ga",72,"-80:-1","Cycle duration + cultivar"
-42,0.478049571830088,0.0345596356079243,0.921539508052252,0.159313943264167,0.739740179012278,0.463612023085685,0.0335159019596164,0.893708144211753,0.154502511653143,0.717399326678078,499,"LogRain","Log rainfall amount","Rainfall","Retained process","ga",72,"-80:-1","Cycle duration + cultivar"
-41,0.479334914350914,0.0112982119244923,0.947371616777335,0.13988488906296,0.756519260033093,0.464858547047952,0.0109569952494935,0.918760098846411,0.135660233245948,0.733671663598701,499,"LogRain","Log rainfall amount","Rainfall","Retained process","ga",72,"-80:-1","Cycle duration + cultivar"
-40,0.479650645258739,-0.0141076841269157,0.973408974644393,0.128249517411763,0.777128194799464,0.465164742584049,-0.0136816187369327,0.944011103905031,0.124376260812055,0.753658189063206,499,"LogRain","Log rainfall amount","Rainfall","Retained process","ga",72,"-80:-1","Cycle duration + cultivar"
-39,0.479002366196129,-0.0413093721932842,0.999314104585542,0.10807718761104,0.794249198799605,0.464536042161643,-0.0400617901227511,0.969133874446037,0.104813154430717,0.770262122566121,499,"LogRain","Log rainfall amount","Rainfall","Retained process","ga",72,"-80:-1","Cycle duration + cultivar"
-38,0.477395678805648,-0.0699801190506203,1.02477147666192,0.085796135360295,0.824990067023479,0.4629778782484,-0.0678666533360404,0.99382240983284,0.0832050110097309,0.800074587524768,499,"LogRain","Log rainfall amount","Rainfall","Retained process","ga",72,"-80:-1","Cycle duration + cultivar"
-37,0.474836184729862,-0.0998157161229641,1.04948808558269,0.0654407237624404,0.845862730332922,0.460495683311987,-0.0968011871872598,1.01779255381123,0.0634643520745161,0.820316876681167,499,"LogRain","Log rainfall amount","Rainfall","Retained process","ga",72,"-80:-1","Cycle duration + cultivar"
-36,0.471329485611336,-0.1305335520398,1.07319252326247,0.0476935436071031,0.871415394878572,0.457094889820071,-0.126591315436303,1.04078109507644,0.0462531535279219,0.845097826614637,499,"LogRain","Log rainfall amount","Rainfall","Retained process","ga",72,"-80:-1","Cycle duration + cultivar"
-35,0.466881183092633,-0.161871002473716,1.09563336865898,0.039339749801553,0.886291561610936,0.452780930240319,-0.15698234525858,1.06254420573922,0.0381516521882067,0.859524719056249,499,"LogRain","Log rainfall amount","Rainfall","Retained process","ga",72,"-80:-1","Cycle duration + cultivar"
-34,0.461496878816319,-0.193583645148568,1.11657740278121,0.0311480056200465,0.896919991729743,0.447559237040397,-0.187737236161625,1.08285571024242,0.0302073064207798,0.869832160543418,499,"LogRain","Log rainfall amount","Rainfall","Retained process","ga",72,"-80:-1","Cycle duration + cultivar"
-33,0.455182174424959,-0.225443591136145,1.13580793998606,0.0205723068965772,0.907815994163976,0.441435242687972,-0.218634981678174,1.10150546705412,0.0199510037909868,0.880399093409278,499,"LogRain","Log rainfall amount","Rainfall","Retained process","ga",72,"-80:-1","Cycle duration + cultivar"
-32,0.447942671561117,-0.257238087036167,1.1531234301584,0.00127298661139388,0.926848903433373,0.434414379650711,-0.24946925376165,1.11829801306307,0.00123454121297502,0.898857190835893,499,"LogRain","Log rainfall amount","Rainfall","Retained process","ga",72,"-80:-1","Cycle duration + cultivar"
-31,0.439783971867359,-0.288768463545733,1.16833640728045,-0.0244019536067678,0.947998209184185,0.426502080396281,-0.280047383109811,1.13305154390237,-0.0236649915521682,0.919367767570551,499,"LogRain","Log rainfall amount","Rainfall","Retained process","ga",72,"-80:-1","Cycle duration + cultivar"
-30,0.430711676986249,-0.319849464852397,1.18127281882489,-0.0482462075972903,0.961316345576362,0.417703777392349,-0.310189708810781,1.14559726359548,-0.0467891265434325,0.932283683660322,499,"LogRain","Log rainfall amount","Rainfall","Retained process","ga",72,"-80:-1","Cycle duration + cultivar"
-29,0.420731388560352,-0.35030897627177,1.19177175339247,-0.0636575309350725,0.966529313821241,0.40802490310658,-0.339729314206256,1.15577912041942,-0.0617350133553472,0.937339215338841,499,"LogRain","Log rainfall amount","Rainfall","Retained process","ga",72,"-80:-1","Cycle duration + cultivar"
-28,0.409848708232233,-0.379988165518422,1.19968558198289,-0.0827853749754982,0.970845502803999,0.397470890006643,-0.368512163895899,1.16345394390918,-0.0802851784332089,0.941525051336259,499,"LogRain","Log rainfall amount","Rainfall","Retained process","ga",72,"-80:-1","Cycle duration + cultivar"
-27,0.398069237644456,-0.408742060508808,1.20488053579772,-0.106493074173595,0.97296782120458,0.386047170560204,-0.396397664090058,1.16849200521047,-0.103276882715799,0.943583273715915,499,"LogRain","Log rainfall amount","Rainfall","Retained process","ga",72,"-80:-1","Cycle duration + cultivar"
-26,0.385398578439587,-0.436440600696527,1.2072377575757,-0.129367450046698,0.972482098504213,0.373759177234929,-0.423259682193722,1.17077803666358,-0.125460430825159,0.943112220300024,499,"LogRain","Log rainfall amount","Rainfall","Retained process","ga",72,"-80:-1","Cycle duration + cultivar"
-25,0.371842332260191,-0.462970218305911,1.20665488282629,-0.150733121471043,0.980839661358982,0.360612342498486,-0.448988080285349,1.17021276528232,-0.146180838785582,0.95121737686011,499,"LogRain","Log rainfall amount","Rainfall","Retained process","ga",72,"-80:-1","Cycle duration + cultivar"
-24,0.357406100748831,-0.488236030147112,1.20304823164477,-0.169536041361932,0.984983261188215,0.346612098818541,-0.473490840737073,1.16671503837415,-0.16441589273022,0.955235836059506,499,"LogRain","Log rainfall amount","Rainfall","Retained process","ga",72,"-80:-1","Cycle duration + cultivar"
-23,0.342095485548074,-0.51216475022352,1.19635572131967,-0.186452811363595,0.994012498910563,0.331763878662761,-0.496696890858622,1.16022464818414,-0.180821760294377,0.963992382271554,499,"LogRain","Log rainfall amount","Rainfall","Retained process","ga",72,"-80:-1","Cycle duration + cultivar"
-22,0.325916088300483,-0.534708468511176,1.18654064511214,-0.201657196958396,0.997718073623421,0.316073114498812,-0.518559767554031,1.15070599655166,-0.195566959078669,0.967586045126948,499,"LogRain","Log rainfall amount","Rainfall","Retained process","ga",72,"-80:-1","Cycle duration + cultivar"
-21,0.308873510648624,-0.555849482205952,1.1735965035032,-0.206563216562488,0.979311178979128,0.299545238794363,-0.53906230266058,1.13815278024931,-0.200324812255368,0.949735056092282,499,"LogRain","Log rainfall amount","Rainfall","Retained process","ga",72,"-80:-1","Cycle duration + cultivar"
-20,0.290973354235062,-0.575606411389513,1.15755311985964,-0.207778195721047,0.964880005649446,0.282185684017078,-0.558222553915876,1.12259392195003,-0.20150309789539,0.935739717832149,499,"LogRain","Log rainfall amount","Rainfall","Retained process","ga",72,"-80:-1","Cycle duration + cultivar"
-19,0.272221220702361,-0.594041877969975,1.1384843193747,-0.221707145313619,0.957424607256649,0.263999882634626,-0.576101251987243,1.10410101725649,-0.21501138004979,0.928509479514891,499,"LogRain","Log rainfall amount","Rainfall","Retained process","ga",72,"-80:-1","Cycle duration + cultivar"
-18,0.252622711693086,-0.611272066561305,1.11651748994748,-0.228877224737038,0.961621864998931,0.244993267114672,-0.592811072603532,1.08279760683288,-0.221964916300123,0.932579976107665,499,"LogRain","Log rainfall amount","Rainfall","Retained process","ga",72,"-80:-1","Cycle duration + cultivar"
-17,0.232183428849803,-0.627478501505364,1.09184535920497,-0.233394295002848,0.951086283871171,0.225171269924884,-0.608528057899969,1.05887059774974,-0.226345566776046,0.922362579484288,499,"LogRain","Log rainfall amount","Rainfall","Retained process","ga",72,"-80:-1","Cycle duration + cultivar"
-16,0.210908973815075,-0.642922333308288,1.06474028093844,-0.243484014984,0.92727628803783,0.204539323532929,-0.623505471390664,1.03258411845652,-0.236130567680707,0.89927166802149,499,"LogRain","Log rainfall amount","Rainfall","Retained process","ga",72,"-80:-1","Cycle duration + cultivar"
-15,0.188804948231467,-0.657961274457067,1.03557117092,-0.258558556461739,0.896243488707971,0.183102860406472,-0.638090222307521,1.00429594312047,-0.250749843762953,0.869176088552083,499,"LogRain","Log rainfall amount","Rainfall","Retained process","ga",72,"-80:-1","Cycle duration + cultivar"
-14,0.165876953741545,-0.67306896974079,1.00482287722388,-0.279072609878195,0.857823005488089,0.160867313013182,-0.652741650919486,0.974476276945849,-0.270644353383958,0.831915940226231,499,"LogRain","Log rainfall amount","Rainfall","Retained process","ga",72,"-80:-1","Cycle duration + cultivar"
-13,0.142130591987874,-0.688855903385629,0.973117087361376,-0.279834942975995,0.819181869902772,0.137838113820724,-0.668051804252296,0.943728031893745,-0.27138366330193,0.794441803444859,499,"LogRain","Log rainfall amount","Rainfall","Retained process","ga",72,"-80:-1","Cycle duration + cultivar"
-12,0.117571464613017,-0.706089789147152,0.941232718373187,-0.285403845045298,0.78173382995795,0.114020695296766,-0.684765210380745,0.912806600974278,-0.276784379267079,0.758124729688368,499,"LogRain","Log rainfall amount","Rainfall","Retained process","ga",72,"-80:-1","Cycle duration + cultivar"
-11,0.0922051732595411,-0.725711669457019,0.910122015976101,-0.316628064431352,0.743039161197551,0.0894204899089744,-0.703794491365931,0.88263547118388,-0.307065597726124,0.720598676484382,499,"LogRain","Log rainfall amount","Rainfall","Retained process","ga",72,"-80:-1","Cycle duration + cultivar"
-10,0.0660373195700096,-0.7488418040256,0.88091644316562,-0.356950890197864,0.717025238604311,0.0640429301250157,-0.726226074016518,0.854311934266549,-0.346170636056309,0.695370398932168,499,"LogRain","Log rainfall amount","Rainfall","Retained process","ga",72,"-80:-1","Cycle duration + cultivar"
-9,0.0390735051869877,-0.77676751036612,0.854914520740095,-0.370511821160909,0.693470883060605,0.0378934484125568,-0.753308397640534,0.829095294465648,-0.359322014091508,0.672527407180721,499,"LogRain","Log rainfall amount","Rainfall","Retained process","ga",72,"-80:-1","Cycle duration + cultivar"
-8,0.0113193317530402,-0.810904857581384,0.833543521087464,-0.412363466448194,0.677976203113762,0.0109774772392647,-0.786414764715939,0.808369719194468,-0.399909700148466,0.657500681208097,499,"LogRain","Log rainfall amount","Rainfall","Retained process","ga",72,"-80:-1","Cycle duration + cultivar"
-7,-0.0172195990892679,-0.852729513649563,0.818290315471027,-0.460729307578135,0.677830572637234,-0.0166995509271941,-0.826976276653708,0.79357717479932,-0.44681484717883,0.657359448909556,499,"LogRain","Log rainfall amount","Rainfall","Retained process","ga",72,"-80:-1","Cycle duration + cultivar"
-6,-0.0465376856973719,-0.903680413740978,0.810605042346234,-0.513997357267709,0.690487921566345,-0.0451322036191527,-0.876388411422471,0.786124004184166,-0.498474151438576,0.669634533941977,499,"LogRain","Log rainfall amount","Rainfall","Retained process","ga",72,"-80:-1","Cycle duration + cultivar"
-5,-0.0766293264287069,-0.965051628830426,0.811792975973012,-0.568706089648576,0.691032761059759,-0.0743150483689443,-0.935906157830909,0.78727606109302,-0.551530628411141,0.67016291876791,499,"LogRain","Log rainfall amount","Rainfall","Retained process","ga",72,"-80:-1","Cycle duration + cultivar"
-4,-0.107488919640708,-1.03789710900181,0.82291926972039,-0.616708620247014,0.701361326968482,-0.104242652708902,-1.00655163567459,0.798066330256782,-0.598083437231319,0.68017955222746,499,"LogRain","Log rainfall amount","Rainfall","Retained process","ga",72,"-80:-1","Cycle duration + cultivar"
-3,-0.139110863690811,-1.12297276134905,0.844751033967425,-0.666811495601072,0.719768091723217,-0.13490958417136,-1.08905792293899,0.81923875459627,-0.646673158411031,0.698030415295355,499,"LogRain","Log rainfall amount","Rainfall","Retained process","ga",72,"-80:-1","Cycle duration + cultivar"
-2,-0.17148955693645,-1.22072845009616,0.877749336223257,-0.739918381630718,0.71225535243828,-0.16631041028865,-1.18386129752352,0.851240476946221,-0.71757214740907,0.690744567835078,499,"LogRain","Log rainfall amount","Rainfall","Retained process","ga",72,"-80:-1","Cycle duration + cultivar"
-1,-0.204619397735061,-1.3313451649968,0.922106369526678,-0.825446576385592,0.738833994305153,-0.198439698593106,-1.29113728312027,0.894257885934063,-0.800517309872822,0.716520509605298,499,"LogRain","Log rainfall amount","Rainfall","Retained process","ga",72,"-80:-1","Cycle duration + cultivar"
-80,-0.0261625890571787,-0.14639471798301,0.0940695398686531,-0.10424921281535,0.0653738518705365,-0.151731263946376,-0.849023601834258,0.545561073941507,-0.604598604186978,0.379138974039648,499,"RH","Relative humidity","Atmospheric moisture","Retained process","ga",72,"-80:-1","Cycle duration + cultivar"
-79,-0.0235409837423832,-0.128094819141102,0.0810128516563355,-0.0925726776573348,0.0559533557955294,-0.136527130780767,-0.742892409110741,0.469838147549208,-0.536879945526406,0.324504328617562,499,"RH","Relative humidity","Atmospheric moisture","Retained process","ga",72,"-80:-1","Cycle duration + cultivar"
-78,-0.0209804193844128,-0.111275222423123,0.0693143836542979,-0.0780678369305413,0.0457703579297385,-0.121677007744328,-0.645346303734488,0.401992288245832,-0.452758385079644,0.265447515334943,499,"RH","Relative humidity","Atmospheric moisture","Retained process","ga",72,"-80:-1","Cycle duration + cultivar"
-77,-0.018480664008814,-0.0960160743989553,0.0590547463813272,-0.0687207834696242,0.0382869221298369,-0.107179549489436,-0.556850099807889,0.342491000829018,-0.398549673827874,0.22204694935506,499,"RH","Relative humidity","Atmospheric moisture","Retained process","ga",72,"-80:-1","Cycle duration + cultivar"
-76,-0.0160414856411337,-0.0824411305402385,0.0503581592579711,-0.0603057138264915,0.031384626964896,-0.0930334106684674,-0.47812152347385,0.292054702136915,-0.349746050059647,0.182016738001797,499,"RH","Relative humidity","Atmospheric moisture","Retained process","ga",72,"-80:-1","Cycle duration + cultivar"
-75,-0.0136626523069185,-0.0707266025817489,0.0434012979679119,-0.0530107146664258,0.0253889120706527,-0.0792372459337998,-0.410182523637399,0.251708031769799,-0.307438331942552,0.147244284970585,499,"RH","Relative humidity","Atmospheric moisture","Retained process","ga",72,"-80:-1","Cycle duration + cultivar"
-74,-0.011343932031715,-0.0610920862058357,0.0384042221424056,-0.0475997266283871,0.0204690315265931,-0.0657897099378097,-0.354306656610843,0.222727236735223,-0.276057032010194,0.118711187891246,499,"RH","Relative humidity","Atmospheric moisture","Retained process","ga",72,"-80:-1","Cycle duration + cultivar"
-73,-0.00908509284107006,-0.0537442154268061,0.035574029744666,-0.0413447175596936,0.0197230497593674,-0.0526894573328739,-0.311692306854396,0.206313392188648,-0.239780789245586,0.114384828746333,499,"RH","Relative humidity","Atmospheric moisture","Retained process","ga",72,"-80:-1","Cycle duration + cultivar"
-72,-0.00688590276053024,-0.0487540480342937,0.0349822425132332,-0.0391037922157044,0.0206506533281963,-0.0399351427713692,-0.282751577627823,0.202881292085085,-0.226784428904113,0.119764512753599,499,"RH","Relative humidity","Atmospheric moisture","Retained process","ga",72,"-80:-1","Cycle duration + cultivar"
-71,-0.00474612981564226,-0.0459287254987741,0.0364364658674896,-0.0379247440746179,0.0213196526206644,-0.0275254209056723,-0.266365976094517,0.211315134283173,-0.219946479330022,0.123644408126476,499,"RH","Relative humidity","Atmospheric moisture","Retained process","ga",72,"-80:-1","Cycle duration + cultivar"
-70,-0.00266554203195282,-0.0448122652485935,0.0394811811846878,-0.0362184529784064,0.0237068270822513,-0.0154589463881602,-0.25989100817236,0.22897311539604,-0.210050757460798,0.137488947652953,499,"RH","Relative humidity","Atmospheric moisture","Retained process","ga",72,"-80:-1","Cycle duration + cultivar"
-69,-0.000643907435008593,-0.0448395427083856,0.0435517278383684,-0.036317834336639,0.0263240281263646,-0.00373437387120961,-0.260049205185755,0.252580457443335,-0.210627124695111,0.152667538027063,499,"RH","Relative humidity","Atmospheric moisture","Retained process","ga",72,"-80:-1","Cycle duration + cultivar"
-68,0.00131900594964374,-0.0455007836791461,0.0481387955784336,-0.0365543500402062,0.0278929205166842,0.00764964199280267,-0.263884105777869,0.279183389763475,-0.21199880952978,0.161766409123451,499,"RH","Relative humidity","Atmospheric moisture","Retained process","ga",72,"-80:-1","Cycle duration + cultivar"
-67,0.00322343009645746,-0.0464133098641709,0.0528601700570858,-0.0356318453718813,0.0311538242614142,0.0186944465514997,-0.269176347732034,0.306565240835033,-0.206648696854943,0.180678186001267,499,"RH","Relative humidity","Atmospheric moisture","Retained process","ga",72,"-80:-1","Cycle duration + cultivar"
-66,0.0050695969798859,-0.0473178774357571,0.0574570713955289,-0.0374770240843872,0.0336985609478973,0.0294013851525048,-0.274422433303371,0.33322520360838,-0.217349904508497,0.195436515653081,499,"RH","Relative humidity","Atmospheric moisture","Retained process","ga",72,"-80:-1","Cycle duration + cultivar"
-65,0.00685773857438238,-0.04804877961563,0.0617642567643948,-0.0379807133525129,0.0357843093435305,0.039771803143441,-0.278661337615589,0.358204943902471,-0.220271075999663,0.207532919401651,499,"RH","Relative humidity","Atmospheric moisture","Retained process","ga",72,"-80:-1","Cycle duration + cultivar"
-64,0.0085880868544002,-0.0485045309634399,0.0656807046722403,-0.0383093258271764,0.0391813536641199,0.0498070458719317,-0.28130449070328,0.380918582447143,-0.222176880735589,0.227234250463283,499,"RH","Relative humidity","Atmospheric moisture","Retained process","ga",72,"-80:-1","Cycle duration + cultivar"
-63,0.0102608737943927,-0.0486262686632047,0.0691480162519901,-0.0386114802852744,0.043243629340699,0.0595084586855999,-0.282010514675711,0.401027432046911,-0.22392924086073,0.250793624558823,499,"RH","Relative humidity","Atmospheric moisture","Retained process","ga",72,"-80:-1","Cycle duration + cultivar"
-62,0.0118763313688131,-0.0483833664351295,0.0721360291727557,-0.0382870102810193,0.0457360209989996,0.0688773869320688,-0.280601790867808,0.418356564731945,-0.22204746059232,0.265248376561266,499,"RH","Relative humidity","Atmospheric moisture","Retained process","ga",72,"-80:-1","Cycle duration + cultivar"
-61,0.0134346915521148,-0.0477641991145878,0.0746335822188175,-0.0373864997018762,0.0471948797607645,0.0779151759589616,-0.277010898546916,0.432841250464839,-0.216824903754698,0.273709102040616,499,"RH","Relative humidity","Atmospheric moisture","Retained process","ga",72,"-80:-1","Cycle duration + cultivar"
-60,0.0149361863187512,-0.0467702779824649,0.0766426506199672,-0.0355369381633644,0.0485010341784146,0.0866231711139016,-0.271246602463281,0.444492944691085,-0.206098277679134,0.281284210920936,499,"RH","Relative humidity","Atmospheric moisture","Retained process","ga",72,"-80:-1","Cycle duration + cultivar"
-59,0.0163810476431754,-0.0454125377356974,0.0781746330220482,-0.034779112848716,0.0497849476695979,0.0950027177445118,-0.263372318947126,0.45337775443615,-0.20170323127945,0.28873033241867,499,"RH","Relative humidity","Atmospheric moisture","Retained process","ga",72,"-80:-1","Cycle duration + cultivar"
-58,0.0177695074998408,-0.0437090044170071,0.0792480194166887,-0.033306028634691,0.0507682538198368,0.103055161198415,-0.253492590948695,0.459602913345526,-0.193160004567255,0.294433066375769,499,"RH","Relative humidity","Atmospheric moisture","Retained process","ga",72,"-80:-1","Cycle duration + cultivar"
-57,0.0191017978632008,-0.0416833729333645,0.079886968659766,-0.0315235370150926,0.0514085758360103,0.110781846823236,-0.241744838284349,0.46330853193082,-0.182822353892683,0.298146646428353,499,"RH","Relative humidity","Atmospheric moisture","Retained process","ga",72,"-80:-1","Cycle duration + cultivar"
-56,0.0203781507077086,-0.0393642114796077,0.0801205128950249,-0.029762766261743,0.0525200600733381,0.118184119966596,-0.228294743650933,0.464662983584125,-0.17261067448505,0.304592755711255,499,"RH","Relative humidity","Atmospheric moisture","Retained process","ga",72,"-80:-1","Cycle duration + cultivar"
-55,0.0215987980078176,-0.0367846277472007,0.0799822237628358,-0.0277579536682284,0.0535948570705534,0.125263325976119,-0.213334316786519,0.463860968738758,-0.160983662031323,0.310826095481903,499,"RH","Relative humidity","Atmospheric moisture","Retained process","ga",72,"-80:-1","Cycle duration + cultivar"
-54,0.022763971737981,-0.033982305378314,0.079510248854276,-0.025515241548111,0.0543174617874409,0.132020810199429,-0.197082105887701,0.461123726286558,-0.147976939190951,0.315016878236138,499,"RH","Relative humidity","Atmospheric moisture","Retained process","ga",72,"-80:-1","Cycle duration + cultivar"
-53,0.0238739038726522,-0.0309998644048656,0.07874767215017,-0.0229747741682881,0.054533427521457,0.138457917984147,-0.179785287994114,0.456701123962408,-0.133243369599936,0.316269382478733,499,"RH","Relative humidity","Atmospheric moisture","Retained process","ga",72,"-80:-1","Cycle duration + cultivar"
-52,0.0249288263862845,-0.0278855229289929,0.077743175701562,-0.020258866176811,0.0540326950624642,0.144575994677899,-0.161723506437937,0.450875495793734,-0.117492323271598,0.313365359152298,499,"RH","Relative humidity","Atmospheric moisture","Retained process","ga",72,"-80:-1","Cycle duration + cultivar"
-51,0.0259289712533312,-0.0246940371453954,0.0765519796520578,-0.0173474117756626,0.0531474992664829,0.150376385628306,-0.143214322551212,0.443967093807823,-0.100607195609232,0.308231621177409,499,"RH","Relative humidity","Atmospheric moisture","Retained process","ga",72,"-80:-1","Cycle duration + cultivar"
-50,0.0268745704482457,-0.0214878613126996,0.075237002209191,-0.0145590215019744,0.0530030164116102,0.155860436182992,-0.124619942978684,0.436340815344667,-0.0844357846040812,0.30739368552278,499,"RH","Relative humidity","Atmospheric moisture","Retained process","ga",72,"-80:-1","Cycle duration + cultivar"
-49,0.0277658559454811,-0.0183383748116963,0.0738700867026585,-0.0107590931529876,0.0524840898500325,0.16102949168958,-0.106354336064365,0.428413319443524,-0.0623979071586447,0.304384144574388,499,"RH","Relative humidity","Atmospheric moisture","Retained process","ga",72,"-80:-1","Cycle duration + cultivar"
-48,0.0286030597194909,-0.0153268357492863,0.0725329551882682,-0.00844749690260501,0.0520578294254053,0.165884897495693,-0.0888887623260514,0.420658557317438,-0.0489916873064081,0.30191202559344,499,"RH","Relative humidity","Atmospheric moisture","Retained process","ga",72,"-80:-1","Cycle duration + cultivar"
-47,0.0293864137447284,-0.0125444124803309,0.0713172399697877,-0.00531973148020046,0.0516840772091152,0.170427998948955,-0.0727519572678926,0.413607955165802,-0.0308520528905629,0.299744430633457,499,"RH","Relative humidity","Atmospheric moisture","Retained process","ga",72,"-80:-1","Cycle duration + cultivar"
-46,0.0301161499956468,-0.0100902538875082,0.0703225538788018,-0.00272092436928047,0.052563847052755,0.174660141396988,-0.0585189398704161,0.407839222664393,-0.0157801390661732,0.304846700522175,499,"RH","Relative humidity","Atmospheric moisture","Retained process","ga",72,"-80:-1","Cycle duration + cultivar"
-45,0.0307925004466995,-0.00806630529290788,0.0696513061863069,-0.000894302269315584,0.0520892434474856,0.178582670187417,-0.0467809472065391,0.403946287581373,-0.00518655142947838,0.302094212809906,499,"RH","Relative humidity","Atmospheric moisture","Retained process","ga",72,"-80:-1","Cycle duration + cultivar"
-44,0.0314156970723398,-0.00656795907246628,0.0693993532171459,-3.98393488883674e-05,0.0522823068986154,0.182196930667863,-0.0380912122051594,0.402485073540885,-0.000231050327183654,0.303213894099772,499,"RH","Relative humidity","Atmospheric moisture","Retained process","ga",72,"-80:-1","Cycle duration + cultivar"
-43,0.031985971847021,-0.00567121942355887,0.0696431631176009,0.000116482436519989,0.0535760221566808,0.185504268185951,-0.032890525068952,0.403899061440853,0.000675545806346023,0.310716861442337,499,"RH","Relative humidity","Atmospheric moisture","Retained process","ga",72,"-80:-1","Cycle duration + cultivar"
-42,0.0325035567451964,-0.00541966902721798,0.0704267825176108,-0.000640079833701046,0.0543468756520743,0.188506028089302,-0.0314316457699805,0.408443701948585,-0.00371217550303559,0.31518746543791,499,"RH","Relative humidity","Atmospheric moisture","Retained process","ga",72,"-80:-1","Cycle duration + cultivar"
-41,0.0329686837413194,-0.00581635304321808,0.0717537205258569,0.000843632320107383,0.0552308918496718,0.191203555725542,-0.0337322348670104,0.416139346318094,0.00489268848569036,0.320314362272065,499,"RH","Relative humidity","Atmospheric moisture","Retained process","ga",72,"-80:-1","Cycle duration + cultivar"
-40,0.0333815848098432,-0.00682439601656532,0.0735875656362517,0.00127515555250496,0.0560971852505837,0.193598196442292,-0.0395784312860254,0.42677482417061,0.00739532938758324,0.32533847484676,499,"RH","Relative humidity","Atmospheric moisture","Retained process","ga",72,"-80:-1","Cycle duration + cultivar"
-39,0.0337424919252211,-0.00837589847321163,0.0758608823236539,0.00164247861108148,0.0583184228829048,0.195691295587176,-0.0485764485788995,0.439959039753252,0.0095256381208915,0.338220655304541,499,"RH","Relative humidity","Atmospheric moisture","Retained process","ga",72,"-80:-1","Cycle duration + cultivar"
-38,0.0340516370619065,-0.0103848205525795,0.0784880946763925,0.000300261910839863,0.0615602752029561,0.197484198507817,-0.0602272942045402,0.455195691220175,0.00174138420120105,0.357021942477376,499,"RH","Relative humidity","Atmospheric moisture","Retained process","ga",72,"-80:-1","Cycle duration + cultivar"
-37,0.0343092521943527,-0.0127590149584013,0.0813775193471067,-0.000667616370377854,0.0647348658578997,0.198978250551839,-0.0739965552383946,0.471953056342073,-0.00387187504598015,0.375433142207426,499,"RH","Relative humidity","Atmospheric moisture","Retained process","ga",72,"-80:-1","Cycle duration + cultivar"
-36,0.034515569297013,-0.0154087004613717,0.0844398390553977,-0.00325335211425176,0.0681648240450274,0.200174797066864,-0.0893635408814222,0.48971313501515,-0.0188679808133357,0.39532535890963,499,"RH","Relative humidity","Atmospheric moisture","Retained process","ga",72,"-80:-1","Cycle duration + cultivar"
-35,0.0346708203443407,-0.0182510699854575,0.0875927106741388,-0.00389138929576945,0.0709312613724124,0.201075183400516,-0.105848007290677,0.507998374091708,-0.0225683098512945,0.411369452687779,499,"RH","Relative humidity","Atmospheric moisture","Retained process","ga",72,"-80:-1","Cycle duration + cultivar"
-34,0.0347752373107891,-0.0212120066612633,0.0907624812828415,-0.00437340545555706,0.0731714620601449,0.201680754900417,-0.123020109917956,0.52638161971879,-0.0253637870499506,0.424361610348487,499,"RH","Relative humidity","Atmospheric moisture","Retained process","ga",72,"-80:-1","Cycle duration + cultivar"
-33,0.0348290521708115,-0.024226096192793,0.093884200534416,-0.00601174667612979,0.0766576808762113,0.201992856914192,-0.140500475231458,0.544486189059842,-0.0348654301644626,0.444580113425508,499,"RH","Relative humidity","Atmospheric moisture","Retained process","ga",72,"-80:-1","Cycle duration + cultivar"
-32,0.0348324968988613,-0.0272358449504716,0.0969008387481941,-0.0073138877642037,0.07962167614698,0.202012834789462,-0.157955666006559,0.561981335585483,-0.0424172635360818,0.46176995452961,499,"RH","Relative humidity","Atmospheric moisture","Retained process","ga",72,"-80:-1","Cycle duration + cultivar"
-31,0.0347858034693917,-0.03019065837702,0.0997622653158035,-0.0088624911650541,0.0811994238433656,0.201742033873853,-0.175092256538791,0.578576324286496,-0.0513984676076343,0.470920182423259,499,"RH","Relative humidity","Atmospheric moisture","Retained process","ga",72,"-80:-1","Cycle duration + cultivar"
-30,0.0346892038568561,-0.0330458669508267,0.102424274664539,-0.0106366680309468,0.0818105809057068,0.201181799514985,-0.191651183668953,0.594014782698924,-0.0616878964458116,0.474464618844903,499,"RH","Relative humidity","Atmospheric moisture","Retained process","ga",72,"-80:-1","Cycle duration + cultivar"
-29,0.0345429300357078,-0.0357619259275411,0.104847785998957,-0.0118429726013532,0.0826843874342403,0.200333477060484,-0.207403105643843,0.60807005976481,-0.0686839210660063,0.479532304184807,499,"RH","Relative humidity","Atmospheric moisture","Retained process","ga",72,"-80:-1","Cycle duration + cultivar"
-28,0.0343472139804,-0.0383038322050776,0.106998260165878,-0.0129222177422007,0.0843590053095453,0.199198411857971,-0.222145020195224,0.620541843911166,-0.0749430580715556,0.489244335600807,499,"RH","Relative humidity","Atmospheric moisture","Retained process","ga",72,"-80:-1","Cycle duration + cultivar"
-27,0.0341022876653862,-0.0406407661419967,0.108845341472769,-0.0138626858097098,0.0862754977430496,0.19777794925507,-0.235698187247345,0.631254085757485,-0.0803973503922618,0.500359130801074,499,"RH","Relative humidity","Atmospheric moisture","Retained process","ga",72,"-80:-1","Cycle duration + cultivar"
-26,0.0338083830651196,-0.0427459565705222,0.110362722700761,-0.0146526591601011,0.0883043207627752,0.196073434599405,-0.247907346053069,0.640054215251879,-0.0849788409579267,0.51212539294102,499,"RH","Relative humidity","Atmospheric moisture","Retained process","ga",72,"-80:-1","Cycle duration + cultivar"
-25,0.0334657321540535,-0.0445967712458067,0.111528235553914,-0.0159460051292645,0.0898684394065631,0.194086213238598,-0.258641239758988,0.646813666236185,-0.0924796665907502,0.521196578451955,499,"RH","Relative humidity","Atmospheric moisture","Retained process","ga",72,"-80:-1","Cycle duration + cultivar"
-24,0.0330745669066412,-0.0461750463905488,0.112324180203831,-0.0177577472952965,0.0915643797461016,0.191817630520273,-0.267794526616168,0.651429787656714,-0.1029869572949,0.531032270582173,499,"RH","Relative humidity","Atmospheric moisture","Retained process","ga",72,"-80:-1","Cycle duration + cultivar"
-23,0.0326351192973361,-0.0474676852664206,0.112737923861093,-0.0183917604495212,0.0931144321037015,0.189269031792053,-0.275291251425536,0.653829315009642,-0.106663948782206,0.540021877951982,499,"RH","Relative humidity","Atmospheric moisture","Retained process","ga",72,"-80:-1","Cycle duration + cultivar"
-22,0.0321476213005915,-0.0484675761548545,0.112762818756038,-0.0183974367870953,0.0926483388219801,0.186441762401561,-0.281090169414079,0.653973694217201,-0.106696868990249,0.53731874629334,499,"RH","Relative humidity","Atmospheric moisture","Retained process","ga",72,"-80:-1","Cycle duration + cultivar"
-21,0.0316123048908607,-0.0491749047659557,0.112399514547677,-0.0175099713866649,0.0923282579595841,0.18333716769642,-0.285192357616985,0.651866693009824,-0.101549968329092,0.535462421076052,499,"RH","Relative humidity","Atmospheric moisture","Retained process","ga",72,"-80:-1","Cycle duration + cultivar"
-20,0.0310294020425969,-0.0495989644090375,0.111657768494231,-0.0183138673094211,0.0921130299268989,0.179956593024253,-0.28765171305359,0.647564899102096,-0.106212203560267,0.534214195169791,499,"RH","Relative humidity","Atmospheric moisture","Retained process","ga",72,"-80:-1","Cycle duration + cultivar"
-19,0.0303991447302535,-0.049760596370531,0.110558885831038,-0.0176431008089248,0.0915992939130126,0.176301383732684,-0.288589105823012,0.641191873288379,-0.102322059174681,0.531234757066346,499,"RH","Relative humidity","Atmospheric moisture","Retained process","ga",72,"-80:-1","Cycle duration + cultivar"
-18,0.0297217649282839,-0.0496954140841977,0.109138943940765,-0.0175915764924992,0.0907788295841974,0.172372885169336,-0.288211077843034,0.632956848181705,-0.102023241284824,0.526476432522778,499,"RH","Relative humidity","Atmospheric moisture","Retained process","ga",72,"-80:-1","Cycle duration + cultivar"
-17,0.0289974946111413,-0.0494579566049136,0.107452945827196,-0.017346669889009,0.0899267593227747,0.168172442681831,-0.286833931132265,0.623178816495928,-0.100602892999907,0.521534807767896,499,"RH","Relative humidity","Atmospheric moisture","Retained process","ga",72,"-80:-1","Cycle duration + cultivar"
-16,0.028226565753279,-0.0491268349129621,0.10557996641952,-0.0168803646246425,0.0891677159815069,0.163701401617794,-0.284913574063243,0.612316377298831,-0.0978985319371481,0.517132697360973,499,"RH","Relative humidity","Atmospheric moisture","Retained process","ga",72,"-80:-1","Cycle duration + cultivar"
-15,0.0274092103291504,-0.048810696530831,0.103629117189132,-0.0175849809008816,0.0885848537140758,0.158961107324847,-0.283080113460477,0.60100232811017,-0.101984989816271,0.513752358039406,499,"RH","Relative humidity","Atmospheric moisture","Retained process","ga",72,"-80:-1","Cycle duration + cultivar"
-14,0.0265456603132087,-0.048654315785173,0.10174563641159,-0.0188492097499398,0.0862010254531327,0.153952905150613,-0.282173175383985,0.590078985685211,-0.109316949232284,0.499927224973505,499,"RH","Relative humidity","Atmospheric moisture","Retained process","ga",72,"-80:-1","Cycle duration + cultivar"
-13,0.0256361476799073,-0.0488431991916384,0.100115494551453,-0.0196137187332556,0.0845808452329653,0.148678140442716,-0.283268614292529,0.580624895177962,-0.113750757907845,0.490530907503179,499,"RH","Relative humidity","Atmospheric moisture","Retained process","ga",72,"-80:-1","Cycle duration + cultivar"
-12,0.0246809044036995,-0.0496038429252237,0.0989656517326228,-0.0204051334937248,0.0804263144986254,0.143138158548779,-0.287680006255976,0.573956323353534,-0.118340608004461,0.466436495514834,499,"RH","Relative humidity","Atmospheric moisture","Retained process","ga",72,"-80:-1","Cycle duration + cultivar"
-11,0.0236801624590387,-0.0511958125477943,0.0985561374658716,-0.0221988021579853,0.0805799406864108,0.137334304816425,-0.296912714932818,0.571581324565668,-0.128743080517195,0.467327458393049,499,"RH","Relative humidity","Atmospheric moisture","Retained process","ga",72,"-80:-1","Cycle duration + cultivar"
-10,0.022634153820378,-0.05389260368734,0.099160911328096,-0.023824847884576,0.0808412133354926,0.131267924593278,-0.312552892107499,0.575088741294054,-0.138173415289912,0.468842722390551,499,"RH","Relative humidity","Atmospheric moisture","Retained process","ga",72,"-80:-1","Cycle duration + cultivar"
-9,0.0215431104621708,-0.0579523726310542,0.101038593555396,-0.0273154008597351,0.0809208822010842,0.124940363226959,-0.336097728278481,0.585978454732399,-0.158417054542708,0.469304766022662,499,"RH","Relative humidity","Atmospheric moisture","Retained process","ga",72,"-80:-1","Cycle duration + cultivar"
-8,0.0204072643588705,-0.0635862994696347,0.104400828187376,-0.0311367830591905,0.0829456096585902,0.118352966065093,-0.368771973106887,0.605477905237074,-0.180579354683505,0.481047275741516,499,"RH","Relative humidity","Atmospheric moisture","Retained process","ga",72,"-80:-1","Cycle duration + cultivar"
-7,0.0192268474849304,-0.0709365556106664,0.109390250580527,-0.0386655913756899,0.085744426951426,0.111507078455303,-0.411400156891409,0.634414313802016,-0.224243060877713,0.497279158773766,499,"RH","Relative humidity","Atmospheric moisture","Retained process","ga",72,"-80:-1","Cycle duration + cultivar"
-6,0.0180020918148037,-0.0800722930720832,0.116076476701691,-0.0448283384857164,0.090226233079822,0.104404045745212,-0.464383330272053,0.673191421762477,-0.259984225727361,0.523271621031149,499,"RH","Relative humidity","Atmospheric moisture","Retained process","ga",72,"-80:-1","Cycle duration + cultivar"
-5,0.0167332293229438,-0.09100252229883,0.124468980944718,-0.0500690012570529,0.0959831468602655,0.0970452132824431,-0.527773749781885,0.721864176346772,-0.290377715625235,0.55665913487498,499,"RH","Relative humidity","Atmospheric moisture","Retained process","ga",72,"-80:-1","Cycle duration + cultivar"
-4,0.015420491983804,-0.103697289732602,0.13453827370021,-0.0577806804812317,0.103308220948136,0.0894319264146194,-0.601397698238281,0.78026155106752,-0.335101990935923,0.599141274063284,499,"RH","Relative humidity","Atmospheric moisture","Retained process","ga",72,"-80:-1","Cycle duration + cultivar"
-3,0.0140641117718375,-0.118108130118071,0.146236353661746,-0.0704777452805882,0.111299673517791,0.0815655304893642,-0.684974098931568,0.848105159910297,-0.408739263080699,0.645488109099798,499,"RH","Relative humidity","Atmospheric moisture","Retained process","ga",72,"-80:-1","Cycle duration + cultivar"
-2,0.0126643206614978,-0.13418295873037,0.159511600053366,-0.0795239521007989,0.118839079755747,0.0734473708543006,-0.778200883854687,0.925095625563288,-0.461203198960709,0.689213278477728,499,"RH","Relative humidity","Atmospheric moisture","Retained process","ga",72,"-80:-1","Cycle duration + cultivar"
-1,0.0112213506272382,-0.151874760842955,0.174317462097431,-0.0921310945486262,0.130159198316481,0.0650787928570519,-0.880805388713318,1.01096297442742,-0.53431896186094,0.754864880981175,499,"RH","Relative humidity","Atmospheric moisture","Retained process","ga",72,"-80:-1","Cycle duration + cultivar"
-80,0.223090183715372,-0.231413007917668,0.677593375348411,-0.109618635927147,0.48501772582612,0.492912141245158,-0.511301211666987,1.4971254941573,-0.242199614771755,1.07163444754623,499,"Tmax","Maximum temperature","Thermal","Retained process","ga",72,"-80:-1","Cycle duration + cultivar"
-79,0.206432359051442,-0.195204750992682,0.608069469095566,-0.0899150360204192,0.440896630989355,0.456107097263215,-0.431299980082453,1.34351417460888,-0.198665007114369,0.974149999921151,499,"Tmax","Maximum temperature","Thermal","Retained process","ga",72,"-80:-1","Cycle duration + cultivar"
-78,0.190502911407668,-0.162772757443199,0.543778580258535,-0.0644849508305916,0.395868929305597,0.420911383959383,-0.359642307301474,1.20146507522024,-0.142477874474965,0.874662427305199,499,"Tmax","Maximum temperature","Thermal","Retained process","ga",72,"-80:-1","Cycle duration + cultivar"
-77,0.175287100262718,-0.13429118448773,0.484865385013165,-0.0455698420870474,0.352489432508575,0.387292432523096,-0.296712989311303,1.0712978543575,-0.100685418180426,0.77881652186797,499,"Tmax","Maximum temperature","Thermal","Retained process","ga",72,"-80:-1","Cycle duration + cultivar"
-76,0.160770185095259,-0.110011592752638,0.431551962943157,-0.0274590378052198,0.31759143937211,0.355217674143788,-0.24306784297904,0.953503191266616,-0.0606700523335039,0.701710285118439,499,"Tmax","Maximum temperature","Thermal","Retained process","ga",72,"-80:-1","Cycle duration + cultivar"
-75,0.146937425383962,-0.0902721656908596,0.384147016458784,-0.0305780262386417,0.28417752568135,0.324654540010892,-0.19945407612506,0.848763156146843,-0.0675613787093805,0.627883084520017,499,"Tmax","Maximum temperature","Thermal","Retained process","ga",72,"-80:-1","Cycle duration + cultivar"
-74,0.133774080607494,-0.0754837172237095,0.343031878438697,-0.0251938763300332,0.253037138796718,0.295570461313842,-0.166779371760045,0.757920294387728,-0.0556652351138239,0.559079184129267,499,"Tmax","Maximum temperature","Thermal","Retained process","ga",72,"-80:-1","Cycle duration + cultivar"
-73,0.121265410244523,-0.066062683756279,0.308593504245326,-0.0338202796035932,0.226016132283275,0.267932869242072,-0.145963835630951,0.681829574115095,-0.0747250558464101,0.499376950900873,499,"Tmax","Maximum temperature","Thermal","Retained process","ga",72,"-80:-1","Cycle duration + cultivar"
-72,0.109396673773719,-0.0622818118816815,0.281075159429119,-0.0325519016667985,0.206446947748939,0.241709194985016,-0.137610094464737,0.621028484434768,-0.0719226067456858,0.456139330622844,499,"Tmax","Maximum temperature","Thermal","Retained process","ga",72,"-80:-1","Cycle duration + cultivar"
-71,0.0981531306737489,-0.0640583181655805,0.260364579513078,-0.038079603284606,0.191526321778793,0.216866869732107,-0.141535240348561,0.575268979812775,-0.0841359242266291,0.423172583394529,499,"Tmax","Maximum temperature","Thermal","Retained process","ga",72,"-80:-1","Cycle duration + cultivar"
-70,0.087520040423282,-0.0707975057235097,0.245837586570074,-0.0310295185688084,0.177174265001246,0.19337332467278,-0.156425305496698,0.543171954842257,-0.0685589396397268,0.391462075474922,499,"Tmax","Maximum temperature","Thermal","Retained process","ga",72,"-80:-1","Cycle duration + cultivar"
-69,0.0774826625009865,-0.0814384936401028,0.236403818642076,-0.0354017803948372,0.172234542246484,0.171195990996468,-0.179936300250387,0.522328282243323,-0.0782193420064303,0.380547882480605,499,"Tmax","Maximum temperature","Thermal","Retained process","ga",72,"-80:-1","Cycle duration + cultivar"
-68,0.0680262563855308,-0.0946996235221982,0.23075213629326,-0.0407959147264248,0.173481228140346,0.150302299892605,-0.2092364326751,0.509841032460309,-0.0901375459330501,0.383302403558895,499,"Tmax","Maximum temperature","Thermal","Retained process","ga",72,"-80:-1","Cycle duration + cultivar"
-67,0.0591360815555835,-0.109354989786625,0.227627152897792,-0.0468185913661961,0.167581112649636,0.130659682550624,-0.241617095265557,0.502936460366806,-0.10344449825653,0.370266247006933,499,"Tmax","Maximum temperature","Thermal","Retained process","ga",72,"-80:-1","Cycle duration + cultivar"
-66,0.050797397489813,-0.124398967745132,0.225993762724758,-0.0553028871906779,0.172960122503502,0.112235570159961,-0.274856385604901,0.499327525924822,-0.122190336160085,0.382151033781015,499,"Tmax","Maximum temperature","Thermal","Retained process","ga",72,"-80:-1","Cycle duration + cultivar"
-65,0.0429954636668877,-0.139085597231756,0.225076524565531,-0.065636176709446,0.172111579113679,0.0949973939100473,-0.307306123497277,0.497300911317371,-0.145021479054747,0.380276198536131,499,"Tmax","Maximum temperature","Thermal","Retained process","ga",72,"-80:-1","Cycle duration + cultivar"
-64,0.0357155395654761,-0.152897985842105,0.224329064973058,-0.0762900161946642,0.173454765339285,0.0789125849903181,-0.33782424819578,0.495649418176417,-0.168560869025582,0.383243934666554,499,"Tmax","Maximum temperature","Thermal","Retained process","ga",72,"-80:-1","Cycle duration + cultivar"
-63,0.0289428846642466,-0.165497108293676,0.223382877622169,-0.0850677164070077,0.171588997667787,0.0639485745902069,-0.36566169187881,0.493558841059224,-0.187954976533218,0.379121567995337,499,"Tmax","Maximum temperature","Thermal","Retained process","ga",72,"-80:-1","Cycle duration + cultivar"
-62,0.0226627584418677,-0.176674168256272,0.221999685140007,-0.0902183851579598,0.170975563627083,0.0500727938991476,-0.390357124314411,0.490502712112706,-0.199335249392357,0.377766200934893,499,"Tmax","Maximum temperature","Thermal","Retained process","ga",72,"-80:-1","Cycle duration + cultivar"
-61,0.0168604203770078,-0.186313607715728,0.220034448469744,-0.099826863287517,0.169457120470142,0.0372526741065738,-0.411655222981207,0.486160571194355,-0.220564939780661,0.374411239029434,499,"Tmax","Maximum temperature","Thermal","Retained process","ga",72,"-80:-1","Cycle duration + cultivar"
-60,0.0115211299483355,-0.194366552495599,0.21740881239227,-0.105655605237124,0.167077685797093,0.0254556464019195,-0.429448001617491,0.48035929442133,-0.233443398291465,0.369153938057636,499,"Tmax","Maximum temperature","Thermal","Retained process","ga",72,"-80:-1","Cycle duration + cultivar"
-59,0.00663014663451913,-0.200832441366946,0.214092734635984,-0.110440808593261,0.163881277208067,0.0146491419746185,-0.443734220202056,0.473032504151293,-0.244016184566886,0.362091553798176,499,"Tmax","Maximum temperature","Thermal","Retained process","ga",72,"-80:-1","Cycle duration + cultivar"
-58,0.0021727299142271,-0.205746554155761,0.210092013984215,-0.112360929280522,0.159911912303192,0.00480059201410436,-0.454591828621732,0.46419301264994,-0.248258642857272,0.353321342029731,499,"Tmax","Maximum temperature","Thermal","Retained process","ga",72,"-80:-1","Cycle duration + cultivar"
-57,-0.00186586073387207,-0.209171657462721,0.205439935994977,-0.115315449479768,0.155213608682598,-0.0041225722901889,-0.462159508099613,0.453914363519235,-0.254786580812715,0.342940558530976,499,"Tmax","Maximum temperature","Thermal","Retained process","ga",72,"-80:-1","Cycle duration + cultivar"
-56,-0.00550036583110996,-0.211192505563785,0.200191773901565,-0.118545694021416,0.149763504672231,-0.0121529197488276,-0.466624521073459,0.442318681575803,-0.26192372475716,0.330898691008977,499,"Tmax","Maximum temperature","Thermal","Retained process","ga",72,"-80:-1","Cycle duration + cultivar"
-55,-0.00874552589881808,-0.211912334794299,0.194421282996663,-0.118658670502032,0.144771348218539,-0.0193230191723778,-0.468214965625677,0.429568927280921,-0.262173343445189,0.319868647077685,499,"Tmax","Maximum temperature","Thermal","Retained process","ga",72,"-80:-1","Cycle duration + cultivar"
-54,-0.011616081458328,-0.21145076517906,0.188218602262404,-0.123512090711542,0.143895202873265,-0.0256654393714058,-0.467195139187812,0.415864260445,-0.272896853139743,0.317932826007531,499,"Tmax","Maximum temperature","Thermal","Retained process","ga",72,"-80:-1","Cycle duration + cultivar"
-53,-0.0141267730309713,-0.209942696052897,0.181689149990955,-0.12572211796703,0.134544972394034,-0.0312127491564777,-0.463863098442034,0.401437600129079,-0.27777985268984,0.297273727297326,499,"Tmax","Maximum temperature","Thermal","Retained process","ga",72,"-80:-1","Cycle duration + cultivar"
-52,-0.0162923411380795,-0.207537874448885,0.174953192172726,-0.127532312284208,0.123419947693754,-0.0359975173381598,-0.458549705685772,0.386554671009452,-0.281779431434588,0.272693265463038,499,"Tmax","Maximum temperature","Thermal","Retained process","ga",72,"-80:-1","Cycle duration + cultivar"
-51,-0.0181275263009842,-0.204400838981544,0.168145786379576,-0.128118585974971,0.118096808232307,-0.0400523127270183,-0.45161850484306,0.371513879389023,-0.28307478838601,0.260931922913621,499,"Tmax","Maximum temperature","Thermal","Retained process","ga",72,"-80:-1","Cycle duration + cultivar"
-50,-0.0196470690410169,-0.200710902996366,0.161416764914332,-0.126912645391478,0.114429476648103,-0.0434097041336193,-0.443465684233829,0.35664627596659,-0.280410293044599,0.252829046158936,499,"Tmax","Maximum temperature","Thermal","Retained process","ga",72,"-80:-1","Cycle duration + cultivar"
-49,-0.020865709879509,-0.196661741851621,0.154930322092603,-0.12632703471248,0.106357505920952,-0.046102260368529,-0.434519164683469,0.342314643946411,-0.27911640100097,0.234994230171404,499,"Tmax","Maximum temperature","Thermal","Retained process","ga",72,"-80:-1","Cycle duration + cultivar"
-48,-0.0217981893377924,-0.19246000199378,0.148863623318195,-0.128690680888548,0.0973390973342456,-0.0481625502423138,-0.425235526310002,0.328910425825375,-0.284338817686405,0.215068283574092,499,"Tmax","Maximum temperature","Thermal","Retained process","ga",72,"-80:-1","Cycle duration + cultivar"
-47,-0.0224592479371983,-0.188322192633285,0.143403696758888,-0.130551441603105,0.0917389631353094,-0.0496231425655396,-0.416093140760004,0.316846855628925,-0.288450121612386,0.202694928129732,499,"Tmax","Maximum temperature","Thermal","Retained process","ga",72,"-80:-1","Cycle duration + cultivar"
-46,-0.0228636261990585,-0.184469043305454,0.138741790907337,-0.129363134735747,0.0928150587949684,-0.0505166061487728,-0.40757970438155,0.306546492084005,-0.28582458752258,0.205072534382743,499,"Tmax","Maximum temperature","Thermal","Retained process","ga",72,"-80:-1","Cycle duration + cultivar"
-45,-0.0230260646447044,-0.181116664098981,0.135064534809573,-0.127406721007053,0.0879034596303044,-0.0508755098025795,-0.400172706971766,0.298421687366607,-0.281501940671375,0.194220479752311,499,"Tmax","Maximum temperature","Thermal","Retained process","ga",72,"-80:-1","Cycle duration + cultivar"
-44,-0.0229613037954676,-0.178464408100841,0.132541800509906,-0.125381980450102,0.0920709945811404,-0.0507324223375259,-0.394312614154586,0.292847769479535,-0.277028327414301,0.203428543245375,499,"Tmax","Maximum temperature","Thermal","Retained process","ga",72,"-80:-1","Cycle duration + cultivar"
-43,-0.0226840841726796,-0.176680384631558,0.131312216286199,-0.123640899150397,0.0871019216368189,-0.0501199125641782,-0.390370859239015,0.290131034110659,-0.273181452140691,0.192449501746562,499,"Tmax","Maximum temperature","Thermal","Retained process","ga",72,"-80:-1","Cycle duration + cultivar"
-42,-0.0222091462976721,-0.17588688390319,0.131468591307846,-0.124196489400425,0.0864284843989432,-0.0490705492931028,-0.388617639368084,0.290476540781879,-0.274409014802729,0.190961559133457,499,"Tmax","Maximum temperature","Thermal","Retained process","ga",72,"-80:-1","Cycle duration + cultivar"
-41,-0.0215512306917764,-0.176148927887566,0.133046466504013,-0.126160235393721,0.0813403800073384,-0.0476169013348656,-0.389196618950637,0.293962816280906,-0.278747862107871,0.179719520650291,499,"Tmax","Maximum temperature","Thermal","Retained process","ga",72,"-80:-1","Cycle duration + cultivar"
-40,-0.0207250778763243,-0.177469001949935,0.136018846197286,-0.130202289639594,0.0779918983990093,-0.0457915375000329,-0.392113289338584,0.300530214338518,-0.287678679144198,0.172321134885423,499,"Tmax","Maximum temperature","Thermal","Retained process","ga",72,"-80:-1","Cycle duration + cultivar"
-39,-0.0197454283726473,-0.179789469878807,0.140298613133513,-0.135449543944722,0.0831727619857515,-0.0436270265991709,-0.397240304774506,0.309986251576164,-0.299272355352283,0.183768122473628,499,"Tmax","Maximum temperature","Thermal","Retained process","ga",72,"-80:-1","Cycle duration + cultivar"
-38,-0.0186270227020768,-0.183001863485834,0.145747818081681,-0.137712299033643,0.0932149007265558,-0.0411559374428459,-0.404338007528573,0.322026132642881,-0.304271855722128,0.205955975058509,499,"Tmax","Maximum temperature","Thermal","Retained process","ga",72,"-80:-1","Cycle duration + cultivar"
-37,-0.0173846013859444,-0.186960363468927,0.152191160697038,-0.139816097365519,0.0939779174759299,-0.0384108388416239,-0.413084213526029,0.336262535842781,-0.308920145141424,0.20764184134575,499,"Tmax","Maximum temperature","Thermal","Retained process","ga",72,"-80:-1","Cycle duration + cultivar"
-36,-0.0160329049455818,-0.1914962076106,0.159430397719436,-0.141645080230982,0.0967305551946379,-0.0354242996060712,-0.423106046898487,0.352257447686344,-0.312961236710322,0.213723725045893,499,"Tmax","Maximum temperature","Thermal","Retained process","ga",72,"-80:-1","Cycle duration + cultivar"
-35,-0.0145866739023204,-0.196430436531496,0.167257088726855,-0.143013475671002,0.104257311022468,-0.032228888546754,-0.434008101405266,0.369550324311758,-0.315984671964967,0.230353902447416,499,"Tmax","Maximum temperature","Thermal","Retained process","ga",72,"-80:-1","Cycle duration + cultivar"
-34,-0.0130606487774917,-0.201583637924154,0.17546234036917,-0.14442569200889,0.110339007686413,-0.0288571744742385,-0.445393970072456,0.387679621123979,-0.319104928389597,0.243791258027586,499,"Tmax","Maximum temperature","Thermal","Retained process","ga",72,"-80:-1","Cycle duration + cultivar"
-33,-0.0114695700924275,-0.206782486690154,0.183843346505299,-0.15046770866954,0.117529855870178,-0.0253417261990909,-0.456880695461182,0.406197243063,-0.332454612002031,0.259679255951109,499,"Tmax","Maximum temperature","Thermal","Retained process","ga",72,"-80:-1","Cycle duration + cultivar"
-32,-0.00982817836845908,-0.211863570024898,0.19220721328798,-0.150590967868923,0.122765975880397,-0.0217151125318774,-0.468107221096076,0.424676996032321,-0.33272695009815,0.27124833121507,499,"Tmax","Maximum temperature","Thermal","Retained process","ga",72,"-80:-1","Cycle duration + cultivar"
-31,-0.00815121412691811,-0.216675241824454,0.200372813570618,-0.150022089419321,0.130263585365755,-0.0180099022831641,-0.478738488730488,0.442718684164159,-0.331470027493885,0.287814110507101,499,"Tmax","Maximum temperature","Thermal","Retained process","ga",72,"-80:-1","Cycle duration + cultivar"
-30,-0.00645341788913613,-0.221078228415392,0.20817139263712,-0.151041252609828,0.137278405168088,-0.0142586642635174,-0.488466776691297,0.459949448164262,-0.333721842890442,0.303313178156032,499,"Tmax","Maximum temperature","Thermal","Retained process","ga",72,"-80:-1","Cycle duration + cultivar"
-29,-0.00474953017644471,-0.224945566250386,0.215446505897497,-0.154001369701984,0.144080940031918,-0.0104939672835033,-0.497011562218918,0.476023627651911,-0.340262147039783,0.318343207580829,499,"Tmax","Maximum temperature","Thermal","Retained process","ga",72,"-80:-1","Cycle duration + cultivar"
-28,-0.00305429151017533,-0.228162293776886,0.222053710756535,-0.158089058932835,0.149704208150702,-0.00674838015368801,-0.504118840658888,0.490622080351512,-0.349293793425866,0.330767676838346,499,"Tmax","Maximum temperature","Thermal","Retained process","ga",72,"-80:-1","Cycle duration + cultivar"
-27,-0.00138244241165962,-0.230625191649141,0.227860306825822,-0.161088884790729,0.154789226099523,-0.00305447168463786,-0.509560551466882,0.503451608097606,-0.355921833092836,0.34200289590393,499,"Tmax","Maximum temperature","Thermal","Retained process","ga",72,"-80:-1","Cycle duration + cultivar"
-26,0.000251276597770917,-0.232242781785179,0.232745334980721,-0.163404608144983,0.159222875242001,0.000555189313081043,-0.513134576125129,0.514244954751291,-0.361038365510654,0.351798931999971,499,"Tmax","Maximum temperature","Thermal","Retained process","ga",72,"-80:-1","Cycle duration + cultivar"
-25,0.00183212499678474,-0.232935755608812,0.236600005602382,-0.165239275476055,0.161892411892179,0.00404803402890253,-0.514665684332337,0.522761752390142,-0.365092016763124,0.357697205982527,499,"Tmax","Maximum temperature","Thermal","Retained process","ga",72,"-80:-1","Cycle duration + cultivar"
-24,0.00334536226405026,-0.232638000915562,0.239328725443663,-0.16135557981916,0.164251541803713,0.00739149365226033,-0.514007802838084,0.528790790142605,-0.356511089040069,0.362909644095238,499,"Tmax","Maximum temperature","Thermal","Retained process","ga",72,"-80:-1","Cycle duration + cultivar"
-23,0.00477624787823596,-0.231298433265149,0.240850929021621,-0.158413540129754,0.159811392485119,0.0105529993725883,-0.511048061858398,0.532154060603575,-0.350010726456732,0.353099246023806,499,"Tmax","Maximum temperature","Thermal","Retained process","ga",72,"-80:-1","Cycle duration + cultivar"
-22,0.00611004131801026,-0.228883914692667,0.241103997328687,-0.152510479238497,0.162834329274476,0.0134999823793202,-0.50571324389457,0.532713208653211,-0.336968062116454,0.359778348711676,499,"Tmax","Maximum temperature","Thermal","Retained process","ga",72,"-80:-1","Cycle duration + cultivar"
-21,0.00733200206204165,-0.225383669042479,0.240047673166563,-0.148576078721067,0.157499826843914,0.0161998738618899,-0.497979539302175,0.530379287025955,-0.328275103281311,0.347991899968236,499,"Tmax","Maximum temperature","Thermal","Retained process","ga",72,"-80:-1","Cycle duration + cultivar"
-20,0.00842738958899857,-0.220815794756342,0.237670573934339,-0.147682687718972,0.150739362943646,0.0186201050097311,-0.487886936132368,0.52512714615183,-0.326301178366829,0.333054825277658,499,"Tmax","Maximum temperature","Thermal","Retained process","ga",72,"-80:-1","Cycle duration + cultivar"
-19,0.00938146337754944,-0.215236751146805,0.233999677901904,-0.14239556366678,0.149854132483591,0.0207281070122777,-0.47556017981401,0.517016393838566,-0.31461941095693,0.331098930875248,499,"Tmax","Maximum temperature","Thermal","Retained process","ga",72,"-80:-1","Cycle duration + cultivar"
-18,0.0101794829063628,-0.208755062535893,0.229114028348619,-0.139361743814901,0.148639631355023,0.0224913110589635,-0.461239052102873,0.5062216742208,-0.307916262416564,0.328415521225137,499,"Tmax","Maximum temperature","Thermal","Retained process","ga",72,"-80:-1","Cycle duration + cultivar"
-17,0.0108067076541069,-0.201550907090274,0.223164322398487,-0.137174335884676,0.146573343834178,0.0238771483392223,-0.445321652119493,0.493075948797938,-0.303083239695854,0.32385011099791,499,"Tmax","Maximum temperature","Thermal","Retained process","ga",72,"-80:-1","Cycle duration + cultivar"
-16,0.0112483970994504,-0.193903539190949,0.21640033338985,-0.132789095108853,0.141362858340961,0.0248530500424878,-0.428424985384238,0.478131085469213,-0.293394160666521,0.31233767455353,499,"Tmax","Maximum temperature","Thermal","Retained process","ga",72,"-80:-1","Cycle duration + cultivar"
-15,0.0114898107210617,-0.186228033407253,0.209207654849376,-0.124137910229144,0.136680383985919,0.025386447358194,-0.41146614870226,0.462239043418648,-0.274279585599402,0.30199186541827,499,"Tmax","Maximum temperature","Thermal","Retained process","ga",72,"-80:-1","Cycle duration + cultivar"
-14,0.0115162079976092,-0.179120150289446,0.202152566284664,-0.119413934557671,0.128030061742595,0.0254447714757745,-0.395761460002068,0.446651002953617,-0.263842080350912,0.282879196324513,499,"Tmax","Maximum temperature","Thermal","Retained process","ga",72,"-80:-1","Cycle duration + cultivar"
-13,0.0113128484077614,-0.173400387071793,0.196026083887315,-0.118103672097212,0.130168899696082,0.0249954535846632,-0.383123787254325,0.433114694423652,-0.260947088450229,0.287604904905104,499,"Tmax","Maximum temperature","Thermal","Retained process","ga",72,"-80:-1","Cycle duration + cultivar"
-12,0.0108649914301867,-0.170132544559798,0.191862527420172,-0.107947097016235,0.123334624127084,0.0240059248742939,-0.375903571541498,0.423915421290086,-0.238506391654403,0.272504745191792,499,"Tmax","Maximum temperature","Thermal","Retained process","ga",72,"-80:-1","Cycle duration + cultivar"
-11,0.0101578965435536,-0.170572614982891,0.190888408069998,-0.107942038434637,0.124000794643986,0.0224436165341004,-0.376875896055884,0.421763129124085,-0.238495214845789,0.273976632167956,499,"Tmax","Maximum temperature","Thermal","Retained process","ga",72,"-80:-1","Cycle duration + cultivar"
-10,0.00917682322653057,-0.176006049582393,0.194359696035454,-0.119549307480544,0.129510074819451,0.0202759597535165,-0.388880932934481,0.429432852441514,-0.264141183413936,0.286149247936083,499,"Tmax","Maximum temperature","Thermal","Retained process","ga",72,"-80:-1","Cycle duration + cultivar"
-9,0.00790703095778597,-0.187495229467186,0.203309291382758,-0.125304793881285,0.134497353542258,0.017470385721976,-0.414265986475832,0.449206757919784,-0.276857785634839,0.297168514643853,499,"Tmax","Maximum temperature","Thermal","Retained process","ga",72,"-80:-1","Cycle duration + cultivar"
-8,0.00633377921598831,-0.205662414336906,0.218329972768883,-0.139220544830329,0.151149453781827,0.0139943256289127,-0.454405923811466,0.482394575069292,-0.307604286816975,0.33396091065437,499,"Tmax","Maximum temperature","Thermal","Retained process","ga",72,"-80:-1","Cycle duration + cultivar"
-7,0.00444232747980603,-0.23064632894354,0.239530983903152,-0.162801527001729,0.162121132863509,0.00981521066376046,-0.509607253786404,0.529237675113925,-0.359705872916335,0.358202559207165,499,"Tmax","Maximum temperature","Thermal","Retained process","ga",72,"-80:-1","Cycle duration + cultivar"
-6,0.00221793522790759,-0.262235971364744,0.266671841820559,-0.183002378293942,0.17757765520765,0.00490047201595302,-0.5794037729684,0.589204717000306,-0.404339144984118,0.392353355974513,499,"Tmax","Maximum temperature","Thermal","Retained process","ga",72,"-80:-1","Cycle duration + cultivar"
-5,-0.000354138061038572,-0.300062294544836,0.299354018422759,-0.209760166700282,0.191035846132979,-0.000782459125075807,-0.662980081184268,0.661415162934117,-0.463459804435371,0.422088889810255,499,"Tmax","Maximum temperature","Thermal","Retained process","ga",72,"-80:-1","Cycle duration + cultivar"
-4,-0.00328863290836399,-0.343743218725367,0.337165952908639,-0.230811698631927,0.220116501015359,-0.00726615156989219,-0.75949198283236,0.744959679692575,-0.509972633947211,0.486341864226976,499,"Tmax","Maximum temperature","Thermal","Retained process","ga",72,"-80:-1","Cycle duration + cultivar"
-3,-0.00660028983540023,-0.392956274380182,0.379755694709382,-0.263927591053518,0.259137732794691,-0.0145831741290624,-0.868226989617693,0.839060641359568,-0.583141364058601,0.572558292892945,499,"Tmax","Maximum temperature","Thermal","Retained process","ga",72,"-80:-1","Cycle duration + cultivar"
-2,-0.0103038493634788,-0.447459667720105,0.426851968993147,-0.298260333103585,0.298482955580183,-0.0227660956131525,-0.988650864253899,0.943118673027594,-0.658998692771492,0.659490571525644,499,"Tmax","Maximum temperature","Thermal","Retained process","ga",72,"-80:-1","Cycle duration + cultivar"
-1,-0.0144140520139313,-0.507087966800465,0.478259862772603,-0.346280819109097,0.34007704475826,-0.0318474848327288,-1.12039808902649,1.05670311936103,-0.765098746957692,0.751391663803488,499,"Tmax","Maximum temperature","Thermal","Retained process","ga",72,"-80:-1","Cycle duration + cultivar"
-80,-0.283948827727015,-1.56352703626296,0.995629380808932,-1.3413190344178,0.478978643830018,-0.2334265993991,-1.28533300195306,0.818479803154862,-1.1026618543199,0.393755300590722,499,"Tmin","Minimum temperature","Thermal","Retained process","ga",72,"-80:-1","Cycle duration + cultivar"
-79,-0.183956397859516,-1.34286325213579,0.974950456416762,-1.16662402797794,0.533746182459925,-0.151225545580829,-1.10393131365709,0.801480222495434,-0.959049846439155,0.438778202788186,499,"Tmin","Minimum temperature","Thermal","Retained process","ga",72,"-80:-1","Cycle duration + cultivar"
-78,-0.0908025577355091,-1.13777301693098,0.956167901459961,-0.996055463883639,0.581664056646503,-0.07464631017712,-0.935332215865265,0.786039595511025,-0.818830074448413,0.478170182361916,499,"Tmin","Minimum temperature","Thermal","Retained process","ga",72,"-80:-1","Cycle duration + cultivar"
-77,-0.00431502765756105,-0.948143767760292,0.93951371244517,-0.829525125126926,0.628795506112656,-0.00354726673985741,-0.779443173692239,0.772348640212524,-0.681930017547557,0.516915663587186,499,"Tmin","Minimum temperature","Thermal","Retained process","ga",72,"-80:-1","Cycle duration + cultivar"
-76,0.0756784720717596,-0.773913828449371,0.92527077259289,-0.672606773003096,0.678371633419589,0.0622132111790717,-0.6362134848345,0.760639907192643,-0.552931713124934,0.557670847897226,499,"Tmin","Minimum temperature","Thermal","Retained process","ga",72,"-80:-1","Cycle duration + cultivar"
-75,0.149350221149885,-0.615075719025147,0.913776161324918,-0.525700716941559,0.718233074891971,0.122776750027781,-0.505637000209869,0.751190500265432,-0.43216424466211,0.590439853511821,499,"Tmin","Minimum temperature","Thermal","Retained process","ga",72,"-80:-1","Cycle duration + cultivar"
-74,0.216872499274247,-0.471672030250384,0.905417028798879,-0.394291316366631,0.746370850610655,0.178284976254385,-0.387748732524673,0.744318685033443,-0.324136154703698,0.613571152743602,499,"Tmin","Minimum temperature","Thermal","Retained process","ga",72,"-80:-1","Cycle duration + cultivar"
-73,0.278417586142279,-0.343776785709779,0.900611957994336,-0.277579120189483,0.760555163940062,0.228879516306997,-0.282609534552244,0.740368567166239,-0.22819023627848,0.625231690495418,499,"Tmin","Minimum temperature","Thermal","Retained process","ga",72,"-80:-1","Cycle duration + cultivar"
-72,0.33415776145141,-0.231452915455062,0.899768438357883,-0.148608915185362,0.773711477397774,0.274701996633732,-0.190271139374534,0.739675132641998,-0.122167342579974,0.636047137544965,499,"Tmin","Minimum temperature","Thermal","Retained process","ga",72,"-80:-1","Cycle duration + cultivar"
-71,0.384265304899075,-0.134677579903157,0.903208189701307,-0.0311157032947751,0.761339657066806,0.315894043682702,-0.110714771192216,0.742502858557619,-0.0255793724036555,0.625876600933309,499,"Tmin","Minimum temperature","Thermal","Retained process","ga",72,"-80:-1","Cycle duration + cultivar"
-70,0.428912496182705,-0.05323655903867,0.91106155140408,0.0660387707421513,0.791584058855225,0.352597283902021,-0.0437643255638061,0.748958893367848,0.0542886752033264,0.650739700093971,499,"Tmin","Minimum temperature","Thermal","Retained process","ga",72,"-80:-1","Cycle duration + cultivar"
-69,0.468271614999731,0.0133904624210844,0.923152767578378,0.161743830958236,0.787528718301089,0.384953343739804,0.011007934536501,0.758898752943107,0.132965199175471,0.647405915050607,499,"Tmin","Minimum temperature","Thermal","Retained process","ga",72,"-80:-1","Cycle duration + cultivar"
-68,0.502514941047587,0.0661086017302014,0.938921280364973,0.21243662380555,0.810652482390551,0.413103849644165,0.0543460813571171,0.771861617931212,0.174638363819657,0.666415331852635,499,"Tmin","Minimum temperature","Thermal","Retained process","ga",72,"-80:-1","Cycle duration + cultivar"
-67,0.531814754023703,0.106202231477396,0.957427276570011,0.258560460898967,0.842977619843032,0.437190428063216,0.087305962629991,0.787074893496441,0.212555514350404,0.692988947144666,499,"Tmin","Minimum temperature","Thermal","Retained process","ga",72,"-80:-1","Cycle duration + cultivar"
-66,0.556343333625513,0.13523060679101,0.977456060460016,0.293464506286659,0.860006359448423,0.457354705445073,0.111169399537898,0.803540011352247,0.241249179632776,0.706987810284756,499,"Tmin","Minimum temperature","Thermal","Retained process","ga",72,"-80:-1","Cycle duration + cultivar"
-65,0.576272959550447,0.154861640325288,0.997684278775607,0.307159800225887,0.883864544710077,0.473738308237848,0.127307537656931,0.820169078818764,0.252507707859836,0.726600974734288,499,"Tmin","Minimum temperature","Thermal","Retained process","ga",72,"-80:-1","Cycle duration + cultivar"
-64,0.591775911495939,0.166707353146194,1.01684446984568,0.308623434672192,0.890046186351829,0.486482862889656,0.137045575610379,0.835920150168933,0.253710921883641,0.731682734002986,499,"Tmin","Minimum temperature","Thermal","Retained process","ga",72,"-80:-1","Cycle duration + cultivar"
-63,0.603024469159419,0.172208607511129,1.03384033080771,0.31238305980084,0.907520382127012,0.49572999584861,0.141568007025629,0.849891984671591,0.256801607327989,0.74604779453057,499,"Tmin","Minimum temperature","Thermal","Retained process","ga",72,"-80:-1","Cycle duration + cultivar"
-62,0.610190912238321,0.172581389931102,1.04780043454554,0.314866177935191,0.923850730498509,0.501621333562825,0.141874461302291,0.861368205823359,0.258842911131382,0.759472529254342,499,"Tmin","Minimum temperature","Thermal","Retained process","ga",72,"-80:-1","Cycle duration + cultivar"
-61,0.613447520430075,0.168811314953337,1.05808372590681,0.311272828026709,0.939219041856194,0.504298502480414,0.138775185321531,0.869821819639297,0.255888916017887,0.772106399545154,499,"Tmin","Minimum temperature","Thermal","Retained process","ga",72,"-80:-1","Cycle duration + cultivar"
-60,0.612966573432115,0.161675661339438,1.06425748552479,0.306276237538878,0.957255141243318,0.50390312904949,0.132909158788103,0.874897099310877,0.251781355034097,0.786933385731581,499,"Tmin","Minimum temperature","Thermal","Retained process","ga",72,"-80:-1","Cycle duration + cultivar"
-59,0.608920350941872,0.151776168330357,1.06606453355339,0.307564748361836,0.964946172303308,0.500576839718169,0.124771055146744,0.876382624289594,0.252840604695734,0.793255972940612,499,"Tmin","Minimum temperature","Thermal","Retained process","ga",72,"-80:-1","Cycle duration + cultivar"
-58,0.601481132656778,0.139572571887517,1.06338969342604,0.30127621450984,0.950152863295778,0.494461260934563,0.114738810812812,0.874183711056314,0.24767097225165,0.781094796424653,499,"Tmin","Minimum temperature","Thermal","Retained process","ga",72,"-80:-1","Cycle duration + cultivar"
-57,0.590821198274265,0.125412256463689,1.05623014008484,0.291709990774651,0.954586835303677,0.485698019146786,0.103098001085713,0.868298037207859,0.239806840205494,0.78473984407609,499,"Tmin","Minimum temperature","Thermal","Retained process","ga",72,"-80:-1","Cycle duration + cultivar"
-56,0.577112827491766,0.109554623853013,1.04467103113052,0.285219123415128,0.946190743084375,0.474428740802953,0.0900618731169475,0.858795608488959,0.234470874894376,0.777837645286677,499,"Tmin","Minimum temperature","Thermal","Retained process","ga",72,"-80:-1","Cycle duration + cultivar"
-55,0.560528300006711,0.0921903545063946,1.02886624550703,0.272221582003596,0.923131044420977,0.460795052351177,0.0757871801130096,0.845802924589345,0.22378595002066,0.758880894926925,499,"Tmin","Minimum temperature","Thermal","Retained process","ga",72,"-80:-1","Cycle duration + cultivar"
-54,0.541239895516534,0.0734563436130469,1.00902344742002,0.249066462783871,0.895555748051157,0.444938580239572,0.0603864598813205,0.829490700597824,0.204750757019837,0.736211994651634,499,"Tmin","Minimum temperature","Thermal","Retained process","ga",72,"-80:-1","Cycle duration + cultivar"
-53,0.519419893718666,0.0534472242651795,0.985392563172152,0.228446541474115,0.881289573249748,0.427000950916251,0.0439375077101435,0.810064394122359,0.187799681187818,0.724484160812758,499,"Tmin","Minimum temperature","Thermal","Retained process","ga",72,"-80:-1","Cycle duration + cultivar"
-52,0.495240574310539,0.032224322488149,0.958256826132929,0.212470271843948,0.851272628231405,0.40712379082933,0.0264907380550278,0.787756843603631,0.174666024955794,0.699808047669169,499,"Tmin","Minimum temperature","Thermal","Retained process","ga",72,"-80:-1","Cycle duration + cultivar"
-51,0.468874216989586,0.00982276184497949,0.927925672134193,0.186567064793176,0.819749798577873,0.38544872642692,0.00807502504072725,0.762822427813113,0.153371703779003,0.673893987771956,499,"Tmin","Minimum temperature","Thermal","Retained process","ga",72,"-80:-1","Cycle duration + cultivar"
-50,0.440493101453238,-0.0137426920684456,0.894728894974921,0.157058801724629,0.794092157431134,0.362117384157137,-0.011297492938447,0.735532261252721,0.129113764215022,0.652801539638155,499,"Tmin","Minimum temperature","Thermal","Retained process","ga",72,"-80:-1","Cycle duration + cultivar"
-49,0.410269507398927,-0.0384725649650861,0.859011579762941,0.126273898894602,0.764070161715894,0.337271390468094,-0.031627248056804,0.706170028992992,0.103806333865799,0.628121274454176,499,"Tmin","Minimum temperature","Thermal","Retained process","ga",72,"-80:-1","Cycle duration + cultivar"
-48,0.378375714524086,-0.0643779903566641,0.821129419404836,0.100695653911198,0.727904485853458,0.311052371807905,-0.0529233928711671,0.675028136486977,0.0827791551559325,0.598390457112487,499,"Tmin","Minimum temperature","Thermal","Retained process","ga",72,"-80:-1","Cycle duration + cultivar"
-47,0.344984002526146,-0.0914760888660274,0.78144409391832,0.0735389919973945,0.692487593277953,0.283601954624683,-0.075200001779388,0.642403911028755,0.0604544028675921,0.56927519412175,499,"Tmin","Minimum temperature","Thermal","Retained process","ga",72,"-80:-1","Cycle duration + cultivar"
-46,0.31026665110254,-0.119785161946643,0.740318464151722,0.0473237448768011,0.640861397150702,0.255061765366543,-0.0984721199080165,0.608595650641103,0.038903562046195,0.52683470405753,499,"Tmin","Minimum temperature","Thermal","Retained process","ga",72,"-80:-1","Cycle duration + cultivar"
-45,0.274395939950699,-0.149319532592414,0.698111412493811,0.0216566042224613,0.596268759994653,0.225573430481599,-0.122751521800328,0.573898382763526,0.0178033046258651,0.490176311300996,499,"Tmin","Minimum temperature","Thermal","Retained process","ga",72,"-80:-1","Cycle duration + cultivar"
-44,0.237544148768055,-0.18008396541317,0.65517226294928,-0.00426430377095011,0.552306223764043,0.195278576417964,-0.148042124312325,0.538599277148252,-0.00350556801387682,0.454035907357731,499,"Tmin","Minimum temperature","Thermal","Retained process","ga",72,"-80:-1","Cycle duration + cultivar"
-43,0.199883557252041,-0.212067721563048,0.611834836067129,-0.0344683315327577,0.513784627162491,0.164318829623751,-0.174335099331237,0.502972758578739,-0.0283354767866398,0.42236835172771,499,"Tmin","Minimum temperature","Thermal","Retained process","ga",72,"-80:-1","Cycle duration + cultivar"
-42,0.161586445100088,-0.24523844587802,0.568411336078196,-0.0812297774564519,0.473277749412561,0.132835816547076,-0.201603848557745,0.467275481651897,-0.0667767881747845,0.389068750524456,499,"Tmin","Minimum temperature","Thermal","Retained process","ga",72,"-80:-1","Cycle duration + cultivar"
-41,0.122825092009629,-0.279536227489203,0.525186411508461,-0.125650237592259,0.425008999419363,0.100971163636051,-0.229799120897902,0.431741448170004,-0.103293638891327,0.349388325504389,499,"Tmin","Minimum temperature","Thermal","Retained process","ga",72,"-80:-1","Cycle duration + cultivar"
-40,0.0837717776780956,-0.314868292491968,0.482411847848159,-0.173500394662667,0.377166994555011,0.068866497338791,-0.258844649450929,0.396577644128511,-0.142629950067778,0.310058716034554,499,"Tmin","Minimum temperature","Thermal","Retained process","ga",72,"-80:-1","Cycle duration + cultivar"
-39,0.0445987818029196,-0.35110484330701,0.44030240691285,-0.206212136644176,0.338135981901513,0.0366634441034093,-0.288633731161243,0.361960619368062,-0.169521382415952,0.277972383339537,499,"Tmin","Minimum temperature","Thermal","Retained process","ga",72,"-80:-1","Cycle duration + cultivar"
-38,0.00547838408153345,-0.388076525320847,0.399033293483914,-0.235173106955253,0.288196353193306,0.00450363037801987,-0.319027144212597,0.328034404968636,-0.193329407506699,0.236918374425587,499,"Tmin","Minimum temperature","Thermal","Retained process","ga",72,"-80:-1","Cycle duration + cultivar"
-37,-0.0334171357886313,-0.425573868341568,0.358739596764305,-0.268851347084247,0.24813085069091,-0.0274713173892637,-0.349852688864055,0.294910054085528,-0.221015371664351,0.203981615794762,499,"Tmin","Minimum temperature","Thermal","Retained process","ga",72,"-80:-1","Cycle duration + cultivar"
-36,-0.0719154981101427,-0.463348838773501,0.319517842553215,-0.3097313891398,0.199793791973872,-0.0591197727503275,-0.380906463450527,0.262666917949872,-0.254621741082062,0.164245036032861,499,"Tmin","Minimum temperature","Thermal","Retained process","ga",72,"-80:-1","Cycle duration + cultivar"
-35,-0.109844423185568,-0.501118395822781,0.281429549451645,-0.356421458361517,0.150835091424061,-0.0903001092570574,-0.411955787842526,0.231355569328411,-0.293004375627085,0.123997421447432,499,"Tmin","Minimum temperature","Thermal","Retained process","ga",72,"-80:-1","Cycle duration + cultivar"
-34,-0.147031631317476,-0.538569731454546,0.244506468819594,-0.400848777817023,0.111588318514056,-0.12087070046134,-0.442743511072296,0.201002110149617,-0.329526865203575,0.0917337181206523,499,"Tmin","Minimum temperature","Thermal","Retained process","ga",72,"-80:-1","Cycle duration + cultivar"
-33,-0.183304842808434,-0.575366740384925,0.208757054768058,-0.439515556338594,0.0727560042235491,-0.150689919915061,-0.472993330138056,0.171613490307935,-0.361313770936765,0.0598107299393293,499,"Tmin","Minimum temperature","Thermal","Retained process","ga",72,"-80:-1","Cycle duration + cultivar"
-32,-0.21849177796101,-0.61115723867377,0.17417368275175,-0.475880932894546,0.0441685012629695,-0.179616141170107,-0.502415724212514,0.1431834418723,-0.39120875678078,0.0363097221879776,499,"Tmin","Minimum temperature","Thermal","Retained process","ga",72,"-80:-1","Cycle duration + cultivar"
-31,-0.252420157077773,-0.64558052295514,0.140740208799594,-0.512766655629737,0.0176401525910385,-0.207507737778364,-0.530714168880416,0.115698693323688,-0.421531505049815,0.0145014891069247,499,"Tmin","Minimum temperature","Thermal","Retained process","ga",72,"-80:-1","Cycle duration + cultivar"
-30,-0.28491770046129,-0.678275010515758,0.108439609593178,-0.553816441830993,-0.0163699568249542,-0.234223083291718,-0.55759141683901,0.0891452502555743,-0.455277416507605,-0.013457295754828,499,"Tmin","Minimum temperature","Thermal","Retained process","ga",72,"-80:-1","Cycle duration + cultivar"
-29,-0.315812128414128,-0.708885889493716,0.0772616326654596,-0.590353323529066,-0.0459007672204105,-0.259620551262055,-0.582755786918086,0.0635146843939755,-0.485313392058903,-0.0377337708623008,499,"Tmin","Minimum temperature","Thermal","Retained process","ga",72,"-80:-1","Cycle duration + cultivar"
-28,-0.344931161238858,-0.737072910629843,0.0472105881521278,-0.612853018570509,-0.0718392886337698,-0.283558515241262,-0.605927569466603,0.0388105389840783,-0.503809778689843,-0.0590571230149717,499,"Tmin","Minimum temperature","Thermal","Retained process","ga",72,"-80:-1","Cycle duration + cultivar"
-27,-0.372102519238045,-0.762518652692916,0.0183136142168261,-0.642168844823399,-0.101499030763493,-0.305895348781225,-0.626845821133696,0.0150551235712463,-0.527909521187691,-0.0834395893903975,499,"Tmin","Minimum temperature","Thermal","Retained process","ga",72,"-80:-1","Cycle duration + cultivar"
-26,-0.397153922714258,-0.784937791738173,-0.00937005369034355,-0.66997263359712,-0.12731400705516,-0.326489425433829,-0.645275984873696,-0.00770286599396231,-0.550766258846421,-0.104661378462636,499,"Tmin","Minimum temperature","Thermal","Retained process","ga",72,"-80:-1","Cycle duration + cultivar"
-25,-0.419913091970066,-0.804088106307488,-0.0357380776326447,-0.691160244769961,-0.152731319236233,-0.345199118750962,-0.661018937021523,-0.0293793004804,-0.56818401705679,-0.125556258697878,499,"Tmin","Minimum temperature","Thermal","Retained process","ga",72,"-80:-1","Cycle duration + cultivar"
-24,-0.440207747308036,-0.819784159711344,-0.0606313349047272,-0.71143021418812,-0.177871115203861,-0.361882802284508,-0.673922235124135,-0.0498433694448809,-0.584847406967854,-0.146223000410762,499,"Tmin","Minimum temperature","Thermal","Retained process","ga",72,"-80:-1","Cycle duration + cultivar"
-23,-0.457865609030736,-0.831914796604394,-0.0838164214570766,-0.734138143772176,-0.199366535840722,-0.376398849586355,-0.683894501398861,-0.0689031977738493,-0.603514977546086,-0.163893800399906,499,"Tmin","Minimum temperature","Thermal","Retained process","ga",72,"-80:-1","Cycle duration + cultivar"
-22,-0.472714397440733,-0.840465693576482,-0.104963101304985,-0.753159067536821,-0.221943852727173,-0.388605634208389,-0.690923960960234,-0.0862873074565429,-0.619151561036683,-0.182453997835997,499,"Tmin","Minimum temperature","Thermal","Retained process","ga",72,"-80:-1","Cycle duration + cultivar"
-21,-0.484581832840597,-0.845548001928391,-0.123615663752803,-0.765689848449082,-0.231740578483708,-0.398361529702495,-0.695101988266001,-0.101621071138989,-0.629452774813752,-0.190507619317372,499,"Tmin","Minimum temperature","Thermal","Retained process","ga",72,"-80:-1","Cycle duration + cultivar"
-20,-0.493295635532895,-0.847433162894347,-0.139158108171443,-0.774228413304886,-0.24320006839736,-0.40552490962056,-0.696651727763521,-0.114398091477599,-0.636472096478131,-0.199928153935546,499,"Tmin","Minimum temperature","Thermal","Retained process","ga",72,"-80:-1","Cycle duration + cultivar"
-19,-0.498683525820195,-0.846591450033134,-0.150775601607255,-0.772995097667127,-0.2524935338005,-0.40995414751447,-0.695959778540007,-0.123948516488933,-0.63545822127529,-0.207568058784083,499,"Tmin","Minimum temperature","Thermal","Retained process","ga",72,"-80:-1","Cycle duration + cultivar"
-18,-0.500573224005065,-0.843726619108145,-0.157419828901984,-0.772349796531863,-0.272028730018892,-0.411507616936111,-0.693604679045402,-0.129410554826821,-0.634927736783424,-0.22362741165536,499,"Tmin","Minimum temperature","Thermal","Retained process","ga",72,"-80:-1","Cycle duration + cultivar"
-17,-0.498792450390072,-0.839790762021131,-0.157794138759014,-0.777307447242979,-0.284816030637979,-0.41004369143737,-0.690369118106845,-0.129718264767895,-0.639003286437098,-0.234139503298425,499,"Tmin","Minimum temperature","Thermal","Retained process","ga",72,"-80:-1","Cycle duration + cultivar"
-16,-0.493168925277786,-0.835954776968235,-0.150383073587337,-0.775173817954699,-0.278882599588709,-0.405420744570132,-0.687215659248039,-0.123625829892225,-0.637249287897544,-0.229261791199076,499,"Tmin","Minimum temperature","Thermal","Retained process","ga",72,"-80:-1","Cycle duration + cultivar"
-15,-0.483530368970773,-0.833510103017016,-0.13355063492453,-0.76491648241254,-0.254183854954051,-0.397497149886284,-0.685205959360772,-0.109788340411796,-0.628817011653728,-0.208957625777278,499,"Tmin","Minimum temperature","Thermal","Retained process","ga",72,"-80:-1","Cycle duration + cultivar"
-14,-0.469704501771603,-0.833700204376821,-0.105708799166385,-0.756927947691872,-0.231634208190341,-0.386131280937712,-0.685362236512241,-0.0869003253631822,-0.622249854786224,-0.190420175195639,499,"Tmin","Minimum temperature","Thermal","Retained process","ga",72,"-80:-1","Cycle duration + cultivar"
-13,-0.451519043982842,-0.837526081611124,-0.0655120063545609,-0.753039016126984,-0.190232586547649,-0.371181511276302,-0.688507386008616,-0.0538556365439874,-0.619052870041634,-0.156385029401859,499,"Tmin","Minimum temperature","Thermal","Retained process","ga",72,"-80:-1","Cycle duration + cultivar"
-12,-0.428801715907059,-0.845605385739545,-0.0119980460745731,-0.749184861211594,-0.149631548920631,-0.35250621445394,-0.6951491619346,-0.00986326697327955,-0.615884474233634,-0.123008021927607,499,"Tmin","Minimum temperature","Thermal","Retained process","ga",72,"-80:-1","Cycle duration + cultivar"
-11,-0.401380237846822,-0.858145231116633,0.055384755422989,-0.748690402800553,-0.0787946069177252,-0.329963764022512,-0.70545782736138,0.0455302993163553,-0.61547799343793,-0.0647749007841511,499,"Tmin","Minimum temperature","Thermal","Retained process","ga",72,"-80:-1","Cycle duration + cultivar"
-10,-0.369082330104699,-0.875022200902811,0.136857540693413,-0.742531832324473,-0.015223650686422,-0.303412533533905,-0.719331924665758,0.112506857597948,-0.610415200346307,-0.0125149486920497,499,"Tmin","Minimum temperature","Thermal","Retained process","ga",72,"-80:-1","Cycle duration + cultivar"
-9,-0.331735712983257,-0.895910938173626,0.232439512207112,-0.755849548427903,0.0659905895278054,-0.272710896540005,-0.736503986779554,0.191082193699543,-0.621363332115933,0.0542490667389783,499,"Tmin","Minimum temperature","Thermal","Retained process","ga",72,"-80:-1","Cycle duration + cultivar"
-8,-0.289168106785065,-0.920402601876388,0.342066388306257,-0.763714535603548,0.141586703458222,-0.237717226592698,-0.756637916606017,0.281203463420621,-0.627828923910851,0.11639457353265,499,"Tmin","Minimum temperature","Thermal","Retained process","ga",72,"-80:-1","Cycle duration + cultivar"
-7,-0.241207231812691,-0.948085538676492,0.465671075051109,-0.766676255767941,0.236010473570377,-0.19828989724387,-0.779395305148014,0.382815510660275,-0.630263673410893,0.194017783799651,499,"Tmin","Minimum temperature","Thermal","Retained process","ga",72,"-80:-1","Cycle duration + cultivar"
-6,-0.187680808368703,-0.978588031558624,0.603226414821218,-0.776433912068744,0.347966063429452,-0.154287282045407,-0.804470573969044,0.495896009878231,-0.638285176956566,0.286053425692312,499,"Tmin","Minimum temperature","Thermal","Retained process","ga",72,"-80:-1","Cycle duration + cultivar"
-5,-0.128416556755668,-1.0115944540319,0.754761340520565,-0.768334078188817,0.4806956020769,-0.105567754549195,-0.831604255125405,0.620468746027015,-0.63162652408089,0.395166765213021,499,"Tmin","Minimum temperature","Thermal","Retained process","ga",72,"-80:-1","Cycle duration + cultivar"
-4,-0.063242197276155,-1.0468464665137,0.920362071961386,-0.766379120043135,0.632163910684503,-0.051989688307121,-0.860583974680757,0.756604598066515,-0.630019406222482,0.519684737264653,499,"Tmin","Minimum temperature","Thermal","Retained process","ga",72,"-80:-1","Cycle duration + cultivar"
-3,0.00801454976726843,-1.08413735084967,1.10016645038421,-0.772988828809204,0.79473646768689,0.00658854312892918,-0.891239795269322,0.904416881527181,-0.635453067817892,0.65333120955496,499,"Tmin","Minimum temperature","Thermal","Retained process","ga",72,"-80:-1","Cycle duration + cultivar"
-2,0.0855259640720343,-1.12330409206821,1.29435602021227,-0.770026998080765,0.967262118792288,0.0703085662070694,-0.92343770672179,1.06405483913593,-0.633018227426158,0.795159849486398,499,"Tmin","Minimum temperature","Thermal","Retained process","ga",72,"-80:-1","Cycle duration + cultivar"
-1,0.169464325335575,-1.16421945959702,1.50314811026817,-0.762894724081284,1.15137956077879,0.139312007375414,-0.957073116249166,1.23569713099999,-0.627154979181717,0.946517785058821,499,"Tmin","Minimum temperature","Thermal","Retained process","ga",72,"-80:-1","Cycle duration + cultivar"
