"id1","id2","same_grid","date_overlap","tmax_correlation","rh_correlation","tmax_srmse","rh_srmse","wetday_agreement","exact_duplicate","near_duplicate","merely_correlated","composite_similarity"
"T001","T002",FALSE,0.875,0.904069937878114,0.890704326707839,0.440875779949484,0.490688818469433,0.914285714285714,FALSE,FALSE,FALSE,0.823725005250485
"T001","T003",FALSE,0.825,0.809492047562134,0.813113654225257,0.640363464469284,0.796319971840923,0.893939393939394,FALSE,FALSE,FALSE,0.751388100879428
"T001","T004",FALSE,0.975,0.940027801848306,0.936888491619221,0.352992770611377,0.392812117869133,0.935897435897436,FALSE,FALSE,FALSE,0.871182240095149
"T001","T005",FALSE,0.85,0.933272870711508,0.922323957216041,0.379089685030699,0.441593010245702,0.941176470588235,FALSE,FALSE,FALSE,0.84107839794811
"T001","T006",FALSE,0.7375,0.955898404322294,0.934389760530035,0.329812042663846,0.601491081400922,0.932203389830508,FALSE,FALSE,FALSE,0.813650044739829
"T001","T007",FALSE,0.825,0.966778564695654,0.960544367592378,0.267106614087449,0.289716397002297,0.96969696969697,FALSE,FALSE,TRUE,0.878737614597643
"T001","T008",FALSE,0.8625,0.939931679414613,0.932802420769162,0.364670501693638,0.590569625386188,0.942028985507246,FALSE,FALSE,FALSE,0.831555512757016
"T001","T009",FALSE,0.975,0.373259106539056,0.362000853572148,1.18216462039394,1.18485606505775,0.743589743589744,FALSE,FALSE,FALSE,0.616437371669596
"T001","T010",FALSE,0,,,,,,FALSE,FALSE,FALSE,0
"T001","T011",TRUE,0,,,,,,FALSE,FALSE,FALSE,0
"T001","T012",FALSE,0,,,,,,FALSE,FALSE,FALSE,0
"T001","T013",FALSE,0,,,,,,FALSE,FALSE,FALSE,0
"T001","T014",FALSE,0,,,,,,FALSE,FALSE,FALSE,0
"T001","T015",FALSE,0,,,,,,FALSE,FALSE,FALSE,0
"T001","T016",FALSE,0,,,,,,FALSE,FALSE,FALSE,0
"T001","T017",FALSE,0,,,,,,FALSE,FALSE,FALSE,0
"T001","T018",FALSE,0,,,,,,FALSE,FALSE,FALSE,0
"T001","T019",TRUE,0,,,,,,FALSE,FALSE,FALSE,0
"T001","T020",FALSE,0,,,,,,FALSE,FALSE,FALSE,0
"T001","T021",FALSE,0,,,,,,FALSE,FALSE,FALSE,0
"T001","T022",FALSE,0,,,,,,FALSE,FALSE,FALSE,0
"T001","T023",FALSE,0,,,,,,FALSE,FALSE,FALSE,0
"T001","T024",FALSE,0,,,,,,FALSE,FALSE,FALSE,0
"T001","T025",FALSE,0,,,,,,FALSE,FALSE,FALSE,0
"T001","T026",FALSE,0,,,,,,FALSE,FALSE,FALSE,0
"T001","T027",FALSE,0,,,,,,FALSE,FALSE,FALSE,0
"T001","T028",FALSE,0,,,,,,FALSE,FALSE,FALSE,0
"T001","T029",FALSE,0,,,,,,FALSE,FALSE,FALSE,0
"T001","T030",FALSE,0,,,,,,FALSE,FALSE,FALSE,0
"T001","T031",FALSE,0,,,,,,FALSE,FALSE,FALSE,0
"T001","T032",TRUE,0,,,,,,FALSE,FALSE,FALSE,0
"T001","T033",FALSE,0,,,,,,FALSE,FALSE,FALSE,0
"T001","T034",FALSE,0,,,,,,FALSE,FALSE,FALSE,0
"T001","T035",FALSE,0,,,,,,FALSE,FALSE,FALSE,0
"T001","T037",FALSE,0,,,,,,FALSE,FALSE,FALSE,0
"T001","T038",FALSE,0,,,,,,FALSE,FALSE,FALSE,0
"T001","T039",FALSE,0,,,,,,FALSE,FALSE,FALSE,0
"T001","T040",FALSE,0,,,,,,FALSE,FALSE,FALSE,0
"T001","V001",FALSE,0.925,0.938248184201113,0.928990151253944,0.370099715508343,0.579076615456257,0.945945945945946,FALSE,FALSE,FALSE,0.842607696275349
"T001","V002",FALSE,0.7625,0.95250990574356,0.932706303611484,0.340541676832754,0.607280914571349,0.934426229508197,FALSE,FALSE,FALSE,0.815958251466021
"T001","V003",FALSE,0.6125,0.944473677573769,0.931335080651857,0.368149251773308,0.615627823278528,0.979591836734694,FALSE,FALSE,FALSE,0.793718613404279
"T001","V004",FALSE,0.825,0.940499596650891,0.925842956900174,0.372912958428551,0.429480455060394,0.939393939393939,FALSE,FALSE,FALSE,0.839522924228023
"T001","V005",FALSE,0.675,0.926605627741822,0.914334533668415,0.405220314050393,0.47495906492962,0.925925925925926,FALSE,FALSE,FALSE,0.801689400534531
"T001","V006",FALSE,0.5125,0.917401080965524,0.918614570171786,0.428360468885473,0.496075700349802,0.951219512195122,FALSE,FALSE,FALSE,0.773703230229852
"T001","V007",FALSE,0.8375,0.951759033779132,0.940742070165699,0.336380459301477,0.562282677851323,0.940298507462687,FALSE,FALSE,FALSE,0.834717832762049
"T001","V008",FALSE,0.7,0.952871582941747,0.931017978350544,0.341303704320881,0.615745448493677,0.928571428571429,FALSE,FALSE,FALSE,0.803599537349473
"T001","V009",FALSE,0.5625,0.940556912285494,0.927102121792328,0.391120481429367,0.625655943192765,0.977777777777778,FALSE,FALSE,FALSE,0.780886067845249
"T001","V010",FALSE,0.8875,0.896671446430417,0.872499433009634,0.462052991356604,0.529268192655092,0.929577464788732,FALSE,FALSE,FALSE,0.820114622060826
"T001","V011",FALSE,0.7125,0.872965772674619,0.841680209574137,0.512854772682079,0.58421830268827,0.912280701754386,FALSE,FALSE,FALSE,0.773071493024777
"T001","V012",FALSE,0.5125,0.877121645443062,0.811230197919847,0.526611270094286,0.629704759495489,0.902439024390244,FALSE,FALSE,FALSE,0.730411164891232
"T001","V013",TRUE,0.9875,0.999652723368031,0.999995745719453,0.0371193996707994,0.00313966041131686,1,FALSE,TRUE,FALSE,0.99129176288612
"T001","V014",TRUE,0.8125,0.999514238068644,0.999993029094804,0.0457051640609419,0.00417948564987361,1,FALSE,FALSE,TRUE,0.960567742370895
"T001","V015",TRUE,0.6375,0.999486384716594,0.999993885772788,0.0456380071472616,0.00377543549013628,1,FALSE,FALSE,FALSE,0.931476593481149
"T001","V016",FALSE,0,,,,,,FALSE,FALSE,FALSE,0
"T001","V017",FALSE,0,,,,,,FALSE,FALSE,FALSE,0
"T001","V018",FALSE,0,,,,,,FALSE,FALSE,FALSE,0
"T001","V019",TRUE,0,,,,,,FALSE,FALSE,FALSE,0
"T001","V020",TRUE,0,,,,,,FALSE,FALSE,FALSE,0
"T001","V021",TRUE,0,,,,,,FALSE,FALSE,FALSE,0
"T001","V022",TRUE,0,,,,,,FALSE,FALSE,FALSE,0
"T001","V023",TRUE,0,,,,,,FALSE,FALSE,FALSE,0
"T001","V024",TRUE,0,,,,,,FALSE,FALSE,FALSE,0
"T001","V025",TRUE,0,,,,,,FALSE,FALSE,FALSE,0
"T001","V026",TRUE,0,,,,,,FALSE,FALSE,FALSE,0
"T001","V027",TRUE,0,,,,,,FALSE,FALSE,FALSE,0
"T001","V028",TRUE,0,,,,,,FALSE,FALSE,FALSE,0
"T001","V029",TRUE,0,,,,,,FALSE,FALSE,FALSE,0
"T001","V030",TRUE,0,,,,,,FALSE,FALSE,FALSE,0
"T001","V031",TRUE,0,,,,,,FALSE,FALSE,FALSE,0
"T001","V032",TRUE,0,,,,,,FALSE,FALSE,FALSE,0
"T001","V033",TRUE,0,,,,,,FALSE,FALSE,FALSE,0
"T002","T003",FALSE,0.7,0.618679387722141,0.602780679460671,0.879585551330712,0.977688909949325,0.910714285714286,FALSE,FALSE,FALSE,0.668763108750936
"T002","T004",FALSE,0.85,0.808370819897045,0.794990305546803,0.616966409647407,0.653889363537651,0.897058823529412,FALSE,FALSE,FALSE,0.76805624983992
"T002","T005",FALSE,0.725,0.775298098917448,0.756185813012122,0.668439046753023,0.711649400329297,0.913793103448276,FALSE,FALSE,FALSE,0.734646160309135
"T002","T006",FALSE,0.6125,0.782524413444141,0.755532822082324,0.668691616326559,0.79189880190766,0.897959183673469,FALSE,FALSE,FALSE,0.707475030018425
"T002","T007",FALSE,0.7,0.854974643887764,0.818041790252149,0.537724902384077,0.625949072232815,0.928571428571429,FALSE,FALSE,FALSE,0.763984814040147
"T002","T008",FALSE,0.7375,0.788644869965448,0.775741240667833,0.648777080940846,0.768080681447918,0.915254237288136,FALSE,FALSE,FALSE,0.736922411811986
"T002","T009",FALSE,0.9,0.414398461707619,0.413539751844355,1.16336823933813,1.12814191344638,0.666666666666667,FALSE,FALSE,FALSE,0.6027836453753
"T002","T010",FALSE,0,,,,,,FALSE,FALSE,FALSE,0
"T002","T011",FALSE,0,,,,,,FALSE,FALSE,FALSE,0
"T002","T012",FALSE,0,,,,,,FALSE,FALSE,FALSE,0
"T002","T013",FALSE,0,,,,,,FALSE,FALSE,FALSE,0
"T002","T014",FALSE,0,,,,,,FALSE,FALSE,FALSE,0
"T002","T015",FALSE,0,,,,,,FALSE,FALSE,FALSE,0
"T002","T016",FALSE,0,,,,,,FALSE,FALSE,FALSE,0
"T002","T017",FALSE,0,,,,,,FALSE,FALSE,FALSE,0
"T002","T018",FALSE,0,,,,,,FALSE,FALSE,FALSE,0
"T002","T019",FALSE,0,,,,,,FALSE,FALSE,FALSE,0
"T002","T020",FALSE,0,,,,,,FALSE,FALSE,FALSE,0
"T002","T021",FALSE,0,,,,,,FALSE,FALSE,FALSE,0
"T002","T022",FALSE,0,,,,,,FALSE,FALSE,FALSE,0
"T002","T023",FALSE,0,,,,,,FALSE,FALSE,FALSE,0
"T002","T024",FALSE,0,,,,,,FALSE,FALSE,FALSE,0
"T002","T025",FALSE,0,,,,,,FALSE,FALSE,FALSE,0
"T002","T026",FALSE,0,,,,,,FALSE,FALSE,FALSE,0
"T002","T027",FALSE,0,,,,,,FALSE,FALSE,FALSE,0
"T002","T028",FALSE,0,,,,,,FALSE,FALSE,FALSE,0
"T002","T029",FALSE,0,,,,,,FALSE,FALSE,FALSE,0
"T002","T030",FALSE,0,,,,,,FALSE,FALSE,FALSE,0
"T002","T031",FALSE,0,,,,,,FALSE,FALSE,FALSE,0
"T002","T032",FALSE,0,,,,,,FALSE,FALSE,FALSE,0
"T002","T033",FALSE,0,,,,,,FALSE,FALSE,FALSE,0
"T002","T034",FALSE,0,,,,,,FALSE,FALSE,FALSE,0
"T002","T035",FALSE,0,,,,,,FALSE,FALSE,FALSE,0
"T002","T037",FALSE,0,,,,,,FALSE,FALSE,FALSE,0
"T002","T038",FALSE,0,,,,,,FALSE,FALSE,FALSE,0
"T002","T039",FALSE,0,,,,,,FALSE,FALSE,FALSE,0
"T002","T040",FALSE,0,,,,,,FALSE,FALSE,FALSE,0
"T002","V001",FALSE,0.8,0.786900718078404,0.771909254017762,0.652177551269665,0.750979859878142,0.921875,FALSE,FALSE,FALSE,0.749015690761142
"T002","V002",FALSE,0.6375,0.77675784505449,0.748429815118891,0.67724686672709,0.800007756911259,0.901960784313726,FALSE,FALSE,FALSE,0.709898965227772
"T002","V003",FALSE,0.4875,0.710589873172991,0.718114255830675,0.762701980945155,0.843280635345313,0.923076923076923,FALSE,FALSE,FALSE,0.670271675611605
"T002","V004",FALSE,0.7,0.784049219116355,0.763917545117518,0.67366819232672,0.690586796556628,0.910714285714286,FALSE,FALSE,FALSE,0.732635745151392
"T002","V005",FALSE,0.55,0.713425080339257,0.699758350841139,0.761631823779716,0.783706925908859,0.886363636363636,FALSE,FALSE,FALSE,0.677761521989224
"T002","V006",FALSE,0.3875,0.690198020213784,0.659805889412148,0.796780355034735,0.855805058744033,0.870967741935484,FALSE,FALSE,FALSE,0.634864770485422
"T002","V007",FALSE,0.7125,0.807402174006278,0.783293599783182,0.623170390422763,0.748044974444516,0.912280701754386,FALSE,FALSE,FALSE,0.738276862961753
"T002","V008",FALSE,0.575,0.77330095967218,0.74719710619313,0.678866901397763,0.80958529341417,0.891304347826087,FALSE,FALSE,FALSE,0.696464555921799
"T002","V009",FALSE,0.4375,0.712128283780104,0.700513755234001,0.789640928452748,0.883578847270509,0.914285714285714,FALSE,FALSE,FALSE,0.654235940202299
"T002","V010",TRUE,0.7625,0.999648384563513,0.999998897148791,0.0337376629780093,0.00150619045491951,1,FALSE,FALSE,FALSE,0.954607281587892
"T002","V011",TRUE,0.5875,0.99956037151767,0.999998064230623,0.0363262414869807,0.00201369386298598,1,FALSE,FALSE,FALSE,0.924932198210207
"T002","V012",TRUE,0.3875,0.999434915121811,0.999998463293167,0.040322369275591,0.00176865029816275,1,FALSE,FALSE,FALSE,0.890988227020767
"T002","V013",FALSE,0.8625,0.90725171908734,0.892125317449768,0.430812693058199,0.491830679958076,0.927536231884058,FALSE,FALSE,FALSE,0.825201882114065
"T002","V014",FALSE,0.6875,0.868646765293046,0.843770648166147,0.51192874329163,0.571145124723303,0.927272727272727,FALSE,FALSE,FALSE,0.772533023233474
"T002","V015",FALSE,0.5125,0.839827129399568,0.819686796181652,0.563045234602072,0.609671652459663,0.926829268292683,FALSE,FALSE,FALSE,0.730347963578144
"T002","V016",FALSE,0,,,,,,FALSE,FALSE,FALSE,0
"T002","V017",FALSE,0,,,,,,FALSE,FALSE,FALSE,0
"T002","V018",FALSE,0,,,,,,FALSE,FALSE,FALSE,0
"T002","V019",FALSE,0,,,,,,FALSE,FALSE,FALSE,0
"T002","V020",FALSE,0,,,,,,FALSE,FALSE,FALSE,0
"T002","V021",FALSE,0,,,,,,FALSE,FALSE,FALSE,0
"T002","V022",FALSE,0,,,,,,FALSE,FALSE,FALSE,0
"T002","V023",FALSE,0,,,,,,FALSE,FALSE,FALSE,0
"T002","V024",FALSE,0,,,,,,FALSE,FALSE,FALSE,0
"T002","V025",FALSE,0,,,,,,FALSE,FALSE,FALSE,0
"T002","V026",FALSE,0,,,,,,FALSE,FALSE,FALSE,0
"T002","V027",FALSE,0,,,,,,FALSE,FALSE,FALSE,0
"T002","V028",FALSE,0,,,,,,FALSE,FALSE,FALSE,0
"T002","V029",FALSE,0,,,,,,FALSE,FALSE,FALSE,0
"T002","V030",FALSE,0,,,,,,FALSE,FALSE,FALSE,0
"T002","V031",FALSE,0,,,,,,FALSE,FALSE,FALSE,0
"T002","V032",FALSE,0,,,,,,FALSE,FALSE,FALSE,0
"T002","V033",FALSE,0,,,,,,FALSE,FALSE,FALSE,0
"T003","T004",FALSE,0.85,0.907199295269667,0.918193266872773,0.431748663732602,0.530932064484823,0.911764705882353,FALSE,FALSE,FALSE,0.818648360248646
"T003","T005",FALSE,0.975,0.913468684424942,0.92456910335039,0.417114444989442,0.515933156828562,0.884615384615385,FALSE,FALSE,FALSE,0.83908717900738
"T003","T006",FALSE,0.9125,0.887946196097762,0.896000720234996,0.472022337457859,0.461015582056417,0.904109589041096,FALSE,FALSE,FALSE,0.827160912970341
"T003","T007",FALSE,1,0.886733866780778,0.909845704389951,0.482362514187061,0.648038834718538,0.8875,FALSE,FALSE,FALSE,0.821030602960097
"T003","T008",FALSE,0.9625,0.876451649302327,0.887705723998932,0.495922658830559,0.481684029948519,0.896103896103896,FALSE,FALSE,FALSE,0.827905590404351
"T003","T009",FALSE,0.8,0.0878460020956513,0.18357306520756,1.39988808982265,1.2820757647188,0.8125,FALSE,FALSE,FALSE,0.545382475811836
"T003","T010",FALSE,0,,,,,,FALSE,FALSE,FALSE,0
"T003","T011",FALSE,0,,,,,,FALSE,FALSE,FALSE,0
"T003","T012",FALSE,0,,,,,,FALSE,FALSE,FALSE,0
"T003","T013",FALSE,0,,,,,,FALSE,FALSE,FALSE,0
"T003","T014",FALSE,0,,,,,,FALSE,FALSE,FALSE,0
"T003","T015",FALSE,0,,,,,,FALSE,FALSE,FALSE,0
"T003","T016",FALSE,0,,,,,,FALSE,FALSE,FALSE,0
"T003","T017",FALSE,0,,,,,,FALSE,FALSE,FALSE,0
"T003","T018",FALSE,0,,,,,,FALSE,FALSE,FALSE,0
"T003","T019",FALSE,0,,,,,,FALSE,FALSE,FALSE,0
"T003","T020",FALSE,0,,,,,,FALSE,FALSE,FALSE,0
"T003","T021",FALSE,0,,,,,,FALSE,FALSE,FALSE,0
"T003","T022",FALSE,0,,,,,,FALSE,FALSE,FALSE,0
"T003","T023",TRUE,0,,,,,,FALSE,FALSE,FALSE,0
"T003","T024",FALSE,0,,,,,,FALSE,FALSE,FALSE,0
"T003","T025",FALSE,0,,,,,,FALSE,FALSE,FALSE,0
"T003","T026",FALSE,0,,,,,,FALSE,FALSE,FALSE,0
"T003","T027",FALSE,0,,,,,,FALSE,FALSE,FALSE,0
"T003","T028",FALSE,0,,,,,,FALSE,FALSE,FALSE,0
"T003","T029",FALSE,0,,,,,,FALSE,FALSE,FALSE,0
"T003","T030",FALSE,0,,,,,,FALSE,FALSE,FALSE,0
"T003","T031",FALSE,0,,,,,,FALSE,FALSE,FALSE,0
"T003","T032",FALSE,0,,,,,,FALSE,FALSE,FALSE,0
"T003","T033",FALSE,0,,,,,,FALSE,FALSE,FALSE,0
"T003","T034",TRUE,0,,,,,,FALSE,FALSE,FALSE,0
"T003","T035",FALSE,0,,,,,,FALSE,FALSE,FALSE,0
"T003","T037",FALSE,0,,,,,,FALSE,FALSE,FALSE,0
"T003","T038",FALSE,0,,,,,,FALSE,FALSE,FALSE,0
"T003","T039",FALSE,0,,,,,,FALSE,FALSE,FALSE,0
"T003","T040",FALSE,0,,,,,,FALSE,FALSE,FALSE,0
"T003","V001",FALSE,0.9,0.8742205657476,0.882725890924725,0.500227321028918,0.494738859215228,0.902777777777778,FALSE,FALSE,FALSE,0.816228986038477
"T003","V002",FALSE,0.9375,0.888400620270739,0.897033614589133,0.471284732986745,0.459697812723798,0.906666666666667,FALSE,FALSE,FALSE,0.832093007856931
"T003","V003",FALSE,0.7875,0.87695511241498,0.895369486399894,0.494461231742979,0.461834940993098,0.904761904761905,FALSE,FALSE,FALSE,0.80307499279895
"T003","V004",FALSE,1,0.921331570661309,0.931726469343826,0.403869425076372,0.490940971177982,0.8875,FALSE,FALSE,FALSE,0.848968421013494
"T003","V005",FALSE,0.85,0.91328860804929,0.926238349761787,0.421195837774884,0.482268074338045,0.882352941176471,FALSE,FALSE,FALSE,0.820959920588847
"T003","V006",FALSE,0.6875,0.920975726421794,0.953002392799512,0.407741877427045,0.433828717659966,0.854545454545454,FALSE,FALSE,FALSE,0.798701383684949
"T003","V007",FALSE,0.9875,0.891154174590585,0.901033375143006,0.465548265512566,0.453526520538814,0.89873417721519,FALSE,FALSE,FALSE,0.840917044986825
"T003","V008",FALSE,0.875,0.884383836339042,0.892551923642972,0.479438891063147,0.468574681869338,0.9,FALSE,FALSE,FALSE,0.818082050770246
"T003","V009",FALSE,0.7375,0.890781586767687,0.932426390014123,0.46961075695381,0.389828821470856,0.898305084745763,FALSE,FALSE,FALSE,0.808304574762939
"T003","V010",FALSE,0.9375,0.694270916311873,0.663813335723025,0.792833881941129,0.879337724026724,0.88,FALSE,FALSE,FALSE,0.727360050470046
"T003","V011",FALSE,0.8875,0.720839963646023,0.686677503486053,0.766689275816505,0.841087251137093,0.887323943661972,FALSE,FALSE,FALSE,0.729062099194673
"T003","V012",FALSE,0.6875,0.740121631115263,0.729377481043889,0.749055929657008,0.804841390772295,0.872727272727273,FALSE,FALSE,FALSE,0.702491397304075
"T003","V013",FALSE,0.8375,0.818692767258092,0.823387520952946,0.622279879506302,0.778645021892669,0.880597014925373,FALSE,FALSE,FALSE,0.755814017926012
"T003","V014",FALSE,0.9875,0.847406473384518,0.864491519411521,0.56383498233145,0.718708013791747,0.860759493670886,FALSE,FALSE,FALSE,0.793435451980701
"T003","V015",FALSE,0.8125,0.838620534396658,0.872056062123475,0.576730120867196,0.697932128608388,0.876923076923077,FALSE,FALSE,FALSE,0.767351129839244
"T003","V016",FALSE,0,,,,,,FALSE,FALSE,FALSE,0
"T003","V017",FALSE,0,,,,,,FALSE,FALSE,FALSE,0
"T003","V018",FALSE,0,,,,,,FALSE,FALSE,FALSE,0
"T003","V019",FALSE,0,,,,,,FALSE,FALSE,FALSE,0
"T003","V020",FALSE,0,,,,,,FALSE,FALSE,FALSE,0
"T003","V021",FALSE,0,,,,,,FALSE,FALSE,FALSE,0
"T003","V022",FALSE,0,,,,,,FALSE,FALSE,FALSE,0
"T003","V023",FALSE,0,,,,,,FALSE,FALSE,FALSE,0
"T003","V024",FALSE,0,,,,,,FALSE,FALSE,FALSE,0
"T003","V025",FALSE,0,,,,,,FALSE,FALSE,FALSE,0
"T003","V026",FALSE,0,,,,,,FALSE,FALSE,FALSE,0
"T003","V027",FALSE,0,,,,,,FALSE,FALSE,FALSE,0
"T003","V028",FALSE,0,,,,,,FALSE,FALSE,FALSE,0
"T003","V029",FALSE,0,,,,,,FALSE,FALSE,FALSE,0
"T003","V030",FALSE,0,,,,,,FALSE,FALSE,FALSE,0
"T003","V031",FALSE,0,,,,,,FALSE,FALSE,FALSE,0
"T003","V032",FALSE,0,,,,,,FALSE,FALSE,FALSE,0
"T003","V033",FALSE,0,,,,,,FALSE,FALSE,FALSE,0
"T004","T005",TRUE,0.875,1,1,0,0,1,FALSE,FALSE,TRUE,0.979166666666667
"T004","T006",FALSE,0.7625,0.981424591250942,0.974109876737861,0.193653751970511,0.350729618096723,0.934426229508197,FALSE,FALSE,FALSE,0.867135121855743
"T004","T007",FALSE,0.85,0.973292081676757,0.977370646850767,0.247458143291494,0.29957873448393,0.970588235294118,FALSE,FALSE,TRUE,0.886305478047112
"T004","T008",FALSE,0.8875,0.980556703646034,0.977103625804411,0.198950920704087,0.341070941717914,0.943661971830986,FALSE,FALSE,TRUE,0.89009845334385
"T004","T009",FALSE,0.95,0.30363713314026,0.265973100720914,1.23027115396145,1.2312710695607,0.75,FALSE,FALSE,FALSE,0.594823289760759
"T004","T010",FALSE,0,,,,,,FALSE,FALSE,FALSE,0
"T004","T011",FALSE,0,,,,,,FALSE,FALSE,FALSE,0
"T004","T012",FALSE,0,,,,,,FALSE,FALSE,FALSE,0
"T004","T013",FALSE,0,,,,,,FALSE,FALSE,FALSE,0
"T004","T014",FALSE,0,,,,,,FALSE,FALSE,FALSE,0
"T004","T015",FALSE,0,,,,,,FALSE,FALSE,FALSE,0
"T004","T016",TRUE,0,,,,,,FALSE,FALSE,FALSE,0
"T004","T017",FALSE,0,,,,,,FALSE,FALSE,FALSE,0
"T004","T018",FALSE,0,,,,,,FALSE,FALSE,FALSE,0
"T004","T019",FALSE,0,,,,,,FALSE,FALSE,FALSE,0
"T004","T020",FALSE,0,,,,,,FALSE,FALSE,FALSE,0
"T004","T021",FALSE,0,,,,,,FALSE,FALSE,FALSE,0
"T004","T022",FALSE,0,,,,,,FALSE,FALSE,FALSE,0
"T004","T023",FALSE,0,,,,,,FALSE,FALSE,FALSE,0
"T004","T024",FALSE,0,,,,,,FALSE,FALSE,FALSE,0
"T004","T025",FALSE,0,,,,,,FALSE,FALSE,FALSE,0
"T004","T026",FALSE,0,,,,,,FALSE,FALSE,FALSE,0
"T004","T027",TRUE,0,,,,,,FALSE,FALSE,FALSE,0
"T004","T028",FALSE,0,,,,,,FALSE,FALSE,FALSE,0
"T004","T029",FALSE,0,,,,,,FALSE,FALSE,FALSE,0
"T004","T030",FALSE,0,,,,,,FALSE,FALSE,FALSE,0
"T004","T031",FALSE,0,,,,,,FALSE,FALSE,FALSE,0
"T004","T032",FALSE,0,,,,,,FALSE,FALSE,FALSE,0
"T004","T033",FALSE,0,,,,,,FALSE,FALSE,FALSE,0
"T004","T034",FALSE,0,,,,,,FALSE,FALSE,FALSE,0
"T004","T035",FALSE,0,,,,,,FALSE,FALSE,FALSE,0
"T004","T037",FALSE,0,,,,,,FALSE,FALSE,FALSE,0
"T004","T038",TRUE,0,,,,,,FALSE,FALSE,FALSE,0
"T004","T039",FALSE,0,,,,,,FALSE,FALSE,FALSE,0
"T004","T040",FALSE,0,,,,,,FALSE,FALSE,FALSE,0
"T004","V001",FALSE,0.95,0.979073849146152,0.975775861671344,0.205872283191785,0.340627295567626,0.947368421052632,FALSE,FALSE,TRUE,0.900009045325061
"T004","V002",FALSE,0.7875,0.981446926034551,0.974434099002904,0.193869594436628,0.352487881094739,0.936507936507937,FALSE,FALSE,FALSE,0.871441809743177
"T004","V003",FALSE,0.6375,0.979285710997096,0.975131172014696,0.204051777071431,0.330905568831643,0.941176470588235,FALSE,FALSE,FALSE,0.848263009219524
"T004","V004",TRUE,0.85,1,0.999981349816431,0.050285543019586,0.00709920709914275,1,FALSE,FALSE,TRUE,0.965645742334603
"T004","V005",TRUE,0.7,1,0.999975237056432,0.0527885091881125,0.00829948921929206,1,FALSE,FALSE,FALSE,0.940050513723176
"T004","V006",TRUE,0.5375,1,0.999973911083175,0.0534604712917814,0.00834622079114966,1,FALSE,FALSE,FALSE,0.912853146499329
"T004","V007",FALSE,0.8625,0.980637215177439,0.978139094567315,0.198090880941287,0.32907926228514,0.942028985507246,FALSE,FALSE,TRUE,0.88729973656306
"T004","V008",FALSE,0.725,0.980519502974792,0.974529812414123,0.198273705323347,0.342903821187212,0.931034482758621,FALSE,FALSE,FALSE,0.860568491954041
"T004","V009",FALSE,0.5875,0.97900064412659,0.977262178089543,0.205502814164862,0.307016568787658,0.936170212765957,FALSE,FALSE,FALSE,0.841946306534695
"T004","V010",FALSE,0.9125,0.804672382510806,0.772628012497974,0.627147453863237,0.676481845235019,0.931506849315068,FALSE,FALSE,FALSE,0.77919545796046
"T004","V011",FALSE,0.7375,0.800521929546971,0.747776389988124,0.644880898568402,0.708326946576634,0.915254237288136,FALSE,FALSE,FALSE,0.740682643979758
"T004","V012",FALSE,0.5375,0.798887126965432,0.71400699102663,0.662477528842205,0.758529694166285,0.906976744186046,FALSE,FALSE,FALSE,0.697475125660938
"T004","V013",FALSE,0.9875,0.941240244090714,0.938652265805255,0.347077842127243,0.388495668318843,0.936708860759494,FALSE,FALSE,FALSE,0.874830264326587
"T004","V014",FALSE,0.8375,0.940531312446552,0.925158060357798,0.367084639439261,0.431034253029652,0.940298507462687,FALSE,FALSE,FALSE,0.842205142315056
"T004","V015",FALSE,0.6625,0.939295072660305,0.927768983088307,0.361930592933437,0.442647121107584,0.962264150943396,FALSE,FALSE,FALSE,0.816160118067425
"T004","V016",FALSE,0,,,,,,FALSE,FALSE,FALSE,0
"T004","V017",FALSE,0,,,,,,FALSE,FALSE,FALSE,0
"T004","V018",FALSE,0,,,,,,FALSE,FALSE,FALSE,0
"T004","V019",FALSE,0,,,,,,FALSE,FALSE,FALSE,0
"T004","V020",FALSE,0,,,,,,FALSE,FALSE,FALSE,0
"T004","V021",FALSE,0,,,,,,FALSE,FALSE,FALSE,0
"T004","V022",FALSE,0,,,,,,FALSE,FALSE,FALSE,0
"T004","V023",FALSE,0,,,,,,FALSE,FALSE,FALSE,0
"T004","V024",FALSE,0,,,,,,FALSE,FALSE,FALSE,0
"T004","V025",FALSE,0,,,,,,FALSE,FALSE,FALSE,0
"T004","V026",FALSE,0,,,,,,FALSE,FALSE,FALSE,0
"T004","V027",FALSE,0,,,,,,FALSE,FALSE,FALSE,0
"T004","V028",FALSE,0,,,,,,FALSE,FALSE,FALSE,0
"T004","V029",FALSE,0,,,,,,FALSE,FALSE,FALSE,0
"T004","V030",FALSE,0,,,,,,FALSE,FALSE,FALSE,0
"T004","V031",FALSE,0,,,,,,FALSE,FALSE,FALSE,0
"T004","V032",FALSE,0,,,,,,FALSE,FALSE,FALSE,0
"T004","V033",FALSE,0,,,,,,FALSE,FALSE,FALSE,0
"T005","T006",FALSE,0.8875,0.981136208083996,0.97693522982607,0.196038993346054,0.32871678325556,0.929577464788732,FALSE,FALSE,TRUE,0.889656704433902
"T005","T007",FALSE,0.975,0.977293359131837,0.980493907412204,0.227900516091319,0.276700902267523,0.974358974358974,FALSE,FALSE,TRUE,0.913789556060337
"T005","T008",FALSE,0.9875,0.979072214903779,0.978152878083024,0.20586664564925,0.332745311589462,0.949367088607595,FALSE,FALSE,TRUE,0.907729002878053
"T005","T009",FALSE,0.825,0.235269250961905,0.217230955439665,1.30274620837756,1.25226382012941,0.757575757575758,FALSE,FALSE,FALSE,0.561077864430032
"T005","T010",FALSE,0,,,,,,FALSE,FALSE,FALSE,0
"T005","T011",FALSE,0,,,,,,FALSE,FALSE,FALSE,0
"T005","T012",FALSE,0,,,,,,FALSE,FALSE,FALSE,0
"T005","T013",FALSE,0,,,,,,FALSE,FALSE,FALSE,0
"T005","T014",FALSE,0,,,,,,FALSE,FALSE,FALSE,0
"T005","T015",FALSE,0,,,,,,FALSE,FALSE,FALSE,0
"T005","T016",TRUE,0,,,,,,FALSE,FALSE,FALSE,0
"T005","T017",FALSE,0,,,,,,FALSE,FALSE,FALSE,0
"T005","T018",FALSE,0,,,,,,FALSE,FALSE,FALSE,0
"T005","T019",FALSE,0,,,,,,FALSE,FALSE,FALSE,0
"T005","T020",FALSE,0,,,,,,FALSE,FALSE,FALSE,0
"T005","T021",FALSE,0,,,,,,FALSE,FALSE,FALSE,0
"T005","T022",FALSE,0,,,,,,FALSE,FALSE,FALSE,0
"T005","T023",FALSE,0,,,,,,FALSE,FALSE,FALSE,0
"T005","T024",FALSE,0,,,,,,FALSE,FALSE,FALSE,0
"T005","T025",FALSE,0,,,,,,FALSE,FALSE,FALSE,0
"T005","T026",FALSE,0,,,,,,FALSE,FALSE,FALSE,0
"T005","T027",TRUE,0,,,,,,FALSE,FALSE,FALSE,0
"T005","T028",FALSE,0,,,,,,FALSE,FALSE,FALSE,0
"T005","T029",FALSE,0,,,,,,FALSE,FALSE,FALSE,0
"T005","T030",FALSE,0,,,,,,FALSE,FALSE,FALSE,0
"T005","T031",FALSE,0,,,,,,FALSE,FALSE,FALSE,0
"T005","T032",FALSE,0,,,,,,FALSE,FALSE,FALSE,0
"T005","T033",FALSE,0,,,,,,FALSE,FALSE,FALSE,0
"T005","T034",FALSE,0,,,,,,FALSE,FALSE,FALSE,0
"T005","T035",FALSE,0,,,,,,FALSE,FALSE,FALSE,0
"T005","T037",FALSE,0,,,,,,FALSE,FALSE,FALSE,0
"T005","T038",TRUE,0,,,,,,FALSE,FALSE,FALSE,0
"T005","T039",FALSE,0,,,,,,FALSE,FALSE,FALSE,0
"T005","T040",FALSE,0,,,,,,FALSE,FALSE,FALSE,0
"T005","V001",FALSE,0.925,0.979214446649439,0.977490406951794,0.205237674131447,0.336566122293916,0.945945945945946,FALSE,FALSE,TRUE,0.896328457968494
"T005","V002",FALSE,0.9125,0.981218608140212,0.977248935121556,0.19592784441069,0.3296851984076,0.931506849315068,FALSE,FALSE,TRUE,0.894077042989288
"T005","V003",FALSE,0.7625,0.98085508750944,0.978932228719283,0.199931115468136,0.303687320213493,0.934426229508197,FALSE,FALSE,FALSE,0.872283109538346
"T005","V004",TRUE,0.975,1,0.999983801762017,0.0486006280413927,0.00659658510533858,1,FALSE,FALSE,TRUE,0.986829750927856
"T005","V005",TRUE,0.825,1,0.999980602816678,0.0492402345165302,0.00728654796639099,1,FALSE,FALSE,TRUE,0.961613774395145
"T005","V006",TRUE,0.6625,1,0.999980200151682,0.049268736384873,0.00719613931672723,1,FALSE,FALSE,FALSE,0.934540844889504
"T005","V007",FALSE,0.9875,0.979979788007393,0.979290645634071,0.20152997686242,0.317514240371974,0.936708860759494,FALSE,FALSE,TRUE,0.908213243941194
"T005","V008",FALSE,0.85,0.980630987864793,0.977619066105995,0.199116078987318,0.320132558708848,0.926470588235294,FALSE,FALSE,TRUE,0.883517194604612
"T005","V009",FALSE,0.7125,0.980337808035654,0.980127501200284,0.202929463219516,0.286721365522567,0.929824561403509,FALSE,FALSE,FALSE,0.864935652255648
"T005","V010",FALSE,0.9625,0.821088939210641,0.777786894507472,0.603617285355104,0.667470337700761,0.935064935064935,FALSE,FALSE,FALSE,0.792806255376176
"T005","V011",FALSE,0.8625,0.842482669189521,0.79000650147305,0.582588127303426,0.647854010595143,0.91304347826087,FALSE,FALSE,FALSE,0.778901083318629
"T005","V012",FALSE,0.6625,0.857747164212502,0.775455276957859,0.570717193032422,0.67261238764349,0.905660377358491,FALSE,FALSE,FALSE,0.743375855390717
"T005","V013",FALSE,0.8625,0.935580789100094,0.926108157408342,0.369509508346038,0.432369671661144,0.942028985507246,FALSE,FALSE,FALSE,0.845902683109392
"T005","V014",FALSE,0.9625,0.950191923079266,0.935093985489942,0.328788519930801,0.40861211201256,0.922077922077922,FALSE,FALSE,FALSE,0.868598010195497
"T005","V015",FALSE,0.7875,0.954824056540257,0.945180306051909,0.309424922420852,0.404320130552217,0.936507936507937,FALSE,FALSE,FALSE,0.845884901071263
"T005","V016",FALSE,0,,,,,,FALSE,FALSE,FALSE,0
"T005","V017",FALSE,0,,,,,,FALSE,FALSE,FALSE,0
"T005","V018",FALSE,0,,,,,,FALSE,FALSE,FALSE,0
"T005","V019",FALSE,0,,,,,,FALSE,FALSE,FALSE,0
"T005","V020",FALSE,0,,,,,,FALSE,FALSE,FALSE,0
"T005","V021",FALSE,0,,,,,,FALSE,FALSE,FALSE,0
"T005","V022",FALSE,0,,,,,,FALSE,FALSE,FALSE,0
"T005","V023",FALSE,0,,,,,,FALSE,FALSE,FALSE,0
"T005","V024",FALSE,0,,,,,,FALSE,FALSE,FALSE,0
"T005","V025",FALSE,0,,,,,,FALSE,FALSE,FALSE,0
"T005","V026",FALSE,0,,,,,,FALSE,FALSE,FALSE,0
"T005","V027",FALSE,0,,,,,,FALSE,FALSE,FALSE,0
"T005","V028",FALSE,0,,,,,,FALSE,FALSE,FALSE,0
"T005","V029",FALSE,0,,,,,,FALSE,FALSE,FALSE,0
"T005","V030",FALSE,0,,,,,,FALSE,FALSE,FALSE,0
"T005","V031",FALSE,0,,,,,,FALSE,FALSE,FALSE,0
"T005","V032",FALSE,0,,,,,,FALSE,FALSE,FALSE,0
"T005","V033",FALSE,0,,,,,,FALSE,FALSE,FALSE,0
"T006","T007",FALSE,0.9125,0.976057569012756,0.968732086008529,0.232303272731189,0.493913936013977,0.958904109589041,FALSE,FALSE,TRUE,0.874456319645412
"T006","T008",TRUE,0.875,1,0.99999740944835,0,0.00238391700414663,1,FALSE,FALSE,TRUE,0.978769604498921
"T006","T009",FALSE,0.7125,0.225340172541014,0.117906710796632,1.34157867218568,1.32905026690867,0.771929824561403,FALSE,FALSE,FALSE,0.530369075979086
"T006","T010",FALSE,0,,,,,,FALSE,FALSE,FALSE,0
"T006","T011",FALSE,0,,,,,,FALSE,FALSE,FALSE,0
"T006","T012",FALSE,0,,,,,,FALSE,FALSE,FALSE,0
"T006","T013",FALSE,0,,,,,,FALSE,FALSE,FALSE,0
"T006","T014",TRUE,0,,,,,,FALSE,FALSE,FALSE,0
"T006","T015",FALSE,0,,,,,,FALSE,FALSE,FALSE,0
"T006","T016",FALSE,0,,,,,,FALSE,FALSE,FALSE,0
"T006","T017",FALSE,0,,,,,,FALSE,FALSE,FALSE,0
"T006","T018",FALSE,0,,,,,,FALSE,FALSE,FALSE,0
"T006","T019",FALSE,0,,,,,,FALSE,FALSE,FALSE,0
"T006","T020",FALSE,0,,,,,,FALSE,FALSE,FALSE,0
"T006","T021",FALSE,0,,,,,,FALSE,FALSE,FALSE,0
"T006","T022",FALSE,0,,,,,,FALSE,FALSE,FALSE,0
"T006","T023",FALSE,0,,,,,,FALSE,FALSE,FALSE,0
"T006","T024",FALSE,0,,,,,,FALSE,FALSE,FALSE,0
"T006","T025",FALSE,0,,,,,,FALSE,FALSE,FALSE,0
"T006","T026",TRUE,0,,,,,,FALSE,FALSE,FALSE,0
"T006","T027",FALSE,0,,,,,,FALSE,FALSE,FALSE,0
"T006","T028",FALSE,0,,,,,,FALSE,FALSE,FALSE,0
"T006","T029",FALSE,0,,,,,,FALSE,FALSE,FALSE,0
"T006","T030",FALSE,0,,,,,,FALSE,FALSE,FALSE,0
"T006","T031",FALSE,0,,,,,,FALSE,FALSE,FALSE,0
"T006","T032",FALSE,0,,,,,,FALSE,FALSE,FALSE,0
"T006","T033",FALSE,0,,,,,,FALSE,FALSE,FALSE,0
"T006","T034",FALSE,0,,,,,,FALSE,FALSE,FALSE,0
"T006","T035",FALSE,0,,,,,,FALSE,FALSE,FALSE,0
"T006","T037",FALSE,0,,,,,,FALSE,FALSE,FALSE,0
"T006","T038",FALSE,0,,,,,,FALSE,FALSE,FALSE,0
"T006","T039",TRUE,0,,,,,,FALSE,FALSE,FALSE,0
"T006","T040",FALSE,0,,,,,,FALSE,FALSE,FALSE,0
"T006","V001",TRUE,0.8125,1,0.999998292147176,0,0.00196602115085079,1,FALSE,FALSE,TRUE,0.968422509379403
"T006","V002",TRUE,0.975,1,0.999998731637539,0,0.00165444376376645,1,FALSE,FALSE,TRUE,0.995557714982108
"T006","V003",TRUE,0.875,1,0.999998666964131,0,0.00170794418062112,1,FALSE,FALSE,TRUE,0.978882141168016
"T006","V004",FALSE,0.9125,0.982952457092495,0.979306813955377,0.194091680839981,0.312331611080393,0.931506849315068,FALSE,FALSE,TRUE,0.896742952367583
"T006","V005",FALSE,0.9375,0.980608426106637,0.97826474506392,0.207965734712649,0.321297169892397,0.933333333333333,FALSE,FALSE,TRUE,0.897952082613907
"T006","V006",FALSE,0.775,0.980935230830257,0.9820703139214,0.207380380030166,0.276173860193373,0.935483870967742,FALSE,FALSE,FALSE,0.877229685094724
"T006","V007",TRUE,0.9,1,0.999998708650917,0,0.00167266924348117,1,FALSE,FALSE,TRUE,0.983054680535588
"T006","V008",TRUE,0.9625,1,0.999998720875504,0,0.00166439978326952,1,FALSE,FALSE,TRUE,0.99347272416661
"T006","V009",TRUE,0.825,1,0.999998592324921,0,0.00175583213174469,1,FALSE,FALSE,TRUE,0.97054083410036
"T006","V010",FALSE,0.85,0.840126114628301,0.778877795161536,0.591306458370842,0.709182471374516,0.897058823529412,FALSE,FALSE,FALSE,0.767035104251736
"T006","V011",FALSE,0.975,0.862945334193397,0.816097007159502,0.556070081868069,0.642017744514565,0.91025641025641,FALSE,FALSE,FALSE,0.804077570279771
"T006","V012",FALSE,0.775,0.871599506484255,0.805691250370379,0.561576925548476,0.65300261043357,0.919354838709677,FALSE,FALSE,FALSE,0.770631644044145
"T006","V013",FALSE,0.75,0.958295397208779,0.939358149873653,0.311794440068467,0.582151204822037,0.933333333333333,FALSE,FALSE,FALSE,0.820497886954736
"T006","V014",FALSE,0.925,0.973103968778877,0.953232608706755,0.253805606240543,0.531492510588684,0.932432432432432,FALSE,FALSE,TRUE,0.864028408885284
"T006","V015",FALSE,0.9,0.973256944323521,0.95583993940553,0.252788436416852,0.529565515498882,0.972222222222222,FALSE,FALSE,TRUE,0.867043933432749
"T006","V016",TRUE,0,,,,,,FALSE,FALSE,FALSE,0
"T006","V017",TRUE,0,,,,,,FALSE,FALSE,FALSE,0
"T006","V018",TRUE,0,,,,,,FALSE,FALSE,FALSE,0
"T006","V019",FALSE,0,,,,,,FALSE,FALSE,FALSE,0
"T006","V020",FALSE,0,,,,,,FALSE,FALSE,FALSE,0
"T006","V021",FALSE,0,,,,,,FALSE,FALSE,FALSE,0
"T006","V022",FALSE,0,,,,,,FALSE,FALSE,FALSE,0
"T006","V023",FALSE,0,,,,,,FALSE,FALSE,FALSE,0
"T006","V024",FALSE,0,,,,,,FALSE,FALSE,FALSE,0
"T006","V025",FALSE,0,,,,,,FALSE,FALSE,FALSE,0
"T006","V026",FALSE,0,,,,,,FALSE,FALSE,FALSE,0
"T006","V027",FALSE,0,,,,,,FALSE,FALSE,FALSE,0
"T006","V028",FALSE,0,,,,,,FALSE,FALSE,FALSE,0
"T006","V029",FALSE,0,,,,,,FALSE,FALSE,FALSE,0
"T006","V030",FALSE,0,,,,,,FALSE,FALSE,FALSE,0
"T006","V031",FALSE,0,,,,,,FALSE,FALSE,FALSE,0
"T006","V032",FALSE,0,,,,,,FALSE,FALSE,FALSE,0
"T006","V033",FALSE,0,,,,,,FALSE,FALSE,FALSE,0
"T007","T008",FALSE,0.9625,0.972136238899024,0.963266678403706,0.256643406701938,0.517960360721991,0.974025974025974,FALSE,FALSE,TRUE,0.878934311075732
"T007","T009",FALSE,0.8,0.218450961873975,0.246781240263758,1.32779147676056,1.25481507567591,0.78125,FALSE,FALSE,FALSE,0.560676113763861
"T007","T010",FALSE,0,,,,,,FALSE,FALSE,FALSE,0
"T007","T011",FALSE,0,,,,,,FALSE,FALSE,FALSE,0
"T007","T012",FALSE,0,,,,,,FALSE,FALSE,FALSE,0
"T007","T013",FALSE,0,,,,,,FALSE,FALSE,FALSE,0
"T007","T014",FALSE,0,,,,,,FALSE,FALSE,FALSE,0
"T007","T015",FALSE,0,,,,,,FALSE,FALSE,FALSE,0
"T007","T016",FALSE,0,,,,,,FALSE,FALSE,FALSE,0
"T007","T017",TRUE,0,,,,,,FALSE,FALSE,FALSE,0
"T007","T018",FALSE,0,,,,,,FALSE,FALSE,FALSE,0
"T007","T019",FALSE,0,,,,,,FALSE,FALSE,FALSE,0
"T007","T020",FALSE,0,,,,,,FALSE,FALSE,FALSE,0
"T007","T021",FALSE,0,,,,,,FALSE,FALSE,FALSE,0
"T007","T022",FALSE,0,,,,,,FALSE,FALSE,FALSE,0
"T007","T023",FALSE,0,,,,,,FALSE,FALSE,FALSE,0
"T007","T024",TRUE,0,,,,,,FALSE,FALSE,FALSE,0
"T007","T025",FALSE,0,,,,,,FALSE,FALSE,FALSE,0
"T007","T026",FALSE,0,,,,,,FALSE,FALSE,FALSE,0
"T007","T027",FALSE,0,,,,,,FALSE,FALSE,FALSE,0
"T007","T028",FALSE,0,,,,,,FALSE,FALSE,FALSE,0
"T007","T029",FALSE,0,,,,,,FALSE,FALSE,FALSE,0
"T007","T030",FALSE,0,,,,,,FALSE,FALSE,FALSE,0
"T007","T031",FALSE,0,,,,,,FALSE,FALSE,FALSE,0
"T007","T032",FALSE,0,,,,,,FALSE,FALSE,FALSE,0
"T007","T033",FALSE,0,,,,,,FALSE,FALSE,FALSE,0
"T007","T034",FALSE,0,,,,,,FALSE,FALSE,FALSE,0
"T007","T035",FALSE,0,,,,,,FALSE,FALSE,FALSE,0
"T007","T037",TRUE,0,,,,,,FALSE,FALSE,FALSE,0
"T007","T038",FALSE,0,,,,,,FALSE,FALSE,FALSE,0
"T007","T039",FALSE,0,,,,,,FALSE,FALSE,FALSE,0
"T007","T040",FALSE,0,,,,,,FALSE,FALSE,FALSE,0
"T007","V001",FALSE,0.9,0.970093924032142,0.961995539917462,0.262839561222617,0.53195216146652,0.972222222222222,FALSE,FALSE,TRUE,0.86576487266472
"T007","V002",FALSE,0.9375,0.975634065234421,0.968108149328433,0.234668049314202,0.496479484752693,0.96,FALSE,FALSE,TRUE,0.878145692374897
"T007","V003",FALSE,0.7875,0.974535567984217,0.968224697726892,0.243474174546273,0.491523866029759,0.968253968253968,FALSE,FALSE,FALSE,0.853787894338192
"T007","V004",FALSE,1,0.979361155737937,0.981705879407231,0.232062793161899,0.265948486629933,0.975,FALSE,FALSE,TRUE,0.919151410204765
"T007","V005",FALSE,0.85,0.980024950548596,0.985188872036962,0.220480197178137,0.271422600363251,0.970588235294118,FALSE,FALSE,TRUE,0.89460382538064
"T007","V006",FALSE,0.6875,0.98105641658529,0.987742516248219,0.214819531007065,0.266422179967494,0.963636363636364,FALSE,FALSE,FALSE,0.868056409939303
"T007","V007",FALSE,0.9875,0.975129813107187,0.967648721021076,0.24040201026103,0.480037794845797,0.962025316455696,FALSE,FALSE,TRUE,0.887664380182611
"T007","V008",FALSE,0.875,0.975827007168111,0.967726340080015,0.234851084040535,0.497964246772535,0.957142857142857,FALSE,FALSE,TRUE,0.867062463652059
"T007","V009",FALSE,0.7375,0.973631073644314,0.966652770563549,0.252925196661153,0.485009245902405,0.966101694915254,FALSE,FALSE,FALSE,0.844326847919972
"T007","V010",FALSE,0.9375,0.87629090776206,0.828264172383253,0.503825828185221,0.617394798495135,0.933333333333333,FALSE,FALSE,FALSE,0.811112200437825
"T007","V011",FALSE,0.8875,0.89065964156998,0.837553476901706,0.481883038204558,0.601194671573062,0.915492957746479,FALSE,FALSE,FALSE,0.805479198384139
"T007","V012",FALSE,0.6875,0.904331971632847,0.827368611846473,0.469404052502517,0.613829841774598,0.909090909090909,FALSE,FALSE,FALSE,0.771514991607499
"T007","V013",FALSE,0.8375,0.96797020760617,0.962320482241686,0.257193210516122,0.285681075952109,0.970149253731343,FALSE,FALSE,TRUE,0.882919275642494
"T007","V014",FALSE,0.9875,0.975314863796379,0.96610746945208,0.225033175935886,0.289808876884167,0.949367088607595,FALSE,FALSE,TRUE,0.909079095769667
"T007","V015",FALSE,0.8125,0.977950217270367,0.96872531767023,0.214138298391592,0.285382448749,0.969230769230769,FALSE,FALSE,TRUE,0.885671996143362
"T007","V016",FALSE,0,,,,,,FALSE,FALSE,FALSE,0
"T007","V017",FALSE,0,,,,,,FALSE,FALSE,FALSE,0
"T007","V018",FALSE,0,,,,,,FALSE,FALSE,FALSE,0
"T007","V019",FALSE,0,,,,,,FALSE,FALSE,FALSE,0
"T007","V020",FALSE,0,,,,,,FALSE,FALSE,FALSE,0
"T007","V021",FALSE,0,,,,,,FALSE,FALSE,FALSE,0
"T007","V022",FALSE,0,,,,,,FALSE,FALSE,FALSE,0
"T007","V023",FALSE,0,,,,,,FALSE,FALSE,FALSE,0
"T007","V024",FALSE,0,,,,,,FALSE,FALSE,FALSE,0
"T007","V025",FALSE,0,,,,,,FALSE,FALSE,FALSE,0
"T007","V026",FALSE,0,,,,,,FALSE,FALSE,FALSE,0
"T007","V027",FALSE,0,,,,,,FALSE,FALSE,FALSE,0
"T007","V028",FALSE,0,,,,,,FALSE,FALSE,FALSE,0
"T007","V029",FALSE,0,,,,,,FALSE,FALSE,FALSE,0
"T007","V030",FALSE,0,,,,,,FALSE,FALSE,FALSE,0
"T007","V031",FALSE,0,,,,,,FALSE,FALSE,FALSE,0
"T007","V032",FALSE,0,,,,,,FALSE,FALSE,FALSE,0
"T007","V033",FALSE,0,,,,,,FALSE,FALSE,FALSE,0
"T008","T009",FALSE,0.8375,0.248956230155119,0.236885100061683,1.29776047444434,1.23513652652648,0.776119402985075,FALSE,FALSE,FALSE,0.570079657568284
"T008","T010",FALSE,0,,,,,,FALSE,FALSE,FALSE,0
"T008","T011",FALSE,0,,,,,,FALSE,FALSE,FALSE,0
"T008","T012",FALSE,0,,,,,,FALSE,FALSE,FALSE,0
"T008","T013",FALSE,0,,,,,,FALSE,FALSE,FALSE,0
"T008","T014",TRUE,0,,,,,,FALSE,FALSE,FALSE,0
"T008","T015",FALSE,0,,,,,,FALSE,FALSE,FALSE,0
"T008","T016",FALSE,0,,,,,,FALSE,FALSE,FALSE,0
"T008","T017",FALSE,0,,,,,,FALSE,FALSE,FALSE,0
"T008","T018",FALSE,0,,,,,,FALSE,FALSE,FALSE,0
"T008","T019",FALSE,0,,,,,,FALSE,FALSE,FALSE,0
"T008","T020",FALSE,0,,,,,,FALSE,FALSE,FALSE,0
"T008","T021",FALSE,0,,,,,,FALSE,FALSE,FALSE,0
"T008","T022",FALSE,0,,,,,,FALSE,FALSE,FALSE,0
"T008","T023",FALSE,0,,,,,,FALSE,FALSE,FALSE,0
"T008","T024",FALSE,0,,,,,,FALSE,FALSE,FALSE,0
"T008","T025",FALSE,0,,,,,,FALSE,FALSE,FALSE,0
"T008","T026",TRUE,0,,,,,,FALSE,FALSE,FALSE,0
"T008","T027",FALSE,0,,,,,,FALSE,FALSE,FALSE,0
"T008","T028",FALSE,0,,,,,,FALSE,FALSE,FALSE,0
"T008","T029",FALSE,0,,,,,,FALSE,FALSE,FALSE,0
"T008","T030",FALSE,0,,,,,,FALSE,FALSE,FALSE,0
"T008","T031",FALSE,0,,,,,,FALSE,FALSE,FALSE,0
"T008","T032",FALSE,0,,,,,,FALSE,FALSE,FALSE,0
"T008","T033",FALSE,0,,,,,,FALSE,FALSE,FALSE,0
"T008","T034",FALSE,0,,,,,,FALSE,FALSE,FALSE,0
"T008","T035",FALSE,0,,,,,,FALSE,FALSE,FALSE,0
"T008","T037",FALSE,0,,,,,,FALSE,FALSE,FALSE,0
"T008","T038",FALSE,0,,,,,,FALSE,FALSE,FALSE,0
"T008","T039",TRUE,0,,,,,,FALSE,FALSE,FALSE,0
"T008","T040",FALSE,0,,,,,,FALSE,FALSE,FALSE,0
"T008","V001",TRUE,0.9375,1,0.999998992494907,0,0.00143589425194331,1,FALSE,FALSE,TRUE,0.989344105399737
"T008","V002",TRUE,0.9,1,0.999998901702564,0,0.00149990660094405,1,FALSE,FALSE,TRUE,0.98308344475801
"T008","V003",TRUE,0.75,1,0.999998753892073,0,0.00160060682841216,1,FALSE,FALSE,FALSE,0.958066675067594
"T008","V004",FALSE,0.9625,0.979309528464315,0.978326551723518,0.213721154517503,0.325589178073632,0.948051948051948,FALSE,FALSE,TRUE,0.903174218626311
"T008","V005",FALSE,0.8125,0.979066858003014,0.975227403536847,0.214118640466385,0.335005633375632,0.938461538461538,FALSE,FALSE,TRUE,0.875115888723783
"T008","V006",FALSE,0.65,0.979236055256735,0.980618946759892,0.213711833000136,0.277608321041802,0.942307692307692,FALSE,FALSE,FALSE,0.85623495997774
"T008","V007",TRUE,0.975,1,0.999999072010966,0,0.00137846817725489,1,FALSE,FALSE,TRUE,0.995603669579847
"T008","V008",TRUE,0.8375,1,0.999998841149375,0,0.00154212722094127,1,FALSE,FALSE,TRUE,0.972659746970155
"T008","V009",TRUE,0.7,1,0.999998673011362,0,0.00165424896724068,1,FALSE,FALSE,FALSE,0.949724409175681
"T008","V010",FALSE,0.975,0.823197561997385,0.779760565694017,0.600206781478971,0.715912184989952,0.91025641025641,FALSE,FALSE,FALSE,0.787363286567244
"T008","V011",FALSE,0.85,0.843141870239228,0.784020870686955,0.584481257707957,0.701755510232241,0.897058823529412,FALSE,FALSE,FALSE,0.768958238850045
"T008","V012",FALSE,0.65,0.847193527520562,0.761648097990266,0.600574043564288,0.728456280180549,0.903846153846154,FALSE,FALSE,FALSE,0.731569524728508
"T008","V013",FALSE,0.875,0.942212807292992,0.936432630924867,0.35237285763259,0.577807095532126,0.942857142857143,FALSE,FALSE,FALSE,0.836887554478104
"T008","V014",FALSE,0.95,0.960725182539569,0.942196368208107,0.305617533185351,0.565756926744437,0.934210526315789,FALSE,FALSE,FALSE,0.856711620165905
"T008","V015",FALSE,0.775,0.965739253780667,0.947595558691625,0.28559274044128,0.561064530859678,0.967741935483871,FALSE,FALSE,FALSE,0.836929882761971
"T008","V016",TRUE,0,,,,,,FALSE,FALSE,FALSE,0
"T008","V017",TRUE,0,,,,,,FALSE,FALSE,FALSE,0
"T008","V018",TRUE,0,,,,,,FALSE,FALSE,FALSE,0
"T008","V019",FALSE,0,,,,,,FALSE,FALSE,FALSE,0
"T008","V020",FALSE,0,,,,,,FALSE,FALSE,FALSE,0
"T008","V021",FALSE,0,,,,,,FALSE,FALSE,FALSE,0
"T008","V022",FALSE,0,,,,,,FALSE,FALSE,FALSE,0
"T008","V023",FALSE,0,,,,,,FALSE,FALSE,FALSE,0
"T008","V024",FALSE,0,,,,,,FALSE,FALSE,FALSE,0
"T008","V025",FALSE,0,,,,,,FALSE,FALSE,FALSE,0
"T008","V026",FALSE,0,,,,,,FALSE,FALSE,FALSE,0
"T008","V027",FALSE,0,,,,,,FALSE,FALSE,FALSE,0
"T008","V028",FALSE,0,,,,,,FALSE,FALSE,FALSE,0
"T008","V029",FALSE,0,,,,,,FALSE,FALSE,FALSE,0
"T008","V030",FALSE,0,,,,,,FALSE,FALSE,FALSE,0
"T008","V031",FALSE,0,,,,,,FALSE,FALSE,FALSE,0
"T008","V032",FALSE,0,,,,,,FALSE,FALSE,FALSE,0
"T008","V033",FALSE,0,,,,,,FALSE,FALSE,FALSE,0
"T009","T010",FALSE,0,,,,,,FALSE,FALSE,FALSE,0
"T009","T011",FALSE,0,,,,,,FALSE,FALSE,FALSE,0
"T009","T012",FALSE,0,,,,,,FALSE,FALSE,FALSE,0
"T009","T013",FALSE,0,,,,,,FALSE,FALSE,FALSE,0
"T009","T014",FALSE,0,,,,,,FALSE,FALSE,FALSE,0
"T009","T015",FALSE,0,,,,,,FALSE,FALSE,FALSE,0
"T009","T016",FALSE,0,,,,,,FALSE,FALSE,FALSE,0
"T009","T017",FALSE,0,,,,,,FALSE,FALSE,FALSE,0
"T009","T018",FALSE,0,,,,,,FALSE,FALSE,FALSE,0
"T009","T019",FALSE,0,,,,,,FALSE,FALSE,FALSE,0
"T009","T020",FALSE,0,,,,,,FALSE,FALSE,FALSE,0
"T009","T021",FALSE,0,,,,,,FALSE,FALSE,FALSE,0
"T009","T022",FALSE,0,,,,,,FALSE,FALSE,FALSE,0
"T009","T023",FALSE,0,,,,,,FALSE,FALSE,FALSE,0
"T009","T024",FALSE,0,,,,,,FALSE,FALSE,FALSE,0
"T009","T025",FALSE,0,,,,,,FALSE,FALSE,FALSE,0
"T009","T026",FALSE,0,,,,,,FALSE,FALSE,FALSE,0
"T009","T027",FALSE,0,,,,,,FALSE,FALSE,FALSE,0
"T009","T028",TRUE,0,,,,,,FALSE,FALSE,FALSE,0
"T009","T029",FALSE,0,,,,,,FALSE,FALSE,FALSE,0
"T009","T030",FALSE,0,,,,,,FALSE,FALSE,FALSE,0
"T009","T031",FALSE,0,,,,,,FALSE,FALSE,FALSE,0
"T009","T032",FALSE,0,,,,,,FALSE,FALSE,FALSE,0
"T009","T033",FALSE,0,,,,,,FALSE,FALSE,FALSE,0
"T009","T034",FALSE,0,,,,,,FALSE,FALSE,FALSE,0
"T009","T035",FALSE,0,,,,,,FALSE,FALSE,FALSE,0
"T009","T037",FALSE,0,,,,,,FALSE,FALSE,FALSE,0
"T009","T038",FALSE,0,,,,,,FALSE,FALSE,FALSE,0
"T009","T039",FALSE,0,,,,,,FALSE,FALSE,FALSE,0
"T009","T040",FALSE,0,,,,,,FALSE,FALSE,FALSE,0
"T009","V001",FALSE,0.9,0.254301164560964,0.249059259852563,1.2804864250981,1.22248762308337,0.777777777777778,FALSE,FALSE,FALSE,0.583642789545838
"T009","V002",FALSE,0.7375,0.222992517850154,0.12299377769984,1.3445979729703,1.32614100775448,0.779661016949153,FALSE,FALSE,FALSE,0.536049747742782
"T009","V003",FALSE,0.5875,0.190577242396425,0.0987940883062868,1.39922343224609,1.35428329260112,0.765957446808511,FALSE,FALSE,FALSE,0.500510647196524
"T009","V004",FALSE,0.8,0.194285823684023,0.200375615498717,1.31890940313355,1.26599186641634,0.765625,FALSE,FALSE,FALSE,0.552057001442097
"T009","V005",FALSE,0.65,0.223338917243621,0.1370317992835,1.36273099820964,1.30935668129724,0.75,FALSE,FALSE,FALSE,0.517689973979367
"T009","V006",FALSE,0.4875,0.0830429258622279,-0.00208595263300651,1.43345963471798,1.40894001937971,0.717948717948718,FALSE,FALSE,FALSE,0.454801973893238
"T009","V007",FALSE,0.8125,0.244594088932688,0.239004918244281,1.29882229152478,1.23216735725489,0.784615384615385,FALSE,FALSE,FALSE,0.567237932429061
"T009","V008",FALSE,0.675,0.241016055128594,0.130663709280711,1.36470078657131,1.3282946236576,0.759259259259259,FALSE,FALSE,FALSE,0.523414153597759
"T009","V009",FALSE,0.5375,0.136327409994452,0.0412283657032324,1.41730640010038,1.39311006195215,0.744186046511628,FALSE,FALSE,FALSE,0.47685529635283
"T009","V010",FALSE,0.8625,0.321760319260027,0.356733721802736,1.23755895410592,1.15291497970123,0.753623188405797,FALSE,FALSE,FALSE,0.593529468913081
"T009","V011",FALSE,0.6875,0.26512984824415,0.263950022059341,1.36455665127035,1.21031152369822,0.727272727272727,FALSE,FALSE,FALSE,0.538818497431963
"T009","V012",FALSE,0.4875,0.118147476774002,0.162390738124534,1.44771504073813,1.28733983842609,0.717948717948718,FALSE,FALSE,FALSE,0.476138122090988
"T009","V013",FALSE,0.9625,0.357299427610598,0.329347931531284,1.19417911223362,1.21428841542067,0.753246753246753,FALSE,FALSE,FALSE,0.60982403311544
"T009","V014",FALSE,0.7875,0.183944831293065,0.222671506019903,1.35449884182502,1.27074870353304,0.777777777777778,FALSE,FALSE,FALSE,0.551213997753696
"T009","V015",FALSE,0.6125,0.180297463462211,0.177416391008923,1.40265698283952,1.28664269173803,0.795918367346939,FALSE,FALSE,FALSE,0.518235738224432
"T009","V016",FALSE,0,,,,,,FALSE,FALSE,FALSE,0
"T009","V017",FALSE,0,,,,,,FALSE,FALSE,FALSE,0
"T009","V018",FALSE,0,,,,,,FALSE,FALSE,FALSE,0
"T009","V019",FALSE,0,,,,,,FALSE,FALSE,FALSE,0
"T009","V020",FALSE,0,,,,,,FALSE,FALSE,FALSE,0
"T009","V021",FALSE,0,,,,,,FALSE,FALSE,FALSE,0
"T009","V022",FALSE,0,,,,,,FALSE,FALSE,FALSE,0
"T009","V023",FALSE,0,,,,,,FALSE,FALSE,FALSE,0
"T009","V024",FALSE,0,,,,,,FALSE,FALSE,FALSE,0
"T009","V025",FALSE,0,,,,,,FALSE,FALSE,FALSE,0
"T009","V026",FALSE,0,,,,,,FALSE,FALSE,FALSE,0
"T009","V027",FALSE,0,,,,,,FALSE,FALSE,FALSE,0
"T009","V028",FALSE,0,,,,,,FALSE,FALSE,FALSE,0
"T009","V029",FALSE,0,,,,,,FALSE,FALSE,FALSE,0
"T009","V030",FALSE,0,,,,,,FALSE,FALSE,FALSE,0
"T009","V031",FALSE,0,,,,,,FALSE,FALSE,FALSE,0
"T009","V032",FALSE,0,,,,,,FALSE,FALSE,FALSE,0
"T009","V033",FALSE,0,,,,,,FALSE,FALSE,FALSE,0
"T010","T011",FALSE,0.975,0.56606249489319,0.636925945458164,0.931946003375094,1.14335281931713,0.756410256410256,FALSE,FALSE,FALSE,0.674239942119266
"T010","T012",TRUE,0.7875,0.999770769134958,0.999998573550055,0.0301258975826329,0.00172913764153147,1,FALSE,FALSE,FALSE,0.959330065381748
"T010","T013",FALSE,0.9375,0.480389904451132,0.454849342980723,1.20022714610229,1.12180891321159,0.813333333333333,FALSE,FALSE,FALSE,0.640878146321807
"T010","T014",FALSE,0.8,0.533902952042385,0.64528402926235,0.963103172678735,0.951728260816024,0.71875,FALSE,FALSE,FALSE,0.646020541148026
"T010","T015",FALSE,0.9,0.707477892994564,0.7176144014316,0.791289526005375,0.752475556199529,0.861111111111111,FALSE,FALSE,FALSE,0.73301930252373
"T010","T016",FALSE,0.9125,0.627011491270009,0.678655938326863,0.861723369284344,0.982018438169678,0.767123287671233,FALSE,FALSE,FALSE,0.688240794817269
"T010","T017",FALSE,0.7875,0.596932824566339,0.686120006745082,0.900215578890092,1.07255759439755,0.634920634920635,FALSE,FALSE,FALSE,0.63542690559786
"T010","T018",TRUE,0,,,,,,FALSE,FALSE,FALSE,0
"T010","T019",FALSE,0,,,,,,FALSE,FALSE,FALSE,0
"T010","T020",FALSE,0,,,,,,FALSE,FALSE,FALSE,0
"T010","T021",FALSE,0,,,,,,FALSE,FALSE,FALSE,0
"T010","T022",FALSE,0,,,,,,FALSE,FALSE,FALSE,0
"T010","T023",FALSE,0,,,,,,FALSE,FALSE,FALSE,0
"T010","T024",FALSE,0,,,,,,FALSE,FALSE,FALSE,0
"T010","T025",FALSE,0,,,,,,FALSE,FALSE,FALSE,0
"T010","T026",FALSE,0,,,,,,FALSE,FALSE,FALSE,0
"T010","T027",FALSE,0,,,,,,FALSE,FALSE,FALSE,0
"T010","T028",FALSE,0,,,,,,FALSE,FALSE,FALSE,0
"T010","T029",FALSE,0,,,,,,FALSE,FALSE,FALSE,0
"T010","T030",FALSE,0,,,,,,FALSE,FALSE,FALSE,0
"T010","T031",TRUE,0,,,,,,FALSE,FALSE,FALSE,0
"T010","T032",FALSE,0,,,,,,FALSE,FALSE,FALSE,0
"T010","T033",FALSE,0,,,,,,FALSE,FALSE,FALSE,0
"T010","T034",FALSE,0,,,,,,FALSE,FALSE,FALSE,0
"T010","T035",FALSE,0,,,,,,FALSE,FALSE,FALSE,0
"T010","T037",FALSE,0,,,,,,FALSE,FALSE,FALSE,0
"T010","T038",FALSE,0,,,,,,FALSE,FALSE,FALSE,0
"T010","T039",FALSE,0,,,,,,FALSE,FALSE,FALSE,0
"T010","T040",FALSE,0,,,,,,FALSE,FALSE,FALSE,0
"T010","V001",FALSE,0,,,,,,FALSE,FALSE,FALSE,0
"T010","V002",FALSE,0,,,,,,FALSE,FALSE,FALSE,0
"T010","V003",FALSE,0,,,,,,FALSE,FALSE,FALSE,0
"T010","V004",FALSE,0,,,,,,FALSE,FALSE,FALSE,0
"T010","V005",FALSE,0,,,,,,FALSE,FALSE,FALSE,0
"T010","V006",FALSE,0,,,,,,FALSE,FALSE,FALSE,0
"T010","V007",FALSE,0,,,,,,FALSE,FALSE,FALSE,0
"T010","V008",FALSE,0,,,,,,FALSE,FALSE,FALSE,0
"T010","V009",FALSE,0,,,,,,FALSE,FALSE,FALSE,0
"T010","V010",FALSE,0,,,,,,FALSE,FALSE,FALSE,0
"T010","V011",FALSE,0,,,,,,FALSE,FALSE,FALSE,0
"T010","V012",FALSE,0,,,,,,FALSE,FALSE,FALSE,0
"T010","V013",FALSE,0,,,,,,FALSE,FALSE,FALSE,0
"T010","V014",FALSE,0,,,,,,FALSE,FALSE,FALSE,0
"T010","V015",FALSE,0,,,,,,FALSE,FALSE,FALSE,0
"T010","V016",FALSE,0.95,0.560562423587109,0.654917251041029,0.935124831943053,0.931043986490881,0.75,FALSE,FALSE,FALSE,0.682403119202452
"T010","V017",FALSE,0.975,0.57471216323464,0.657459813731381,0.919793077869404,0.936024252340111,0.743589743589744,FALSE,FALSE,FALSE,0.687576868082974
"T010","V018",FALSE,0.7125,0.480005137632828,0.514754629297575,1.01572755512326,1.0656357089,0.771929824561403,FALSE,FALSE,FALSE,0.614742890641926
"T010","V019",FALSE,0.7625,0.515947511503303,0.64916219396588,0.984410833810424,1.13166823927186,0.704918032786885,FALSE,FALSE,FALSE,0.624354500660507
"T010","V020",FALSE,0.95,0.55158311524776,0.64462644270316,0.946850466390373,1.14510818156725,0.75,FALSE,FALSE,FALSE,0.667375878356331
"T010","V021",FALSE,0.8875,0.551357399208145,0.620364029418357,0.947279331591273,1.13893647932583,0.774647887323944,FALSE,FALSE,FALSE,0.659327098117183
"T010","V022",FALSE,0,,,,,,FALSE,FALSE,FALSE,0
"T010","V023",FALSE,0,,,,,,FALSE,FALSE,FALSE,0
"T010","V024",FALSE,0,,,,,,FALSE,FALSE,FALSE,0
"T010","V025",FALSE,0,,,,,,FALSE,FALSE,FALSE,0
"T010","V026",FALSE,0,,,,,,FALSE,FALSE,FALSE,0
"T010","V027",FALSE,0,,,,,,FALSE,FALSE,FALSE,0
"T010","V028",FALSE,0,,,,,,FALSE,FALSE,FALSE,0
"T010","V029",FALSE,0,,,,,,FALSE,FALSE,FALSE,0
"T010","V030",FALSE,0,,,,,,FALSE,FALSE,FALSE,0
"T010","V031",FALSE,0,,,,,,FALSE,FALSE,FALSE,0
"T010","V032",FALSE,0,,,,,,FALSE,FALSE,FALSE,0
"T010","V033",FALSE,0,,,,,,FALSE,FALSE,FALSE,0
"T011","T012",FALSE,0.8125,0.493689621762998,0.578223856111733,1.00769340315999,1.15252871242013,0.784615384615385,FALSE,FALSE,FALSE,0.635661546109025
"T011","T013",FALSE,0.9125,0.708946350919806,0.776255325619445,1.05493839599006,0.801940234776981,0.767123287671233,FALSE,FALSE,FALSE,0.703149334932909
"T011","T014",FALSE,0.775,0.949141305848592,0.958860397216317,0.324319369197669,0.501155329312129,0.82258064516129,FALSE,FALSE,FALSE,0.813405185634297
"T011","T015",FALSE,0.925,0.857106832798688,0.85142032099095,0.594838135622785,0.908444154780734,0.837837837837838,FALSE,FALSE,FALSE,0.761984040503265
"T011","T016",FALSE,0.9375,0.939471935350664,0.96491861824085,0.351880029497368,0.364296735897759,0.893333333333333,FALSE,FALSE,FALSE,0.8635130227012
"T011","T017",FALSE,0.7625,0.972661088280176,0.980082708460103,0.243957474466451,0.224602083558306,0.836065573770492,FALSE,FALSE,FALSE,0.859548741676552
"T011","T018",FALSE,0,,,,,,FALSE,FALSE,FALSE,0
"T011","T019",TRUE,0,,,,,,FALSE,FALSE,FALSE,0
"T011","T020",FALSE,0,,,,,,FALSE,FALSE,FALSE,0
"T011","T021",FALSE,0,,,,,,FALSE,FALSE,FALSE,0
"T011","T022",FALSE,0,,,,,,FALSE,FALSE,FALSE,0
"T011","T023",FALSE,0,,,,,,FALSE,FALSE,FALSE,0
"T011","T024",FALSE,0,,,,,,FALSE,FALSE,FALSE,0
"T011","T025",FALSE,0,,,,,,FALSE,FALSE,FALSE,0
"T011","T026",FALSE,0,,,,,,FALSE,FALSE,FALSE,0
"T011","T027",FALSE,0,,,,,,FALSE,FALSE,FALSE,0
"T011","T028",FALSE,0,,,,,,FALSE,FALSE,FALSE,0
"T011","T029",FALSE,0,,,,,,FALSE,FALSE,FALSE,0
"T011","T030",FALSE,0,,,,,,FALSE,FALSE,FALSE,0
"T011","T031",FALSE,0,,,,,,FALSE,FALSE,FALSE,0
"T011","T032",TRUE,0,,,,,,FALSE,FALSE,FALSE,0
"T011","T033",FALSE,0,,,,,,FALSE,FALSE,FALSE,0
"T011","T034",FALSE,0,,,,,,FALSE,FALSE,FALSE,0
"T011","T035",FALSE,0,,,,,,FALSE,FALSE,FALSE,0
"T011","T037",FALSE,0,,,,,,FALSE,FALSE,FALSE,0
"T011","T038",FALSE,0,,,,,,FALSE,FALSE,FALSE,0
"T011","T039",FALSE,0,,,,,,FALSE,FALSE,FALSE,0
"T011","T040",FALSE,0,,,,,,FALSE,FALSE,FALSE,0
"T011","V001",FALSE,0,,,,,,FALSE,FALSE,FALSE,0
"T011","V002",FALSE,0,,,,,,FALSE,FALSE,FALSE,0
"T011","V003",FALSE,0,,,,,,FALSE,FALSE,FALSE,0
"T011","V004",FALSE,0,,,,,,FALSE,FALSE,FALSE,0
"T011","V005",FALSE,0,,,,,,FALSE,FALSE,FALSE,0
"T011","V006",FALSE,0,,,,,,FALSE,FALSE,FALSE,0
"T011","V007",FALSE,0,,,,,,FALSE,FALSE,FALSE,0
"T011","V008",FALSE,0,,,,,,FALSE,FALSE,FALSE,0
"T011","V009",FALSE,0,,,,,,FALSE,FALSE,FALSE,0
"T011","V010",FALSE,0,,,,,,FALSE,FALSE,FALSE,0
"T011","V011",FALSE,0,,,,,,FALSE,FALSE,FALSE,0
"T011","V012",FALSE,0,,,,,,FALSE,FALSE,FALSE,0
"T011","V013",TRUE,0,,,,,,FALSE,FALSE,FALSE,0
"T011","V014",TRUE,0,,,,,,FALSE,FALSE,FALSE,0
"T011","V015",TRUE,0,,,,,,FALSE,FALSE,FALSE,0
"T011","V016",FALSE,0.925,0.954756824829319,0.960282754668567,0.307334200301103,0.506624099699105,0.837837837837838,FALSE,FALSE,TRUE,0.843048105437603
"T011","V017",FALSE,0.95,0.956686526867408,0.957707619016052,0.301346786486073,0.498322007486433,0.842105263157895,FALSE,FALSE,TRUE,0.849445462060094
"T011","V018",FALSE,0.7375,0.933581081489119,0.941188872279268,0.374666375726326,0.587078188015685,0.898305084745763,FALSE,FALSE,FALSE,0.802776328057902
"T011","V019",TRUE,0.7375,0.999717495321418,0.999998486885158,0.0356790692613068,0.0018435466753728,1,FALSE,FALSE,FALSE,0.950077678100668
"T011","V020",TRUE,0.925,0.999732578323653,0.999998687143658,0.0350474783784225,0.00170138142569235,1,FALSE,FALSE,TRUE,0.981454211633897
"T011","V021",TRUE,0.9125,0.999731039274658,0.999998861459379,0.0345489550468722,0.00156970132628997,1,FALSE,FALSE,TRUE,0.979472921053613
"T011","V022",TRUE,0,,,,,,FALSE,FALSE,FALSE,0
"T011","V023",TRUE,0,,,,,,FALSE,FALSE,FALSE,0
"T011","V024",TRUE,0,,,,,,FALSE,FALSE,FALSE,0
"T011","V025",TRUE,0,,,,,,FALSE,FALSE,FALSE,0
"T011","V026",TRUE,0,,,,,,FALSE,FALSE,FALSE,0
"T011","V027",TRUE,0,,,,,,FALSE,FALSE,FALSE,0
"T011","V028",TRUE,0,,,,,,FALSE,FALSE,FALSE,0
"T011","V029",TRUE,0,,,,,,FALSE,FALSE,FALSE,0
"T011","V030",TRUE,0,,,,,,FALSE,FALSE,FALSE,0
"T011","V031",TRUE,0,,,,,,FALSE,FALSE,FALSE,0
"T011","V032",TRUE,0,,,,,,FALSE,FALSE,FALSE,0
"T011","V033",TRUE,0,,,,,,FALSE,FALSE,FALSE,0
"T012","T013",FALSE,0.725,0.386439677715063,0.314293001654538,1.26597246441956,1.23284261389935,0.827586206896552,FALSE,FALSE,FALSE,0.579396731834562
"T012","T014",FALSE,0.5875,0.438393165437961,0.561089146868907,1.05555625102559,0.984303165257041,0.74468085106383,FALSE,FALSE,FALSE,0.592270058173199
"T012","T015",FALSE,0.8875,0.68218032617803,0.681100822472262,0.826816646295,0.796914418237451,0.901408450704225,FALSE,FALSE,FALSE,0.726451028129756
"T012","T016",FALSE,0.875,0.563324896216891,0.643517187658458,0.934467203603117,0.976962121900899,0.814285714285714,FALSE,FALSE,FALSE,0.67699247126881
"T012","T017",FALSE,0.575,0.496282633779843,0.590382665226453,1.00856681988339,1.09764199279502,0.695652173913043,FALSE,FALSE,FALSE,0.585397181812346
"T012","T018",TRUE,0,,,,,,FALSE,FALSE,FALSE,0
"T012","T019",FALSE,0,,,,,,FALSE,FALSE,FALSE,0
"T012","T020",FALSE,0,,,,,,FALSE,FALSE,FALSE,0
"T012","T021",FALSE,0,,,,,,FALSE,FALSE,FALSE,0
"T012","T022",FALSE,0,,,,,,FALSE,FALSE,FALSE,0
"T012","T023",FALSE,0,,,,,,FALSE,FALSE,FALSE,0
"T012","T024",FALSE,0,,,,,,FALSE,FALSE,FALSE,0
"T012","T025",FALSE,0,,,,,,FALSE,FALSE,FALSE,0
"T012","T026",FALSE,0,,,,,,FALSE,FALSE,FALSE,0
"T012","T027",FALSE,0,,,,,,FALSE,FALSE,FALSE,0
"T012","T028",FALSE,0,,,,,,FALSE,FALSE,FALSE,0
"T012","T029",FALSE,0,,,,,,FALSE,FALSE,FALSE,0
"T012","T030",FALSE,0,,,,,,FALSE,FALSE,FALSE,0
"T012","T031",TRUE,0,,,,,,FALSE,FALSE,FALSE,0
"T012","T032",FALSE,0,,,,,,FALSE,FALSE,FALSE,0
"T012","T033",FALSE,0,,,,,,FALSE,FALSE,FALSE,0
"T012","T034",FALSE,0,,,,,,FALSE,FALSE,FALSE,0
"T012","T035",FALSE,0,,,,,,FALSE,FALSE,FALSE,0
"T012","T037",FALSE,0,,,,,,FALSE,FALSE,FALSE,0
"T012","T038",FALSE,0,,,,,,FALSE,FALSE,FALSE,0
"T012","T039",FALSE,0,,,,,,FALSE,FALSE,FALSE,0
"T012","T040",FALSE,0,,,,,,FALSE,FALSE,FALSE,0
"T012","V001",FALSE,0,,,,,,FALSE,FALSE,FALSE,0
"T012","V002",FALSE,0,,,,,,FALSE,FALSE,FALSE,0
"T012","V003",FALSE,0,,,,,,FALSE,FALSE,FALSE,0
"T012","V004",FALSE,0,,,,,,FALSE,FALSE,FALSE,0
"T012","V005",FALSE,0,,,,,,FALSE,FALSE,FALSE,0
"T012","V006",FALSE,0,,,,,,FALSE,FALSE,FALSE,0
"T012","V007",FALSE,0,,,,,,FALSE,FALSE,FALSE,0
"T012","V008",FALSE,0,,,,,,FALSE,FALSE,FALSE,0
"T012","V009",FALSE,0,,,,,,FALSE,FALSE,FALSE,0
"T012","V010",FALSE,0,,,,,,FALSE,FALSE,FALSE,0
"T012","V011",FALSE,0,,,,,,FALSE,FALSE,FALSE,0
"T012","V012",FALSE,0,,,,,,FALSE,FALSE,FALSE,0
"T012","V013",FALSE,0,,,,,,FALSE,FALSE,FALSE,0
"T012","V014",FALSE,0,,,,,,FALSE,FALSE,FALSE,0
"T012","V015",FALSE,0,,,,,,FALSE,FALSE,FALSE,0
"T012","V016",FALSE,0.7375,0.483645283948482,0.576511058278627,1.01368860198023,0.966215334080651,0.779661016949153,FALSE,FALSE,FALSE,0.631772940434248
"T012","V017",FALSE,0.7625,0.513877550474697,0.592239339282267,0.983243590145761,0.959756788513502,0.770491803278688,FALSE,FALSE,FALSE,0.640521997507205
"T012","V018",FALSE,0.925,0.51502608429384,0.560803809498161,0.982641468371409,1.02757418542252,0.810810810810811,FALSE,FALSE,FALSE,0.667653472812346
"T012","V019",FALSE,0.55,0.392776300475897,0.557985113062296,1.10052343023536,1.14092352367519,0.727272727272727,FALSE,FALSE,FALSE,0.567479021044038
"T012","V020",FALSE,0.7375,0.462029982300647,0.553063467632796,1.03679108550794,1.17466695955064,0.779661016949153,FALSE,FALSE,FALSE,0.614703382914485
"T012","V021",FALSE,0.9,0.514747529945172,0.591539439268407,0.98842336002313,1.14858214245775,0.791666666666667,FALSE,FALSE,FALSE,0.655676530111182
"T012","V022",FALSE,0,,,,,,FALSE,FALSE,FALSE,0
"T012","V023",FALSE,0,,,,,,FALSE,FALSE,FALSE,0
"T012","V024",FALSE,0,,,,,,FALSE,FALSE,FALSE,0
"T012","V025",FALSE,0,,,,,,FALSE,FALSE,FALSE,0
"T012","V026",FALSE,0,,,,,,FALSE,FALSE,FALSE,0
"T012","V027",FALSE,0,,,,,,FALSE,FALSE,FALSE,0
"T012","V028",FALSE,0,,,,,,FALSE,FALSE,FALSE,0
"T012","V029",FALSE,0,,,,,,FALSE,FALSE,FALSE,0
"T012","V030",FALSE,0,,,,,,FALSE,FALSE,FALSE,0
"T012","V031",FALSE,0,,,,,,FALSE,FALSE,FALSE,0
"T012","V032",FALSE,0,,,,,,FALSE,FALSE,FALSE,0
"T012","V033",FALSE,0,,,,,,FALSE,FALSE,FALSE,0
"T013","T014",FALSE,0.8625,0.701318010376576,0.773153690843844,1.0716246588595,0.682038008765137,0.72463768115942,FALSE,FALSE,FALSE,0.695401797282798
"T013","T015",FALSE,0.8375,0.660911460185076,0.672079270877576,0.940331120622359,0.905090041049276,0.776119402985075,FALSE,FALSE,FALSE,0.679186456953673
"T013","T016",FALSE,0.85,0.711859299066522,0.757772915469737,1.00817336806084,0.720996093792353,0.75,FALSE,FALSE,FALSE,0.697661439218683
"T013","T017",FALSE,0.85,0.724936770364557,0.791157844436881,1.04210907798999,0.74648237353017,0.705882352941177,FALSE,FALSE,FALSE,0.690111792016438
"T013","T018",FALSE,0,,,,,,FALSE,FALSE,FALSE,0
"T013","T019",FALSE,0,,,,,,FALSE,FALSE,FALSE,0
"T013","T020",FALSE,0,,,,,,FALSE,FALSE,FALSE,0
"T013","T021",TRUE,0,,,,,,FALSE,FALSE,FALSE,0
"T013","T022",FALSE,0,,,,,,FALSE,FALSE,FALSE,0
"T013","T023",FALSE,0,,,,,,FALSE,FALSE,FALSE,0
"T013","T024",FALSE,0,,,,,,FALSE,FALSE,FALSE,0
"T013","T025",FALSE,0,,,,,,FALSE,FALSE,FALSE,0
"T013","T026",FALSE,0,,,,,,FALSE,FALSE,FALSE,0
"T013","T027",FALSE,0,,,,,,FALSE,FALSE,FALSE,0
"T013","T028",FALSE,0,,,,,,FALSE,FALSE,FALSE,0
"T013","T029",FALSE,0,,,,,,FALSE,FALSE,FALSE,0
"T013","T030",FALSE,0,,,,,,FALSE,FALSE,FALSE,0
"T013","T031",FALSE,0,,,,,,FALSE,FALSE,FALSE,0
"T013","T032",FALSE,0,,,,,,FALSE,FALSE,FALSE,0
"T013","T033",TRUE,0,,,,,,FALSE,FALSE,FALSE,0
"T013","T034",FALSE,0,,,,,,FALSE,FALSE,FALSE,0
"T013","T035",FALSE,0,,,,,,FALSE,FALSE,FALSE,0
"T013","T037",FALSE,0,,,,,,FALSE,FALSE,FALSE,0
"T013","T038",FALSE,0,,,,,,FALSE,FALSE,FALSE,0
"T013","T039",FALSE,0,,,,,,FALSE,FALSE,FALSE,0
"T013","T040",FALSE,0,,,,,,FALSE,FALSE,FALSE,0
"T013","V001",FALSE,0,,,,,,FALSE,FALSE,FALSE,0
"T013","V002",FALSE,0,,,,,,FALSE,FALSE,FALSE,0
"T013","V003",FALSE,0,,,,,,FALSE,FALSE,FALSE,0
"T013","V004",FALSE,0,,,,,,FALSE,FALSE,FALSE,0
"T013","V005",FALSE,0,,,,,,FALSE,FALSE,FALSE,0
"T013","V006",FALSE,0,,,,,,FALSE,FALSE,FALSE,0
"T013","V007",FALSE,0,,,,,,FALSE,FALSE,FALSE,0
"T013","V008",FALSE,0,,,,,,FALSE,FALSE,FALSE,0
"T013","V009",FALSE,0,,,,,,FALSE,FALSE,FALSE,0
"T013","V010",FALSE,0,,,,,,FALSE,FALSE,FALSE,0
"T013","V011",FALSE,0,,,,,,FALSE,FALSE,FALSE,0
"T013","V012",FALSE,0,,,,,,FALSE,FALSE,FALSE,0
"T013","V013",FALSE,0,,,,,,FALSE,FALSE,FALSE,0
"T013","V014",FALSE,0,,,,,,FALSE,FALSE,FALSE,0
"T013","V015",FALSE,0,,,,,,FALSE,FALSE,FALSE,0
"T013","V016",FALSE,0.9875,0.689389037493347,0.763737925565312,1.03673649865254,0.697670230696817,0.746835443037975,FALSE,FALSE,FALSE,0.718875428725857
"T013","V017",FALSE,0.9625,0.691463282481923,0.76592764074243,1.03647059893022,0.694777947834496,0.753246753246753,FALSE,FALSE,FALSE,0.716388644171497
"T013","V018",FALSE,0.65,0.614829536621518,0.652586074216802,1.07092445812605,0.847527188760161,0.788461538461538,FALSE,FALSE,FALSE,0.640555677844373
"T013","V019",FALSE,0.825,0.729848324175132,0.810838094466086,1.06029181893428,0.750735116152666,0.742424242424242,FALSE,FALSE,FALSE,0.692690268419868
"T013","V020",FALSE,0.9875,0.721675691390703,0.793556405206265,1.0336462834923,0.772398583720454,0.746835443037975,FALSE,FALSE,FALSE,0.718260482875363
"T013","V021",FALSE,0.825,0.727782056043569,0.780602284468446,0.995404136408812,0.791925440848767,0.787878787878788,FALSE,FALSE,FALSE,0.698269466478627
"T013","V022",FALSE,0,,,,,,FALSE,FALSE,FALSE,0
"T013","V023",FALSE,0,,,,,,FALSE,FALSE,FALSE,0
"T013","V024",FALSE,0,,,,,,FALSE,FALSE,FALSE,0
"T013","V025",FALSE,0,,,,,,FALSE,FALSE,FALSE,0
"T013","V026",FALSE,0,,,,,,FALSE,FALSE,FALSE,0
"T013","V027",FALSE,0,,,,,,FALSE,FALSE,FALSE,0
"T013","V028",FALSE,0,,,,,,FALSE,FALSE,FALSE,0
"T013","V029",FALSE,0,,,,,,FALSE,FALSE,FALSE,0
"T013","V030",FALSE,0,,,,,,FALSE,FALSE,FALSE,0
"T013","V031",FALSE,0,,,,,,FALSE,FALSE,FALSE,0
"T013","V032",FALSE,0,,,,,,FALSE,FALSE,FALSE,0
"T013","V033",FALSE,0,,,,,,FALSE,FALSE,FALSE,0
"T014","T015",FALSE,0.7,0.912116233471982,0.892716566257488,0.508817414366219,0.653104562061531,0.714285714285714,FALSE,FALSE,FALSE,0.739722636156182
"T014","T016",FALSE,0.7125,0.975134527108199,0.987800632856636,0.222433422992049,0.218446001424171,0.947368421052632,FALSE,FALSE,FALSE,0.874278530998854
"T014","T017",FALSE,0.9875,0.96075123257673,0.963264091638823,0.280535076335127,0.469575516449487,0.89873417721519,FALSE,FALSE,TRUE,0.871481485789808
"T014","T018",FALSE,0,,,,,,FALSE,FALSE,FALSE,0
"T014","T019",FALSE,0,,,,,,FALSE,FALSE,FALSE,0
"T014","T020",FALSE,0,,,,,,FALSE,FALSE,FALSE,0
"T014","T021",FALSE,0,,,,,,FALSE,FALSE,FALSE,0
"T014","T022",FALSE,0,,,,,,FALSE,FALSE,FALSE,0
"T014","T023",FALSE,0,,,,,,FALSE,FALSE,FALSE,0
"T014","T024",FALSE,0,,,,,,FALSE,FALSE,FALSE,0
"T014","T025",FALSE,0,,,,,,FALSE,FALSE,FALSE,0
"T014","T026",TRUE,0,,,,,,FALSE,FALSE,FALSE,0
"T014","T027",FALSE,0,,,,,,FALSE,FALSE,FALSE,0
"T014","T028",FALSE,0,,,,,,FALSE,FALSE,FALSE,0
"T014","T029",FALSE,0,,,,,,FALSE,FALSE,FALSE,0
"T014","T030",FALSE,0,,,,,,FALSE,FALSE,FALSE,0
"T014","T031",FALSE,0,,,,,,FALSE,FALSE,FALSE,0
"T014","T032",FALSE,0,,,,,,FALSE,FALSE,FALSE,0
"T014","T033",FALSE,0,,,,,,FALSE,FALSE,FALSE,0
"T014","T034",FALSE,0,,,,,,FALSE,FALSE,FALSE,0
"T014","T035",FALSE,0,,,,,,FALSE,FALSE,FALSE,0
"T014","T037",FALSE,0,,,,,,FALSE,FALSE,FALSE,0
"T014","T038",FALSE,0,,,,,,FALSE,FALSE,FALSE,0
"T014","T039",TRUE,0,,,,,,FALSE,FALSE,FALSE,0
"T014","T040",FALSE,0,,,,,,FALSE,FALSE,FALSE,0
"T014","V001",TRUE,0,,,,,,FALSE,FALSE,FALSE,0
"T014","V002",TRUE,0,,,,,,FALSE,FALSE,FALSE,0
"T014","V003",TRUE,0,,,,,,FALSE,FALSE,FALSE,0
"T014","V004",FALSE,0,,,,,,FALSE,FALSE,FALSE,0
"T014","V005",FALSE,0,,,,,,FALSE,FALSE,FALSE,0
"T014","V006",FALSE,0,,,,,,FALSE,FALSE,FALSE,0
"T014","V007",TRUE,0,,,,,,FALSE,FALSE,FALSE,0
"T014","V008",TRUE,0,,,,,,FALSE,FALSE,FALSE,0
"T014","V009",TRUE,0,,,,,,FALSE,FALSE,FALSE,0
"T014","V010",FALSE,0,,,,,,FALSE,FALSE,FALSE,0
"T014","V011",FALSE,0,,,,,,FALSE,FALSE,FALSE,0
"T014","V012",FALSE,0,,,,,,FALSE,FALSE,FALSE,0
"T014","V013",FALSE,0,,,,,,FALSE,FALSE,FALSE,0
"T014","V014",FALSE,0,,,,,,FALSE,FALSE,FALSE,0
"T014","V015",FALSE,0,,,,,,FALSE,FALSE,FALSE,0
"T014","V016",TRUE,0.85,1,0.999999511331296,0,0.00102173810635793,1,FALSE,FALSE,TRUE,0.974829756559323
"T014","V017",TRUE,0.825,1,0.999999510832637,0,0.00102257743601841,1,FALSE,FALSE,TRUE,0.97066295010574
"T014","V018",TRUE,0.5125,1,0.999998548222989,0,0.00178353846387286,1,FALSE,FALSE,FALSE,0.918452887534532
"T014","V019",FALSE,0.9625,0.949790333833967,0.964220782527767,0.321791390914081,0.494318142535741,0.857142857142857,FALSE,FALSE,FALSE,0.851914081592638
"T014","V020",FALSE,0.85,0.948958550911978,0.959359943036842,0.323380787780919,0.504287312296298,0.838235294117647,FALSE,FALSE,FALSE,0.828338101212886
"T014","V021",FALSE,0.6875,0.946829690642925,0.959574275982699,0.330215195894267,0.483936627805219,0.854545454545454,FALSE,FALSE,FALSE,0.805061456461642
"T014","V022",FALSE,0,,,,,,FALSE,FALSE,FALSE,0
"T014","V023",FALSE,0,,,,,,FALSE,FALSE,FALSE,0
"T014","V024",FALSE,0,,,,,,FALSE,FALSE,FALSE,0
"T014","V025",FALSE,0,,,,,,FALSE,FALSE,FALSE,0
"T014","V026",FALSE,0,,,,,,FALSE,FALSE,FALSE,0
"T014","V027",FALSE,0,,,,,,FALSE,FALSE,FALSE,0
"T014","V028",FALSE,0,,,,,,FALSE,FALSE,FALSE,0
"T014","V029",FALSE,0,,,,,,FALSE,FALSE,FALSE,0
"T014","V030",FALSE,0,,,,,,FALSE,FALSE,FALSE,0
"T014","V031",FALSE,0,,,,,,FALSE,FALSE,FALSE,0
"T014","V032",FALSE,0,,,,,,FALSE,FALSE,FALSE,0
"T014","V033",FALSE,0,,,,,,FALSE,FALSE,FALSE,0
"T015","T016",FALSE,0.9875,0.925112274211867,0.912761338729244,0.441125784663607,0.662464154706601,0.835443037974684,FALSE,FALSE,FALSE,0.816795154650579
"T015","T017",FALSE,0.6875,0.915490071353403,0.890563856745053,0.494458210796658,0.868025855578509,0.745454545454545,FALSE,FALSE,FALSE,0.72761036704091
"T015","T018",FALSE,0,,,,,,FALSE,FALSE,FALSE,0
"T015","T019",FALSE,0,,,,,,FALSE,FALSE,FALSE,0
"T015","T020",FALSE,0,,,,,,FALSE,FALSE,FALSE,0
"T015","T021",FALSE,0,,,,,,FALSE,FALSE,FALSE,0
"T015","T022",TRUE,0,,,,,,FALSE,FALSE,FALSE,0
"T015","T023",FALSE,0,,,,,,FALSE,FALSE,FALSE,0
"T015","T024",FALSE,0,,,,,,FALSE,FALSE,FALSE,0
"T015","T025",FALSE,0,,,,,,FALSE,FALSE,FALSE,0
"T015","T026",FALSE,0,,,,,,FALSE,FALSE,FALSE,0
"T015","T027",FALSE,0,,,,,,FALSE,FALSE,FALSE,0
"T015","T028",FALSE,0,,,,,,FALSE,FALSE,FALSE,0
"T015","T029",FALSE,0,,,,,,FALSE,FALSE,FALSE,0
"T015","T030",FALSE,0,,,,,,FALSE,FALSE,FALSE,0
"T015","T031",FALSE,0,,,,,,FALSE,FALSE,FALSE,0
"T015","T032",FALSE,0,,,,,,FALSE,FALSE,FALSE,0
"T015","T033",FALSE,0,,,,,,FALSE,FALSE,FALSE,0
"T015","T034",FALSE,0,,,,,,FALSE,FALSE,FALSE,0
"T015","T035",TRUE,0,,,,,,FALSE,FALSE,FALSE,0
"T015","T037",FALSE,0,,,,,,FALSE,FALSE,FALSE,0
"T015","T038",FALSE,0,,,,,,FALSE,FALSE,FALSE,0
"T015","T039",FALSE,0,,,,,,FALSE,FALSE,FALSE,0
"T015","T040",FALSE,0,,,,,,FALSE,FALSE,FALSE,0
"T015","V001",FALSE,0,,,,,,FALSE,FALSE,FALSE,0
"T015","V002",FALSE,0,,,,,,FALSE,FALSE,FALSE,0
"T015","V003",FALSE,0,,,,,,FALSE,FALSE,FALSE,0
"T015","V004",FALSE,0,,,,,,FALSE,FALSE,FALSE,0
"T015","V005",FALSE,0,,,,,,FALSE,FALSE,FALSE,0
"T015","V006",FALSE,0,,,,,,FALSE,FALSE,FALSE,0
"T015","V007",FALSE,0,,,,,,FALSE,FALSE,FALSE,0
"T015","V008",FALSE,0,,,,,,FALSE,FALSE,FALSE,0
"T015","V009",FALSE,0,,,,,,FALSE,FALSE,FALSE,0
"T015","V010",FALSE,0,,,,,,FALSE,FALSE,FALSE,0
"T015","V011",FALSE,0,,,,,,FALSE,FALSE,FALSE,0
"T015","V012",FALSE,0,,,,,,FALSE,FALSE,FALSE,0
"T015","V013",FALSE,0,,,,,,FALSE,FALSE,FALSE,0
"T015","V014",FALSE,0,,,,,,FALSE,FALSE,FALSE,0
"T015","V015",FALSE,0,,,,,,FALSE,FALSE,FALSE,0
"T015","V016",FALSE,0.85,0.896304755069035,0.888899202290448,0.50548494718145,0.624393961594006,0.75,FALSE,FALSE,FALSE,0.771900145424955
"T015","V017",FALSE,0.875,0.902266491108734,0.893911574973874,0.489916052240529,0.602370363076037,0.757142857142857,FALSE,FALSE,FALSE,0.781737001493577
"T015","V018",FALSE,0.8125,0.883941297889052,0.874126991548154,0.514378703644665,0.576837508290729,0.861538461538462,FALSE,FALSE,FALSE,0.785436064082279
"T015","V019",FALSE,0.6625,0.853151146841442,0.862256654957621,0.620215961496416,0.948744551619499,0.773584905660377,FALSE,FALSE,FALSE,0.703140657194559
"T015","V020",FALSE,0.85,0.854652737680901,0.85639919795471,0.588950033044081,0.938561558744872,0.823529411764706,FALSE,FALSE,FALSE,0.745859188363694
"T015","V021",FALSE,0.9875,0.858884835232124,0.852733641174015,0.582170948669741,0.904302737123419,0.860759493670886,FALSE,FALSE,FALSE,0.777929493630024
"T015","V022",FALSE,0,,,,,,FALSE,FALSE,FALSE,0
"T015","V023",FALSE,0,,,,,,FALSE,FALSE,FALSE,0
"T015","V024",FALSE,0,,,,,,FALSE,FALSE,FALSE,0
"T015","V025",FALSE,0,,,,,,FALSE,FALSE,FALSE,0
"T015","V026",FALSE,0,,,,,,FALSE,FALSE,FALSE,0
"T015","V027",FALSE,0,,,,,,FALSE,FALSE,FALSE,0
"T015","V028",FALSE,0,,,,,,FALSE,FALSE,FALSE,0
"T015","V029",FALSE,0,,,,,,FALSE,FALSE,FALSE,0
"T015","V030",FALSE,0,,,,,,FALSE,FALSE,FALSE,0
"T015","V031",FALSE,0,,,,,,FALSE,FALSE,FALSE,0
"T015","V032",FALSE,0,,,,,,FALSE,FALSE,FALSE,0
"T015","V033",FALSE,0,,,,,,FALSE,FALSE,FALSE,0
"T016","T017",FALSE,0.7,0.980886475523109,0.987359889564956,0.204740461993333,0.231461581286922,0.928571428571429,FALSE,FALSE,FALSE,0.870154427033535
"T016","T018",FALSE,0,,,,,,FALSE,FALSE,FALSE,0
"T016","T019",FALSE,0,,,,,,FALSE,FALSE,FALSE,0
"T016","T020",FALSE,0,,,,,,FALSE,FALSE,FALSE,0
"T016","T021",FALSE,0,,,,,,FALSE,FALSE,FALSE,0
"T016","T022",FALSE,0,,,,,,FALSE,FALSE,FALSE,0
"T016","T023",FALSE,0,,,,,,FALSE,FALSE,FALSE,0
"T016","T024",FALSE,0,,,,,,FALSE,FALSE,FALSE,0
"T016","T025",FALSE,0,,,,,,FALSE,FALSE,FALSE,0
"T016","T026",FALSE,0,,,,,,FALSE,FALSE,FALSE,0
"T016","T027",TRUE,0,,,,,,FALSE,FALSE,FALSE,0
"T016","T028",FALSE,0,,,,,,FALSE,FALSE,FALSE,0
"T016","T029",FALSE,0,,,,,,FALSE,FALSE,FALSE,0
"T016","T030",FALSE,0,,,,,,FALSE,FALSE,FALSE,0
"T016","T031",FALSE,0,,,,,,FALSE,FALSE,FALSE,0
"T016","T032",FALSE,0,,,,,,FALSE,FALSE,FALSE,0
"T016","T033",FALSE,0,,,,,,FALSE,FALSE,FALSE,0
"T016","T034",FALSE,0,,,,,,FALSE,FALSE,FALSE,0
"T016","T035",FALSE,0,,,,,,FALSE,FALSE,FALSE,0
"T016","T037",FALSE,0,,,,,,FALSE,FALSE,FALSE,0
"T016","T038",TRUE,0,,,,,,FALSE,FALSE,FALSE,0
"T016","T039",FALSE,0,,,,,,FALSE,FALSE,FALSE,0
"T016","T040",FALSE,0,,,,,,FALSE,FALSE,FALSE,0
"T016","V001",FALSE,0,,,,,,FALSE,FALSE,FALSE,0
"T016","V002",FALSE,0,,,,,,FALSE,FALSE,FALSE,0
"T016","V003",FALSE,0,,,,,,FALSE,FALSE,FALSE,0
"T016","V004",TRUE,0,,,,,,FALSE,FALSE,FALSE,0
"T016","V005",TRUE,0,,,,,,FALSE,FALSE,FALSE,0
"T016","V006",TRUE,0,,,,,,FALSE,FALSE,FALSE,0
"T016","V007",FALSE,0,,,,,,FALSE,FALSE,FALSE,0
"T016","V008",FALSE,0,,,,,,FALSE,FALSE,FALSE,0
"T016","V009",FALSE,0,,,,,,FALSE,FALSE,FALSE,0
"T016","V010",FALSE,0,,,,,,FALSE,FALSE,FALSE,0
"T016","V011",FALSE,0,,,,,,FALSE,FALSE,FALSE,0
"T016","V012",FALSE,0,,,,,,FALSE,FALSE,FALSE,0
"T016","V013",FALSE,0,,,,,,FALSE,FALSE,FALSE,0
"T016","V014",FALSE,0,,,,,,FALSE,FALSE,FALSE,0
"T016","V015",FALSE,0,,,,,,FALSE,FALSE,FALSE,0
"T016","V016",FALSE,0.8625,0.977101836579043,0.986072044689117,0.214590835375871,0.238832261627617,0.942028985507246,FALSE,FALSE,TRUE,0.896755735868068
"T016","V017",FALSE,0.8875,0.978400046922511,0.986658771996491,0.208230181700583,0.232280165010725,0.943661971830986,FALSE,FALSE,TRUE,0.903072580497574
"T016","V018",FALSE,0.8,0.976306680564834,0.981177838920625,0.222412802793784,0.288333034648757,0.953125,FALSE,FALSE,TRUE,0.88032733490553
"T016","V019",FALSE,0.675,0.941938788123562,0.969805231208625,0.344099811837379,0.353107313037257,0.851851851851852,FALSE,FALSE,FALSE,0.815680639221636
"T016","V020",FALSE,0.8625,0.947741603861406,0.966435291581193,0.324000809055255,0.366846797128881,0.884057971014493,FALSE,FALSE,FALSE,0.853301978261423
"T016","V021",FALSE,0.975,0.937909021021259,0.965088422570767,0.356063576599318,0.366267081427374,0.91025641025641,FALSE,FALSE,FALSE,0.871750137376724
"T016","V022",FALSE,0,,,,,,FALSE,FALSE,FALSE,0
"T016","V023",FALSE,0,,,,,,FALSE,FALSE,FALSE,0
"T016","V024",FALSE,0,,,,,,FALSE,FALSE,FALSE,0
"T016","V025",FALSE,0,,,,,,FALSE,FALSE,FALSE,0
"T016","V026",FALSE,0,,,,,,FALSE,FALSE,FALSE,0
"T016","V027",FALSE,0,,,,,,FALSE,FALSE,FALSE,0
"T016","V028",FALSE,0,,,,,,FALSE,FALSE,FALSE,0
"T016","V029",FALSE,0,,,,,,FALSE,FALSE,FALSE,0
"T016","V030",FALSE,0,,,,,,FALSE,FALSE,FALSE,0
"T016","V031",FALSE,0,,,,,,FALSE,FALSE,FALSE,0
"T016","V032",FALSE,0,,,,,,FALSE,FALSE,FALSE,0
"T016","V033",FALSE,0,,,,,,FALSE,FALSE,FALSE,0
"T017","T018",FALSE,0,,,,,,FALSE,FALSE,FALSE,0
"T017","T019",FALSE,0,,,,,,FALSE,FALSE,FALSE,0
"T017","T020",FALSE,0,,,,,,FALSE,FALSE,FALSE,0
"T017","T021",FALSE,0,,,,,,FALSE,FALSE,FALSE,0
"T017","T022",FALSE,0,,,,,,FALSE,FALSE,FALSE,0
"T017","T023",FALSE,0,,,,,,FALSE,FALSE,FALSE,0
"T017","T024",TRUE,0,,,,,,FALSE,FALSE,FALSE,0
"T017","T025",FALSE,0,,,,,,FALSE,FALSE,FALSE,0
"T017","T026",FALSE,0,,,,,,FALSE,FALSE,FALSE,0
"T017","T027",FALSE,0,,,,,,FALSE,FALSE,FALSE,0
"T017","T028",FALSE,0,,,,,,FALSE,FALSE,FALSE,0
"T017","T029",FALSE,0,,,,,,FALSE,FALSE,FALSE,0
"T017","T030",FALSE,0,,,,,,FALSE,FALSE,FALSE,0
"T017","T031",FALSE,0,,,,,,FALSE,FALSE,FALSE,0
"T017","T032",FALSE,0,,,,,,FALSE,FALSE,FALSE,0
"T017","T033",FALSE,0,,,,,,FALSE,FALSE,FALSE,0
"T017","T034",FALSE,0,,,,,,FALSE,FALSE,FALSE,0
"T017","T035",FALSE,0,,,,,,FALSE,FALSE,FALSE,0
"T017","T037",TRUE,0,,,,,,FALSE,FALSE,FALSE,0
"T017","T038",FALSE,0,,,,,,FALSE,FALSE,FALSE,0
"T017","T039",FALSE,0,,,,,,FALSE,FALSE,FALSE,0
"T017","T040",FALSE,0,,,,,,FALSE,FALSE,FALSE,0
"T017","V001",FALSE,0,,,,,,FALSE,FALSE,FALSE,0
"T017","V002",FALSE,0,,,,,,FALSE,FALSE,FALSE,0
"T017","V003",FALSE,0,,,,,,FALSE,FALSE,FALSE,0
"T017","V004",FALSE,0,,,,,,FALSE,FALSE,FALSE,0
"T017","V005",FALSE,0,,,,,,FALSE,FALSE,FALSE,0
"T017","V006",FALSE,0,,,,,,FALSE,FALSE,FALSE,0
"T017","V007",FALSE,0,,,,,,FALSE,FALSE,FALSE,0
"T017","V008",FALSE,0,,,,,,FALSE,FALSE,FALSE,0
"T017","V009",FALSE,0,,,,,,FALSE,FALSE,FALSE,0
"T017","V010",FALSE,0,,,,,,FALSE,FALSE,FALSE,0
"T017","V011",FALSE,0,,,,,,FALSE,FALSE,FALSE,0
"T017","V012",FALSE,0,,,,,,FALSE,FALSE,FALSE,0
"T017","V013",FALSE,0,,,,,,FALSE,FALSE,FALSE,0
"T017","V014",FALSE,0,,,,,,FALSE,FALSE,FALSE,0
"T017","V015",FALSE,0,,,,,,FALSE,FALSE,FALSE,0
"T017","V016",FALSE,0.8375,0.960755550383339,0.966921947127367,0.28257350573455,0.426775724221206,0.895522388059702,FALSE,FALSE,TRUE,0.850552044249057
"T017","V017",FALSE,0.8125,0.961122130798769,0.966885328847992,0.281071494197159,0.423924098272677,0.892307692307692,FALSE,FALSE,TRUE,0.846376555848871
"T017","V018",FALSE,0.5,0.949651512790426,0.965934925557728,0.333254594618567,0.512883570605089,0.95,FALSE,FALSE,FALSE,0.787191242048759
"T017","V019",FALSE,0.975,0.967534332405471,0.972286155479175,0.257533108592283,0.238582646969509,0.858974358974359,FALSE,FALSE,TRUE,0.89409736971122
"T017","V020",FALSE,0.8375,0.969897912849912,0.978932734472478,0.250465595321538,0.220373566167586,0.850746268656716,FALSE,FALSE,TRUE,0.873886485644866
"T017","V021",FALSE,0.675,0.972880600377947,0.981697813659904,0.23661367338984,0.222768414116464,0.851851851851852,FALSE,FALSE,FALSE,0.848956230026651
"T017","V022",FALSE,0,,,,,,FALSE,FALSE,FALSE,0
"T017","V023",FALSE,0,,,,,,FALSE,FALSE,FALSE,0
"T017","V024",FALSE,0,,,,,,FALSE,FALSE,FALSE,0
"T017","V025",FALSE,0,,,,,,FALSE,FALSE,FALSE,0
"T017","V026",FALSE,0,,,,,,FALSE,FALSE,FALSE,0
"T017","V027",FALSE,0,,,,,,FALSE,FALSE,FALSE,0
"T017","V028",FALSE,0,,,,,,FALSE,FALSE,FALSE,0
"T017","V029",FALSE,0,,,,,,FALSE,FALSE,FALSE,0
"T017","V030",FALSE,0,,,,,,FALSE,FALSE,FALSE,0
"T017","V031",FALSE,0,,,,,,FALSE,FALSE,FALSE,0
"T017","V032",FALSE,0,,,,,,FALSE,FALSE,FALSE,0
"T017","V033",FALSE,0,,,,,,FALSE,FALSE,FALSE,0
"T018","T019",FALSE,0.8125,0.44058853922144,0.39466953060372,1.18311447203255,1.18053631820504,0.723076923076923,FALSE,FALSE,FALSE,0.594440526317211
"T018","T020",FALSE,0.5125,0.338122268236581,0.388147240618503,1.16979256117938,1.24194494273268,0.731707317073171,FALSE,FALSE,FALSE,0.534432555131828
"T018","T021",FALSE,0.875,0.111783205001776,0.236356862335934,1.58509764039048,1.26594136584287,0.728571428571429,FALSE,FALSE,FALSE,0.544090495979298
"T018","T022",FALSE,0.8375,0.535622891080781,0.464844498708849,1.11133729398437,1.05284771469855,0.82089552238806,FALSE,FALSE,FALSE,0.639448399915796
"T018","T023",FALSE,0.8,0.488990921680224,0.47671181613884,1.15679337785865,1.03735458855303,0.765625,FALSE,FALSE,FALSE,0.619560057971554
"T018","T024",FALSE,0.7875,0.435466491786959,0.426925087443963,1.21431237329342,1.14490413552756,0.73015873015873,FALSE,FALSE,FALSE,0.594003842596954
"T018","T025",FALSE,0.75,0.324748072227025,0.374624998715558,1.44243218689157,1.15987593117216,0.716666666666667,FALSE,FALSE,FALSE,0.561038414266472
"T018","T026",FALSE,0.9,0.455223816230576,0.445023948074428,1.17113483859864,1.06391211168725,0.694444444444444,FALSE,FALSE,FALSE,0.616614389249151
"T018","T027",FALSE,0.7875,0.430967289054367,0.459799965026746,1.20119395682631,1.05230824435915,0.761904761904762,FALSE,FALSE,FALSE,0.607459023559917
"T018","T028",FALSE,0.6125,0.349195863797845,0.263119823456898,1.1383789262771,1.24830620528654,0.795918367346939,FALSE,FALSE,FALSE,0.553650765306397
"T018","T029",FALSE,0,,,,,,FALSE,FALSE,FALSE,0
"T018","T030",FALSE,0,,,,,,FALSE,FALSE,FALSE,0
"T018","T031",TRUE,0,,,,,,FALSE,FALSE,FALSE,0
"T018","T032",FALSE,0,,,,,,FALSE,FALSE,FALSE,0
"T018","T033",FALSE,0,,,,,,FALSE,FALSE,FALSE,0
"T018","T034",FALSE,0,,,,,,FALSE,FALSE,FALSE,0
"T018","T035",FALSE,0,,,,,,FALSE,FALSE,FALSE,0
"T018","T037",FALSE,0,,,,,,FALSE,FALSE,FALSE,0
"T018","T038",FALSE,0,,,,,,FALSE,FALSE,FALSE,0
"T018","T039",FALSE,0,,,,,,FALSE,FALSE,FALSE,0
"T018","T040",FALSE,0,,,,,,FALSE,FALSE,FALSE,0
"T018","V001",FALSE,0,,,,,,FALSE,FALSE,FALSE,0
"T018","V002",FALSE,0,,,,,,FALSE,FALSE,FALSE,0
"T018","V003",FALSE,0,,,,,,FALSE,FALSE,FALSE,0
"T018","V004",FALSE,0,,,,,,FALSE,FALSE,FALSE,0
"T018","V005",FALSE,0,,,,,,FALSE,FALSE,FALSE,0
"T018","V006",FALSE,0,,,,,,FALSE,FALSE,FALSE,0
"T018","V007",FALSE,0,,,,,,FALSE,FALSE,FALSE,0
"T018","V008",FALSE,0,,,,,,FALSE,FALSE,FALSE,0
"T018","V009",FALSE,0,,,,,,FALSE,FALSE,FALSE,0
"T018","V010",FALSE,0,,,,,,FALSE,FALSE,FALSE,0
"T018","V011",FALSE,0,,,,,,FALSE,FALSE,FALSE,0
"T018","V012",FALSE,0,,,,,,FALSE,FALSE,FALSE,0
"T018","V013",FALSE,0,,,,,,FALSE,FALSE,FALSE,0
"T018","V014",FALSE,0,,,,,,FALSE,FALSE,FALSE,0
"T018","V015",FALSE,0,,,,,,FALSE,FALSE,FALSE,0
"T018","V016",FALSE,0,,,,,,FALSE,FALSE,FALSE,0
"T018","V017",FALSE,0,,,,,,FALSE,FALSE,FALSE,0
"T018","V018",FALSE,0,,,,,,FALSE,FALSE,FALSE,0
"T018","V019",FALSE,0,,,,,,FALSE,FALSE,FALSE,0
"T018","V020",FALSE,0,,,,,,FALSE,FALSE,FALSE,0
"T018","V021",FALSE,0,,,,,,FALSE,FALSE,FALSE,0
"T018","V022",FALSE,0.9875,0.439444785014474,0.376453325906444,1.17014542413418,1.1931485475199,0.683544303797468,FALSE,FALSE,FALSE,0.615430014044405
"T018","V023",FALSE,0.925,0.46302150923778,0.382020995763401,1.16942606826945,1.18467114025333,0.702702702702703,FALSE,FALSE,FALSE,0.611102636779337
"T018","V024",FALSE,0.875,0.443600112383258,0.387787313325416,1.18353711228126,1.18342061443239,0.714285714285714,FALSE,FALSE,FALSE,0.602900443070403
"T018","V025",FALSE,0.8125,0.43459725498534,0.394855941163976,1.19636970753632,1.18061664212938,0.723076923076923,FALSE,FALSE,FALSE,0.593280409877082
"T018","V026",FALSE,0.6,0.417769641177356,0.372282739147547,1.18154367727881,1.20051425611051,0.75,FALSE,FALSE,FALSE,0.55881171937497
"T018","V027",FALSE,0.5375,0.391433005386118,0.34531678819718,1.19057955485055,1.21276138412578,0.790697674418605,FALSE,FALSE,FALSE,0.549665425252161
"T018","V028",FALSE,0,,,,,,FALSE,FALSE,FALSE,0
"T018","V029",FALSE,0,,,,,,FALSE,FALSE,FALSE,0
"T018","V030",FALSE,0,,,,,,FALSE,FALSE,FALSE,0
"T018","V031",FALSE,0,,,,,,FALSE,FALSE,FALSE,0
"T018","V032",FALSE,0,,,,,,FALSE,FALSE,FALSE,0
"T018","V033",FALSE,0,,,,,,FALSE,FALSE,FALSE,0
"T019","T020",FALSE,0.7,0.804547684335027,0.851618898119902,0.651974839590428,0.600139053087694,0.857142857142857,FALSE,FALSE,FALSE,0.742496218871278
"T019","T021",FALSE,0.9375,0.53240000902525,0.632001133694542,1.14406657226375,0.907149567280836,0.84,FALSE,FALSE,FALSE,0.680315815985293
"T019","T022",FALSE,0.975,0.785080490436194,0.82793467832724,0.657220282275189,0.883427772060941,0.833333333333333,FALSE,FALSE,FALSE,0.757749086013325
"T019","T023",FALSE,0.9875,0.82697614400949,0.864207572184322,0.596677403806752,0.833532774242388,0.835443037974684,FALSE,FALSE,FALSE,0.775614097467917
"T019","T024",FALSE,0.975,0.952508017534377,0.959771337541437,0.316297098857712,0.303831797118714,0.935897435897436,FALSE,FALSE,TRUE,0.888977496709817
"T019","T025",FALSE,0.9375,0.702706553873798,0.72773941749482,0.966036824623371,0.749224816348737,0.8,FALSE,FALSE,FALSE,0.717674040483566
"T019","T026",FALSE,0.9125,0.939913281147068,0.94160325951837,0.368586653149372,0.570638561275781,0.931506849315068,FALSE,FALSE,FALSE,0.840273469836315
"T019","T027",FALSE,0.975,0.912993016169649,0.934201975156998,0.425816672811501,0.465232542056381,0.884615384615385,FALSE,FALSE,FALSE,0.8440730036168
"T019","T028",FALSE,0.8,0.509038737774562,0.285415114648611,1.0907809900566,1.209938039915,0.71875,FALSE,FALSE,FALSE,0.591691116170187
"T019","T029",FALSE,0,,,,,,FALSE,FALSE,FALSE,0
"T019","T030",FALSE,0,,,,,,FALSE,FALSE,FALSE,0
"T019","T031",FALSE,0,,,,,,FALSE,FALSE,FALSE,0
"T019","T032",TRUE,0,,,,,,FALSE,FALSE,FALSE,0
"T019","T033",FALSE,0,,,,,,FALSE,FALSE,FALSE,0
"T019","T034",FALSE,0,,,,,,FALSE,FALSE,FALSE,0
"T019","T035",FALSE,0,,,,,,FALSE,FALSE,FALSE,0
"T019","T037",FALSE,0,,,,,,FALSE,FALSE,FALSE,0
"T019","T038",FALSE,0,,,,,,FALSE,FALSE,FALSE,0
"T019","T039",FALSE,0,,,,,,FALSE,FALSE,FALSE,0
"T019","T040",FALSE,0,,,,,,FALSE,FALSE,FALSE,0
"T019","V001",FALSE,0,,,,,,FALSE,FALSE,FALSE,0
"T019","V002",FALSE,0,,,,,,FALSE,FALSE,FALSE,0
"T019","V003",FALSE,0,,,,,,FALSE,FALSE,FALSE,0
"T019","V004",FALSE,0,,,,,,FALSE,FALSE,FALSE,0
"T019","V005",FALSE,0,,,,,,FALSE,FALSE,FALSE,0
"T019","V006",FALSE,0,,,,,,FALSE,FALSE,FALSE,0
"T019","V007",FALSE,0,,,,,,FALSE,FALSE,FALSE,0
"T019","V008",FALSE,0,,,,,,FALSE,FALSE,FALSE,0
"T019","V009",FALSE,0,,,,,,FALSE,FALSE,FALSE,0
"T019","V010",FALSE,0,,,,,,FALSE,FALSE,FALSE,0
"T019","V011",FALSE,0,,,,,,FALSE,FALSE,FALSE,0
"T019","V012",FALSE,0,,,,,,FALSE,FALSE,FALSE,0
"T019","V013",TRUE,0,,,,,,FALSE,FALSE,FALSE,0
"T019","V014",TRUE,0,,,,,,FALSE,FALSE,FALSE,0
"T019","V015",TRUE,0,,,,,,FALSE,FALSE,FALSE,0
"T019","V016",FALSE,0,,,,,,FALSE,FALSE,FALSE,0
"T019","V017",FALSE,0,,,,,,FALSE,FALSE,FALSE,0
"T019","V018",FALSE,0,,,,,,FALSE,FALSE,FALSE,0
"T019","V019",TRUE,0,,,,,,FALSE,FALSE,FALSE,0
"T019","V020",TRUE,0,,,,,,FALSE,FALSE,FALSE,0
"T019","V021",TRUE,0,,,,,,FALSE,FALSE,FALSE,0
"T019","V022",TRUE,0.825,0.999661729586084,0.999997095904778,0.0364535992504535,0.00252371134106829,1,FALSE,FALSE,TRUE,0.964418619313176
"T019","V023",TRUE,0.8875,0.999658724284106,0.999997366619295,0.0357126581999594,0.00239231865129033,1,FALSE,FALSE,TRUE,0.974976016817044
"T019","V024",TRUE,0.9375,0.999646692511357,0.999997475295881,0.0369229514078365,0.00233661444055961,1,FALSE,FALSE,TRUE,0.983123097553446
"T019","V025",TRUE,1,0.999629277749133,0.999997093048126,0.0390765714249379,0.00251694984039677,1,FALSE,TRUE,FALSE,0.993162744960697
"T019","V026",TRUE,0.7875,0.999658669837966,0.999996770848062,0.0356548404881614,0.00268105667006253,1,FALSE,FALSE,FALSE,0.958270593369898
"T019","V027",TRUE,0.725,0.999662668102513,0.999997581443663,0.0355570757889431,0.00226956727751006,1,FALSE,FALSE,FALSE,0.947938463612766
"T019","V028",TRUE,0,,,,,,FALSE,FALSE,FALSE,0
"T019","V029",TRUE,0,,,,,,FALSE,FALSE,FALSE,0
"T019","V030",TRUE,0,,,,,,FALSE,FALSE,FALSE,0
"T019","V031",TRUE,0,,,,,,FALSE,FALSE,FALSE,0
"T019","V032",TRUE,0,,,,,,FALSE,FALSE,FALSE,0
"T019","V033",TRUE,0,,,,,,FALSE,FALSE,FALSE,0
"T020","T021",FALSE,0.6375,0.467915053096154,0.493257043248754,1.19108906579205,1.07344501026525,0.843137254901961,FALSE,FALSE,FALSE,0.601157052194245
"T020","T022",FALSE,0.675,0.642608444808264,0.656588208131636,0.87002830591949,1.10092634094206,0.796296296296296,FALSE,FALSE,FALSE,0.645399531288871
"T020","T023",FALSE,0.7125,0.70172131346741,0.743442585967916,0.803836856232129,1.03749754257726,0.789473684210526,FALSE,FALSE,FALSE,0.671084030911186
"T020","T024",FALSE,0.725,0.809002853792815,0.852157807300599,0.660039113176295,0.650140869431555,0.810344827586207,FALSE,FALSE,FALSE,0.734121419828556
"T020","T025",FALSE,0.7625,0.876596769415646,0.90115865608348,0.888736823800204,0.574624093455503,0.868852459016393,FALSE,FALSE,FALSE,0.749053569310832
"T020","T026",FALSE,0.6125,0.764374299051229,0.816484582355052,0.718659706019442,0.817109938943547,0.795918367346939,FALSE,FALSE,FALSE,0.687993210419389
"T020","T027",FALSE,0.725,0.769648992692931,0.828300969826663,0.70661808852135,0.761043856739707,0.758620689655172,FALSE,FALSE,FALSE,0.707180647535498
"T020","T028",FALSE,0.9,0.31703703863261,0.263561074487805,1.18522318955501,1.28724080291043,0.722222222222222,FALSE,FALSE,FALSE,0.582371764130186
"T020","T029",FALSE,0,,,,,,FALSE,FALSE,FALSE,0
"T020","T030",FALSE,0,,,,,,FALSE,FALSE,FALSE,0
"T020","T031",FALSE,0,,,,,,FALSE,FALSE,FALSE,0
"T020","T032",FALSE,0,,,,,,FALSE,FALSE,FALSE,0
"T020","T033",FALSE,0,,,,,,FALSE,FALSE,FALSE,0
"T020","T034",FALSE,0,,,,,,FALSE,FALSE,FALSE,0
"T020","T035",FALSE,0,,,,,,FALSE,FALSE,FALSE,0
"T020","T037",FALSE,0,,,,,,FALSE,FALSE,FALSE,0
"T020","T038",FALSE,0,,,,,,FALSE,FALSE,FALSE,0
"T020","T039",FALSE,0,,,,,,FALSE,FALSE,FALSE,0
"T020","T040",FALSE,0,,,,,,FALSE,FALSE,FALSE,0
"T020","V001",FALSE,0,,,,,,FALSE,FALSE,FALSE,0
"T020","V002",FALSE,0,,,,,,FALSE,FALSE,FALSE,0
"T020","V003",FALSE,0,,,,,,FALSE,FALSE,FALSE,0
"T020","V004",FALSE,0,,,,,,FALSE,FALSE,FALSE,0
"T020","V005",FALSE,0,,,,,,FALSE,FALSE,FALSE,0
"T020","V006",FALSE,0,,,,,,FALSE,FALSE,FALSE,0
"T020","V007",FALSE,0,,,,,,FALSE,FALSE,FALSE,0
"T020","V008",FALSE,0,,,,,,FALSE,FALSE,FALSE,0
"T020","V009",FALSE,0,,,,,,FALSE,FALSE,FALSE,0
"T020","V010",FALSE,0,,,,,,FALSE,FALSE,FALSE,0
"T020","V011",FALSE,0,,,,,,FALSE,FALSE,FALSE,0
"T020","V012",FALSE,0,,,,,,FALSE,FALSE,FALSE,0
"T020","V013",FALSE,0,,,,,,FALSE,FALSE,FALSE,0
"T020","V014",FALSE,0,,,,,,FALSE,FALSE,FALSE,0
"T020","V015",FALSE,0,,,,,,FALSE,FALSE,FALSE,0
"T020","V016",FALSE,0,,,,,,FALSE,FALSE,FALSE,0
"T020","V017",FALSE,0,,,,,,FALSE,FALSE,FALSE,0
"T020","V018",FALSE,0,,,,,,FALSE,FALSE,FALSE,0
"T020","V019",FALSE,0,,,,,,FALSE,FALSE,FALSE,0
"T020","V020",FALSE,0,,,,,,FALSE,FALSE,FALSE,0
"T020","V021",FALSE,0,,,,,,FALSE,FALSE,FALSE,0
"T020","V022",FALSE,0.525,0.796628340033288,0.824734995571113,0.666586206455894,0.625689854814607,0.857142857142857,FALSE,FALSE,FALSE,0.706862543078456
"T020","V023",FALSE,0.5875,0.807381570789119,0.846661038622838,0.643221770603622,0.60071412345595,0.851063829787234,FALSE,FALSE,FALSE,0.723266888950463
"T020","V024",FALSE,0.6375,0.808871077413828,0.85603969898119,0.639865533316933,0.584566971894609,0.843137254901961,FALSE,FALSE,FALSE,0.732967188620168
"T020","V025",FALSE,0.7,0.804263339629241,0.851822027197429,0.659284439732163,0.599651141167577,0.857142857142857,FALSE,FALSE,FALSE,0.741901662159993
"T020","V026",FALSE,0.9125,0.814214936404103,0.845426400419588,0.63557042718652,0.61818328875839,0.821917808219178,FALSE,FALSE,FALSE,0.772132396184318
"T020","V027",FALSE,0.975,0.820397157552812,0.849718486853427,0.624849202623584,0.605235649986398,0.807692307692308,FALSE,FALSE,FALSE,0.783173006648173
"T020","V028",FALSE,0,,,,,,FALSE,FALSE,FALSE,0
"T020","V029",FALSE,0,,,,,,FALSE,FALSE,FALSE,0
"T020","V030",FALSE,0,,,,,,FALSE,FALSE,FALSE,0
"T020","V031",FALSE,0,,,,,,FALSE,FALSE,FALSE,0
"T020","V032",FALSE,0,,,,,,FALSE,FALSE,FALSE,0
"T020","V033",FALSE,0,,,,,,FALSE,FALSE,FALSE,0
"T021","T022",FALSE,0.9625,0.470389091863732,0.569652753965052,1.1778389334923,1.00760077265002,0.857142857142857,FALSE,FALSE,FALSE,0.66878352655281
"T021","T023",FALSE,0.925,0.512950910447683,0.56505800803507,1.12705768810254,1.00809828817601,0.851351351351351,FALSE,FALSE,FALSE,0.667375534898709
"T021","T024",FALSE,0.9125,0.532714102970704,0.566120092463073,1.10209669121032,0.957323451793324,0.821917808219178,FALSE,FALSE,FALSE,0.666654647148221
"T021","T025",FALSE,0.875,0.433424283467814,0.461054164868902,1.06334850552074,1.04514102533345,0.842857142857143,FALSE,FALSE,FALSE,0.643672705621818
"T021","T026",FALSE,0.975,0.485025419108377,0.549132448956152,1.15954858782866,0.986511415754395,0.833333333333333,FALSE,FALSE,FALSE,0.66865253716661
"T021","T027",FALSE,0.9125,0.526347220691054,0.535950086000455,1.11846435475696,0.962322351887639,0.821917808219178,FALSE,FALSE,FALSE,0.662392066134733
"T021","T028",FALSE,0.7375,0.466096143079213,0.293934760818722,1.36398401727318,1.18480236658339,0.711864406779661,FALSE,FALSE,FALSE,0.565137790008966
"T021","T029",FALSE,0,,,,,,FALSE,FALSE,FALSE,0
"T021","T030",FALSE,0,,,,,,FALSE,FALSE,FALSE,0
"T021","T031",FALSE,0,,,,,,FALSE,FALSE,FALSE,0
"T021","T032",FALSE,0,,,,,,FALSE,FALSE,FALSE,0
"T021","T033",TRUE,0,,,,,,FALSE,FALSE,FALSE,0
"T021","T034",FALSE,0,,,,,,FALSE,FALSE,FALSE,0
"T021","T035",FALSE,0,,,,,,FALSE,FALSE,FALSE,0
"T021","T037",FALSE,0,,,,,,FALSE,FALSE,FALSE,0
"T021","T038",FALSE,0,,,,,,FALSE,FALSE,FALSE,0
"T021","T039",FALSE,0,,,,,,FALSE,FALSE,FALSE,0
"T021","T040",FALSE,0,,,,,,FALSE,FALSE,FALSE,0
"T021","V001",FALSE,0,,,,,,FALSE,FALSE,FALSE,0
"T021","V002",FALSE,0,,,,,,FALSE,FALSE,FALSE,0
"T021","V003",FALSE,0,,,,,,FALSE,FALSE,FALSE,0
"T021","V004",FALSE,0,,,,,,FALSE,FALSE,FALSE,0
"T021","V005",FALSE,0,,,,,,FALSE,FALSE,FALSE,0
"T021","V006",FALSE,0,,,,,,FALSE,FALSE,FALSE,0
"T021","V007",FALSE,0,,,,,,FALSE,FALSE,FALSE,0
"T021","V008",FALSE,0,,,,,,FALSE,FALSE,FALSE,0
"T021","V009",FALSE,0,,,,,,FALSE,FALSE,FALSE,0
"T021","V010",FALSE,0,,,,,,FALSE,FALSE,FALSE,0
"T021","V011",FALSE,0,,,,,,FALSE,FALSE,FALSE,0
"T021","V012",FALSE,0,,,,,,FALSE,FALSE,FALSE,0
"T021","V013",FALSE,0,,,,,,FALSE,FALSE,FALSE,0
"T021","V014",FALSE,0,,,,,,FALSE,FALSE,FALSE,0
"T021","V015",FALSE,0,,,,,,FALSE,FALSE,FALSE,0
"T021","V016",FALSE,0,,,,,,FALSE,FALSE,FALSE,0
"T021","V017",FALSE,0,,,,,,FALSE,FALSE,FALSE,0
"T021","V018",FALSE,0,,,,,,FALSE,FALSE,FALSE,0
"T021","V019",FALSE,0,,,,,,FALSE,FALSE,FALSE,0
"T021","V020",FALSE,0,,,,,,FALSE,FALSE,FALSE,0
"T021","V021",FALSE,0,,,,,,FALSE,FALSE,FALSE,0
"T021","V022",FALSE,0.8875,0.527361941652231,0.628087085429297,1.12264782081015,0.879399443607907,0.816901408450704,FALSE,FALSE,FALSE,0.670429169327831
"T021","V023",FALSE,0.95,0.500035443669549,0.615101673722793,1.15585952093839,0.906281670083255,0.815789473684211,FALSE,FALSE,FALSE,0.673694769179138
"T021","V024",FALSE,1,0.510212285862358,0.609594777117552,1.15243088392539,0.921582242192805,0.825,FALSE,FALSE,FALSE,0.683110085739563
"T021","V025",FALSE,0.9375,0.535816072975984,0.632123387213796,1.1313488333943,0.90721302848458,0.84,FALSE,FALSE,FALSE,0.681285862412588
"T021","V026",FALSE,0.725,0.525044441358232,0.601413457525884,1.10135833864619,0.921816908508256,0.844827586206897,FALSE,FALSE,FALSE,0.643878566745854
"T021","V027",FALSE,0.6625,0.523376047643251,0.603918574999171,1.0781812800287,0.908900296178838,0.886792452830189,FALSE,FALSE,FALSE,0.642686767649181
"T021","V028",FALSE,0,,,,,,FALSE,FALSE,FALSE,0
"T021","V029",FALSE,0,,,,,,FALSE,FALSE,FALSE,0
"T021","V030",FALSE,0,,,,,,FALSE,FALSE,FALSE,0
"T021","V031",FALSE,0,,,,,,FALSE,FALSE,FALSE,0
"T021","V032",FALSE,0,,,,,,FALSE,FALSE,FALSE,0
"T021","V033",FALSE,0,,,,,,FALSE,FALSE,FALSE,0
"T022","T023",FALSE,0.9625,0.971955150059581,0.973613332547686,0.239895574992608,0.230459825311549,0.948051948051948,FALSE,FALSE,TRUE,0.910702423026398
"T022","T024",FALSE,0.95,0.850065483528724,0.841506992339457,0.548540165823786,0.850243600647514,0.842105263157895,FALSE,FALSE,FALSE,0.773832500611919
"T022","T025",FALSE,0.9125,0.569513504212586,0.619731410225449,1.06356322515256,1.0004872312391,0.835616438356164,FALSE,FALSE,FALSE,0.675943774185514
"T022","T026",FALSE,0.9375,0.851349487068361,0.843724754307966,0.54519868389471,0.604552149165411,0.853333333333333,FALSE,FALSE,FALSE,0.794069347480041
"T022","T027",FALSE,0.95,0.885817342996358,0.863309123707378,0.47677517237231,0.663261602500462,0.842105263157895,FALSE,FALSE,FALSE,0.800436482687257
"T022","T028",FALSE,0.775,0.39827382336935,0.206779019332242,1.19434876812237,1.30552442381651,0.725806451612903,FALSE,FALSE,FALSE,0.562877397467558
"T022","T029",FALSE,0,,,,,,FALSE,FALSE,FALSE,0
"T022","T030",FALSE,0,,,,,,FALSE,FALSE,FALSE,0
"T022","T031",FALSE,0,,,,,,FALSE,FALSE,FALSE,0
"T022","T032",FALSE,0,,,,,,FALSE,FALSE,FALSE,0
"T022","T033",FALSE,0,,,,,,FALSE,FALSE,FALSE,0
"T022","T034",FALSE,0,,,,,,FALSE,FALSE,FALSE,0
"T022","T035",TRUE,0,,,,,,FALSE,FALSE,FALSE,0
"T022","T037",FALSE,0,,,,,,FALSE,FALSE,FALSE,0
"T022","T038",FALSE,0,,,,,,FALSE,FALSE,FALSE,0
"T022","T039",FALSE,0,,,,,,FALSE,FALSE,FALSE,0
"T022","T040",FALSE,0,,,,,,FALSE,FALSE,FALSE,0
"T022","V001",FALSE,0,,,,,,FALSE,FALSE,FALSE,0
"T022","V002",FALSE,0,,,,,,FALSE,FALSE,FALSE,0
"T022","V003",FALSE,0,,,,,,FALSE,FALSE,FALSE,0
"T022","V004",FALSE,0,,,,,,FALSE,FALSE,FALSE,0
"T022","V005",FALSE,0,,,,,,FALSE,FALSE,FALSE,0
"T022","V006",FALSE,0,,,,,,FALSE,FALSE,FALSE,0
"T022","V007",FALSE,0,,,,,,FALSE,FALSE,FALSE,0
"T022","V008",FALSE,0,,,,,,FALSE,FALSE,FALSE,0
"T022","V009",FALSE,0,,,,,,FALSE,FALSE,FALSE,0
"T022","V010",FALSE,0,,,,,,FALSE,FALSE,FALSE,0
"T022","V011",FALSE,0,,,,,,FALSE,FALSE,FALSE,0
"T022","V012",FALSE,0,,,,,,FALSE,FALSE,FALSE,0
"T022","V013",FALSE,0,,,,,,FALSE,FALSE,FALSE,0
"T022","V014",FALSE,0,,,,,,FALSE,FALSE,FALSE,0
"T022","V015",FALSE,0,,,,,,FALSE,FALSE,FALSE,0
"T022","V016",FALSE,0,,,,,,FALSE,FALSE,FALSE,0
"T022","V017",FALSE,0,,,,,,FALSE,FALSE,FALSE,0
"T022","V018",FALSE,0,,,,,,FALSE,FALSE,FALSE,0
"T022","V019",FALSE,0,,,,,,FALSE,FALSE,FALSE,0
"T022","V020",FALSE,0,,,,,,FALSE,FALSE,FALSE,0
"T022","V021",FALSE,0,,,,,,FALSE,FALSE,FALSE,0
"T022","V022",FALSE,0.85,0.786852899923774,0.829989494549089,0.655862389943958,0.860376416746119,0.808823529411765,FALSE,FALSE,FALSE,0.734873641287665
"T022","V023",FALSE,0.9125,0.798041476027507,0.832989880759207,0.638355458725843,0.865350871535652,0.808219178082192,FALSE,FALSE,FALSE,0.747549831939559
"T022","V024",FALSE,0.9625,0.790203965082333,0.828786142417075,0.649866998428521,0.882257492921359,0.818181818181818,FALSE,FALSE,FALSE,0.754356614090367
"T022","V025",FALSE,0.975,0.785572417061324,0.828169301410795,0.656546806860668,0.883653553974575,0.833333333333333,FALSE,FALSE,FALSE,0.75785227410251
"T022","V026",FALSE,0.7625,0.788322771576147,0.824874408305941,0.654519766474456,0.895642896998053,0.836065573770492,FALSE,FALSE,FALSE,0.722200121694253
"T022","V027",FALSE,0.7,0.786444042992639,0.813092381568056,0.655271042066626,0.895344533495942,0.875,FALSE,FALSE,FALSE,0.717089391196801
"T022","V028",FALSE,0,,,,,,FALSE,FALSE,FALSE,0
"T022","V029",FALSE,0,,,,,,FALSE,FALSE,FALSE,0
"T022","V030",FALSE,0,,,,,,FALSE,FALSE,FALSE,0
"T022","V031",FALSE,0,,,,,,FALSE,FALSE,FALSE,0
"T022","V032",FALSE,0,,,,,,FALSE,FALSE,FALSE,0
"T022","V033",FALSE,0,,,,,,FALSE,FALSE,FALSE,0
"T023","T024",FALSE,0.9875,0.908196355932713,0.895345751267505,0.434285649371352,0.783164594847218,0.835443037974684,FALSE,FALSE,FALSE,0.80489982212289
"T023","T025",FALSE,0.95,0.63312374716818,0.685396437874727,1.0010326058107,0.934178223745384,0.828947368421053,FALSE,FALSE,FALSE,0.699769306599663
"T023","T026",FALSE,0.9,0.902514105327202,0.891803453217251,0.440191962207392,0.513985161034603,0.861111111111111,FALSE,FALSE,FALSE,0.81671499366148
"T023","T027",FALSE,0.9875,0.94243158273356,0.922821447596904,0.338942176083675,0.566005330199073,0.873417721518987,FALSE,FALSE,FALSE,0.845642821624922
"T023","T028",FALSE,0.8125,0.36857741289191,0.148649490260383,1.20269867648286,1.33732048981123,0.692307692307692,FALSE,FALSE,FALSE,0.554391975567378
"T023","T029",FALSE,0,,,,,,FALSE,FALSE,FALSE,0
"T023","T030",FALSE,0,,,,,,FALSE,FALSE,FALSE,0
"T023","T031",FALSE,0,,,,,,FALSE,FALSE,FALSE,0
"T023","T032",FALSE,0,,,,,,FALSE,FALSE,FALSE,0
"T023","T033",FALSE,0,,,,,,FALSE,FALSE,FALSE,0
"T023","T034",TRUE,0,,,,,,FALSE,FALSE,FALSE,0
"T023","T035",FALSE,0,,,,,,FALSE,FALSE,FALSE,0
"T023","T037",FALSE,0,,,,,,FALSE,FALSE,FALSE,0
"T023","T038",FALSE,0,,,,,,FALSE,FALSE,FALSE,0
"T023","T039",FALSE,0,,,,,,FALSE,FALSE,FALSE,0
"T023","T040",FALSE,0,,,,,,FALSE,FALSE,FALSE,0
"T023","V001",FALSE,0,,,,,,FALSE,FALSE,FALSE,0
"T023","V002",FALSE,0,,,,,,FALSE,FALSE,FALSE,0
"T023","V003",FALSE,0,,,,,,FALSE,FALSE,FALSE,0
"T023","V004",FALSE,0,,,,,,FALSE,FALSE,FALSE,0
"T023","V005",FALSE,0,,,,,,FALSE,FALSE,FALSE,0
"T023","V006",FALSE,0,,,,,,FALSE,FALSE,FALSE,0
"T023","V007",FALSE,0,,,,,,FALSE,FALSE,FALSE,0
"T023","V008",FALSE,0,,,,,,FALSE,FALSE,FALSE,0
"T023","V009",FALSE,0,,,,,,FALSE,FALSE,FALSE,0
"T023","V010",FALSE,0,,,,,,FALSE,FALSE,FALSE,0
"T023","V011",FALSE,0,,,,,,FALSE,FALSE,FALSE,0
"T023","V012",FALSE,0,,,,,,FALSE,FALSE,FALSE,0
"T023","V013",FALSE,0,,,,,,FALSE,FALSE,FALSE,0
"T023","V014",FALSE,0,,,,,,FALSE,FALSE,FALSE,0
"T023","V015",FALSE,0,,,,,,FALSE,FALSE,FALSE,0
"T023","V016",FALSE,0,,,,,,FALSE,FALSE,FALSE,0
"T023","V017",FALSE,0,,,,,,FALSE,FALSE,FALSE,0
"T023","V018",FALSE,0,,,,,,FALSE,FALSE,FALSE,0
"T023","V019",FALSE,0,,,,,,FALSE,FALSE,FALSE,0
"T023","V020",FALSE,0,,,,,,FALSE,FALSE,FALSE,0
"T023","V021",FALSE,0,,,,,,FALSE,FALSE,FALSE,0
"T023","V022",FALSE,0.8125,0.832192708987552,0.859306547843531,0.588651536455409,0.823783802583336,0.8,FALSE,FALSE,FALSE,0.742015534076702
"T023","V023",FALSE,0.875,0.839166309993809,0.867713862119452,0.576443326866717,0.810059102574147,0.814285714285714,FALSE,FALSE,FALSE,0.758241810444426
"T023","V024",FALSE,0.925,0.831395170909113,0.868353348024731,0.589016171163367,0.818666713357256,0.824324324324324,FALSE,FALSE,FALSE,0.765848461307138
"T023","V025",FALSE,0.9875,0.827348815344874,0.864304836552051,0.596200341951221,0.833915703246842,0.835443037974684,FALSE,FALSE,FALSE,0.7756693247611
"T023","V026",FALSE,0.8,0.833348290801767,0.873474296987807,0.588874403739751,0.842089001959705,0.84375,FALSE,FALSE,FALSE,0.747153749876335
"T023","V027",FALSE,0.7375,0.834369543368031,0.867407142496212,0.583827933729202,0.831835509473713,0.88135593220339,FALSE,FALSE,FALSE,0.743792188761376
"T023","V028",FALSE,0,,,,,,FALSE,FALSE,FALSE,0
"T023","V029",FALSE,0,,,,,,FALSE,FALSE,FALSE,0
"T023","V030",FALSE,0,,,,,,FALSE,FALSE,FALSE,0
"T023","V031",FALSE,0,,,,,,FALSE,FALSE,FALSE,0
"T023","V032",FALSE,0,,,,,,FALSE,FALSE,FALSE,0
"T023","V033",FALSE,0,,,,,,FALSE,FALSE,FALSE,0
"T024","T025",FALSE,0.9625,0.709178328815565,0.74304709069049,0.920006881334803,0.72318873964026,0.818181818181818,FALSE,FALSE,FALSE,0.731752238077865
"T024","T026",FALSE,0.8875,0.976189892224933,0.959038206090866,0.234431504004103,0.544199171711001,0.915492957746479,FALSE,FALSE,TRUE,0.856988957282954
"T024","T027",FALSE,1,0.978960486462631,0.979994341330308,0.214716207681915,0.324293297936845,0.9375,FALSE,FALSE,TRUE,0.907797653750278
"T024","T028",FALSE,0.825,0.418137245645398,0.218460736653352,1.1650489042201,1.26294548274689,0.651515151515151,FALSE,FALSE,FALSE,0.564923551409931
"T024","T029",FALSE,0,,,,,,FALSE,FALSE,FALSE,0
"T024","T030",FALSE,0,,,,,,FALSE,FALSE,FALSE,0
"T024","T031",FALSE,0,,,,,,FALSE,FALSE,FALSE,0
"T024","T032",FALSE,0,,,,,,FALSE,FALSE,FALSE,0
"T024","T033",FALSE,0,,,,,,FALSE,FALSE,FALSE,0
"T024","T034",FALSE,0,,,,,,FALSE,FALSE,FALSE,0
"T024","T035",FALSE,0,,,,,,FALSE,FALSE,FALSE,0
"T024","T037",TRUE,0,,,,,,FALSE,FALSE,FALSE,0
"T024","T038",FALSE,0,,,,,,FALSE,FALSE,FALSE,0
"T024","T039",FALSE,0,,,,,,FALSE,FALSE,FALSE,0
"T024","T040",FALSE,0,,,,,,FALSE,FALSE,FALSE,0
"T024","V001",FALSE,0,,,,,,FALSE,FALSE,FALSE,0
"T024","V002",FALSE,0,,,,,,FALSE,FALSE,FALSE,0
"T024","V003",FALSE,0,,,,,,FALSE,FALSE,FALSE,0
"T024","V004",FALSE,0,,,,,,FALSE,FALSE,FALSE,0
"T024","V005",FALSE,0,,,,,,FALSE,FALSE,FALSE,0
"T024","V006",FALSE,0,,,,,,FALSE,FALSE,FALSE,0
"T024","V007",FALSE,0,,,,,,FALSE,FALSE,FALSE,0
"T024","V008",FALSE,0,,,,,,FALSE,FALSE,FALSE,0
"T024","V009",FALSE,0,,,,,,FALSE,FALSE,FALSE,0
"T024","V010",FALSE,0,,,,,,FALSE,FALSE,FALSE,0
"T024","V011",FALSE,0,,,,,,FALSE,FALSE,FALSE,0
"T024","V012",FALSE,0,,,,,,FALSE,FALSE,FALSE,0
"T024","V013",FALSE,0,,,,,,FALSE,FALSE,FALSE,0
"T024","V014",FALSE,0,,,,,,FALSE,FALSE,FALSE,0
"T024","V015",FALSE,0,,,,,,FALSE,FALSE,FALSE,0
"T024","V016",FALSE,0,,,,,,FALSE,FALSE,FALSE,0
"T024","V017",FALSE,0,,,,,,FALSE,FALSE,FALSE,0
"T024","V018",FALSE,0,,,,,,FALSE,FALSE,FALSE,0
"T024","V019",FALSE,0,,,,,,FALSE,FALSE,FALSE,0
"T024","V020",FALSE,0,,,,,,FALSE,FALSE,FALSE,0
"T024","V021",FALSE,0,,,,,,FALSE,FALSE,FALSE,0
"T024","V022",FALSE,0.8,0.957178873171132,0.957127000604446,0.302823306970796,0.311169126898109,0.921875,FALSE,FALSE,TRUE,0.85839125247055
"T024","V023",FALSE,0.8625,0.957799916528533,0.961078103876893,0.29929759814707,0.295464080859925,0.927536231884058,FALSE,FALSE,TRUE,0.872500023736623
"T024","V024",FALSE,0.9125,0.954121845200322,0.960190067727301,0.308484518023248,0.302400936950052,0.931506849315068,FALSE,FALSE,TRUE,0.879127304446276
"T024","V025",FALSE,0.975,0.952837060970761,0.959678804241946,0.311363054032656,0.304252804372836,0.935897435897436,FALSE,FALSE,TRUE,0.889546272250351
"T024","V026",FALSE,0.8125,0.959588474219292,0.970996483521823,0.293227307607059,0.262918015057613,0.938461538461538,FALSE,FALSE,TRUE,0.871818587658035
"T024","V027",FALSE,0.75,0.964716021827804,0.971403169936414,0.272121183047436,0.257748159514009,0.95,FALSE,FALSE,FALSE,0.867101894352135
"T024","V028",FALSE,0,,,,,,FALSE,FALSE,FALSE,0
"T024","V029",FALSE,0,,,,,,FALSE,FALSE,FALSE,0
"T024","V030",FALSE,0,,,,,,FALSE,FALSE,FALSE,0
"T024","V031",FALSE,0,,,,,,FALSE,FALSE,FALSE,0
"T024","V032",FALSE,0,,,,,,FALSE,FALSE,FALSE,0
"T024","V033",FALSE,0,,,,,,FALSE,FALSE,FALSE,0
"T025","T026",FALSE,0.85,0.667189979201294,0.710350622898795,0.958581666110137,0.822216664389416,0.794117647058823,FALSE,FALSE,FALSE,0.692630122657479
"T025","T027",FALSE,0.9625,0.672168523672284,0.733068539555718,0.967020632240678,0.742880869912881,0.779220779220779,FALSE,FALSE,FALSE,0.71671580854363
"T025","T028",FALSE,0.8625,0.290979305842341,0.217910185246923,1.41148442116215,1.25774059820305,0.681159420289855,FALSE,FALSE,FALSE,0.554363490976524
"T025","T029",FALSE,0,,,,,,FALSE,FALSE,FALSE,0
"T025","T030",FALSE,0,,,,,,FALSE,FALSE,FALSE,0
"T025","T031",FALSE,0,,,,,,FALSE,FALSE,FALSE,0
"T025","T032",FALSE,0,,,,,,FALSE,FALSE,FALSE,0
"T025","T033",FALSE,0,,,,,,FALSE,FALSE,FALSE,0
"T025","T034",FALSE,0,,,,,,FALSE,FALSE,FALSE,0
"T025","T035",FALSE,0,,,,,,FALSE,FALSE,FALSE,0
"T025","T037",FALSE,0,,,,,,FALSE,FALSE,FALSE,0
"T025","T038",FALSE,0,,,,,,FALSE,FALSE,FALSE,0
"T025","T039",FALSE,0,,,,,,FALSE,FALSE,FALSE,0
"T025","T040",FALSE,0,,,,,,FALSE,FALSE,FALSE,0
"T025","V001",FALSE,0,,,,,,FALSE,FALSE,FALSE,0
"T025","V002",FALSE,0,,,,,,FALSE,FALSE,FALSE,0
"T025","V003",FALSE,0,,,,,,FALSE,FALSE,FALSE,0
"T025","V004",FALSE,0,,,,,,FALSE,FALSE,FALSE,0
"T025","V005",FALSE,0,,,,,,FALSE,FALSE,FALSE,0
"T025","V006",FALSE,0,,,,,,FALSE,FALSE,FALSE,0
"T025","V007",FALSE,0,,,,,,FALSE,FALSE,FALSE,0
"T025","V008",FALSE,0,,,,,,FALSE,FALSE,FALSE,0
"T025","V009",FALSE,0,,,,,,FALSE,FALSE,FALSE,0
"T025","V010",FALSE,0,,,,,,FALSE,FALSE,FALSE,0
"T025","V011",FALSE,0,,,,,,FALSE,FALSE,FALSE,0
"T025","V012",FALSE,0,,,,,,FALSE,FALSE,FALSE,0
"T025","V013",FALSE,0,,,,,,FALSE,FALSE,FALSE,0
"T025","V014",FALSE,0,,,,,,FALSE,FALSE,FALSE,0
"T025","V015",FALSE,0,,,,,,FALSE,FALSE,FALSE,0
"T025","V016",FALSE,0,,,,,,FALSE,FALSE,FALSE,0
"T025","V017",FALSE,0,,,,,,FALSE,FALSE,FALSE,0
"T025","V018",FALSE,0,,,,,,FALSE,FALSE,FALSE,0
"T025","V019",FALSE,0,,,,,,FALSE,FALSE,FALSE,0
"T025","V020",FALSE,0,,,,,,FALSE,FALSE,FALSE,0
"T025","V021",FALSE,0,,,,,,FALSE,FALSE,FALSE,0
"T025","V022",FALSE,0.7625,0.705849232021515,0.68848400505373,0.918208779514195,0.798352608246228,0.754098360655738,FALSE,FALSE,FALSE,0.677178048407956
"T025","V023",FALSE,0.825,0.701324692555844,0.716116854080616,0.942810791891775,0.763037705216698,0.772727272727273,FALSE,FALSE,FALSE,0.693704566551332
"T025","V024",FALSE,0.875,0.702814238211696,0.728683089495337,0.947340992162928,0.74621059611553,0.785714285714286,FALSE,FALSE,FALSE,0.706398937501836
"T025","V025",FALSE,0.9375,0.700713331005155,0.727579362509082,0.955302855203813,0.749557111567862,0.8,FALSE,FALSE,FALSE,0.718152961892126
"T025","V026",FALSE,0.85,0.732828190386712,0.786056926549973,0.915953592583906,0.660761088804748,0.838235294117647,FALSE,FALSE,FALSE,0.727378474236869
"T025","V027",FALSE,0.7875,0.733061597154969,0.8074466493852,0.911046176593733,0.6253872951772,0.857142857142857,FALSE,FALSE,FALSE,0.725342412952433
"T025","V028",FALSE,0,,,,,,FALSE,FALSE,FALSE,0
"T025","V029",FALSE,0,,,,,,FALSE,FALSE,FALSE,0
"T025","V030",FALSE,0,,,,,,FALSE,FALSE,FALSE,0
"T025","V031",FALSE,0,,,,,,FALSE,FALSE,FALSE,0
"T025","V032",FALSE,0,,,,,,FALSE,FALSE,FALSE,0
"T025","V033",FALSE,0,,,,,,FALSE,FALSE,FALSE,0
"T026","T027",FALSE,0.8875,0.978410341403823,0.965728126763691,0.209052022322178,0.34940495982423,0.887323943661972,FALSE,FALSE,TRUE,0.877225622674397
"T026","T028",FALSE,0.7125,0.470975657369835,0.222853152000729,1.14214133816506,1.25697688431588,0.684210526315789,FALSE,FALSE,FALSE,0.557878781297913
"T026","T029",FALSE,0,,,,,,FALSE,FALSE,FALSE,0
"T026","T030",FALSE,0,,,,,,FALSE,FALSE,FALSE,0
"T026","T031",FALSE,0,,,,,,FALSE,FALSE,FALSE,0
"T026","T032",FALSE,0,,,,,,FALSE,FALSE,FALSE,0
"T026","T033",FALSE,0,,,,,,FALSE,FALSE,FALSE,0
"T026","T034",FALSE,0,,,,,,FALSE,FALSE,FALSE,0
"T026","T035",FALSE,0,,,,,,FALSE,FALSE,FALSE,0
"T026","T037",FALSE,0,,,,,,FALSE,FALSE,FALSE,0
"T026","T038",FALSE,0,,,,,,FALSE,FALSE,FALSE,0
"T026","T039",TRUE,0,,,,,,FALSE,FALSE,FALSE,0
"T026","T040",FALSE,0,,,,,,FALSE,FALSE,FALSE,0
"T026","V001",TRUE,0,,,,,,FALSE,FALSE,FALSE,0
"T026","V002",TRUE,0,,,,,,FALSE,FALSE,FALSE,0
"T026","V003",TRUE,0,,,,,,FALSE,FALSE,FALSE,0
"T026","V004",FALSE,0,,,,,,FALSE,FALSE,FALSE,0
"T026","V005",FALSE,0,,,,,,FALSE,FALSE,FALSE,0
"T026","V006",FALSE,0,,,,,,FALSE,FALSE,FALSE,0
"T026","V007",TRUE,0,,,,,,FALSE,FALSE,FALSE,0
"T026","V008",TRUE,0,,,,,,FALSE,FALSE,FALSE,0
"T026","V009",TRUE,0,,,,,,FALSE,FALSE,FALSE,0
"T026","V010",FALSE,0,,,,,,FALSE,FALSE,FALSE,0
"T026","V011",FALSE,0,,,,,,FALSE,FALSE,FALSE,0
"T026","V012",FALSE,0,,,,,,FALSE,FALSE,FALSE,0
"T026","V013",FALSE,0,,,,,,FALSE,FALSE,FALSE,0
"T026","V014",FALSE,0,,,,,,FALSE,FALSE,FALSE,0
"T026","V015",FALSE,0,,,,,,FALSE,FALSE,FALSE,0
"T026","V016",TRUE,0,,,,,,FALSE,FALSE,FALSE,0
"T026","V017",TRUE,0,,,,,,FALSE,FALSE,FALSE,0
"T026","V018",TRUE,0,,,,,,FALSE,FALSE,FALSE,0
"T026","V019",FALSE,0,,,,,,FALSE,FALSE,FALSE,0
"T026","V020",FALSE,0,,,,,,FALSE,FALSE,FALSE,0
"T026","V021",FALSE,0,,,,,,FALSE,FALSE,FALSE,0
"T026","V022",FALSE,0.9125,0.929228218328769,0.92813753618738,0.398911869437104,0.621221943910577,0.931506849315068,FALSE,FALSE,FALSE,0.830171177739516
"T026","V023",FALSE,0.975,0.928901198472094,0.933560750729596,0.399293924612488,0.599470740978776,0.935897435897436,FALSE,FALSE,FALSE,0.843670682772196
"T026","V024",FALSE,0.975,0.939909812742937,0.940079109569,0.37186808521292,0.58296090824766,0.935897435897436,FALSE,FALSE,FALSE,0.849763348725934
"T026","V025",FALSE,0.9125,0.939902372925432,0.941600103223533,0.367564929244894,0.571111050984226,0.931506849315068,FALSE,FALSE,FALSE,0.840345652427318
"T026","V026",FALSE,0.7,0.947276119896861,0.952674816104118,0.352935100783778,0.554574116656494,0.928571428571429,FALSE,FALSE,FALSE,0.809247748202909
"T026","V027",FALSE,0.6375,0.946818072518923,0.953887625101759,0.351850683520724,0.534698284385113,0.92156862745098,FALSE,FALSE,FALSE,0.799775439960776
"T026","V028",FALSE,0,,,,,,FALSE,FALSE,FALSE,0
"T026","V029",FALSE,0,,,,,,FALSE,FALSE,FALSE,0
"T026","V030",FALSE,0,,,,,,FALSE,FALSE,FALSE,0
"T026","V031",FALSE,0,,,,,,FALSE,FALSE,FALSE,0
"T026","V032",FALSE,0,,,,,,FALSE,FALSE,FALSE,0
"T026","V033",FALSE,0,,,,,,FALSE,FALSE,FALSE,0
"T027","T028",FALSE,0.825,0.374326515395239,0.22482748622901,1.19114044376954,1.24062801600954,0.651515151515151,FALSE,FALSE,FALSE,0.561528200663839
"T027","T029",FALSE,0,,,,,,FALSE,FALSE,FALSE,0
"T027","T030",FALSE,0,,,,,,FALSE,FALSE,FALSE,0
"T027","T031",FALSE,0,,,,,,FALSE,FALSE,FALSE,0
"T027","T032",FALSE,0,,,,,,FALSE,FALSE,FALSE,0
"T027","T033",FALSE,0,,,,,,FALSE,FALSE,FALSE,0
"T027","T034",FALSE,0,,,,,,FALSE,FALSE,FALSE,0
"T027","T035",FALSE,0,,,,,,FALSE,FALSE,FALSE,0
"T027","T037",FALSE,0,,,,,,FALSE,FALSE,FALSE,0
"T027","T038",TRUE,0,,,,,,FALSE,FALSE,FALSE,0
"T027","T039",FALSE,0,,,,,,FALSE,FALSE,FALSE,0
"T027","T040",FALSE,0,,,,,,FALSE,FALSE,FALSE,0
"T027","V001",FALSE,0,,,,,,FALSE,FALSE,FALSE,0
"T027","V002",FALSE,0,,,,,,FALSE,FALSE,FALSE,0
"T027","V003",FALSE,0,,,,,,FALSE,FALSE,FALSE,0
"T027","V004",TRUE,0,,,,,,FALSE,FALSE,FALSE,0
"T027","V005",TRUE,0,,,,,,FALSE,FALSE,FALSE,0
"T027","V006",TRUE,0,,,,,,FALSE,FALSE,FALSE,0
"T027","V007",FALSE,0,,,,,,FALSE,FALSE,FALSE,0
"T027","V008",FALSE,0,,,,,,FALSE,FALSE,FALSE,0
"T027","V009",FALSE,0,,,,,,FALSE,FALSE,FALSE,0
"T027","V010",FALSE,0,,,,,,FALSE,FALSE,FALSE,0
"T027","V011",FALSE,0,,,,,,FALSE,FALSE,FALSE,0
"T027","V012",FALSE,0,,,,,,FALSE,FALSE,FALSE,0
"T027","V013",FALSE,0,,,,,,FALSE,FALSE,FALSE,0
"T027","V014",FALSE,0,,,,,,FALSE,FALSE,FALSE,0
"T027","V015",FALSE,0,,,,,,FALSE,FALSE,FALSE,0
"T027","V016",FALSE,0,,,,,,FALSE,FALSE,FALSE,0
"T027","V017",FALSE,0,,,,,,FALSE,FALSE,FALSE,0
"T027","V018",FALSE,0,,,,,,FALSE,FALSE,FALSE,0
"T027","V019",FALSE,0,,,,,,FALSE,FALSE,FALSE,0
"T027","V020",FALSE,0,,,,,,FALSE,FALSE,FALSE,0
"T027","V021",FALSE,0,,,,,,FALSE,FALSE,FALSE,0
"T027","V022",FALSE,0.8,0.918003304651901,0.931603350244641,0.41587437988872,0.476080722370127,0.859375,FALSE,FALSE,FALSE,0.810859134442939
"T027","V023",FALSE,0.8625,0.91999889758788,0.93731774378131,0.410878240091289,0.452163001465246,0.869565217391304,FALSE,FALSE,FALSE,0.826673608555998
"T027","V024",FALSE,0.9125,0.915347629294634,0.936596247243859,0.420236389496257,0.457115460322839,0.876712328767123,FALSE,FALSE,FALSE,0.834197170552954
"T027","V025",FALSE,0.975,0.913818321490732,0.934133322745147,0.423842231861248,0.465831991649016,0.884615384615385,FALSE,FALSE,FALSE,0.844288510565517
"T027","V026",FALSE,0.8125,0.923009500210688,0.94676825399357,0.404597435175527,0.449912962955035,0.907692307692308,FALSE,FALSE,FALSE,0.826668367069112
"T027","V027",FALSE,0.75,0.930700921369509,0.947322489310052,0.383136400285239,0.4351252839641,0.933333333333333,FALSE,FALSE,FALSE,0.825208087516953
"T027","V028",FALSE,0,,,,,,FALSE,FALSE,FALSE,0
"T027","V029",FALSE,0,,,,,,FALSE,FALSE,FALSE,0
"T027","V030",FALSE,0,,,,,,FALSE,FALSE,FALSE,0
"T027","V031",FALSE,0,,,,,,FALSE,FALSE,FALSE,0
"T027","V032",FALSE,0,,,,,,FALSE,FALSE,FALSE,0
"T027","V033",FALSE,0,,,,,,FALSE,FALSE,FALSE,0
"T028","T029",FALSE,0,,,,,,FALSE,FALSE,FALSE,0
"T028","T030",FALSE,0,,,,,,FALSE,FALSE,FALSE,0
"T028","T031",FALSE,0,,,,,,FALSE,FALSE,FALSE,0
"T028","T032",FALSE,0,,,,,,FALSE,FALSE,FALSE,0
"T028","T033",FALSE,0,,,,,,FALSE,FALSE,FALSE,0
"T028","T034",FALSE,0,,,,,,FALSE,FALSE,FALSE,0
"T028","T035",FALSE,0,,,,,,FALSE,FALSE,FALSE,0
"T028","T037",FALSE,0,,,,,,FALSE,FALSE,FALSE,0
"T028","T038",FALSE,0,,,,,,FALSE,FALSE,FALSE,0
"T028","T039",FALSE,0,,,,,,FALSE,FALSE,FALSE,0
"T028","T040",FALSE,0,,,,,,FALSE,FALSE,FALSE,0
"T028","V001",FALSE,0,,,,,,FALSE,FALSE,FALSE,0
"T028","V002",FALSE,0,,,,,,FALSE,FALSE,FALSE,0
"T028","V003",FALSE,0,,,,,,FALSE,FALSE,FALSE,0
"T028","V004",FALSE,0,,,,,,FALSE,FALSE,FALSE,0
"T028","V005",FALSE,0,,,,,,FALSE,FALSE,FALSE,0
"T028","V006",FALSE,0,,,,,,FALSE,FALSE,FALSE,0
"T028","V007",FALSE,0,,,,,,FALSE,FALSE,FALSE,0
"T028","V008",FALSE,0,,,,,,FALSE,FALSE,FALSE,0
"T028","V009",FALSE,0,,,,,,FALSE,FALSE,FALSE,0
"T028","V010",FALSE,0,,,,,,FALSE,FALSE,FALSE,0
"T028","V011",FALSE,0,,,,,,FALSE,FALSE,FALSE,0
"T028","V012",FALSE,0,,,,,,FALSE,FALSE,FALSE,0
"T028","V013",FALSE,0,,,,,,FALSE,FALSE,FALSE,0
"T028","V014",FALSE,0,,,,,,FALSE,FALSE,FALSE,0
"T028","V015",FALSE,0,,,,,,FALSE,FALSE,FALSE,0
"T028","V016",FALSE,0,,,,,,FALSE,FALSE,FALSE,0
"T028","V017",FALSE,0,,,,,,FALSE,FALSE,FALSE,0
"T028","V018",FALSE,0,,,,,,FALSE,FALSE,FALSE,0
"T028","V019",FALSE,0,,,,,,FALSE,FALSE,FALSE,0
"T028","V020",FALSE,0,,,,,,FALSE,FALSE,FALSE,0
"T028","V021",FALSE,0,,,,,,FALSE,FALSE,FALSE,0
"T028","V022",FALSE,0.625,0.601175768836352,0.377000882824745,1.06613230385214,1.11689459348566,0.76,FALSE,FALSE,FALSE,0.590953444287766
"T028","V023",FALSE,0.6875,0.529180716484385,0.281061018516007,1.0996223405328,1.2064037434524,0.727272727272727,FALSE,FALSE,FALSE,0.575360336348705
"T028","V024",FALSE,0.7375,0.523067424352804,0.279229684794356,1.08263855855917,1.21285002377725,0.728813559322034,FALSE,FALSE,FALSE,0.583918566328104
"T028","V025",FALSE,0.8,0.510329733673457,0.285569481152582,1.09803008367687,1.2099201310728,0.71875,FALSE,FALSE,FALSE,0.591408027109888
"T028","V026",FALSE,0.9875,0.445082472727453,0.260689662775841,1.11760949328102,1.24820016964689,0.721518987341772,FALSE,FALSE,FALSE,0.612664446331063
"T028","V027",FALSE,0.925,0.427105493233938,0.252291357231613,1.12849399895213,1.2577562507044,0.716216216216216,FALSE,FALSE,FALSE,0.598120990395937
"T028","V028",FALSE,0,,,,,,FALSE,FALSE,FALSE,0
"T028","V029",FALSE,0,,,,,,FALSE,FALSE,FALSE,0
"T028","V030",FALSE,0,,,,,,FALSE,FALSE,FALSE,0
"T028","V031",FALSE,0,,,,,,FALSE,FALSE,FALSE,0
"T028","V032",FALSE,0,,,,,,FALSE,FALSE,FALSE,0
"T028","V033",FALSE,0,,,,,,FALSE,FALSE,FALSE,0
"T029","T030",FALSE,0.6,0.518266237228134,0.487809555244993,0.976567909900164,1.23840252299515,0.75,FALSE,FALSE,FALSE,0.586581030263316
"T029","T031",FALSE,0.8125,0.445495092849757,0.389793146478873,1.14535039507952,1.13580038293229,0.784615384615385,FALSE,FALSE,FALSE,0.60900615016477
"T029","T032",FALSE,0.95,0.671503269200832,0.701650622312995,0.818472283253422,1.0711204968095,0.802631578947368,FALSE,FALSE,FALSE,0.70382299016116
"T029","T033",FALSE,0.925,0.745336330860536,0.793095202395524,0.888736652843641,0.771598249052495,0.932432432432432,FALSE,FALSE,FALSE,0.750016121599994
"T029","T034",FALSE,0.7,0.519154581784788,0.475545487381571,0.979147458968194,1.03318857532527,0.875,FALSE,FALSE,FALSE,0.633975277980209
"T029","T035",FALSE,0.9625,0.541489313543003,0.575819400660806,0.956513677496467,0.923290073970278,0.857142857142857,FALSE,FALSE,FALSE,0.693289559405934
"T029","T037",FALSE,0.7875,0.605490950278747,0.614488356127128,0.887377551378219,1.11539301925126,0.825396825396825,FALSE,FALSE,FALSE,0.660401165915501
"T029","T038",FALSE,0.9875,0.592260533801216,0.646280274178461,0.901128672930804,0.958878835040208,0.848101265822785,FALSE,FALSE,FALSE,0.70738418617565
"T029","T039",FALSE,0.9,0.62684082698506,0.631427686339452,0.861916940474574,0.89494593005618,0.833333333333333,FALSE,FALSE,FALSE,0.698908160901748
"T029","T040",FALSE,0.7875,0.620879210428387,0.465718694676251,0.915742369173799,1.0459967780764,0.825396825396825,FALSE,FALSE,FALSE,0.651292769753342
"T029","V001",FALSE,0,,,,,,FALSE,FALSE,FALSE,0
"T029","V002",FALSE,0,,,,,,FALSE,FALSE,FALSE,0
"T029","V003",FALSE,0,,,,,,FALSE,FALSE,FALSE,0
"T029","V004",FALSE,0,,,,,,FALSE,FALSE,FALSE,0
"T029","V005",FALSE,0,,,,,,FALSE,FALSE,FALSE,0
"T029","V006",FALSE,0,,,,,,FALSE,FALSE,FALSE,0
"T029","V007",FALSE,0,,,,,,FALSE,FALSE,FALSE,0
"T029","V008",FALSE,0,,,,,,FALSE,FALSE,FALSE,0
"T029","V009",FALSE,0,,,,,,FALSE,FALSE,FALSE,0
"T029","V010",FALSE,0,,,,,,FALSE,FALSE,FALSE,0
"T029","V011",FALSE,0,,,,,,FALSE,FALSE,FALSE,0
"T029","V012",FALSE,0,,,,,,FALSE,FALSE,FALSE,0
"T029","V013",FALSE,0,,,,,,FALSE,FALSE,FALSE,0
"T029","V014",FALSE,0,,,,,,FALSE,FALSE,FALSE,0
"T029","V015",FALSE,0,,,,,,FALSE,FALSE,FALSE,0
"T029","V016",FALSE,0,,,,,,FALSE,FALSE,FALSE,0
"T029","V017",FALSE,0,,,,,,FALSE,FALSE,FALSE,0
"T029","V018",FALSE,0,,,,,,FALSE,FALSE,FALSE,0
"T029","V019",FALSE,0,,,,,,FALSE,FALSE,FALSE,0
"T029","V020",FALSE,0,,,,,,FALSE,FALSE,FALSE,0
"T029","V021",FALSE,0,,,,,,FALSE,FALSE,FALSE,0
"T029","V022",FALSE,0,,,,,,FALSE,FALSE,FALSE,0
"T029","V023",FALSE,0,,,,,,FALSE,FALSE,FALSE,0
"T029","V024",FALSE,0,,,,,,FALSE,FALSE,FALSE,0
"T029","V025",FALSE,0,,,,,,FALSE,FALSE,FALSE,0
"T029","V026",FALSE,0,,,,,,FALSE,FALSE,FALSE,0
"T029","V027",FALSE,0,,,,,,FALSE,FALSE,FALSE,0
"T029","V028",FALSE,0.8875,0.654869538146527,0.66366387846914,0.83280982801464,1.09278786296633,0.816901408450704,FALSE,FALSE,FALSE,0.688962395475274
"T029","V029",FALSE,0.8,0.625559829165454,0.660245293800759,0.869000554216331,1.13537663913913,0.796875,FALSE,FALSE,FALSE,0.663408187230338
"T029","V030",FALSE,0.9625,0.674482753260423,0.704897761460541,0.81932516119098,1.05619028537841,0.792207792207792,FALSE,FALSE,FALSE,0.705484208377853
"T029","V031",FALSE,0.95,0.671503269200832,0.701850414428833,0.813479692387599,1.07167060224945,0.802631578947368,FALSE,FALSE,FALSE,0.70417619547842
"T029","V032",FALSE,0.7625,0.693763534446513,0.688899359166988,0.812197485675944,1.09848528875431,0.737704918032787,FALSE,FALSE,FALSE,0.661465600745198
"T029","V033",FALSE,0.85,0.673572900526444,0.725205605283502,0.820258752570405,1.04717101617578,0.764705882352941,FALSE,FALSE,FALSE,0.684223660108397
"T030","T031",FALSE,0.4125,0.810609487959969,0.709229273979075,0.71923111262978,1.02755194041616,0.666666666666667,FALSE,FALSE,FALSE,0.61401578511677
"T030","T032",FALSE,0.65,0.73479998886315,0.795804726119624,0.733352288850001,0.659187084599037,0.769230769230769,FALSE,FALSE,FALSE,0.697016830864452
"T030","T033",FALSE,0.525,0.247123314112112,0.460538992591063,1.30242606321308,1.17204851575363,0.761904761904762,FALSE,FALSE,FALSE,0.537056521797186
"T030","T034",FALSE,0.9,0.751793136154895,0.790252662598602,0.702288010606541,0.91625004057456,0.75,FALSE,FALSE,FALSE,0.719414931066075
"T030","T035",FALSE,0.5625,0.745041640309167,0.697826792199009,0.711201454207503,1.04626571668423,0.711111111111111,FALSE,FALSE,FALSE,0.63955769171741
"T030","T037",FALSE,0.8125,0.796849647673418,0.813954612960574,0.640731062756308,0.664840492234052,0.769230769230769,FALSE,FALSE,FALSE,0.738065924246793
"T030","T038",FALSE,0.5875,0.829928781308531,0.771259939042337,0.587727701015112,0.76016921430244,0.74468085106383,FALSE,FALSE,FALSE,0.692658470555395
"T030","T039",FALSE,0.7,0.775598444955645,0.733271418234147,0.668098995903758,0.8930506552663,0.714285714285714,FALSE,FALSE,FALSE,0.681801300254256
"T030","T040",FALSE,0.3875,0.416818346496424,0.509661365515928,1.07738063590164,1.28883853532098,0.612903225806452,FALSE,FALSE,FALSE,0.513286663986809
"T030","V001",FALSE,0,,,,,,FALSE,FALSE,FALSE,0
"T030","V002",FALSE,0,,,,,,FALSE,FALSE,FALSE,0
"T030","V003",FALSE,0,,,,,,FALSE,FALSE,FALSE,0
"T030","V004",FALSE,0,,,,,,FALSE,FALSE,FALSE,0
"T030","V005",FALSE,0,,,,,,FALSE,FALSE,FALSE,0
"T030","V006",FALSE,0,,,,,,FALSE,FALSE,FALSE,0
"T030","V007",FALSE,0,,,,,,FALSE,FALSE,FALSE,0
"T030","V008",FALSE,0,,,,,,FALSE,FALSE,FALSE,0
"T030","V009",FALSE,0,,,,,,FALSE,FALSE,FALSE,0
"T030","V010",FALSE,0,,,,,,FALSE,FALSE,FALSE,0
"T030","V011",FALSE,0,,,,,,FALSE,FALSE,FALSE,0
"T030","V012",FALSE,0,,,,,,FALSE,FALSE,FALSE,0
"T030","V013",FALSE,0,,,,,,FALSE,FALSE,FALSE,0
"T030","V014",FALSE,0,,,,,,FALSE,FALSE,FALSE,0
"T030","V015",FALSE,0,,,,,,FALSE,FALSE,FALSE,0
"T030","V016",FALSE,0,,,,,,FALSE,FALSE,FALSE,0
"T030","V017",FALSE,0,,,,,,FALSE,FALSE,FALSE,0
"T030","V018",FALSE,0,,,,,,FALSE,FALSE,FALSE,0
"T030","V019",FALSE,0,,,,,,FALSE,FALSE,FALSE,0
"T030","V020",FALSE,0,,,,,,FALSE,FALSE,FALSE,0
"T030","V021",FALSE,0,,,,,,FALSE,FALSE,FALSE,0
"T030","V022",FALSE,0,,,,,,FALSE,FALSE,FALSE,0
"T030","V023",FALSE,0,,,,,,FALSE,FALSE,FALSE,0
"T030","V024",FALSE,0,,,,,,FALSE,FALSE,FALSE,0
"T030","V025",FALSE,0,,,,,,FALSE,FALSE,FALSE,0
"T030","V026",FALSE,0,,,,,,FALSE,FALSE,FALSE,0
"T030","V027",FALSE,0,,,,,,FALSE,FALSE,FALSE,0
"T030","V028",FALSE,0.7125,0.729311054434566,0.770340905624172,0.735260004916888,0.681606537269309,0.754385964912281,FALSE,FALSE,FALSE,0.700316082176959
"T030","V029",FALSE,0.8,0.759641621247377,0.832193011909573,0.694502814149877,0.603517827772316,0.765625,FALSE,FALSE,FALSE,0.734624893685788
"T030","V030",FALSE,0.5625,0.762663610691096,0.794405473506323,0.701909853152488,0.668737903969725,0.755555555555556,FALSE,FALSE,FALSE,0.68409711873136
"T030","V031",FALSE,0.65,0.73479998886315,0.795555293146025,0.728946195555657,0.659330054745239,0.769230769230769,FALSE,FALSE,FALSE,0.697337203073479
"T030","V032",FALSE,0.3625,0.75006301753383,0.818560630540731,0.760603004212603,0.668661326142642,0.689655172413793,FALSE,FALSE,FALSE,0.636040925172221
"T030","V033",FALSE,0.45,0.771595236770978,0.820662667007835,0.680797426790069,0.633544977948334,0.722222222222222,FALSE,FALSE,FALSE,0.667545242486691
"T031","T032",FALSE,0.7625,0.617461636772069,0.524237964233602,0.94416203813297,1.14161899493906,0.786885245901639,FALSE,FALSE,FALSE,0.638090351303867
"T031","T033",FALSE,0.8875,0.268405822512626,0.355001408240869,1.4465793450671,1.14136255907,0.788732394366197,FALSE,FALSE,FALSE,0.590448933668446
"T031","T034",FALSE,0.5125,0.72065897573374,0.620054183897541,0.846102579528302,0.893363506340346,0.902439024390244,FALSE,FALSE,FALSE,0.65394273868434
"T031","T035",FALSE,0.85,0.66684046085894,0.600618645131735,0.97156321515753,0.949259696254184,0.852941176470588,FALSE,FALSE,FALSE,0.683698179572352
"T031","T037",FALSE,0.6,0.659317448726585,0.611780042991764,0.927924915611458,0.994820712138398,0.854166666666667,FALSE,FALSE,FALSE,0.642479740435299
"T031","T038",FALSE,0.825,0.608150982379272,0.554159792131187,0.972814199230851,1.01184647985235,0.803030303030303,FALSE,FALSE,FALSE,0.658458414997462
"T031","T039",FALSE,0.7125,0.610877415779056,0.482721318787137,0.992786806514363,1.02905644154692,0.771929824561403,FALSE,FALSE,FALSE,0.626519298091163
"T031","T040",FALSE,0.975,0.334573119697823,0.278214169757222,1.16997808876482,1.21489177777474,0.807692307692308,FALSE,FALSE,FALSE,0.616033636822086
"T031","V001",FALSE,0,,,,,,FALSE,FALSE,FALSE,0
"T031","V002",FALSE,0,,,,,,FALSE,FALSE,FALSE,0
"T031","V003",FALSE,0,,,,,,FALSE,FALSE,FALSE,0
"T031","V004",FALSE,0,,,,,,FALSE,FALSE,FALSE,0
"T031","V005",FALSE,0,,,,,,FALSE,FALSE,FALSE,0
"T031","V006",FALSE,0,,,,,,FALSE,FALSE,FALSE,0
"T031","V007",FALSE,0,,,,,,FALSE,FALSE,FALSE,0
"T031","V008",FALSE,0,,,,,,FALSE,FALSE,FALSE,0
"T031","V009",FALSE,0,,,,,,FALSE,FALSE,FALSE,0
"T031","V010",FALSE,0,,,,,,FALSE,FALSE,FALSE,0
"T031","V011",FALSE,0,,,,,,FALSE,FALSE,FALSE,0
"T031","V012",FALSE,0,,,,,,FALSE,FALSE,FALSE,0
"T031","V013",FALSE,0,,,,,,FALSE,FALSE,FALSE,0
"T031","V014",FALSE,0,,,,,,FALSE,FALSE,FALSE,0
"T031","V015",FALSE,0,,,,,,FALSE,FALSE,FALSE,0
"T031","V016",FALSE,0,,,,,,FALSE,FALSE,FALSE,0
"T031","V017",FALSE,0,,,,,,FALSE,FALSE,FALSE,0
"T031","V018",FALSE,0,,,,,,FALSE,FALSE,FALSE,0
"T031","V019",FALSE,0,,,,,,FALSE,FALSE,FALSE,0
"T031","V020",FALSE,0,,,,,,FALSE,FALSE,FALSE,0
"T031","V021",FALSE,0,,,,,,FALSE,FALSE,FALSE,0
"T031","V022",FALSE,0,,,,,,FALSE,FALSE,FALSE,0
"T031","V023",FALSE,0,,,,,,FALSE,FALSE,FALSE,0
"T031","V024",FALSE,0,,,,,,FALSE,FALSE,FALSE,0
"T031","V025",FALSE,0,,,,,,FALSE,FALSE,FALSE,0
"T031","V026",FALSE,0,,,,,,FALSE,FALSE,FALSE,0
"T031","V027",FALSE,0,,,,,,FALSE,FALSE,FALSE,0
"T031","V028",FALSE,0.7,0.64004217358898,0.547842904312014,0.962274212468828,1.07568032727569,0.821428571428571,FALSE,FALSE,FALSE,0.639743307682104
"T031","V029",FALSE,0.6125,0.65862371241657,0.588521922472365,0.916035890554327,1.09792047991964,0.816326530612245,FALSE,FALSE,FALSE,0.631010885601502
"T031","V030",FALSE,0.85,0.620675238986314,0.519970421085454,0.962918197069587,1.14920993531932,0.779411764705882,FALSE,FALSE,FALSE,0.649733130720668
"T031","V031",FALSE,0.7625,0.617461636772068,0.524419418642462,0.96238656553446,1.14179195010198,0.786885245901639,FALSE,FALSE,FALSE,0.636925397572768
"T031","V032",FALSE,0.95,0.534899817482682,0.514430524704619,1.02588973377368,1.18840613301466,0.789473684210526,FALSE,FALSE,FALSE,0.654553794712667
"T031","V033",FALSE,0.9625,0.581178138070899,0.522570000128069,0.969114381557759,1.16027314197472,0.792207792207792,FALSE,FALSE,FALSE,0.666566889564428
"T032","T033",FALSE,0.875,0.514201001935613,0.70388099982494,1.15060524895274,0.961028208991963,0.8,FALSE,FALSE,FALSE,0.663830929761334
"T032","T034",FALSE,0.75,0.810667492746319,0.820080077245975,0.634217137835833,0.868919788299039,0.916666666666667,FALSE,FALSE,FALSE,0.738632553164548
"T032","T035",FALSE,0.9125,0.811600478796704,0.824825290784946,0.67077678634707,0.912323744935308,0.863013698630137,FALSE,FALSE,FALSE,0.751104628941832
"T032","T037",FALSE,0.8375,0.949030641156995,0.949636663302463,0.329878092663582,0.332050371846092,0.91044776119403,FALSE,FALSE,FALSE,0.855623996146519
"T032","T038",FALSE,0.9375,0.92161687614692,0.956010454344602,0.419742283298867,0.416172409221732,0.893333333333333,FALSE,FALSE,FALSE,0.847738286246838
"T032","T039",FALSE,0.95,0.946444467892906,0.964256677884491,0.365543613525716,0.597811278403968,0.907894736842105,FALSE,FALSE,FALSE,0.842846472658271
"T032","T040",FALSE,0.7375,0.567543678802852,0.492266285904543,0.92842630903201,1.27452490992667,0.694915254237288,FALSE,FALSE,FALSE,0.606176516004498
"T032","V001",FALSE,0,,,,,,FALSE,FALSE,FALSE,0
"T032","V002",FALSE,0,,,,,,FALSE,FALSE,FALSE,0
"T032","V003",FALSE,0,,,,,,FALSE,FALSE,FALSE,0
"T032","V004",FALSE,0,,,,,,FALSE,FALSE,FALSE,0
"T032","V005",FALSE,0,,,,,,FALSE,FALSE,FALSE,0
"T032","V006",FALSE,0,,,,,,FALSE,FALSE,FALSE,0
"T032","V007",FALSE,0,,,,,,FALSE,FALSE,FALSE,0
"T032","V008",FALSE,0,,,,,,FALSE,FALSE,FALSE,0
"T032","V009",FALSE,0,,,,,,FALSE,FALSE,FALSE,0
"T032","V010",FALSE,0,,,,,,FALSE,FALSE,FALSE,0
"T032","V011",FALSE,0,,,,,,FALSE,FALSE,FALSE,0
"T032","V012",FALSE,0,,,,,,FALSE,FALSE,FALSE,0
"T032","V013",TRUE,0,,,,,,FALSE,FALSE,FALSE,0
"T032","V014",TRUE,0,,,,,,FALSE,FALSE,FALSE,0
"T032","V015",TRUE,0,,,,,,FALSE,FALSE,FALSE,0
"T032","V016",FALSE,0,,,,,,FALSE,FALSE,FALSE,0
"T032","V017",FALSE,0,,,,,,FALSE,FALSE,FALSE,0
"T032","V018",FALSE,0,,,,,,FALSE,FALSE,FALSE,0
"T032","V019",TRUE,0,,,,,,FALSE,FALSE,FALSE,0
"T032","V020",TRUE,0,,,,,,FALSE,FALSE,FALSE,0
"T032","V021",TRUE,0,,,,,,FALSE,FALSE,FALSE,0
"T032","V022",TRUE,0,,,,,,FALSE,FALSE,FALSE,0
"T032","V023",TRUE,0,,,,,,FALSE,FALSE,FALSE,0
"T032","V024",TRUE,0,,,,,,FALSE,FALSE,FALSE,0
"T032","V025",TRUE,0,,,,,,FALSE,FALSE,FALSE,0
"T032","V026",TRUE,0,,,,,,FALSE,FALSE,FALSE,0
"T032","V027",TRUE,0,,,,,,FALSE,FALSE,FALSE,0
"T032","V028",TRUE,0.9375,1,0.99999158066828,0.0525763133785282,0.00438707167279699,1,FALSE,FALSE,TRUE,0.980316706890473
"T032","V029",TRUE,0.85,1,0.999990141237274,0.0543089672493102,0.00479320518294097,1,FALSE,FALSE,TRUE,0.96539212678973
"T032","V030",TRUE,0.9125,1,0.99999401816213,0.0551170714264255,0.00371825694987092,1,FALSE,FALSE,TRUE,0.975860000726962
"T032","V031",TRUE,1,1,0.999993145803102,0.052599801309588,0.00394606612141049,1,FALSE,FALSE,TRUE,0.9908029851909
"T032","V032",TRUE,0.7125,1,0.999997025971481,0.0571296482679693,0.00256803653058424,1,FALSE,FALSE,FALSE,0.942400897226666
"T032","V033",TRUE,0.8,1,0.999997148253794,0.0530052432134841,0.00252511574449671,1,FALSE,FALSE,TRUE,0.957641947290313
"T033","T034",FALSE,0.625,0.332489613167044,0.45009356862458,1.22957506061089,1.06877506257627,0.88,FALSE,FALSE,FALSE,0.588689556738449
"T033","T035",FALSE,0.9625,0.373203292913032,0.577679128351434,1.18960115711064,0.993114837045119,0.896103896103896,FALSE,FALSE,FALSE,0.668134803726378
"T033","T037",FALSE,0.7125,0.428958624452215,0.570697047388143,1.17998484609372,1.03439188125763,0.842105263157895,FALSE,FALSE,FALSE,0.619526493438139
"T033","T038",FALSE,0.9375,0.45158097943542,0.680516227316347,1.17547260126111,0.864515368954912,0.853333333333333,FALSE,FALSE,FALSE,0.681135109895853
"T033","T039",FALSE,0.825,0.501647357027578,0.653590559550623,1.10037151355031,0.866799976874008,0.833333333333333,FALSE,FALSE,FALSE,0.664832347236357
"T033","T040",FALSE,0.8625,0.802654036766281,0.64191964647086,1.02136168640384,0.916179784712874,0.855072463768116,FALSE,FALSE,FALSE,0.700001323968824
"T033","V001",FALSE,0,,,,,,FALSE,FALSE,FALSE,0
"T033","V002",FALSE,0,,,,,,FALSE,FALSE,FALSE,0
"T033","V003",FALSE,0,,,,,,FALSE,FALSE,FALSE,0
"T033","V004",FALSE,0,,,,,,FALSE,FALSE,FALSE,0
"T033","V005",FALSE,0,,,,,,FALSE,FALSE,FALSE,0
"T033","V006",FALSE,0,,,,,,FALSE,FALSE,FALSE,0
"T033","V007",FALSE,0,,,,,,FALSE,FALSE,FALSE,0
"T033","V008",FALSE,0,,,,,,FALSE,FALSE,FALSE,0
"T033","V009",FALSE,0,,,,,,FALSE,FALSE,FALSE,0
"T033","V010",FALSE,0,,,,,,FALSE,FALSE,FALSE,0
"T033","V011",FALSE,0,,,,,,FALSE,FALSE,FALSE,0
"T033","V012",FALSE,0,,,,,,FALSE,FALSE,FALSE,0
"T033","V013",FALSE,0,,,,,,FALSE,FALSE,FALSE,0
"T033","V014",FALSE,0,,,,,,FALSE,FALSE,FALSE,0
"T033","V015",FALSE,0,,,,,,FALSE,FALSE,FALSE,0
"T033","V016",FALSE,0,,,,,,FALSE,FALSE,FALSE,0
"T033","V017",FALSE,0,,,,,,FALSE,FALSE,FALSE,0
"T033","V018",FALSE,0,,,,,,FALSE,FALSE,FALSE,0
"T033","V019",FALSE,0,,,,,,FALSE,FALSE,FALSE,0
"T033","V020",FALSE,0,,,,,,FALSE,FALSE,FALSE,0
"T033","V021",FALSE,0,,,,,,FALSE,FALSE,FALSE,0
"T033","V022",FALSE,0,,,,,,FALSE,FALSE,FALSE,0
"T033","V023",FALSE,0,,,,,,FALSE,FALSE,FALSE,0
"T033","V024",FALSE,0,,,,,,FALSE,FALSE,FALSE,0
"T033","V025",FALSE,0,,,,,,FALSE,FALSE,FALSE,0
"T033","V026",FALSE,0,,,,,,FALSE,FALSE,FALSE,0
"T033","V027",FALSE,0,,,,,,FALSE,FALSE,FALSE,0
"T033","V028",FALSE,0.8125,0.509479145016666,0.657046355221762,1.11094501363287,0.984619790497769,0.815384615384615,FALSE,FALSE,FALSE,0.652329379175464
"T033","V029",FALSE,0.725,0.442305529586736,0.641236748277516,1.18744891665309,1.03825555117749,0.793103448275862,FALSE,FALSE,FALSE,0.61982412325537
"T033","V030",FALSE,0.9625,0.518961688117297,0.723189117897633,1.13555143575989,0.946921394768868,0.805194805194805,FALSE,FALSE,FALSE,0.682991435958134
"T033","V031",FALSE,0.875,0.514201001935613,0.704387312411663,1.12918750628367,0.961123655782273,0.8,FALSE,FALSE,FALSE,0.665008811756725
"T033","V032",FALSE,0.8375,0.56161920334105,0.65750784749957,1.14043073975827,1.00011952768815,0.761194029850746,FALSE,FALSE,FALSE,0.649295720000696
"T033","V033",FALSE,0.925,0.526748814920816,0.682834235852665,1.12942128143415,0.956416372003132,0.783783783783784,FALSE,FALSE,FALSE,0.670177176375157
"T034","T035",FALSE,0.6625,0.980452796984138,0.977737222227836,0.207253998860788,0.223874599487326,0.962264150943396,FALSE,FALSE,FALSE,0.869347950979665
"T034","T037",FALSE,0.9125,0.876100505943732,0.872130270368188,0.515862847360125,0.806604482693468,0.863013698630137,FALSE,FALSE,FALSE,0.782164251474277
"T034","T038",FALSE,0.6875,0.92072192318607,0.893091612532823,0.406053659008488,0.637514943510593,0.927272727272727,FALSE,FALSE,FALSE,0.786093052495802
"T034","T039",FALSE,0.8,0.883748761585876,0.855222911454349,0.481498162573843,0.563637595765094,0.859375,FALSE,FALSE,FALSE,0.785975482505859
"T034","T040",FALSE,0.4875,0.432634595698052,0.392795469788941,1.07419825573846,1.12453845250431,0.82051282051282,FALSE,FALSE,FALSE,0.56451694937869
"T034","V001",FALSE,0,,,,,,FALSE,FALSE,FALSE,0
"T034","V002",FALSE,0,,,,,,FALSE,FALSE,FALSE,0
"T034","V003",FALSE,0,,,,,,FALSE,FALSE,FALSE,0
"T034","V004",FALSE,0,,,,,,FALSE,FALSE,FALSE,0
"T034","V005",FALSE,0,,,,,,FALSE,FALSE,FALSE,0
"T034","V006",FALSE,0,,,,,,FALSE,FALSE,FALSE,0
"T034","V007",FALSE,0,,,,,,FALSE,FALSE,FALSE,0
"T034","V008",FALSE,0,,,,,,FALSE,FALSE,FALSE,0
"T034","V009",FALSE,0,,,,,,FALSE,FALSE,FALSE,0
"T034","V010",FALSE,0,,,,,,FALSE,FALSE,FALSE,0
"T034","V011",FALSE,0,,,,,,FALSE,FALSE,FALSE,0
"T034","V012",FALSE,0,,,,,,FALSE,FALSE,FALSE,0
"T034","V013",FALSE,0,,,,,,FALSE,FALSE,FALSE,0
"T034","V014",FALSE,0,,,,,,FALSE,FALSE,FALSE,0
"T034","V015",FALSE,0,,,,,,FALSE,FALSE,FALSE,0
"T034","V016",FALSE,0,,,,,,FALSE,FALSE,FALSE,0
"T034","V017",FALSE,0,,,,,,FALSE,FALSE,FALSE,0
"T034","V018",FALSE,0,,,,,,FALSE,FALSE,FALSE,0
"T034","V019",FALSE,0,,,,,,FALSE,FALSE,FALSE,0
"T034","V020",FALSE,0,,,,,,FALSE,FALSE,FALSE,0
"T034","V021",FALSE,0,,,,,,FALSE,FALSE,FALSE,0
"T034","V022",FALSE,0,,,,,,FALSE,FALSE,FALSE,0
"T034","V023",FALSE,0,,,,,,FALSE,FALSE,FALSE,0
"T034","V024",FALSE,0,,,,,,FALSE,FALSE,FALSE,0
"T034","V025",FALSE,0,,,,,,FALSE,FALSE,FALSE,0
"T034","V026",FALSE,0,,,,,,FALSE,FALSE,FALSE,0
"T034","V027",FALSE,0,,,,,,FALSE,FALSE,FALSE,0
"T034","V028",FALSE,0.8125,0.815783477686004,0.81327066106537,0.620471678899527,0.907337868158843,0.892307692307692,FALSE,FALSE,FALSE,0.743437124376173
"T034","V029",FALSE,0.9,0.813911168307579,0.834998072294618,0.624722951582256,0.885052372874579,0.888888888888889,FALSE,FALSE,FALSE,0.760240968400395
"T034","V030",FALSE,0.6625,0.850707591452292,0.824446244784591,0.594845535868443,0.902914896269962,0.924528301886792,FALSE,FALSE,FALSE,0.730273210999831
"T034","V031",FALSE,0.75,0.810667492746319,0.820079711223092,0.630424264849593,0.870171754232118,0.916666666666667,FALSE,FALSE,FALSE,0.738880959388277
"T034","V032",FALSE,0.4625,0.825070547018796,0.811033777465901,0.649496230352851,0.931884048905384,0.891891891891892,FALSE,FALSE,FALSE,0.681427323279049
"T034","V033",FALSE,0.55,0.871167535304024,0.860057304010103,0.560101160475797,0.827573851832428,0.909090909090909,FALSE,FALSE,FALSE,0.722160517101879
"T035","T037",FALSE,0.75,0.851527044305699,0.812468414047119,0.581250968929137,0.919325784070296,0.883333333333333,FALSE,FALSE,FALSE,0.737219545183158
"T035","T038",FALSE,0.975,0.888202132360606,0.895967762847207,0.487995468773793,0.639102328204172,0.935897435897436,FALSE,FALSE,FALSE,0.82410066835842
"T035","T039",FALSE,0.8625,0.84707405814064,0.834775310951637,0.561249717803268,0.620816413670732,0.855072463768116,FALSE,FALSE,FALSE,0.777749706587965
"T035","T040",FALSE,0.825,0.441761902780784,0.352464859675084,1.0906894075165,1.15682406550496,0.848484848484849,FALSE,FALSE,FALSE,0.620177731375663
"T035","V001",FALSE,0,,,,,,FALSE,FALSE,FALSE,0
"T035","V002",FALSE,0,,,,,,FALSE,FALSE,FALSE,0
"T035","V003",FALSE,0,,,,,,FALSE,FALSE,FALSE,0
"T035","V004",FALSE,0,,,,,,FALSE,FALSE,FALSE,0
"T035","V005",FALSE,0,,,,,,FALSE,FALSE,FALSE,0
"T035","V006",FALSE,0,,,,,,FALSE,FALSE,FALSE,0
"T035","V007",FALSE,0,,,,,,FALSE,FALSE,FALSE,0
"T035","V008",FALSE,0,,,,,,FALSE,FALSE,FALSE,0
"T035","V009",FALSE,0,,,,,,FALSE,FALSE,FALSE,0
"T035","V010",FALSE,0,,,,,,FALSE,FALSE,FALSE,0
"T035","V011",FALSE,0,,,,,,FALSE,FALSE,FALSE,0
"T035","V012",FALSE,0,,,,,,FALSE,FALSE,FALSE,0
"T035","V013",FALSE,0,,,,,,FALSE,FALSE,FALSE,0
"T035","V014",FALSE,0,,,,,,FALSE,FALSE,FALSE,0
"T035","V015",FALSE,0,,,,,,FALSE,FALSE,FALSE,0
"T035","V016",FALSE,0,,,,,,FALSE,FALSE,FALSE,0
"T035","V017",FALSE,0,,,,,,FALSE,FALSE,FALSE,0
"T035","V018",FALSE,0,,,,,,FALSE,FALSE,FALSE,0
"T035","V019",FALSE,0,,,,,,FALSE,FALSE,FALSE,0
"T035","V020",FALSE,0,,,,,,FALSE,FALSE,FALSE,0
"T035","V021",FALSE,0,,,,,,FALSE,FALSE,FALSE,0
"T035","V022",FALSE,0,,,,,,FALSE,FALSE,FALSE,0
"T035","V023",FALSE,0,,,,,,FALSE,FALSE,FALSE,0
"T035","V024",FALSE,0,,,,,,FALSE,FALSE,FALSE,0
"T035","V025",FALSE,0,,,,,,FALSE,FALSE,FALSE,0
"T035","V026",FALSE,0,,,,,,FALSE,FALSE,FALSE,0
"T035","V027",FALSE,0,,,,,,FALSE,FALSE,FALSE,0
"T035","V028",FALSE,0.85,0.804905678825111,0.795041037366367,0.668053571489982,0.968640241403738,0.867647058823529,FALSE,FALSE,FALSE,0.73498746982645
"T035","V029",FALSE,0.7625,0.79060923582983,0.776638536562161,0.698386854462503,1.01129119372991,0.852459016393443,FALSE,FALSE,FALSE,0.709953153833267
"T035","V030",FALSE,1,0.807671833631442,0.834258324327889,0.661152323658943,0.90475357228839,0.8625,FALSE,FALSE,FALSE,0.767393794031239
"T035","V031",FALSE,0.9125,0.811600478796704,0.82494458617796,0.658181596975863,0.913090310773698,0.863013698630137,FALSE,FALSE,FALSE,0.752143413971834
"T035","V032",FALSE,0.8,0.797095319640355,0.840976611973584,0.687236375376582,0.899037805059484,0.828125,FALSE,FALSE,FALSE,0.72618102788554
"T035","V033",FALSE,0.8875,0.824609556624934,0.86127584161117,0.635379237422216,0.856381270979854,0.845070422535211,FALSE,FALSE,FALSE,0.754990640328637
"T037","T038",FALSE,0.775,0.978184497443029,0.97710039290165,0.236163413969266,0.294301941939559,0.919354838709677,FALSE,FALSE,FALSE,0.867783400391373
"T037","T039",FALSE,0.8875,0.973281824730414,0.947311637842305,0.253959136262736,0.575994870433584,0.915492957746479,FALSE,FALSE,FALSE,0.850193086357365
"T037","T040",FALSE,0.575,0.494903871591186,0.39755524997743,1.01215113250078,1.29251983914488,0.804347826086957,FALSE,FALSE,FALSE,0.577265290572065
"T037","V001",FALSE,0,,,,,,FALSE,FALSE,FALSE,0
"T037","V002",FALSE,0,,,,,,FALSE,FALSE,FALSE,0
"T037","V003",FALSE,0,,,,,,FALSE,FALSE,FALSE,0
"T037","V004",FALSE,0,,,,,,FALSE,FALSE,FALSE,0
"T037","V005",FALSE,0,,,,,,FALSE,FALSE,FALSE,0
"T037","V006",FALSE,0,,,,,,FALSE,FALSE,FALSE,0
"T037","V007",FALSE,0,,,,,,FALSE,FALSE,FALSE,0
"T037","V008",FALSE,0,,,,,,FALSE,FALSE,FALSE,0
"T037","V009",FALSE,0,,,,,,FALSE,FALSE,FALSE,0
"T037","V010",FALSE,0,,,,,,FALSE,FALSE,FALSE,0
"T037","V011",FALSE,0,,,,,,FALSE,FALSE,FALSE,0
"T037","V012",FALSE,0,,,,,,FALSE,FALSE,FALSE,0
"T037","V013",FALSE,0,,,,,,FALSE,FALSE,FALSE,0
"T037","V014",FALSE,0,,,,,,FALSE,FALSE,FALSE,0
"T037","V015",FALSE,0,,,,,,FALSE,FALSE,FALSE,0
"T037","V016",FALSE,0,,,,,,FALSE,FALSE,FALSE,0
"T037","V017",FALSE,0,,,,,,FALSE,FALSE,FALSE,0
"T037","V018",FALSE,0,,,,,,FALSE,FALSE,FALSE,0
"T037","V019",FALSE,0,,,,,,FALSE,FALSE,FALSE,0
"T037","V020",FALSE,0,,,,,,FALSE,FALSE,FALSE,0
"T037","V021",FALSE,0,,,,,,FALSE,FALSE,FALSE,0
"T037","V022",FALSE,0,,,,,,FALSE,FALSE,FALSE,0
"T037","V023",FALSE,0,,,,,,FALSE,FALSE,FALSE,0
"T037","V024",FALSE,0,,,,,,FALSE,FALSE,FALSE,0
"T037","V025",FALSE,0,,,,,,FALSE,FALSE,FALSE,0
"T037","V026",FALSE,0,,,,,,FALSE,FALSE,FALSE,0
"T037","V027",FALSE,0,,,,,,FALSE,FALSE,FALSE,0
"T037","V028",FALSE,0.9,0.951269441786663,0.952157631895884,0.312909345102077,0.333165949684511,0.916666666666667,FALSE,FALSE,TRUE,0.869391277784192
"T037","V029",FALSE,0.9875,0.954964196271584,0.960418514365793,0.302139704624138,0.300739735615724,0.89873417721519,FALSE,FALSE,TRUE,0.887238454898638
"T037","V030",FALSE,0.75,0.941915084102791,0.948352173758268,0.34627699118854,0.349059104140939,0.9,FALSE,FALSE,FALSE,0.834633601383078
"T037","V031",FALSE,0.8375,0.949030641156995,0.949604308149068,0.320029146169226,0.332600240623606,0.91044776119403,FALSE,FALSE,FALSE,0.856741649301379
"T037","V032",FALSE,0.55,0.922005165742609,0.934555690519148,0.400529429658627,0.409360303077119,0.909090909090909,FALSE,FALSE,FALSE,0.786901918474446
"T037","V033",FALSE,0.6375,0.948166701892615,0.947271157528234,0.326785571352779,0.360101472900947,0.92156862745098,FALSE,FALSE,FALSE,0.820938578700069
"T038","T039",FALSE,0.8875,0.979273008583332,0.974030522877472,0.20765652615412,0.34566396959344,0.887323943661972,FALSE,FALSE,TRUE,0.87861867310978
"T038","T040",FALSE,0.8,0.518846794228107,0.42889446712513,0.993194121888028,1.19520917834571,0.765625,FALSE,FALSE,FALSE,0.618754665936965
"T038","V001",FALSE,0,,,,,,FALSE,FALSE,FALSE,0
"T038","V002",FALSE,0,,,,,,FALSE,FALSE,FALSE,0
"T038","V003",FALSE,0,,,,,,FALSE,FALSE,FALSE,0
"T038","V004",TRUE,0,,,,,,FALSE,FALSE,FALSE,0
"T038","V005",TRUE,0,,,,,,FALSE,FALSE,FALSE,0
"T038","V006",TRUE,0,,,,,,FALSE,FALSE,FALSE,0
"T038","V007",FALSE,0,,,,,,FALSE,FALSE,FALSE,0
"T038","V008",FALSE,0,,,,,,FALSE,FALSE,FALSE,0
"T038","V009",FALSE,0,,,,,,FALSE,FALSE,FALSE,0
"T038","V010",FALSE,0,,,,,,FALSE,FALSE,FALSE,0
"T038","V011",FALSE,0,,,,,,FALSE,FALSE,FALSE,0
"T038","V012",FALSE,0,,,,,,FALSE,FALSE,FALSE,0
"T038","V013",FALSE,0,,,,,,FALSE,FALSE,FALSE,0
"T038","V014",FALSE,0,,,,,,FALSE,FALSE,FALSE,0
"T038","V015",FALSE,0,,,,,,FALSE,FALSE,FALSE,0
"T038","V016",FALSE,0,,,,,,FALSE,FALSE,FALSE,0
"T038","V017",FALSE,0,,,,,,FALSE,FALSE,FALSE,0
"T038","V018",FALSE,0,,,,,,FALSE,FALSE,FALSE,0
"T038","V019",FALSE,0,,,,,,FALSE,FALSE,FALSE,0
"T038","V020",FALSE,0,,,,,,FALSE,FALSE,FALSE,0
"T038","V021",FALSE,0,,,,,,FALSE,FALSE,FALSE,0
"T038","V022",FALSE,0,,,,,,FALSE,FALSE,FALSE,0
"T038","V023",FALSE,0,,,,,,FALSE,FALSE,FALSE,0
"T038","V024",FALSE,0,,,,,,FALSE,FALSE,FALSE,0
"T038","V025",FALSE,0,,,,,,FALSE,FALSE,FALSE,0
"T038","V026",FALSE,0,,,,,,FALSE,FALSE,FALSE,0
"T038","V027",FALSE,0,,,,,,FALSE,FALSE,FALSE,0
"T038","V028",FALSE,0.875,0.91842800896202,0.950754339555994,0.421290224538992,0.436385295999993,0.9,FALSE,FALSE,FALSE,0.835359906249501
"T038","V029",FALSE,0.7875,0.90799822222331,0.945827232856427,0.443087326141562,0.45015810867236,0.888888888888889,FALSE,FALSE,FALSE,0.813813349711765
"T038","V030",FALSE,0.975,0.921852505092302,0.95549306878695,0.424536178511008,0.42379262621006,0.897435897435897,FALSE,FALSE,FALSE,0.853290229776024
"T038","V031",FALSE,0.9375,0.92161687614692,0.955981952489729,0.415152576646573,0.41710780098588,0.893333333333333,FALSE,FALSE,FALSE,0.848137027367536
"T038","V032",FALSE,0.775,0.916075947212865,0.949382774324354,0.441789942806553,0.449038940107397,0.870967741935484,FALSE,FALSE,FALSE,0.809970501925454
"T038","V033",FALSE,0.8625,0.931807454472663,0.955751915621529,0.400237857133885,0.423581876012405,0.884057971014493,FALSE,FALSE,FALSE,0.835865975016404
"T039","T040",FALSE,0.6875,0.59311772716703,0.467820853853711,0.932566199584344,1.06751669931707,0.727272727272727,FALSE,FALSE,FALSE,0.613774315304898
"T039","V001",TRUE,0,,,,,,FALSE,FALSE,FALSE,0
"T039","V002",TRUE,0,,,,,,FALSE,FALSE,FALSE,0
"T039","V003",TRUE,0,,,,,,FALSE,FALSE,FALSE,0
"T039","V004",FALSE,0,,,,,,FALSE,FALSE,FALSE,0
"T039","V005",FALSE,0,,,,,,FALSE,FALSE,FALSE,0
"T039","V006",FALSE,0,,,,,,FALSE,FALSE,FALSE,0
"T039","V007",TRUE,0,,,,,,FALSE,FALSE,FALSE,0
"T039","V008",TRUE,0,,,,,,FALSE,FALSE,FALSE,0
"T039","V009",TRUE,0,,,,,,FALSE,FALSE,FALSE,0
"T039","V010",FALSE,0,,,,,,FALSE,FALSE,FALSE,0
"T039","V011",FALSE,0,,,,,,FALSE,FALSE,FALSE,0
"T039","V012",FALSE,0,,,,,,FALSE,FALSE,FALSE,0
"T039","V013",FALSE,0,,,,,,FALSE,FALSE,FALSE,0
"T039","V014",FALSE,0,,,,,,FALSE,FALSE,FALSE,0
"T039","V015",FALSE,0,,,,,,FALSE,FALSE,FALSE,0
"T039","V016",TRUE,0,,,,,,FALSE,FALSE,FALSE,0
"T039","V017",TRUE,0,,,,,,FALSE,FALSE,FALSE,0
"T039","V018",TRUE,0,,,,,,FALSE,FALSE,FALSE,0
"T039","V019",FALSE,0,,,,,,FALSE,FALSE,FALSE,0
"T039","V020",FALSE,0,,,,,,FALSE,FALSE,FALSE,0
"T039","V021",FALSE,0,,,,,,FALSE,FALSE,FALSE,0
"T039","V022",FALSE,0,,,,,,FALSE,FALSE,FALSE,0
"T039","V023",FALSE,0,,,,,,FALSE,FALSE,FALSE,0
"T039","V024",FALSE,0,,,,,,FALSE,FALSE,FALSE,0
"T039","V025",FALSE,0,,,,,,FALSE,FALSE,FALSE,0
"T039","V026",FALSE,0,,,,,,FALSE,FALSE,FALSE,0
"T039","V027",FALSE,0,,,,,,FALSE,FALSE,FALSE,0
"T039","V028",FALSE,0.9875,0.947471988867276,0.964599962369424,0.350784184466371,0.59636344422243,0.89873417721519,FALSE,FALSE,FALSE,0.849536151204573
"T039","V029",FALSE,0.9,0.944051211082771,0.960127566923757,0.355014705582809,0.612749128816456,0.888888888888889,FALSE,FALSE,FALSE,0.83066676481983
"T039","V030",FALSE,0.8625,0.943422383662263,0.961230668817495,0.37768947329241,0.610563021140332,0.898550724637681,FALSE,FALSE,FALSE,0.823644267351176
"T039","V031",FALSE,0.95,0.946444467892906,0.964263858804551,0.35478139156097,0.59904511352567,0.907894736842105,FALSE,FALSE,FALSE,0.843985263629061
"T039","V032",FALSE,0.6625,0.947318692907862,0.955005157378169,0.367105130240098,0.611037899923204,0.886792452830189,FALSE,FALSE,FALSE,0.789329734901391
"T039","V033",FALSE,0.75,0.956670997231955,0.962331496911834,0.341417739813119,0.596054843736278,0.9,FALSE,FALSE,FALSE,0.811874039999864
"T040","V001",FALSE,0,,,,,,FALSE,FALSE,FALSE,0
"T040","V002",FALSE,0,,,,,,FALSE,FALSE,FALSE,0
"T040","V003",FALSE,0,,,,,,FALSE,FALSE,FALSE,0
"T040","V004",FALSE,0,,,,,,FALSE,FALSE,FALSE,0
"T040","V005",FALSE,0,,,,,,FALSE,FALSE,FALSE,0
"T040","V006",FALSE,0,,,,,,FALSE,FALSE,FALSE,0
"T040","V007",FALSE,0,,,,,,FALSE,FALSE,FALSE,0
"T040","V008",FALSE,0,,,,,,FALSE,FALSE,FALSE,0
"T040","V009",FALSE,0,,,,,,FALSE,FALSE,FALSE,0
"T040","V010",FALSE,0,,,,,,FALSE,FALSE,FALSE,0
"T040","V011",FALSE,0,,,,,,FALSE,FALSE,FALSE,0
"T040","V012",FALSE,0,,,,,,FALSE,FALSE,FALSE,0
"T040","V013",FALSE,0,,,,,,FALSE,FALSE,FALSE,0
"T040","V014",FALSE,0,,,,,,FALSE,FALSE,FALSE,0
"T040","V015",FALSE,0,,,,,,FALSE,FALSE,FALSE,0
"T040","V016",FALSE,0,,,,,,FALSE,FALSE,FALSE,0
"T040","V017",FALSE,0,,,,,,FALSE,FALSE,FALSE,0
"T040","V018",FALSE,0,,,,,,FALSE,FALSE,FALSE,0
"T040","V019",FALSE,0,,,,,,FALSE,FALSE,FALSE,0
"T040","V020",FALSE,0,,,,,,FALSE,FALSE,FALSE,0
"T040","V021",FALSE,0,,,,,,FALSE,FALSE,FALSE,0
"T040","V022",FALSE,0,,,,,,FALSE,FALSE,FALSE,0
"T040","V023",FALSE,0,,,,,,FALSE,FALSE,FALSE,0
"T040","V024",FALSE,0,,,,,,FALSE,FALSE,FALSE,0
"T040","V025",FALSE,0,,,,,,FALSE,FALSE,FALSE,0
"T040","V026",FALSE,0,,,,,,FALSE,FALSE,FALSE,0
"T040","V027",FALSE,0,,,,,,FALSE,FALSE,FALSE,0
"T040","V028",FALSE,0.675,0.587728282622605,0.537331090539473,0.921813946135051,1.19215604736407,0.740740740740741,FALSE,FALSE,FALSE,0.613272214462679
"T040","V029",FALSE,0.5875,0.529373209981143,0.532826385250372,0.976127449945155,1.26160356391666,0.702127659574468,FALSE,FALSE,FALSE,0.58011571975623
"T040","V030",FALSE,0.825,0.572263435833933,0.509227657661921,0.928956186943846,1.2619031984415,0.712121212121212,FALSE,FALSE,FALSE,0.62599120242759
"T040","V031",FALSE,0.7375,0.567543678802852,0.492549107261925,0.933137710976914,1.27469215771266,0.694915254237288,FALSE,FALSE,FALSE,0.605882717411848
"T040","V032",FALSE,0.975,0.462577000965208,0.371445114124174,1.03932039815302,1.36356854336734,0.705128205128205,FALSE,FALSE,FALSE,0.617763456474928
"T040","V033",FALSE,0.9375,0.523835774775816,0.425912894497258,0.981699255896759,1.29817744498968,0.72,FALSE,FALSE,FALSE,0.630012862593755
"V001","V002",TRUE,0.8375,1,1,0,0,1,FALSE,FALSE,TRUE,0.972916666666667
"V001","V003",TRUE,0.6875,1,1,0,0,1,FALSE,FALSE,FALSE,0.947916666666667
"V001","V004",FALSE,0.9,0.979336049840287,0.977688343407835,0.215094326382902,0.329176916046891,0.944444444444444,FALSE,FALSE,TRUE,0.891489619717994
"V001","V005",FALSE,0.75,0.978415802634494,0.973387926276915,0.218707892584291,0.345544146211044,0.933333333333333,FALSE,FALSE,FALSE,0.861771114887773
"V001","V006",FALSE,0.5875,0.978574061422355,0.980276194258233,0.218052833881,0.278931814251843,0.936170212765957,FALSE,FALSE,FALSE,0.843961631423385
"V001","V007",TRUE,0.9125,1,1,0,0,1,FALSE,FALSE,TRUE,0.985416666666667
"V001","V008",TRUE,0.775,1,1,0,0,1,FALSE,FALSE,FALSE,0.9625
"V001","V009",TRUE,0.6375,1,1,0,0,1,FALSE,FALSE,FALSE,0.939583333333333
"V001","V010",FALSE,0.9625,0.814780484910278,0.771305659213338,0.610633417194219,0.731982582091266,0.909090909090909,FALSE,FALSE,FALSE,0.781432550642793
"V001","V011",FALSE,0.7875,0.823324898266253,0.756463980734557,0.610629882363584,0.742731596960706,0.888888888888889,FALSE,FALSE,FALSE,0.747517411516812
"V001","V012",FALSE,0.5875,0.818085849908238,0.723218331466532,0.639851713087643,0.781697626486518,0.893617021276596,FALSE,FALSE,FALSE,0.706128033610608
"V001","V013",FALSE,0.9375,0.93991988446269,0.932178576251454,0.360069377766276,0.568722665148371,0.946666666666667,FALSE,FALSE,FALSE,0.847348681191381
"V001","V014",FALSE,0.8875,0.956255124016186,0.941368323162201,0.322076298870637,0.566340402903757,0.943661971830986,FALSE,FALSE,FALSE,0.845369236620835
"V001","V015",FALSE,0.7125,0.960070537521774,0.944046036664099,0.307010804623358,0.567901861610078,0.982456140350877,FALSE,FALSE,FALSE,0.824895052490672
"V001","V016",TRUE,0,,,,,,FALSE,FALSE,FALSE,0
"V001","V017",TRUE,0,,,,,,FALSE,FALSE,FALSE,0
"V001","V018",TRUE,0,,,,,,FALSE,FALSE,FALSE,0
"V001","V019",FALSE,0,,,,,,FALSE,FALSE,FALSE,0
"V001","V020",FALSE,0,,,,,,FALSE,FALSE,FALSE,0
"V001","V021",FALSE,0,,,,,,FALSE,FALSE,FALSE,0
"V001","V022",FALSE,0,,,,,,FALSE,FALSE,FALSE,0
"V001","V023",FALSE,0,,,,,,FALSE,FALSE,FALSE,0
"V001","V024",FALSE,0,,,,,,FALSE,FALSE,FALSE,0
"V001","V025",FALSE,0,,,,,,FALSE,FALSE,FALSE,0
"V001","V026",FALSE,0,,,,,,FALSE,FALSE,FALSE,0
"V001","V027",FALSE,0,,,,,,FALSE,FALSE,FALSE,0
"V001","V028",FALSE,0,,,,,,FALSE,FALSE,FALSE,0
"V001","V029",FALSE,0,,,,,,FALSE,FALSE,FALSE,0
"V001","V030",FALSE,0,,,,,,FALSE,FALSE,FALSE,0
"V001","V031",FALSE,0,,,,,,FALSE,FALSE,FALSE,0
"V001","V032",FALSE,0,,,,,,FALSE,FALSE,FALSE,0
"V001","V033",FALSE,0,,,,,,FALSE,FALSE,FALSE,0
"V002","V003",TRUE,0.85,1,1,0,0,1,FALSE,FALSE,TRUE,0.975
"V002","V004",FALSE,0.9375,0.983025736772517,0.979594628428243,0.194497777314332,0.313210487596112,0.933333333333333,FALSE,FALSE,TRUE,0.901081255623378
"V002","V005",FALSE,0.9125,0.980959148964568,0.978955936574976,0.204646604446424,0.312689660649752,0.931506849315068,FALSE,FALSE,TRUE,0.895062755920066
"V002","V006",FALSE,0.75,0.981315311297971,0.983197867276031,0.203571475593161,0.264009672464093,0.933333333333333,FALSE,FALSE,FALSE,0.874894654286058
"V002","V007",TRUE,0.925,1,1,0,0,1,FALSE,FALSE,TRUE,0.9875
"V002","V008",TRUE,0.9375,1,1,0,0,1,FALSE,FALSE,TRUE,0.989583333333333
"V002","V009",TRUE,0.8,1,1,0,0,1,FALSE,FALSE,TRUE,0.966666666666667
"V002","V010",FALSE,0.875,0.836934601406421,0.774662736032794,0.597246819330818,0.715504414599225,0.9,FALSE,FALSE,FALSE,0.770011463780817
"V002","V011",FALSE,0.95,0.863801696096982,0.814085468258366,0.554530346334376,0.642417920269864,0.907894736842105,FALSE,FALSE,FALSE,0.799533211967841
"V002","V012",FALSE,0.75,0.872610703731655,0.802638431788219,0.560095103444108,0.654451573951168,0.916666666666667,FALSE,FALSE,FALSE,0.76586216553086
"V002","V013",FALSE,0.775,0.955546749102702,0.937819797980038,0.321056701670538,0.587595720900677,0.935483870967742,FALSE,FALSE,FALSE,0.823035151606645
"V002","V014",FALSE,0.95,0.971475960838466,0.952450290942681,0.260340088185466,0.533819735326771,0.934210526315789,FALSE,FALSE,TRUE,0.867220666677439
"V002","V015",FALSE,0.875,0.97310887293805,0.956185084861519,0.253296985758342,0.52279693974214,0.971428571428571,FALSE,FALSE,TRUE,0.863362149928839
"V002","V016",TRUE,0,,,,,,FALSE,FALSE,FALSE,0
"V002","V017",TRUE,0,,,,,,FALSE,FALSE,FALSE,0
"V002","V018",TRUE,0,,,,,,FALSE,FALSE,FALSE,0
"V002","V019",FALSE,0,,,,,,FALSE,FALSE,FALSE,0
"V002","V020",FALSE,0,,,,,,FALSE,FALSE,FALSE,0
"V002","V021",FALSE,0,,,,,,FALSE,FALSE,FALSE,0
"V002","V022",FALSE,0,,,,,,FALSE,FALSE,FALSE,0
"V002","V023",FALSE,0,,,,,,FALSE,FALSE,FALSE,0
"V002","V024",FALSE,0,,,,,,FALSE,FALSE,FALSE,0
"V002","V025",FALSE,0,,,,,,FALSE,FALSE,FALSE,0
"V002","V026",FALSE,0,,,,,,FALSE,FALSE,FALSE,0
"V002","V027",FALSE,0,,,,,,FALSE,FALSE,FALSE,0
"V002","V028",FALSE,0,,,,,,FALSE,FALSE,FALSE,0
"V002","V029",FALSE,0,,,,,,FALSE,FALSE,FALSE,0
"V002","V030",FALSE,0,,,,,,FALSE,FALSE,FALSE,0
"V002","V031",FALSE,0,,,,,,FALSE,FALSE,FALSE,0
"V002","V032",FALSE,0,,,,,,FALSE,FALSE,FALSE,0
"V002","V033",FALSE,0,,,,,,FALSE,FALSE,FALSE,0
"V003","V004",FALSE,0.7875,0.982926167001816,0.981260597747415,0.191929966495945,0.286275386469648,0.936507936507937,FALSE,FALSE,FALSE,0.880420290900307
"V003","V005",FALSE,0.9375,0.982331204242058,0.980561245171064,0.197108471216039,0.298981275860758,0.946666666666667,FALSE,FALSE,TRUE,0.904714624766138
"V003","V006",FALSE,0.9,0.983680771000066,0.979298542909582,0.1908447446048,0.269673840502491,0.944444444444444,FALSE,FALSE,TRUE,0.9026372465778
"V003","V007",TRUE,0.775,1,1,0,0,1,FALSE,FALSE,FALSE,0.9625
"V003","V008",TRUE,0.9125,1,1,0,0,1,FALSE,FALSE,TRUE,0.985416666666667
"V003","V009",TRUE,0.95,1,1,0,0,1,FALSE,FALSE,TRUE,0.991666666666667
"V003","V010",FALSE,0.725,0.819734384621327,0.763577436316203,0.621444121635476,0.725602055439061,0.913793103448276,FALSE,FALSE,FALSE,0.741941703575401
"V003","V011",FALSE,0.9,0.838571368654922,0.807435097544374,0.606614375338523,0.645061354398988,0.930555555555556,FALSE,FALSE,FALSE,0.787230451692602
"V003","V012",FALSE,0.9,0.869340794594787,0.822695130067598,0.57192749117516,0.61494101649402,0.902777777777778,FALSE,FALSE,FALSE,0.792317494752178
"V003","V013",FALSE,0.625,0.9498626347698,0.938143500411852,0.338906261180586,0.588598610798977,0.98,FALSE,FALSE,FALSE,0.802776160775487
"V003","V014",FALSE,0.8,0.972224329187718,0.956931264789226,0.256612489089547,0.521036503305587,0.96875,FALSE,FALSE,TRUE,0.850150067025562
"V003","V015",FALSE,0.975,0.973433644832891,0.95925245617166,0.247455713831209,0.507259668417638,0.935897435897436,FALSE,FALSE,TRUE,0.87669477949519
"V003","V016",TRUE,0,,,,,,FALSE,FALSE,FALSE,0
"V003","V017",TRUE,0,,,,,,FALSE,FALSE,FALSE,0
"V003","V018",TRUE,0,,,,,,FALSE,FALSE,FALSE,0
"V003","V019",FALSE,0,,,,,,FALSE,FALSE,FALSE,0
"V003","V020",FALSE,0,,,,,,FALSE,FALSE,FALSE,0
"V003","V021",FALSE,0,,,,,,FALSE,FALSE,FALSE,0
"V003","V022",FALSE,0,,,,,,FALSE,FALSE,FALSE,0
"V003","V023",FALSE,0,,,,,,FALSE,FALSE,FALSE,0
"V003","V024",FALSE,0,,,,,,FALSE,FALSE,FALSE,0
"V003","V025",FALSE,0,,,,,,FALSE,FALSE,FALSE,0
"V003","V026",FALSE,0,,,,,,FALSE,FALSE,FALSE,0
"V003","V027",FALSE,0,,,,,,FALSE,FALSE,FALSE,0
"V003","V028",FALSE,0,,,,,,FALSE,FALSE,FALSE,0
"V003","V029",FALSE,0,,,,,,FALSE,FALSE,FALSE,0
"V003","V030",FALSE,0,,,,,,FALSE,FALSE,FALSE,0
"V003","V031",FALSE,0,,,,,,FALSE,FALSE,FALSE,0
"V003","V032",FALSE,0,,,,,,FALSE,FALSE,FALSE,0
"V003","V033",FALSE,0,,,,,,FALSE,FALSE,FALSE,0
"V004","V005",TRUE,0.85,1,1,0,0,1,FALSE,FALSE,TRUE,0.975
"V004","V006",TRUE,0.6875,1,1,0,0,1,FALSE,FALSE,FALSE,0.947916666666667
"V004","V007",FALSE,0.9875,0.981549815031969,0.980822845667614,0.201533500893412,0.30316089491287,0.936708860759494,FALSE,FALSE,TRUE,0.910225275186791
"V004","V008",FALSE,0.875,0.98255465326283,0.979979913468628,0.196184450150188,0.30350557342428,0.928571428571429,FALSE,FALSE,TRUE,0.890820852498735
"V004","V009",FALSE,0.7375,0.982509343044897,0.982338319248125,0.194510059356999,0.270676183345439,0.932203389830508,FALSE,FALSE,FALSE,0.873038100377146
"V004","V010",FALSE,0.9375,0.837138072052791,0.790136024774364,0.602998773471343,0.645718800603126,0.933333333333333,FALSE,FALSE,FALSE,0.792654045182783
"V004","V011",FALSE,0.8875,0.85521823366985,0.811717989192454,0.577058658609946,0.614612761403704,0.915492957746479,FALSE,FALSE,FALSE,0.78980983420134
"V004","V012",FALSE,0.6875,0.872686198829296,0.803347052226253,0.564455148599932,0.63151477482927,0.909090909090909,FALSE,FALSE,FALSE,0.755843848774533
"V004","V013",FALSE,0.8375,0.942518496423254,0.929590637645746,0.366548594475232,0.419854023096227,0.940298507462687,FALSE,FALSE,FALSE,0.844019711452636
"V004","V014",FALSE,0.9875,0.955430302298958,0.940803669439788,0.318664741170501,0.396239821311826,0.924050632911392,FALSE,FALSE,FALSE,0.876605369054712
"V004","V015",FALSE,0.8125,0.960627158930439,0.95196463223048,0.289760533405332,0.389015720021009,0.938461538461538,FALSE,FALSE,TRUE,0.855570637217629
"V004","V016",FALSE,0,,,,,,FALSE,FALSE,FALSE,0
"V004","V017",FALSE,0,,,,,,FALSE,FALSE,FALSE,0
"V004","V018",FALSE,0,,,,,,FALSE,FALSE,FALSE,0
"V004","V019",FALSE,0,,,,,,FALSE,FALSE,FALSE,0
"V004","V020",FALSE,0,,,,,,FALSE,FALSE,FALSE,0
"V004","V021",FALSE,0,,,,,,FALSE,FALSE,FALSE,0
"V004","V022",FALSE,0,,,,,,FALSE,FALSE,FALSE,0
"V004","V023",FALSE,0,,,,,,FALSE,FALSE,FALSE,0
"V004","V024",FALSE,0,,,,,,FALSE,FALSE,FALSE,0
"V004","V025",FALSE,0,,,,,,FALSE,FALSE,FALSE,0
"V004","V026",FALSE,0,,,,,,FALSE,FALSE,FALSE,0
"V004","V027",FALSE,0,,,,,,FALSE,FALSE,FALSE,0
"V004","V028",FALSE,0,,,,,,FALSE,FALSE,FALSE,0
"V004","V029",FALSE,0,,,,,,FALSE,FALSE,FALSE,0
"V004","V030",FALSE,0,,,,,,FALSE,FALSE,FALSE,0
"V004","V031",FALSE,0,,,,,,FALSE,FALSE,FALSE,0
"V004","V032",FALSE,0,,,,,,FALSE,FALSE,FALSE,0
"V004","V033",FALSE,0,,,,,,FALSE,FALSE,FALSE,0
"V005","V006",TRUE,0.8375,1,1,0,0,1,FALSE,FALSE,TRUE,0.972916666666667
"V005","V007",FALSE,0.8375,0.98196163673583,0.979253332436213,0.198369953232701,0.303692163294086,0.925373134328358,FALSE,FALSE,TRUE,0.88360584529668
"V005","V008",FALSE,0.975,0.981234033565097,0.978843468154488,0.204037998974989,0.31899403986822,0.935897435897436,FALSE,FALSE,TRUE,0.905541242232051
"V005","V009",FALSE,0.8875,0.981841613337931,0.981257415832025,0.200267477803027,0.287017589307715,0.943661971830986,FALSE,FALSE,TRUE,0.896953634074574
"V005","V010",FALSE,0.7875,0.817021152678463,0.760039180716439,0.631489791029519,0.690235902794739,0.920634920634921,FALSE,FALSE,FALSE,0.75498696473682
"V005","V011",FALSE,0.9625,0.829599886695318,0.79961676916338,0.632521050381326,0.635232170022872,0.922077922077922,FALSE,FALSE,FALSE,0.793374919798307
"V005","V012",FALSE,0.8375,0.855197531286059,0.795728971044136,0.596999165563697,0.641324020063072,0.925373134328358,FALSE,FALSE,FALSE,0.777565354702362
"V005","V013",FALSE,0.6875,0.932369230297071,0.921641363371479,0.386078936634622,0.456706900245617,0.927272727272727,FALSE,FALSE,FALSE,0.809143474228751
"V005","V014",FALSE,0.8625,0.955911895295491,0.947393689676525,0.306440434773732,0.400497155035157,0.91304347826087,FALSE,FALSE,FALSE,0.855540917869433
"V005","V015",FALSE,0.9625,0.961589329044136,0.950569689382526,0.28598870189408,0.390524714497164,0.935064935064935,FALSE,FALSE,TRUE,0.880269542374594
"V005","V016",FALSE,0,,,,,,FALSE,FALSE,FALSE,0
"V005","V017",FALSE,0,,,,,,FALSE,FALSE,FALSE,0
"V005","V018",FALSE,0,,,,,,FALSE,FALSE,FALSE,0
"V005","V019",FALSE,0,,,,,,FALSE,FALSE,FALSE,0
"V005","V020",FALSE,0,,,,,,FALSE,FALSE,FALSE,0
"V005","V021",FALSE,0,,,,,,FALSE,FALSE,FALSE,0
"V005","V022",FALSE,0,,,,,,FALSE,FALSE,FALSE,0
"V005","V023",FALSE,0,,,,,,FALSE,FALSE,FALSE,0
"V005","V024",FALSE,0,,,,,,FALSE,FALSE,FALSE,0
"V005","V025",FALSE,0,,,,,,FALSE,FALSE,FALSE,0
"V005","V026",FALSE,0,,,,,,FALSE,FALSE,FALSE,0
"V005","V027",FALSE,0,,,,,,FALSE,FALSE,FALSE,0
"V005","V028",FALSE,0,,,,,,FALSE,FALSE,FALSE,0
"V005","V029",FALSE,0,,,,,,FALSE,FALSE,FALSE,0
"V005","V030",FALSE,0,,,,,,FALSE,FALSE,FALSE,0
"V005","V031",FALSE,0,,,,,,FALSE,FALSE,FALSE,0
"V005","V032",FALSE,0,,,,,,FALSE,FALSE,FALSE,0
"V005","V033",FALSE,0,,,,,,FALSE,FALSE,FALSE,0
"V006","V007",FALSE,0.675,0.982433341891217,0.983881978009958,0.195678251822881,0.250379153740184,0.925925925925926,FALSE,FALSE,FALSE,0.864144316309882
"V006","V008",FALSE,0.8125,0.98157625515421,0.982378785046518,0.203284376048921,0.276233912088503,0.938461538461538,FALSE,FALSE,TRUE,0.884603443168458
"V006","V009",FALSE,0.95,0.981313300028712,0.978883320769558,0.203283218162184,0.265756748661148,0.934210526315789,FALSE,FALSE,TRUE,0.907830252262381
"V006","V010",FALSE,0.625,0.839909198175336,0.740387016228525,0.6079440641341,0.721023843704666,0.92,FALSE,FALSE,FALSE,0.727645228783511
"V006","V011",FALSE,0.8,0.846981812864561,0.789314624922666,0.620334865155988,0.652721909340487,0.921875,FALSE,FALSE,FALSE,0.766402382565598
"V006","V012",FALSE,1,0.868511099792958,0.814823347705518,0.578902234137134,0.608171322542143,0.8875,FALSE,FALSE,FALSE,0.805670992788226
"V006","V013",FALSE,0.525,0.927660021592418,0.926926898817589,0.396213975312662,0.473157416475146,0.952380952380952,FALSE,FALSE,FALSE,0.783428184178244
"V006","V014",FALSE,0.7,0.957219558637598,0.953020191460659,0.301393556844829,0.40913702548005,0.928571428571429,FALSE,FALSE,FALSE,0.831283513597117
"V006","V015",FALSE,0.875,0.960345892278828,0.95348342755166,0.289074779849035,0.399388578022702,0.9,FALSE,FALSE,TRUE,0.858600146026129
"V006","V016",FALSE,0,,,,,,FALSE,FALSE,FALSE,0
"V006","V017",FALSE,0,,,,,,FALSE,FALSE,FALSE,0
"V006","V018",FALSE,0,,,,,,FALSE,FALSE,FALSE,0
"V006","V019",FALSE,0,,,,,,FALSE,FALSE,FALSE,0
"V006","V020",FALSE,0,,,,,,FALSE,FALSE,FALSE,0
"V006","V021",FALSE,0,,,,,,FALSE,FALSE,FALSE,0
"V006","V022",FALSE,0,,,,,,FALSE,FALSE,FALSE,0
"V006","V023",FALSE,0,,,,,,FALSE,FALSE,FALSE,0
"V006","V024",FALSE,0,,,,,,FALSE,FALSE,FALSE,0
"V006","V025",FALSE,0,,,,,,FALSE,FALSE,FALSE,0
"V006","V026",FALSE,0,,,,,,FALSE,FALSE,FALSE,0
"V006","V027",FALSE,0,,,,,,FALSE,FALSE,FALSE,0
"V006","V028",FALSE,0,,,,,,FALSE,FALSE,FALSE,0
"V006","V029",FALSE,0,,,,,,FALSE,FALSE,FALSE,0
"V006","V030",FALSE,0,,,,,,FALSE,FALSE,FALSE,0
"V006","V031",FALSE,0,,,,,,FALSE,FALSE,FALSE,0
"V006","V032",FALSE,0,,,,,,FALSE,FALSE,FALSE,0
"V006","V033",FALSE,0,,,,,,FALSE,FALSE,FALSE,0
"V007","V008",TRUE,0.8625,1,1,0,0,1,FALSE,FALSE,TRUE,0.977083333333333
"V007","V009",TRUE,0.725,1,1,0,0,1,FALSE,FALSE,FALSE,0.954166666666667
"V007","V010",FALSE,0.95,0.841776158026203,0.787465262121709,0.577180965742161,0.698323698852506,0.907894736842105,FALSE,FALSE,FALSE,0.78856880689797
"V007","V011",FALSE,0.875,0.86448200723022,0.815002063989929,0.549987576877308,0.648128889915418,0.9,FALSE,FALSE,FALSE,0.785787084976181
"V007","V012",FALSE,0.675,0.873810307726827,0.803251338492596,0.554907721352447,0.66234119806206,0.907407407407407,FALSE,FALSE,FALSE,0.751784361216478
"V007","V013",FALSE,0.85,0.95362111908636,0.943949395561121,0.324505303953604,0.550259517839886,0.941176470588235,FALSE,FALSE,FALSE,0.839941117073797
"V007","V014",FALSE,0.975,0.965773372944094,0.950939415405878,0.285163384773809,0.524569807286943,0.935897435897436,FALSE,FALSE,TRUE,0.868825854778313
"V007","V015",FALSE,0.8,0.971158172698078,0.957501900438895,0.262519699360165,0.512087867999598,0.96875,FALSE,FALSE,TRUE,0.850239063504328
"V007","V016",TRUE,0,,,,,,FALSE,FALSE,FALSE,0
"V007","V017",TRUE,0,,,,,,FALSE,FALSE,FALSE,0
"V007","V018",TRUE,0,,,,,,FALSE,FALSE,FALSE,0
"V007","V019",FALSE,0,,,,,,FALSE,FALSE,FALSE,0
"V007","V020",FALSE,0,,,,,,FALSE,FALSE,FALSE,0
"V007","V021",FALSE,0,,,,,,FALSE,FALSE,FALSE,0
"V007","V022",FALSE,0,,,,,,FALSE,FALSE,FALSE,0
"V007","V023",FALSE,0,,,,,,FALSE,FALSE,FALSE,0
"V007","V024",FALSE,0,,,,,,FALSE,FALSE,FALSE,0
"V007","V025",FALSE,0,,,,,,FALSE,FALSE,FALSE,0
"V007","V026",FALSE,0,,,,,,FALSE,FALSE,FALSE,0
"V007","V027",FALSE,0,,,,,,FALSE,FALSE,FALSE,0
"V007","V028",FALSE,0,,,,,,FALSE,FALSE,FALSE,0
"V007","V029",FALSE,0,,,,,,FALSE,FALSE,FALSE,0
"V007","V030",FALSE,0,,,,,,FALSE,FALSE,FALSE,0
"V007","V031",FALSE,0,,,,,,FALSE,FALSE,FALSE,0
"V007","V032",FALSE,0,,,,,,FALSE,FALSE,FALSE,0
"V007","V033",FALSE,0,,,,,,FALSE,FALSE,FALSE,0
"V008","V009",TRUE,0.8625,1,1,0,0,1,FALSE,FALSE,TRUE,0.977083333333333
"V008","V010",FALSE,0.8125,0.837023486475487,0.772879314668713,0.59369899628713,0.718862023026531,0.892307692307692,FALSE,FALSE,FALSE,0.758224365799199
"V008","V011",FALSE,0.9875,0.847548789500623,0.808242757297837,0.590618175354311,0.648757456435823,0.911392405063291,FALSE,FALSE,FALSE,0.800577957028369
"V008","V012",FALSE,0.8125,0.854337264193338,0.796979585569103,0.603049511178633,0.66118039262721,0.923076923076923,FALSE,FALSE,FALSE,0.770769588833297
"V008","V013",FALSE,0.7125,0.955675902684967,0.936657348446004,0.320981752704833,0.594286116131166,0.929824561403509,FALSE,FALSE,FALSE,0.81098068885971
"V008","V014",FALSE,0.8875,0.972250308805031,0.952851001900664,0.257445515315322,0.536943711112981,0.929577464788732,FALSE,FALSE,TRUE,0.856197314519368
"V008","V015",FALSE,0.9375,0.972292369332971,0.955768141705171,0.259583683630253,0.524996418685702,0.973333333333333,FALSE,FALSE,TRUE,0.872965620966283
"V008","V016",TRUE,0,,,,,,FALSE,FALSE,FALSE,0
"V008","V017",TRUE,0,,,,,,FALSE,FALSE,FALSE,0
"V008","V018",TRUE,0,,,,,,FALSE,FALSE,FALSE,0
"V008","V019",FALSE,0,,,,,,FALSE,FALSE,FALSE,0
"V008","V020",FALSE,0,,,,,,FALSE,FALSE,FALSE,0
"V008","V021",FALSE,0,,,,,,FALSE,FALSE,FALSE,0
"V008","V022",FALSE,0,,,,,,FALSE,FALSE,FALSE,0
"V008","V023",FALSE,0,,,,,,FALSE,FALSE,FALSE,0
"V008","V024",FALSE,0,,,,,,FALSE,FALSE,FALSE,0
"V008","V025",FALSE,0,,,,,,FALSE,FALSE,FALSE,0
"V008","V026",FALSE,0,,,,,,FALSE,FALSE,FALSE,0
"V008","V027",FALSE,0,,,,,,FALSE,FALSE,FALSE,0
"V008","V028",FALSE,0,,,,,,FALSE,FALSE,FALSE,0
"V008","V029",FALSE,0,,,,,,FALSE,FALSE,FALSE,0
"V008","V030",FALSE,0,,,,,,FALSE,FALSE,FALSE,0
"V008","V031",FALSE,0,,,,,,FALSE,FALSE,FALSE,0
"V008","V032",FALSE,0,,,,,,FALSE,FALSE,FALSE,0
"V008","V033",FALSE,0,,,,,,FALSE,FALSE,FALSE,0
"V009","V010",FALSE,0.675,0.836353629082768,0.752025196680525,0.619364348628281,0.748679452783449,0.907407407407407,FALSE,FALSE,FALSE,0.731312343138528
"V009","V011",FALSE,0.85,0.849914625149447,0.800598129663954,0.606979377607122,0.660450048667461,0.926470588235294,FALSE,FALSE,FALSE,0.777223392066431
"V009","V012",FALSE,0.95,0.87092116167581,0.823620715924694,0.573067307731882,0.61937572609322,0.907894736842105,FALSE,FALSE,FALSE,0.801206583087819
"V009","V013",FALSE,0.575,0.946605549026646,0.934532614914395,0.358513838113984,0.597538222265844,0.978260869565217,FALSE,FALSE,FALSE,0.790451376857456
"V009","V014",FALSE,0.75,0.970989917394235,0.95447765419218,0.268012272396853,0.53053967610953,0.966666666666667,FALSE,FALSE,FALSE,0.838764374284506
"V009","V015",FALSE,0.925,0.972111014492543,0.957050525355129,0.257241010675804,0.516076864153951,0.932432432432432,FALSE,FALSE,TRUE,0.865342093758064
"V009","V016",TRUE,0,,,,,,FALSE,FALSE,FALSE,0
"V009","V017",TRUE,0,,,,,,FALSE,FALSE,FALSE,0
"V009","V018",TRUE,0,,,,,,FALSE,FALSE,FALSE,0
"V009","V019",FALSE,0,,,,,,FALSE,FALSE,FALSE,0
"V009","V020",FALSE,0,,,,,,FALSE,FALSE,FALSE,0
"V009","V021",FALSE,0,,,,,,FALSE,FALSE,FALSE,0
"V009","V022",FALSE,0,,,,,,FALSE,FALSE,FALSE,0
"V009","V023",FALSE,0,,,,,,FALSE,FALSE,FALSE,0
"V009","V024",FALSE,0,,,,,,FALSE,FALSE,FALSE,0
"V009","V025",FALSE,0,,,,,,FALSE,FALSE,FALSE,0
"V009","V026",FALSE,0,,,,,,FALSE,FALSE,FALSE,0
"V009","V027",FALSE,0,,,,,,FALSE,FALSE,FALSE,0
"V009","V028",FALSE,0,,,,,,FALSE,FALSE,FALSE,0
"V009","V029",FALSE,0,,,,,,FALSE,FALSE,FALSE,0
"V009","V030",FALSE,0,,,,,,FALSE,FALSE,FALSE,0
"V009","V031",FALSE,0,,,,,,FALSE,FALSE,FALSE,0
"V009","V032",FALSE,0,,,,,,FALSE,FALSE,FALSE,0
"V009","V033",FALSE,0,,,,,,FALSE,FALSE,FALSE,0
"V010","V011",TRUE,0.825,1,1,0,0,1,FALSE,FALSE,TRUE,0.970833333333333
"V010","V012",TRUE,0.625,1,1,0,0,1,FALSE,FALSE,FALSE,0.9375
"V010","V013",FALSE,0.9,0.895278435511936,0.869721390367401,0.460419717379895,0.5330501774373,0.930555555555556,FALSE,FALSE,FALSE,0.821814427374509
"V010","V014",FALSE,0.925,0.892690644552307,0.856516206424833,0.476146888509659,0.57393018325417,0.932432432432432,FALSE,FALSE,FALSE,0.819419212071148
"V010","V015",FALSE,0.75,0.88674902656154,0.849013763442174,0.490831001848647,0.592338212941456,0.933333333333333,FALSE,FALSE,FALSE,0.786060817327847
"V010","V016",FALSE,0,,,,,,FALSE,FALSE,FALSE,0
"V010","V017",FALSE,0,,,,,,FALSE,FALSE,FALSE,0
"V010","V018",FALSE,0,,,,,,FALSE,FALSE,FALSE,0
"V010","V019",FALSE,0,,,,,,FALSE,FALSE,FALSE,0
"V010","V020",FALSE,0,,,,,,FALSE,FALSE,FALSE,0
"V010","V021",FALSE,0,,,,,,FALSE,FALSE,FALSE,0
"V010","V022",FALSE,0,,,,,,FALSE,FALSE,FALSE,0
"V010","V023",FALSE,0,,,,,,FALSE,FALSE,FALSE,0
"V010","V024",FALSE,0,,,,,,FALSE,FALSE,FALSE,0
"V010","V025",FALSE,0,,,,,,FALSE,FALSE,FALSE,0
"V010","V026",FALSE,0,,,,,,FALSE,FALSE,FALSE,0
"V010","V027",FALSE,0,,,,,,FALSE,FALSE,FALSE,0
"V010","V028",FALSE,0,,,,,,FALSE,FALSE,FALSE,0
"V010","V029",FALSE,0,,,,,,FALSE,FALSE,FALSE,0
"V010","V030",FALSE,0,,,,,,FALSE,FALSE,FALSE,0
"V010","V031",FALSE,0,,,,,,FALSE,FALSE,FALSE,0
"V010","V032",FALSE,0,,,,,,FALSE,FALSE,FALSE,0
"V010","V033",FALSE,0,,,,,,FALSE,FALSE,FALSE,0
"V011","V012",TRUE,0.8,1,1,0,0,1,FALSE,FALSE,TRUE,0.966666666666667
"V011","V013",FALSE,0.725,0.87644674896009,0.843078543314663,0.502870995768778,0.584055562005142,0.913793103448276,FALSE,FALSE,FALSE,0.776829970323734
"V011","V014",FALSE,0.9,0.912301314133179,0.881031672360912,0.440684438053135,0.548669086556407,0.916666666666667,FALSE,FALSE,FALSE,0.822441186771671
"V011","V015",FALSE,0.925,0.892901389975056,0.881522819329047,0.496824896803291,0.568269688580878,0.932432432432432,FALSE,FALSE,FALSE,0.819934812612077
"V011","V016",FALSE,0,,,,,,FALSE,FALSE,FALSE,0
"V011","V017",FALSE,0,,,,,,FALSE,FALSE,FALSE,0
"V011","V018",FALSE,0,,,,,,FALSE,FALSE,FALSE,0
"V011","V019",FALSE,0,,,,,,FALSE,FALSE,FALSE,0
"V011","V020",FALSE,0,,,,,,FALSE,FALSE,FALSE,0
"V011","V021",FALSE,0,,,,,,FALSE,FALSE,FALSE,0
"V011","V022",FALSE,0,,,,,,FALSE,FALSE,FALSE,0
"V011","V023",FALSE,0,,,,,,FALSE,FALSE,FALSE,0
"V011","V024",FALSE,0,,,,,,FALSE,FALSE,FALSE,0
"V011","V025",FALSE,0,,,,,,FALSE,FALSE,FALSE,0
"V011","V026",FALSE,0,,,,,,FALSE,FALSE,FALSE,0
"V011","V027",FALSE,0,,,,,,FALSE,FALSE,FALSE,0
"V011","V028",FALSE,0,,,,,,FALSE,FALSE,FALSE,0
"V011","V029",FALSE,0,,,,,,FALSE,FALSE,FALSE,0
"V011","V030",FALSE,0,,,,,,FALSE,FALSE,FALSE,0
"V011","V031",FALSE,0,,,,,,FALSE,FALSE,FALSE,0
"V011","V032",FALSE,0,,,,,,FALSE,FALSE,FALSE,0
"V011","V033",FALSE,0,,,,,,FALSE,FALSE,FALSE,0
"V012","V013",FALSE,0.525,0.885818602651685,0.816926715232434,0.507093558361633,0.625886104442899,0.904761904761905,FALSE,FALSE,FALSE,0.736360887951468
"V012","V014",FALSE,0.7,0.930391700168262,0.876823257689519,0.424328606692236,0.571880969064489,0.910714285714286,FALSE,FALSE,FALSE,0.788832222743074
"V012","V015",FALSE,0.875,0.917224912727174,0.888181742000314,0.464929614050543,0.567428474460107,0.914285714285714,FALSE,FALSE,FALSE,0.814524988921772
"V012","V016",FALSE,0,,,,,,FALSE,FALSE,FALSE,0
"V012","V017",FALSE,0,,,,,,FALSE,FALSE,FALSE,0
"V012","V018",FALSE,0,,,,,,FALSE,FALSE,FALSE,0
"V012","V019",FALSE,0,,,,,,FALSE,FALSE,FALSE,0
"V012","V020",FALSE,0,,,,,,FALSE,FALSE,FALSE,0
"V012","V021",FALSE,0,,,,,,FALSE,FALSE,FALSE,0
"V012","V022",FALSE,0,,,,,,FALSE,FALSE,FALSE,0
"V012","V023",FALSE,0,,,,,,FALSE,FALSE,FALSE,0
"V012","V024",FALSE,0,,,,,,FALSE,FALSE,FALSE,0
"V012","V025",FALSE,0,,,,,,FALSE,FALSE,FALSE,0
"V012","V026",FALSE,0,,,,,,FALSE,FALSE,FALSE,0
"V012","V027",FALSE,0,,,,,,FALSE,FALSE,FALSE,0
"V012","V028",FALSE,0,,,,,,FALSE,FALSE,FALSE,0
"V012","V029",FALSE,0,,,,,,FALSE,FALSE,FALSE,0
"V012","V030",FALSE,0,,,,,,FALSE,FALSE,FALSE,0
"V012","V031",FALSE,0,,,,,,FALSE,FALSE,FALSE,0
"V012","V032",FALSE,0,,,,,,FALSE,FALSE,FALSE,0
"V012","V033",FALSE,0,,,,,,FALSE,FALSE,FALSE,0
"V013","V014",TRUE,0.825,1,1,0,0,1,FALSE,FALSE,TRUE,0.970833333333333
"V013","V015",TRUE,0.65,1,1,0,0,1,FALSE,FALSE,FALSE,0.941666666666667
"V013","V016",FALSE,0,,,,,,FALSE,FALSE,FALSE,0
"V013","V017",FALSE,0,,,,,,FALSE,FALSE,FALSE,0
"V013","V018",FALSE,0,,,,,,FALSE,FALSE,FALSE,0
"V013","V019",TRUE,0,,,,,,FALSE,FALSE,FALSE,0
"V013","V020",TRUE,0,,,,,,FALSE,FALSE,FALSE,0
"V013","V021",TRUE,0,,,,,,FALSE,FALSE,FALSE,0
"V013","V022",TRUE,0,,,,,,FALSE,FALSE,FALSE,0
"V013","V023",TRUE,0,,,,,,FALSE,FALSE,FALSE,0
"V013","V024",TRUE,0,,,,,,FALSE,FALSE,FALSE,0
"V013","V025",TRUE,0,,,,,,FALSE,FALSE,FALSE,0
"V013","V026",TRUE,0,,,,,,FALSE,FALSE,FALSE,0
"V013","V027",TRUE,0,,,,,,FALSE,FALSE,FALSE,0
"V013","V028",TRUE,0,,,,,,FALSE,FALSE,FALSE,0
"V013","V029",TRUE,0,,,,,,FALSE,FALSE,FALSE,0
"V013","V030",TRUE,0,,,,,,FALSE,FALSE,FALSE,0
"V013","V031",TRUE,0,,,,,,FALSE,FALSE,FALSE,0
"V013","V032",TRUE,0,,,,,,FALSE,FALSE,FALSE,0
"V013","V033",TRUE,0,,,,,,FALSE,FALSE,FALSE,0
"V014","V015",TRUE,0.825,1,1,0,0,1,FALSE,FALSE,TRUE,0.970833333333333
"V014","V016",FALSE,0,,,,,,FALSE,FALSE,FALSE,0
"V014","V017",FALSE,0,,,,,,FALSE,FALSE,FALSE,0
"V014","V018",FALSE,0,,,,,,FALSE,FALSE,FALSE,0
"V014","V019",TRUE,0,,,,,,FALSE,FALSE,FALSE,0
"V014","V020",TRUE,0,,,,,,FALSE,FALSE,FALSE,0
"V014","V021",TRUE,0,,,,,,FALSE,FALSE,FALSE,0
"V014","V022",TRUE,0,,,,,,FALSE,FALSE,FALSE,0
"V014","V023",TRUE,0,,,,,,FALSE,FALSE,FALSE,0
"V014","V024",TRUE,0,,,,,,FALSE,FALSE,FALSE,0
"V014","V025",TRUE,0,,,,,,FALSE,FALSE,FALSE,0
"V014","V026",TRUE,0,,,,,,FALSE,FALSE,FALSE,0
"V014","V027",TRUE,0,,,,,,FALSE,FALSE,FALSE,0
"V014","V028",TRUE,0,,,,,,FALSE,FALSE,FALSE,0
"V014","V029",TRUE,0,,,,,,FALSE,FALSE,FALSE,0
"V014","V030",TRUE,0,,,,,,FALSE,FALSE,FALSE,0
"V014","V031",TRUE,0,,,,,,FALSE,FALSE,FALSE,0
"V014","V032",TRUE,0,,,,,,FALSE,FALSE,FALSE,0
"V014","V033",TRUE,0,,,,,,FALSE,FALSE,FALSE,0
"V015","V016",FALSE,0,,,,,,FALSE,FALSE,FALSE,0
"V015","V017",FALSE,0,,,,,,FALSE,FALSE,FALSE,0
"V015","V018",FALSE,0,,,,,,FALSE,FALSE,FALSE,0
"V015","V019",TRUE,0,,,,,,FALSE,FALSE,FALSE,0
"V015","V020",TRUE,0,,,,,,FALSE,FALSE,FALSE,0
"V015","V021",TRUE,0,,,,,,FALSE,FALSE,FALSE,0
"V015","V022",TRUE,0,,,,,,FALSE,FALSE,FALSE,0
"V015","V023",TRUE,0,,,,,,FALSE,FALSE,FALSE,0
"V015","V024",TRUE,0,,,,,,FALSE,FALSE,FALSE,0
"V015","V025",TRUE,0,,,,,,FALSE,FALSE,FALSE,0
"V015","V026",TRUE,0,,,,,,FALSE,FALSE,FALSE,0
"V015","V027",TRUE,0,,,,,,FALSE,FALSE,FALSE,0
"V015","V028",TRUE,0,,,,,,FALSE,FALSE,FALSE,0
"V015","V029",TRUE,0,,,,,,FALSE,FALSE,FALSE,0
"V015","V030",TRUE,0,,,,,,FALSE,FALSE,FALSE,0
"V015","V031",TRUE,0,,,,,,FALSE,FALSE,FALSE,0
"V015","V032",TRUE,0,,,,,,FALSE,FALSE,FALSE,0
"V015","V033",TRUE,0,,,,,,FALSE,FALSE,FALSE,0
"V016","V017",TRUE,0.975,1,1,0,0,1,FALSE,FALSE,TRUE,0.995833333333333
"V016","V018",TRUE,0.6625,1,1,0,0,1,FALSE,FALSE,FALSE,0.94375
"V016","V019",FALSE,0.8125,0.948353890404712,0.96147603513952,0.324593826561447,0.496529118103237,0.830769230769231,FALSE,FALSE,FALSE,0.82160743198083
"V016","V020",FALSE,1,0.954766823941325,0.961040217133814,0.305039241489268,0.506232147944073,0.85,FALSE,FALSE,TRUE,0.857960065813387
"V016","V021",FALSE,0.8375,0.953001669511326,0.960449899651849,0.311683282660696,0.495423352916744,0.865671641791045,FALSE,FALSE,TRUE,0.833570620142063
"V016","V022",FALSE,0,,,,,,FALSE,FALSE,FALSE,0
"V016","V023",FALSE,0,,,,,,FALSE,FALSE,FALSE,0
"V016","V024",FALSE,0,,,,,,FALSE,FALSE,FALSE,0
"V016","V025",FALSE,0,,,,,,FALSE,FALSE,FALSE,0
"V016","V026",FALSE,0,,,,,,FALSE,FALSE,FALSE,0
"V016","V027",FALSE,0,,,,,,FALSE,FALSE,FALSE,0
"V016","V028",FALSE,0,,,,,,FALSE,FALSE,FALSE,0
"V016","V029",FALSE,0,,,,,,FALSE,FALSE,FALSE,0
"V016","V030",FALSE,0,,,,,,FALSE,FALSE,FALSE,0
"V016","V031",FALSE,0,,,,,,FALSE,FALSE,FALSE,0
"V016","V032",FALSE,0,,,,,,FALSE,FALSE,FALSE,0
"V016","V033",FALSE,0,,,,,,FALSE,FALSE,FALSE,0
"V017","V018",TRUE,0.6875,1,1,0,0,1,FALSE,FALSE,FALSE,0.947916666666667
"V017","V019",FALSE,0.7875,0.9511158078292,0.961666562528298,0.315118531993425,0.493594802884041,0.825396825396825,FALSE,FALSE,FALSE,0.818236410553872
"V017","V020",FALSE,0.975,0.956945241007248,0.961190464070134,0.2976013004933,0.503905867619723,0.846153846153846,FALSE,FALSE,TRUE,0.854497550735218
"V017","V021",FALSE,0.8625,0.955551095449254,0.957944070377932,0.304302428419849,0.485562112221629,0.869565217391304,FALSE,FALSE,TRUE,0.840300292249592
"V017","V022",FALSE,0,,,,,,FALSE,FALSE,FALSE,0
"V017","V023",FALSE,0,,,,,,FALSE,FALSE,FALSE,0
"V017","V024",FALSE,0,,,,,,FALSE,FALSE,FALSE,0
"V017","V025",FALSE,0,,,,,,FALSE,FALSE,FALSE,0
"V017","V026",FALSE,0,,,,,,FALSE,FALSE,FALSE,0
"V017","V027",FALSE,0,,,,,,FALSE,FALSE,FALSE,0
"V017","V028",FALSE,0,,,,,,FALSE,FALSE,FALSE,0
"V017","V029",FALSE,0,,,,,,FALSE,FALSE,FALSE,0
"V017","V030",FALSE,0,,,,,,FALSE,FALSE,FALSE,0
"V017","V031",FALSE,0,,,,,,FALSE,FALSE,FALSE,0
"V017","V032",FALSE,0,,,,,,FALSE,FALSE,FALSE,0
"V017","V033",FALSE,0,,,,,,FALSE,FALSE,FALSE,0
"V018","V019",FALSE,0.475,0.918243655817921,0.940610273856565,0.40822395044349,0.619320717326836,0.868421052631579,FALSE,FALSE,FALSE,0.745997994786604
"V018","V020",FALSE,0.6625,0.937601930232816,0.94213187071263,0.361334267476512,0.615802399932942,0.886792452830189,FALSE,FALSE,FALSE,0.787685445397018
"V018","V021",FALSE,0.825,0.934446757822575,0.943705924304614,0.374353109735892,0.576013319966942,0.893939393939394,FALSE,FALSE,FALSE,0.817980785983316
"V018","V022",FALSE,0,,,,,,FALSE,FALSE,FALSE,0
"V018","V023",FALSE,0,,,,,,FALSE,FALSE,FALSE,0
"V018","V024",FALSE,0,,,,,,FALSE,FALSE,FALSE,0
"V018","V025",FALSE,0,,,,,,FALSE,FALSE,FALSE,0
"V018","V026",FALSE,0,,,,,,FALSE,FALSE,FALSE,0
"V018","V027",FALSE,0,,,,,,FALSE,FALSE,FALSE,0
"V018","V028",FALSE,0,,,,,,FALSE,FALSE,FALSE,0
"V018","V029",FALSE,0,,,,,,FALSE,FALSE,FALSE,0
"V018","V030",FALSE,0,,,,,,FALSE,FALSE,FALSE,0
"V018","V031",FALSE,0,,,,,,FALSE,FALSE,FALSE,0
"V018","V032",FALSE,0,,,,,,FALSE,FALSE,FALSE,0
"V018","V033",FALSE,0,,,,,,FALSE,FALSE,FALSE,0
"V019","V020",TRUE,0.8125,1,1,0,0,1,FALSE,FALSE,TRUE,0.96875
"V019","V021",TRUE,0.65,1,1,0,0,1,FALSE,FALSE,FALSE,0.941666666666667
"V019","V022",TRUE,0,,,,,,FALSE,FALSE,FALSE,0
"V019","V023",TRUE,0,,,,,,FALSE,FALSE,FALSE,0
"V019","V024",TRUE,0,,,,,,FALSE,FALSE,FALSE,0
"V019","V025",TRUE,0,,,,,,FALSE,FALSE,FALSE,0
"V019","V026",TRUE,0,,,,,,FALSE,FALSE,FALSE,0
"V019","V027",TRUE,0,,,,,,FALSE,FALSE,FALSE,0
"V019","V028",TRUE,0,,,,,,FALSE,FALSE,FALSE,0
"V019","V029",TRUE,0,,,,,,FALSE,FALSE,FALSE,0
"V019","V030",TRUE,0,,,,,,FALSE,FALSE,FALSE,0
"V019","V031",TRUE,0,,,,,,FALSE,FALSE,FALSE,0
"V019","V032",TRUE,0,,,,,,FALSE,FALSE,FALSE,0
"V019","V033",TRUE,0,,,,,,FALSE,FALSE,FALSE,0
"V020","V021",TRUE,0.8375,1,1,0,0,1,FALSE,FALSE,TRUE,0.972916666666667
"V020","V022",TRUE,0,,,,,,FALSE,FALSE,FALSE,0
"V020","V023",TRUE,0,,,,,,FALSE,FALSE,FALSE,0
"V020","V024",TRUE,0,,,,,,FALSE,FALSE,FALSE,0
"V020","V025",TRUE,0,,,,,,FALSE,FALSE,FALSE,0
"V020","V026",TRUE,0,,,,,,FALSE,FALSE,FALSE,0
"V020","V027",TRUE,0,,,,,,FALSE,FALSE,FALSE,0
"V020","V028",TRUE,0,,,,,,FALSE,FALSE,FALSE,0
"V020","V029",TRUE,0,,,,,,FALSE,FALSE,FALSE,0
"V020","V030",TRUE,0,,,,,,FALSE,FALSE,FALSE,0
"V020","V031",TRUE,0,,,,,,FALSE,FALSE,FALSE,0
"V020","V032",TRUE,0,,,,,,FALSE,FALSE,FALSE,0
"V020","V033",TRUE,0,,,,,,FALSE,FALSE,FALSE,0
"V021","V022",TRUE,0,,,,,,FALSE,FALSE,FALSE,0
"V021","V023",TRUE,0,,,,,,FALSE,FALSE,FALSE,0
"V021","V024",TRUE,0,,,,,,FALSE,FALSE,FALSE,0
"V021","V025",TRUE,0,,,,,,FALSE,FALSE,FALSE,0
"V021","V026",TRUE,0,,,,,,FALSE,FALSE,FALSE,0
"V021","V027",TRUE,0,,,,,,FALSE,FALSE,FALSE,0
"V021","V028",TRUE,0,,,,,,FALSE,FALSE,FALSE,0
"V021","V029",TRUE,0,,,,,,FALSE,FALSE,FALSE,0
"V021","V030",TRUE,0,,,,,,FALSE,FALSE,FALSE,0
"V021","V031",TRUE,0,,,,,,FALSE,FALSE,FALSE,0
"V021","V032",TRUE,0,,,,,,FALSE,FALSE,FALSE,0
"V021","V033",TRUE,0,,,,,,FALSE,FALSE,FALSE,0
"V022","V023",TRUE,0.9375,1,1,0,0,1,FALSE,FALSE,TRUE,0.989583333333333
"V022","V024",TRUE,0.8875,1,1,0,0,1,FALSE,FALSE,TRUE,0.98125
"V022","V025",TRUE,0.825,1,1,0,0,1,FALSE,FALSE,TRUE,0.970833333333333
"V022","V026",TRUE,0.6125,1,1,0,0,1,FALSE,FALSE,FALSE,0.935416666666667
"V022","V027",TRUE,0.55,1,1,0,0,1,FALSE,FALSE,FALSE,0.925
"V022","V028",TRUE,0,,,,,,FALSE,FALSE,FALSE,0
"V022","V029",TRUE,0,,,,,,FALSE,FALSE,FALSE,0
"V022","V030",TRUE,0,,,,,,FALSE,FALSE,FALSE,0
"V022","V031",TRUE,0,,,,,,FALSE,FALSE,FALSE,0
"V022","V032",TRUE,0,,,,,,FALSE,FALSE,FALSE,0
"V022","V033",TRUE,0,,,,,,FALSE,FALSE,FALSE,0
"V023","V024",TRUE,0.95,1,1,0,0,1,FALSE,FALSE,TRUE,0.991666666666667
"V023","V025",TRUE,0.8875,1,1,0,0,1,FALSE,FALSE,TRUE,0.98125
"V023","V026",TRUE,0.675,1,1,0,0,1,FALSE,FALSE,FALSE,0.945833333333333
"V023","V027",TRUE,0.6125,1,1,0,0,1,FALSE,FALSE,FALSE,0.935416666666667
"V023","V028",TRUE,0,,,,,,FALSE,FALSE,FALSE,0
"V023","V029",TRUE,0,,,,,,FALSE,FALSE,FALSE,0
"V023","V030",TRUE,0,,,,,,FALSE,FALSE,FALSE,0
"V023","V031",TRUE,0,,,,,,FALSE,FALSE,FALSE,0
"V023","V032",TRUE,0,,,,,,FALSE,FALSE,FALSE,0
"V023","V033",TRUE,0,,,,,,FALSE,FALSE,FALSE,0
"V024","V025",TRUE,0.9375,1,1,0,0,1,FALSE,FALSE,TRUE,0.989583333333333
"V024","V026",TRUE,0.725,1,1,0,0,1,FALSE,FALSE,FALSE,0.954166666666667
"V024","V027",TRUE,0.6625,1,1,0,0,1,FALSE,FALSE,FALSE,0.94375
"V024","V028",TRUE,0,,,,,,FALSE,FALSE,FALSE,0
"V024","V029",TRUE,0,,,,,,FALSE,FALSE,FALSE,0
"V024","V030",TRUE,0,,,,,,FALSE,FALSE,FALSE,0
"V024","V031",TRUE,0,,,,,,FALSE,FALSE,FALSE,0
"V024","V032",TRUE,0,,,,,,FALSE,FALSE,FALSE,0
"V024","V033",TRUE,0,,,,,,FALSE,FALSE,FALSE,0
"V025","V026",TRUE,0.7875,1,1,0,0,1,FALSE,FALSE,FALSE,0.964583333333333
"V025","V027",TRUE,0.725,1,1,0,0,1,FALSE,FALSE,FALSE,0.954166666666667
"V025","V028",TRUE,0,,,,,,FALSE,FALSE,FALSE,0
"V025","V029",TRUE,0,,,,,,FALSE,FALSE,FALSE,0
"V025","V030",TRUE,0,,,,,,FALSE,FALSE,FALSE,0
"V025","V031",TRUE,0,,,,,,FALSE,FALSE,FALSE,0
"V025","V032",TRUE,0,,,,,,FALSE,FALSE,FALSE,0
"V025","V033",TRUE,0,,,,,,FALSE,FALSE,FALSE,0
"V026","V027",TRUE,0.9375,1,1,0,0,1,FALSE,FALSE,TRUE,0.989583333333333
"V026","V028",TRUE,0,,,,,,FALSE,FALSE,FALSE,0
"V026","V029",TRUE,0,,,,,,FALSE,FALSE,FALSE,0
"V026","V030",TRUE,0,,,,,,FALSE,FALSE,FALSE,0
"V026","V031",TRUE,0,,,,,,FALSE,FALSE,FALSE,0
"V026","V032",TRUE,0,,,,,,FALSE,FALSE,FALSE,0
"V026","V033",TRUE,0,,,,,,FALSE,FALSE,FALSE,0
"V027","V028",TRUE,0,,,,,,FALSE,FALSE,FALSE,0
"V027","V029",TRUE,0,,,,,,FALSE,FALSE,FALSE,0
"V027","V030",TRUE,0,,,,,,FALSE,FALSE,FALSE,0
"V027","V031",TRUE,0,,,,,,FALSE,FALSE,FALSE,0
"V027","V032",TRUE,0,,,,,,FALSE,FALSE,FALSE,0
"V027","V033",TRUE,0,,,,,,FALSE,FALSE,FALSE,0
"V028","V029",TRUE,0.9125,1,1,0,0,1,FALSE,FALSE,TRUE,0.985416666666667
"V028","V030",TRUE,0.85,1,1,0,0,1,FALSE,FALSE,TRUE,0.975
"V028","V031",TRUE,0.9375,1,1,0,0,1,FALSE,FALSE,TRUE,0.989583333333333
"V028","V032",TRUE,0.65,1,1,0,0,1,FALSE,FALSE,FALSE,0.941666666666667
"V028","V033",TRUE,0.7375,1,1,0,0,1,FALSE,FALSE,FALSE,0.95625
"V029","V030",TRUE,0.7625,1,1,0,0,1,FALSE,FALSE,FALSE,0.960416666666667
"V029","V031",TRUE,0.85,1,1,0,0,1,FALSE,FALSE,TRUE,0.975
"V029","V032",TRUE,0.5625,1,1,0,0,1,FALSE,FALSE,FALSE,0.927083333333333
"V029","V033",TRUE,0.65,1,1,0,0,1,FALSE,FALSE,FALSE,0.941666666666667
"V030","V031",TRUE,0.9125,1,1,0,0,1,FALSE,FALSE,TRUE,0.985416666666667
"V030","V032",TRUE,0.8,1,1,0,0,1,FALSE,FALSE,TRUE,0.966666666666667
"V030","V033",TRUE,0.8875,1,1,0,0,1,FALSE,FALSE,TRUE,0.98125
"V031","V032",TRUE,0.7125,1,1,0,0,1,FALSE,FALSE,FALSE,0.952083333333333
"V031","V033",TRUE,0.8,1,1,0,0,1,FALSE,FALSE,TRUE,0.966666666666667
"V032","V033",TRUE,0.9125,1,1,0,0,1,FALSE,FALSE,TRUE,0.985416666666667
